attrition_id,employee_id,department,tenure_years,performance_status,attrition_risk,risk_score,exit_status
ATTR0000001,EMP00001,Finance,0,Poor,Low,24,Active
ATTR0000002,EMP00002,Marketing,10,Average,High,99,Active
ATTR0000003,EMP00003,IT,8,Excellent,Low,35,Active
ATTR0000004,EMP00004,HR,4,Poor,Medium,62,Active
ATTR0000005,EMP00005,IT,2,Excellent,Low,48,Resigned
ATTR0000006,EMP00006,HR,8,Poor,Medium,63,Active
ATTR0000007,EMP00007,IT,6,Good,Low,41,Active
ATTR0000008,EMP00008,Marketing,8,Excellent,Low,20,Active
ATTR0000009,EMP00009,Operations,1,Poor,Low,34,Active
ATTR0000010,EMP00010,Marketing,0,Poor,High,93,Active
ATTR0000011,EMP00011,Sales,3,Average,High,79,Active
ATTR0000012,EMP00012,Marketing,1,Poor,High,88,Active
ATTR0000013,EMP00013,Marketing,11,Average,Low,26,Active
ATTR0000014,EMP00014,IT,7,Poor,Medium,55,Active
ATTR0000015,EMP00015,HR,7,Excellent,High,91,Active
ATTR0000016,EMP00016,Operations,7,Average,Medium,62,Active
ATTR0000017,EMP00017,Marketing,6,Good,High,92,Active
ATTR0000018,EMP00018,IT,7,Excellent,High,77,Active
ATTR0000019,EMP00019,IT,0,Good,Medium,54,Active
ATTR0000020,EMP00020,IT,9,Average,Medium,56,Active
ATTR0000021,EMP00021,Marketing,5,Average,Low,25,Active
ATTR0000022,EMP00022,IT,8,Good,High,87,Active
ATTR0000023,EMP00023,HR,1,Poor,Low,23,Resigned
ATTR0000024,EMP00024,IT,8,Good,Low,35,Active
ATTR0000025,EMP00025,IT,11,Average,Medium,67,Active
ATTR0000026,EMP00026,IT,11,Poor,Low,25,Active
ATTR0000027,EMP00027,Operations,9,Average,High,99,Resigned
ATTR0000028,EMP00028,HR,11,Poor,Low,35,Active
ATTR0000029,EMP00029,HR,6,Average,Medium,55,Active
ATTR0000030,EMP00030,Finance,8,Average,Medium,61,Active
ATTR0000031,EMP00031,Marketing,10,Average,High,100,Active
ATTR0000032,EMP00032,Marketing,5,Excellent,Low,30,Active
ATTR0000033,EMP00033,Operations,8,Good,Low,42,Active
ATTR0000034,EMP00034,Finance,5,Excellent,Low,31,Active
ATTR0000035,EMP00035,Marketing,9,Average,High,83,Active
ATTR0000036,EMP00036,IT,11,Good,High,82,Active
ATTR0000037,EMP00037,Operations,4,Excellent,High,88,Active
ATTR0000038,EMP00038,Marketing,5,Excellent,Low,40,Active
ATTR0000039,EMP00039,HR,8,Poor,Medium,73,Active
ATTR0000040,EMP00040,Finance,7,Excellent,Medium,72,Active
ATTR0000041,EMP00041,Sales,6,Average,High,85,Active
ATTR0000042,EMP00042,Sales,3,Good,High,89,Active
ATTR0000043,EMP00043,Operations,7,Average,Low,43,Active
ATTR0000044,EMP00044,Sales,4,Average,High,79,Active
ATTR0000045,EMP00045,Sales,3,Poor,Medium,58,Active
ATTR0000046,EMP00046,HR,11,Excellent,Low,48,Active
ATTR0000047,EMP00047,HR,7,Excellent,Medium,52,Resigned
ATTR0000048,EMP00048,Operations,1,Poor,High,84,Active
ATTR0000049,EMP00049,Sales,5,Average,High,90,Active
ATTR0000050,EMP00050,Sales,1,Excellent,Low,24,Active
ATTR0000051,EMP00051,HR,2,Good,High,80,Resigned
ATTR0000052,EMP00052,Finance,9,Good,High,77,Active
ATTR0000053,EMP00053,HR,5,Average,Medium,59,Active
ATTR0000054,EMP00054,Marketing,4,Poor,Low,42,Active
ATTR0000055,EMP00055,HR,8,Average,High,79,Active
ATTR0000056,EMP00056,HR,2,Good,Low,40,Active
ATTR0000057,EMP00057,Operations,8,Excellent,Low,23,Active
ATTR0000058,EMP00058,Sales,1,Excellent,Low,29,Active
ATTR0000059,EMP00059,Sales,5,Good,Low,39,Resigned
ATTR0000060,EMP00060,Marketing,5,Good,High,90,Active
ATTR0000061,EMP00061,Sales,11,Poor,Low,33,Active
ATTR0000062,EMP00062,Operations,2,Poor,Medium,67,Active
ATTR0000063,EMP00063,Finance,9,Average,Low,43,Resigned
ATTR0000064,EMP00064,Marketing,10,Excellent,Medium,51,Resigned
ATTR0000065,EMP00065,Finance,4,Poor,High,81,Active
ATTR0000066,EMP00066,Finance,6,Good,Low,36,Active
ATTR0000067,EMP00067,Marketing,3,Poor,Medium,63,Active
ATTR0000068,EMP00068,HR,10,Excellent,Low,49,Resigned
ATTR0000069,EMP00069,IT,6,Excellent,High,81,Active
ATTR0000070,EMP00070,IT,0,Average,Low,42,Active
ATTR0000071,EMP00071,Marketing,9,Excellent,High,100,Active
ATTR0000072,EMP00072,Marketing,5,Poor,Low,29,Active
ATTR0000073,EMP00073,Operations,0,Excellent,Low,35,Active
ATTR0000074,EMP00074,IT,0,Good,Medium,61,Active
ATTR0000075,EMP00075,HR,0,Average,Low,37,Resigned
ATTR0000076,EMP00076,Operations,4,Good,Medium,65,Active
ATTR0000077,EMP00077,Operations,3,Excellent,Low,36,Active
ATTR0000078,EMP00078,Sales,7,Average,Low,40,Active
ATTR0000079,EMP00079,HR,3,Poor,Medium,56,Resigned
ATTR0000080,EMP00080,Marketing,3,Average,Medium,62,Active
ATTR0000081,EMP00081,Sales,7,Excellent,Medium,54,Active
ATTR0000082,EMP00082,Sales,3,Average,High,83,Active
ATTR0000083,EMP00083,Sales,2,Excellent,Medium,63,Active
ATTR0000084,EMP00084,Finance,5,Excellent,Medium,64,Active
ATTR0000085,EMP00085,HR,10,Poor,Medium,69,Active
ATTR0000086,EMP00086,Operations,4,Average,Low,33,Active
ATTR0000087,EMP00087,Operations,9,Excellent,High,91,Resigned
ATTR0000088,EMP00088,IT,10,Poor,Low,32,Resigned
ATTR0000089,EMP00089,Marketing,6,Poor,Low,32,Resigned
ATTR0000090,EMP00090,Marketing,7,Excellent,Medium,69,Active
ATTR0000091,EMP00091,Finance,2,Good,High,75,Active
ATTR0000092,EMP00092,Marketing,1,Poor,Medium,58,Active
ATTR0000093,EMP00093,HR,2,Good,High,75,Active
ATTR0000094,EMP00094,Finance,2,Good,Low,36,Active
ATTR0000095,EMP00095,Sales,6,Average,Low,31,Active
ATTR0000096,EMP00096,Marketing,4,Average,Low,27,Active
ATTR0000097,EMP00097,Operations,4,Poor,Low,45,Active
ATTR0000098,EMP00098,Finance,6,Excellent,Low,30,Active
ATTR0000099,EMP00099,Finance,3,Average,Medium,65,Resigned
ATTR0000100,EMP00100,Operations,1,Good,High,79,Active
ATTR0000101,EMP00101,Finance,5,Average,Low,35,Active
ATTR0000102,EMP00102,IT,7,Good,Low,46,Active
ATTR0000103,EMP00103,Sales,6,Excellent,High,89,Active
ATTR0000104,EMP00104,Finance,10,Average,High,87,Active
ATTR0000105,EMP00105,Operations,3,Excellent,High,100,Active
ATTR0000106,EMP00106,HR,2,Poor,Low,42,Active
ATTR0000107,EMP00107,Operations,5,Good,Medium,57,Resigned
ATTR0000108,EMP00108,Operations,7,Average,Low,29,Active
ATTR0000109,EMP00109,IT,6,Excellent,Medium,55,Active
ATTR0000110,EMP00110,Operations,5,Excellent,Medium,57,Active
ATTR0000111,EMP00111,Marketing,9,Good,High,100,Resigned
ATTR0000112,EMP00112,IT,6,Poor,High,85,Active
ATTR0000113,EMP00113,Finance,7,Poor,Low,35,Resigned
ATTR0000114,EMP00114,Sales,4,Good,Low,43,Active
ATTR0000115,EMP00115,Marketing,5,Average,Medium,67,Active
ATTR0000116,EMP00116,IT,7,Average,Low,23,Resigned
ATTR0000117,EMP00117,Operations,3,Poor,High,82,Active
ATTR0000118,EMP00118,Sales,4,Average,Medium,56,Active
ATTR0000119,EMP00119,Finance,10,Poor,High,78,Active
ATTR0000120,EMP00120,Marketing,3,Average,Medium,60,Active
ATTR0000121,EMP00121,Sales,0,Poor,Low,31,Active
ATTR0000122,EMP00122,Operations,11,Good,High,91,Active
ATTR0000123,EMP00123,IT,6,Poor,Low,20,Active
ATTR0000124,EMP00124,IT,9,Average,High,93,Resigned
ATTR0000125,EMP00125,HR,2,Good,High,78,Active
ATTR0000126,EMP00126,Finance,2,Poor,High,86,Active
ATTR0000127,EMP00127,IT,5,Excellent,Low,39,Active
ATTR0000128,EMP00128,Operations,4,Poor,Low,35,Active
ATTR0000129,EMP00129,IT,3,Good,High,77,Active
ATTR0000130,EMP00130,HR,4,Good,Medium,72,Active
ATTR0000131,EMP00131,HR,2,Good,Low,20,Active
ATTR0000132,EMP00132,Finance,4,Excellent,High,76,Active
ATTR0000133,EMP00133,Marketing,1,Poor,Low,36,Active
ATTR0000134,EMP00134,Finance,4,Poor,Low,44,Active
ATTR0000135,EMP00135,Finance,6,Poor,Medium,74,Active
ATTR0000136,EMP00136,IT,10,Good,High,86,Resigned
ATTR0000137,EMP00137,IT,3,Average,Low,24,Resigned
ATTR0000138,EMP00138,Sales,9,Excellent,High,82,Resigned
ATTR0000139,EMP00139,Sales,1,Excellent,High,84,Active
ATTR0000140,EMP00140,Finance,5,Good,Low,29,Resigned
ATTR0000141,EMP00141,Sales,2,Excellent,Medium,61,Active
ATTR0000142,EMP00142,Sales,3,Poor,Medium,68,Active
ATTR0000143,EMP00143,Marketing,1,Poor,Low,41,Active
ATTR0000144,EMP00144,Finance,9,Average,Medium,50,Active
ATTR0000145,EMP00145,IT,5,Poor,Medium,63,Active
ATTR0000146,EMP00146,Operations,11,Good,Low,40,Resigned
ATTR0000147,EMP00147,Finance,0,Good,Medium,58,Active
ATTR0000148,EMP00148,Finance,9,Average,High,86,Active
ATTR0000149,EMP00149,Sales,8,Average,High,93,Resigned
ATTR0000150,EMP00150,HR,0,Good,High,85,Resigned
ATTR0000151,EMP00151,Sales,10,Average,High,94,Active
ATTR0000152,EMP00152,IT,5,Poor,Medium,71,Active
ATTR0000153,EMP00153,Finance,5,Good,High,91,Resigned
ATTR0000154,EMP00154,Finance,2,Excellent,Medium,50,Active
ATTR0000155,EMP00155,Marketing,6,Poor,Medium,69,Active
ATTR0000156,EMP00156,Marketing,7,Excellent,Low,38,Active
ATTR0000157,EMP00157,Finance,5,Good,High,78,Active
ATTR0000158,EMP00158,Operations,2,Excellent,Medium,51,Active
ATTR0000159,EMP00159,Sales,9,Good,Medium,66,Resigned
ATTR0000160,EMP00160,Finance,7,Poor,High,100,Active
ATTR0000161,EMP00161,Finance,5,Excellent,Low,39,Active
ATTR0000162,EMP00162,Marketing,10,Excellent,Medium,58,Resigned
ATTR0000163,EMP00163,Sales,1,Good,High,91,Active
ATTR0000164,EMP00164,Operations,11,Excellent,Medium,72,Active
ATTR0000165,EMP00165,Marketing,0,Good,High,81,Active
ATTR0000166,EMP00166,HR,5,Average,Low,27,Resigned
ATTR0000167,EMP00167,Finance,11,Excellent,High,100,Resigned
ATTR0000168,EMP00168,IT,9,Poor,High,100,Active
ATTR0000169,EMP00169,Operations,4,Average,High,90,Active
ATTR0000170,EMP00170,Sales,8,Excellent,Medium,59,Active
ATTR0000171,EMP00171,IT,4,Poor,Medium,61,Active
ATTR0000172,EMP00172,HR,6,Good,Medium,72,Active
ATTR0000173,EMP00173,Marketing,6,Excellent,Medium,54,Active
ATTR0000174,EMP00174,HR,3,Excellent,Medium,72,Active
ATTR0000175,EMP00175,Marketing,10,Excellent,Low,28,Active
ATTR0000176,EMP00176,IT,10,Average,Low,48,Resigned
ATTR0000177,EMP00177,Sales,1,Excellent,High,93,Active
ATTR0000178,EMP00178,Operations,10,Excellent,Low,48,Active
ATTR0000179,EMP00179,HR,7,Average,Low,35,Active
ATTR0000180,EMP00180,Sales,11,Poor,Medium,63,Active
ATTR0000181,EMP00181,Finance,5,Excellent,Low,34,Resigned
ATTR0000182,EMP00182,Finance,8,Poor,Low,26,Active
ATTR0000183,EMP00183,Sales,4,Excellent,Medium,60,Active
ATTR0000184,EMP00184,Operations,1,Poor,Medium,74,Active
ATTR0000185,EMP00185,IT,4,Excellent,Low,36,Active
ATTR0000186,EMP00186,Marketing,9,Excellent,Low,44,Resigned
ATTR0000187,EMP00187,Sales,3,Poor,Low,29,Active
ATTR0000188,EMP00188,Finance,8,Poor,Medium,51,Active
ATTR0000189,EMP00189,HR,1,Poor,High,98,Active
ATTR0000190,EMP00190,HR,2,Poor,High,85,Active
ATTR0000191,EMP00191,Operations,10,Good,Low,32,Resigned
ATTR0000192,EMP00192,Sales,11,Average,Low,44,Active
ATTR0000193,EMP00193,IT,6,Excellent,Low,39,Active
ATTR0000194,EMP00194,HR,1,Average,High,99,Active
ATTR0000195,EMP00195,Sales,7,Poor,Medium,74,Active
ATTR0000196,EMP00196,IT,6,Excellent,High,90,Active
ATTR0000197,EMP00197,IT,11,Poor,Medium,57,Active
ATTR0000198,EMP00198,HR,8,Good,High,99,Active
ATTR0000199,EMP00199,Sales,10,Average,High,97,Active
ATTR0000200,EMP00200,Finance,9,Poor,Medium,59,Active
ATTR0000201,EMP00201,Sales,9,Poor,Medium,69,Resigned
ATTR0000202,EMP00202,Finance,3,Average,High,94,Active
ATTR0000203,EMP00203,Marketing,10,Average,Low,46,Active
ATTR0000204,EMP00204,HR,7,Good,Low,38,Active
ATTR0000205,EMP00205,IT,2,Excellent,High,89,Active
ATTR0000206,EMP00206,Sales,0,Poor,Low,34,Active
ATTR0000207,EMP00207,HR,8,Excellent,High,75,Active
ATTR0000208,EMP00208,Marketing,10,Average,High,76,Active
ATTR0000209,EMP00209,Sales,2,Poor,Medium,50,Active
ATTR0000210,EMP00210,Sales,4,Good,High,93,Active
ATTR0000211,EMP00211,HR,2,Average,High,90,Resigned
ATTR0000212,EMP00212,IT,11,Average,High,87,Active
ATTR0000213,EMP00213,Sales,11,Poor,Low,23,Active
ATTR0000214,EMP00214,Finance,6,Good,High,99,Active
ATTR0000215,EMP00215,Finance,2,Excellent,Low,35,Active
ATTR0000216,EMP00216,Sales,8,Poor,Low,44,Active
ATTR0000217,EMP00217,Operations,11,Poor,High,81,Active
ATTR0000218,EMP00218,Finance,10,Good,Low,43,Active
ATTR0000219,EMP00219,Operations,9,Average,Medium,74,Active
ATTR0000220,EMP00220,Marketing,10,Good,Low,35,Active
ATTR0000221,EMP00221,Sales,9,Excellent,High,95,Active
ATTR0000222,EMP00222,Operations,5,Excellent,Low,47,Active
ATTR0000223,EMP00223,Finance,11,Excellent,High,85,Active
ATTR0000224,EMP00224,IT,2,Average,Low,48,Active
ATTR0000225,EMP00225,IT,1,Excellent,Medium,55,Active
ATTR0000226,EMP00226,IT,9,Poor,Medium,67,Active
ATTR0000227,EMP00227,Sales,0,Average,Medium,55,Active
ATTR0000228,EMP00228,Marketing,10,Good,Low,47,Active
ATTR0000229,EMP00229,Finance,1,Poor,High,87,Active
ATTR0000230,EMP00230,Sales,0,Poor,Low,37,Active
ATTR0000231,EMP00231,Operations,10,Good,High,84,Resigned
ATTR0000232,EMP00232,HR,8,Excellent,High,85,Active
ATTR0000233,EMP00233,HR,3,Average,High,99,Active
ATTR0000234,EMP00234,Operations,11,Average,Medium,73,Active
ATTR0000235,EMP00235,Finance,8,Good,Medium,51,Active
ATTR0000236,EMP00236,HR,3,Good,Low,48,Active
ATTR0000237,EMP00237,Sales,0,Excellent,High,88,Active
ATTR0000238,EMP00238,Marketing,5,Good,Medium,58,Active
ATTR0000239,EMP00239,IT,4,Average,Medium,58,Active
ATTR0000240,EMP00240,IT,6,Poor,Low,41,Active
ATTR0000241,EMP00241,Sales,3,Poor,Medium,63,Active
ATTR0000242,EMP00242,Marketing,9,Poor,Medium,67,Active
ATTR0000243,EMP00243,Sales,10,Excellent,Medium,57,Active
ATTR0000244,EMP00244,Finance,0,Average,High,85,Active
ATTR0000245,EMP00245,IT,1,Average,Low,42,Active
ATTR0000246,EMP00246,Marketing,5,Average,Medium,50,Resigned
ATTR0000247,EMP00247,Sales,11,Average,Low,33,Active
ATTR0000248,EMP00248,Finance,8,Poor,Low,43,Resigned
ATTR0000249,EMP00249,Finance,1,Excellent,Medium,56,Active
ATTR0000250,EMP00250,HR,4,Excellent,Low,33,Active
ATTR0000251,EMP00251,Operations,2,Average,Medium,59,Active
ATTR0000252,EMP00252,IT,6,Excellent,Medium,65,Active
ATTR0000253,EMP00253,Sales,2,Good,Medium,60,Resigned
ATTR0000254,EMP00254,Operations,2,Good,High,82,Active
ATTR0000255,EMP00255,Finance,6,Good,High,78,Resigned
ATTR0000256,EMP00256,Operations,2,Good,Low,23,Active
ATTR0000257,EMP00257,Finance,8,Good,Medium,53,Active
ATTR0000258,EMP00258,IT,11,Poor,Low,45,Active
ATTR0000259,EMP00259,Operations,1,Good,Low,46,Resigned
ATTR0000260,EMP00260,Sales,3,Good,Low,48,Active
ATTR0000261,EMP00261,Marketing,11,Excellent,Low,42,Active
ATTR0000262,EMP00262,HR,6,Good,High,95,Active
ATTR0000263,EMP00263,Marketing,1,Average,Medium,68,Resigned
ATTR0000264,EMP00264,Sales,2,Excellent,High,99,Active
ATTR0000265,EMP00265,Sales,2,Good,High,84,Resigned
ATTR0000266,EMP00266,HR,0,Average,Low,24,Active
ATTR0000267,EMP00267,IT,6,Average,High,93,Active
ATTR0000268,EMP00268,Marketing,10,Excellent,Low,21,Active
ATTR0000269,EMP00269,Sales,3,Poor,Low,33,Active
ATTR0000270,EMP00270,Operations,9,Poor,Low,32,Active
ATTR0000271,EMP00271,Finance,10,Average,Low,23,Active
ATTR0000272,EMP00272,Operations,8,Average,Low,42,Active
ATTR0000273,EMP00273,Sales,6,Good,High,97,Active
ATTR0000274,EMP00274,Finance,11,Excellent,High,92,Active
ATTR0000275,EMP00275,Sales,11,Poor,High,93,Resigned
ATTR0000276,EMP00276,Operations,5,Excellent,High,75,Active
ATTR0000277,EMP00277,Finance,10,Poor,Medium,52,Active
ATTR0000278,EMP00278,IT,6,Good,Low,26,Active
ATTR0000279,EMP00279,Sales,9,Excellent,Low,32,Active
ATTR0000280,EMP00280,Finance,4,Poor,Low,20,Active
ATTR0000281,EMP00281,IT,8,Excellent,Medium,66,Resigned
ATTR0000282,EMP00282,HR,2,Average,Medium,53,Active
ATTR0000283,EMP00283,Marketing,7,Excellent,High,77,Active
ATTR0000284,EMP00284,Marketing,5,Excellent,High,98,Active
ATTR0000285,EMP00285,Sales,4,Poor,Medium,69,Active
ATTR0000286,EMP00286,Finance,6,Poor,Low,26,Active
ATTR0000287,EMP00287,Finance,2,Good,Low,46,Active
ATTR0000288,EMP00288,Marketing,10,Excellent,High,75,Active
ATTR0000289,EMP00289,HR,10,Average,High,98,Active
ATTR0000290,EMP00290,HR,11,Good,Low,20,Active
ATTR0000291,EMP00291,Operations,2,Good,Low,22,Active
ATTR0000292,EMP00292,Sales,4,Excellent,Medium,54,Active
ATTR0000293,EMP00293,Operations,0,Good,Low,40,Active
ATTR0000294,EMP00294,IT,10,Poor,Low,39,Active
ATTR0000295,EMP00295,Finance,7,Average,Low,20,Active
ATTR0000296,EMP00296,Finance,6,Excellent,Low,44,Active
ATTR0000297,EMP00297,Operations,5,Excellent,High,91,Active
ATTR0000298,EMP00298,Marketing,2,Average,High,84,Active
ATTR0000299,EMP00299,IT,2,Good,Medium,74,Resigned
ATTR0000300,EMP00300,Sales,8,Average,Low,26,Active
ATTR0000301,EMP00301,Sales,10,Good,Low,40,Active
ATTR0000302,EMP00302,HR,3,Excellent,Low,22,Active
ATTR0000303,EMP00303,Operations,9,Average,Medium,54,Active
ATTR0000304,EMP00304,IT,10,Good,Medium,74,Active
ATTR0000305,EMP00305,Operations,1,Good,Medium,58,Active
ATTR0000306,EMP00306,IT,3,Poor,Low,26,Active
ATTR0000307,EMP00307,Operations,10,Good,High,94,Active
ATTR0000308,EMP00308,Operations,3,Good,Medium,63,Active
ATTR0000309,EMP00309,Marketing,3,Average,Low,22,Active
ATTR0000310,EMP00310,Sales,3,Poor,Medium,71,Active
ATTR0000311,EMP00311,Marketing,2,Poor,Low,21,Active
ATTR0000312,EMP00312,IT,6,Poor,Low,38,Resigned
ATTR0000313,EMP00313,HR,2,Poor,High,89,Active
ATTR0000314,EMP00314,Sales,0,Good,Low,45,Resigned
ATTR0000315,EMP00315,Marketing,6,Good,Medium,62,Active
ATTR0000316,EMP00316,Sales,1,Average,High,93,Active
ATTR0000317,EMP00317,Operations,4,Average,Low,46,Active
ATTR0000318,EMP00318,Sales,2,Excellent,Low,35,Active
ATTR0000319,EMP00319,Sales,4,Excellent,High,88,Active
ATTR0000320,EMP00320,IT,4,Good,High,81,Active
ATTR0000321,EMP00321,IT,7,Average,High,94,Active
ATTR0000322,EMP00322,Finance,7,Average,High,83,Active
ATTR0000323,EMP00323,Marketing,8,Excellent,Low,38,Active
ATTR0000324,EMP00324,Operations,2,Good,Low,47,Active
ATTR0000325,EMP00325,Sales,5,Poor,Medium,52,Active
ATTR0000326,EMP00326,Marketing,0,Good,Medium,53,Active
ATTR0000327,EMP00327,Marketing,3,Good,High,93,Resigned
ATTR0000328,EMP00328,HR,4,Good,Medium,57,Active
ATTR0000329,EMP00329,IT,6,Poor,High,87,Active
ATTR0000330,EMP00330,Finance,3,Excellent,Low,37,Active
ATTR0000331,EMP00331,Marketing,4,Good,Low,30,Resigned
ATTR0000332,EMP00332,IT,10,Average,Medium,73,Active
ATTR0000333,EMP00333,HR,6,Poor,Medium,74,Active
ATTR0000334,EMP00334,Marketing,9,Excellent,Low,42,Active
ATTR0000335,EMP00335,Marketing,2,Average,High,94,Active
ATTR0000336,EMP00336,HR,7,Excellent,Low,38,Active
ATTR0000337,EMP00337,Operations,8,Good,High,81,Active
ATTR0000338,EMP00338,Marketing,1,Good,Medium,64,Active
ATTR0000339,EMP00339,Marketing,9,Good,High,78,Active
ATTR0000340,EMP00340,IT,2,Good,Medium,64,Active
ATTR0000341,EMP00341,Marketing,10,Poor,Medium,53,Active
ATTR0000342,EMP00342,Operations,11,Excellent,Low,36,Active
ATTR0000343,EMP00343,Finance,10,Poor,Medium,54,Active
ATTR0000344,EMP00344,Finance,9,Good,Medium,58,Active
ATTR0000345,EMP00345,IT,5,Good,Low,32,Active
ATTR0000346,EMP00346,Finance,2,Average,High,94,Active
ATTR0000347,EMP00347,HR,10,Poor,Low,27,Active
ATTR0000348,EMP00348,Sales,8,Poor,Medium,73,Resigned
ATTR0000349,EMP00349,HR,8,Average,High,86,Active
ATTR0000350,EMP00350,IT,5,Excellent,Medium,65,Resigned
ATTR0000351,EMP00351,Marketing,5,Poor,Medium,63,Active
ATTR0000352,EMP00352,Operations,4,Good,High,96,Active
ATTR0000353,EMP00353,HR,5,Good,High,79,Active
ATTR0000354,EMP00354,Finance,10,Average,Medium,57,Resigned
ATTR0000355,EMP00355,IT,7,Good,Low,35,Active
ATTR0000356,EMP00356,Sales,8,Good,High,85,Active
ATTR0000357,EMP00357,Operations,5,Good,High,85,Active
ATTR0000358,EMP00358,Sales,10,Poor,High,79,Active
ATTR0000359,EMP00359,HR,4,Poor,Low,32,Active
ATTR0000360,EMP00360,Marketing,0,Excellent,Medium,56,Active
ATTR0000361,EMP00361,HR,6,Poor,Low,36,Active
ATTR0000362,EMP00362,Marketing,4,Good,High,84,Active
ATTR0000363,EMP00363,Marketing,6,Good,Medium,51,Resigned
ATTR0000364,EMP00364,Finance,6,Average,Medium,65,Active
ATTR0000365,EMP00365,IT,8,Excellent,Low,39,Active
ATTR0000366,EMP00366,Sales,11,Poor,High,88,Active
ATTR0000367,EMP00367,Marketing,2,Average,Medium,60,Active
ATTR0000368,EMP00368,Marketing,8,Poor,Medium,67,Active
ATTR0000369,EMP00369,Marketing,7,Average,High,85,Resigned
ATTR0000370,EMP00370,Finance,10,Excellent,High,82,Resigned
ATTR0000371,EMP00371,Sales,6,Excellent,High,86,Active
ATTR0000372,EMP00372,IT,4,Average,Low,46,Active
ATTR0000373,EMP00373,Finance,5,Excellent,High,86,Active
ATTR0000374,EMP00374,Finance,11,Poor,High,90,Resigned
ATTR0000375,EMP00375,Marketing,2,Average,High,94,Resigned
ATTR0000376,EMP00376,Finance,10,Excellent,Low,20,Active
ATTR0000377,EMP00377,Finance,2,Excellent,High,98,Active
ATTR0000378,EMP00378,HR,8,Good,Low,21,Active
ATTR0000379,EMP00379,Finance,4,Average,Low,45,Active
ATTR0000380,EMP00380,Sales,8,Poor,Medium,71,Active
ATTR0000381,EMP00381,Marketing,1,Poor,Medium,67,Active
ATTR0000382,EMP00382,HR,4,Excellent,Medium,64,Active
ATTR0000383,EMP00383,Sales,9,Excellent,Low,20,Active
ATTR0000384,EMP00384,HR,3,Good,Medium,67,Active
ATTR0000385,EMP00385,Sales,6,Excellent,Medium,60,Active
ATTR0000386,EMP00386,Finance,9,Average,High,80,Active
ATTR0000387,EMP00387,Operations,7,Poor,Low,24,Active
ATTR0000388,EMP00388,Sales,3,Excellent,Low,35,Active
ATTR0000389,EMP00389,IT,1,Average,High,92,Active
ATTR0000390,EMP00390,Sales,1,Excellent,Low,22,Active
ATTR0000391,EMP00391,Operations,3,Average,High,91,Active
ATTR0000392,EMP00392,IT,3,Poor,High,81,Active
ATTR0000393,EMP00393,HR,10,Good,Medium,52,Resigned
ATTR0000394,EMP00394,HR,6,Average,Low,28,Resigned
ATTR0000395,EMP00395,IT,9,Excellent,Low,25,Active
ATTR0000396,EMP00396,Sales,8,Excellent,Medium,60,Active
ATTR0000397,EMP00397,HR,7,Good,High,97,Active
ATTR0000398,EMP00398,HR,4,Poor,Medium,61,Active
ATTR0000399,EMP00399,Finance,10,Good,High,78,Active
ATTR0000400,EMP00400,IT,0,Average,Low,26,Active
ATTR0000401,EMP00401,Finance,6,Average,Medium,71,Active
ATTR0000402,EMP00402,Sales,5,Excellent,Medium,64,Active
ATTR0000403,EMP00403,Operations,6,Good,Low,31,Active
ATTR0000404,EMP00404,Marketing,1,Good,Low,26,Resigned
ATTR0000405,EMP00405,Operations,8,Average,Medium,51,Resigned
ATTR0000406,EMP00406,HR,4,Good,High,92,Active
ATTR0000407,EMP00407,IT,5,Good,High,77,Active
ATTR0000408,EMP00408,Finance,10,Excellent,Low,33,Active
ATTR0000409,EMP00409,Sales,3,Good,High,91,Active
ATTR0000410,EMP00410,Sales,7,Average,High,86,Active
ATTR0000411,EMP00411,Marketing,0,Average,High,89,Active
ATTR0000412,EMP00412,Marketing,10,Average,High,83,Active
ATTR0000413,EMP00413,Sales,4,Good,Low,40,Active
ATTR0000414,EMP00414,HR,1,Excellent,Low,33,Active
ATTR0000415,EMP00415,Finance,4,Excellent,High,79,Active
ATTR0000416,EMP00416,Marketing,9,Poor,High,83,Active
ATTR0000417,EMP00417,HR,9,Poor,Medium,71,Resigned
ATTR0000418,EMP00418,Sales,7,Good,High,75,Active
ATTR0000419,EMP00419,Sales,0,Average,Medium,53,Resigned
ATTR0000420,EMP00420,HR,8,Excellent,Medium,61,Active
ATTR0000421,EMP00421,Finance,10,Average,Medium,55,Active
ATTR0000422,EMP00422,HR,6,Good,High,100,Active
ATTR0000423,EMP00423,Sales,1,Good,High,85,Active
ATTR0000424,EMP00424,Marketing,5,Average,High,87,Active
ATTR0000425,EMP00425,Finance,6,Average,Low,26,Active
ATTR0000426,EMP00426,Operations,6,Excellent,Medium,74,Active
ATTR0000427,EMP00427,Finance,6,Excellent,Low,36,Active
ATTR0000428,EMP00428,IT,4,Average,Low,41,Active
ATTR0000429,EMP00429,Operations,3,Poor,High,76,Active
ATTR0000430,EMP00430,Sales,6,Average,Low,49,Active
ATTR0000431,EMP00431,Operations,3,Excellent,Medium,56,Active
ATTR0000432,EMP00432,Operations,6,Poor,Medium,67,Resigned
ATTR0000433,EMP00433,Sales,0,Good,High,99,Active
ATTR0000434,EMP00434,Marketing,8,Good,Low,35,Active
ATTR0000435,EMP00435,Marketing,0,Poor,High,87,Active
ATTR0000436,EMP00436,IT,10,Good,High,84,Active
ATTR0000437,EMP00437,Sales,7,Average,Low,49,Active
ATTR0000438,EMP00438,Marketing,1,Poor,Low,37,Active
ATTR0000439,EMP00439,Sales,0,Excellent,High,100,Active
ATTR0000440,EMP00440,Marketing,4,Average,Low,45,Active
ATTR0000441,EMP00441,Marketing,5,Poor,Low,37,Active
ATTR0000442,EMP00442,IT,0,Good,High,98,Resigned
ATTR0000443,EMP00443,Sales,4,Average,Medium,54,Active
ATTR0000444,EMP00444,Sales,10,Poor,Low,23,Active
ATTR0000445,EMP00445,Finance,1,Average,Low,49,Active
ATTR0000446,EMP00446,Marketing,3,Average,Low,22,Active
ATTR0000447,EMP00447,Operations,4,Average,Low,29,Active
ATTR0000448,EMP00448,Operations,5,Excellent,Medium,68,Active
ATTR0000449,EMP00449,HR,1,Average,Low,49,Resigned
ATTR0000450,EMP00450,Finance,4,Average,Medium,66,Active
ATTR0000451,EMP00451,Sales,6,Excellent,High,100,Active
ATTR0000452,EMP00452,IT,7,Average,Medium,73,Active
ATTR0000453,EMP00453,Finance,4,Excellent,Medium,74,Active
ATTR0000454,EMP00454,Sales,7,Average,High,85,Active
ATTR0000455,EMP00455,Sales,5,Poor,Low,43,Active
ATTR0000456,EMP00456,Finance,4,Excellent,Low,26,Active
ATTR0000457,EMP00457,Operations,8,Average,Low,39,Active
ATTR0000458,EMP00458,Finance,11,Poor,Medium,63,Active
ATTR0000459,EMP00459,Marketing,8,Poor,Low,32,Active
ATTR0000460,EMP00460,Finance,2,Average,Low,32,Resigned
ATTR0000461,EMP00461,Sales,2,Average,Medium,70,Active
ATTR0000462,EMP00462,Finance,1,Good,Medium,60,Active
ATTR0000463,EMP00463,Finance,2,Good,Low,22,Active
ATTR0000464,EMP00464,Finance,5,Poor,High,84,Resigned
ATTR0000465,EMP00465,Sales,7,Poor,High,99,Active
ATTR0000466,EMP00466,Marketing,3,Poor,Low,37,Active
ATTR0000467,EMP00467,Finance,5,Average,Medium,73,Active
ATTR0000468,EMP00468,Finance,9,Poor,High,97,Active
ATTR0000469,EMP00469,HR,8,Good,Low,39,Resigned
ATTR0000470,EMP00470,IT,7,Excellent,High,80,Active
ATTR0000471,EMP00471,Operations,3,Average,Medium,50,Active
ATTR0000472,EMP00472,HR,8,Excellent,Low,20,Active
ATTR0000473,EMP00473,Finance,10,Good,Low,39,Active
ATTR0000474,EMP00474,Operations,5,Good,Low,49,Resigned
ATTR0000475,EMP00475,HR,7,Poor,High,89,Active
ATTR0000476,EMP00476,Operations,1,Average,Medium,50,Active
ATTR0000477,EMP00477,IT,4,Excellent,Medium,64,Resigned
ATTR0000478,EMP00478,Operations,9,Excellent,Medium,59,Active
ATTR0000479,EMP00479,Finance,3,Excellent,Low,48,Active
ATTR0000480,EMP00480,Marketing,3,Poor,High,91,Active
ATTR0000481,EMP00481,Marketing,6,Poor,Low,40,Active
ATTR0000482,EMP00482,IT,11,Excellent,Low,27,Active
ATTR0000483,EMP00483,Operations,6,Excellent,Medium,51,Active
ATTR0000484,EMP00484,IT,4,Average,Medium,52,Resigned
ATTR0000485,EMP00485,IT,7,Average,High,87,Active
ATTR0000486,EMP00486,Marketing,4,Average,Low,45,Active
ATTR0000487,EMP00487,Finance,7,Excellent,High,78,Active
ATTR0000488,EMP00488,Operations,11,Good,Medium,73,Active
ATTR0000489,EMP00489,Finance,1,Poor,Low,22,Active
ATTR0000490,EMP00490,Marketing,9,Excellent,Medium,62,Active
ATTR0000491,EMP00491,HR,4,Excellent,Low,43,Active
ATTR0000492,EMP00492,Operations,6,Excellent,High,82,Active
ATTR0000493,EMP00493,Sales,8,Poor,High,87,Active
ATTR0000494,EMP00494,Finance,8,Poor,High,81,Active
ATTR0000495,EMP00495,IT,5,Average,Low,24,Active
ATTR0000496,EMP00496,IT,11,Average,Medium,56,Active
ATTR0000497,EMP00497,Operations,4,Good,High,78,Active
ATTR0000498,EMP00498,Operations,6,Poor,Medium,57,Active
ATTR0000499,EMP00499,Finance,0,Poor,Low,40,Active
ATTR0000500,EMP00500,Operations,4,Excellent,Low,29,Active
ATTR0000501,EMP00501,Operations,9,Excellent,Medium,53,Active
ATTR0000502,EMP00502,Sales,6,Excellent,High,91,Active
ATTR0000503,EMP00503,Operations,10,Average,High,85,Active
ATTR0000504,EMP00504,HR,4,Poor,High,76,Active
ATTR0000505,EMP00505,IT,9,Average,Low,24,Active
ATTR0000506,EMP00506,Operations,2,Poor,High,83,Resigned
ATTR0000507,EMP00507,Sales,10,Excellent,Low,23,Active
ATTR0000508,EMP00508,IT,2,Good,High,94,Active
ATTR0000509,EMP00509,Operations,7,Average,Medium,60,Active
ATTR0000510,EMP00510,Finance,10,Poor,High,98,Active
ATTR0000511,EMP00511,IT,9,Good,Low,23,Active
ATTR0000512,EMP00512,HR,10,Good,Medium,62,Active
ATTR0000513,EMP00513,Finance,2,Poor,High,82,Resigned
ATTR0000514,EMP00514,Operations,2,Average,High,76,Active
ATTR0000515,EMP00515,Finance,4,Good,High,81,Resigned
ATTR0000516,EMP00516,IT,2,Excellent,High,99,Active
ATTR0000517,EMP00517,IT,2,Good,Medium,51,Active
ATTR0000518,EMP00518,Sales,1,Good,High,92,Active
ATTR0000519,EMP00519,Finance,9,Good,Low,21,Active
ATTR0000520,EMP00520,HR,7,Poor,Low,34,Active
ATTR0000521,EMP00521,Marketing,9,Average,High,84,Active
ATTR0000522,EMP00522,HR,0,Poor,Medium,70,Active
ATTR0000523,EMP00523,Operations,2,Poor,High,85,Active
ATTR0000524,EMP00524,IT,10,Average,Medium,57,Resigned
ATTR0000525,EMP00525,Finance,2,Excellent,Low,48,Active
ATTR0000526,EMP00526,Marketing,0,Average,Medium,74,Active
ATTR0000527,EMP00527,Sales,10,Good,Medium,68,Active
ATTR0000528,EMP00528,IT,5,Good,Low,35,Active
ATTR0000529,EMP00529,IT,10,Excellent,Low,38,Active
ATTR0000530,EMP00530,Sales,1,Excellent,High,79,Active
ATTR0000531,EMP00531,HR,9,Good,Medium,57,Active
ATTR0000532,EMP00532,IT,9,Average,Medium,73,Active
ATTR0000533,EMP00533,Marketing,8,Average,Medium,71,Active
ATTR0000534,EMP00534,HR,0,Poor,High,78,Active
ATTR0000535,EMP00535,HR,5,Good,Medium,65,Active
ATTR0000536,EMP00536,IT,8,Good,Medium,56,Resigned
ATTR0000537,EMP00537,Finance,3,Poor,Medium,62,Resigned
ATTR0000538,EMP00538,IT,5,Average,Medium,68,Active
ATTR0000539,EMP00539,HR,5,Good,Medium,51,Active
ATTR0000540,EMP00540,Sales,7,Average,Low,43,Active
ATTR0000541,EMP00541,HR,10,Poor,Low,44,Active
ATTR0000542,EMP00542,Finance,9,Excellent,Low,48,Active
ATTR0000543,EMP00543,Marketing,9,Excellent,Low,49,Active
ATTR0000544,EMP00544,Finance,5,Good,Low,46,Active
ATTR0000545,EMP00545,Operations,4,Average,Low,25,Active
ATTR0000546,EMP00546,Finance,3,Excellent,Low,47,Active
ATTR0000547,EMP00547,HR,10,Good,High,87,Active
ATTR0000548,EMP00548,Finance,8,Excellent,High,88,Resigned
ATTR0000549,EMP00549,Operations,3,Good,High,97,Active
ATTR0000550,EMP00550,Sales,6,Poor,Medium,52,Active
ATTR0000551,EMP00551,HR,2,Excellent,High,87,Active
ATTR0000552,EMP00552,IT,3,Good,Medium,72,Active
ATTR0000553,EMP00553,IT,3,Average,Low,40,Active
ATTR0000554,EMP00554,Finance,10,Poor,Medium,53,Active
ATTR0000555,EMP00555,HR,10,Poor,Low,40,Active
ATTR0000556,EMP00556,Operations,9,Good,High,88,Active
ATTR0000557,EMP00557,IT,4,Poor,Low,39,Active
ATTR0000558,EMP00558,Sales,10,Excellent,High,98,Active
ATTR0000559,EMP00559,Finance,3,Average,Medium,57,Resigned
ATTR0000560,EMP00560,HR,7,Excellent,Low,29,Active
ATTR0000561,EMP00561,IT,4,Good,Low,48,Active
ATTR0000562,EMP00562,Finance,5,Excellent,High,96,Resigned
ATTR0000563,EMP00563,Sales,2,Excellent,Low,26,Active
ATTR0000564,EMP00564,Sales,10,Good,Low,31,Active
ATTR0000565,EMP00565,HR,6,Good,High,94,Resigned
ATTR0000566,EMP00566,Finance,6,Good,Low,33,Active
ATTR0000567,EMP00567,Sales,3,Average,Medium,74,Active
ATTR0000568,EMP00568,Sales,0,Average,Medium,54,Active
ATTR0000569,EMP00569,Marketing,3,Poor,Low,26,Active
ATTR0000570,EMP00570,Operations,8,Average,Low,30,Active
ATTR0000571,EMP00571,Operations,6,Excellent,High,83,Active
ATTR0000572,EMP00572,IT,5,Average,High,80,Active
ATTR0000573,EMP00573,Sales,9,Average,Medium,68,Active
ATTR0000574,EMP00574,Marketing,2,Good,High,98,Active
ATTR0000575,EMP00575,Finance,2,Average,Low,24,Resigned
ATTR0000576,EMP00576,HR,5,Average,Low,29,Active
ATTR0000577,EMP00577,Operations,9,Poor,Medium,74,Active
ATTR0000578,EMP00578,Finance,9,Poor,Low,34,Active
ATTR0000579,EMP00579,Marketing,6,Average,Low,28,Active
ATTR0000580,EMP00580,HR,5,Excellent,Low,46,Resigned
ATTR0000581,EMP00581,Operations,4,Average,High,86,Active
ATTR0000582,EMP00582,IT,4,Average,Low,46,Active
ATTR0000583,EMP00583,Sales,6,Good,High,89,Active
ATTR0000584,EMP00584,HR,1,Poor,Low,25,Active
ATTR0000585,EMP00585,Sales,5,Poor,Low,28,Resigned
ATTR0000586,EMP00586,HR,10,Poor,High,90,Active
ATTR0000587,EMP00587,Sales,2,Average,High,77,Active
ATTR0000588,EMP00588,Operations,4,Excellent,High,91,Active
ATTR0000589,EMP00589,HR,7,Good,Medium,62,Active
ATTR0000590,EMP00590,Finance,1,Good,High,79,Active
ATTR0000591,EMP00591,Sales,9,Good,High,93,Active
ATTR0000592,EMP00592,Marketing,7,Average,Low,33,Active
ATTR0000593,EMP00593,Sales,1,Good,Low,29,Active
ATTR0000594,EMP00594,HR,6,Poor,High,80,Active
ATTR0000595,EMP00595,Finance,0,Excellent,Low,23,Active
ATTR0000596,EMP00596,Operations,7,Poor,Low,36,Active
ATTR0000597,EMP00597,Finance,1,Good,High,100,Resigned
ATTR0000598,EMP00598,Marketing,0,Good,Medium,65,Active
ATTR0000599,EMP00599,IT,8,Good,Low,25,Active
ATTR0000600,EMP00600,Sales,8,Average,Low,45,Active
ATTR0000601,EMP00601,Finance,6,Average,Medium,57,Active
ATTR0000602,EMP00602,HR,3,Average,Medium,62,Active
ATTR0000603,EMP00603,Marketing,2,Excellent,High,100,Active
ATTR0000604,EMP00604,Marketing,7,Good,Low,41,Active
ATTR0000605,EMP00605,IT,0,Good,Medium,64,Active
ATTR0000606,EMP00606,Marketing,10,Excellent,High,96,Active
ATTR0000607,EMP00607,Sales,7,Poor,Low,40,Active
ATTR0000608,EMP00608,Sales,9,Poor,Medium,50,Active
ATTR0000609,EMP00609,IT,6,Excellent,Low,38,Active
ATTR0000610,EMP00610,Sales,6,Good,Low,30,Active
ATTR0000611,EMP00611,IT,5,Average,Medium,72,Active
ATTR0000612,EMP00612,Operations,3,Excellent,Low,45,Active
ATTR0000613,EMP00613,Sales,4,Poor,Medium,74,Active
ATTR0000614,EMP00614,IT,7,Poor,Low,42,Active
ATTR0000615,EMP00615,Operations,4,Good,Medium,67,Active
ATTR0000616,EMP00616,HR,0,Good,Low,40,Active
ATTR0000617,EMP00617,Sales,6,Average,High,94,Resigned
ATTR0000618,EMP00618,Marketing,8,Average,High,88,Active
ATTR0000619,EMP00619,Marketing,5,Average,Low,31,Active
ATTR0000620,EMP00620,Operations,1,Excellent,Low,27,Active
ATTR0000621,EMP00621,Sales,7,Excellent,Medium,61,Resigned
ATTR0000622,EMP00622,Operations,2,Excellent,Medium,73,Active
ATTR0000623,EMP00623,Sales,4,Poor,Low,29,Active
ATTR0000624,EMP00624,HR,4,Poor,Medium,71,Active
ATTR0000625,EMP00625,Finance,7,Good,High,98,Resigned
ATTR0000626,EMP00626,Marketing,2,Poor,Medium,57,Resigned
ATTR0000627,EMP00627,Operations,8,Poor,Low,48,Active
ATTR0000628,EMP00628,Sales,9,Poor,Medium,52,Active
ATTR0000629,EMP00629,Operations,4,Poor,Medium,74,Active
ATTR0000630,EMP00630,Marketing,0,Good,Low,49,Active
ATTR0000631,EMP00631,Sales,9,Average,Medium,57,Active
ATTR0000632,EMP00632,Finance,3,Average,High,75,Resigned
ATTR0000633,EMP00633,Operations,7,Average,High,100,Active
ATTR0000634,EMP00634,Operations,7,Average,Medium,74,Resigned
ATTR0000635,EMP00635,Finance,10,Good,Low,35,Active
ATTR0000636,EMP00636,Marketing,3,Poor,Low,38,Active
ATTR0000637,EMP00637,Marketing,7,Good,Low,41,Active
ATTR0000638,EMP00638,HR,6,Good,Low,22,Active
ATTR0000639,EMP00639,Sales,3,Excellent,High,78,Resigned
ATTR0000640,EMP00640,Sales,9,Good,Medium,73,Active
ATTR0000641,EMP00641,HR,5,Excellent,High,77,Active
ATTR0000642,EMP00642,Finance,1,Poor,High,77,Resigned
ATTR0000643,EMP00643,Finance,5,Good,High,97,Active
ATTR0000644,EMP00644,Operations,6,Average,High,94,Active
ATTR0000645,EMP00645,Sales,1,Average,High,82,Active
ATTR0000646,EMP00646,Marketing,0,Poor,Low,31,Active
ATTR0000647,EMP00647,HR,8,Good,High,78,Resigned
ATTR0000648,EMP00648,HR,6,Good,Medium,62,Active
ATTR0000649,EMP00649,Finance,9,Excellent,High,89,Active
ATTR0000650,EMP00650,IT,7,Average,High,84,Active
ATTR0000651,EMP00651,Marketing,5,Good,Medium,57,Active
ATTR0000652,EMP00652,IT,8,Good,Low,43,Active
ATTR0000653,EMP00653,Operations,2,Excellent,High,94,Active
ATTR0000654,EMP00654,Finance,4,Good,Medium,50,Resigned
ATTR0000655,EMP00655,Marketing,2,Average,Medium,63,Active
ATTR0000656,EMP00656,Finance,5,Poor,Low,28,Active
ATTR0000657,EMP00657,Sales,9,Good,Low,43,Resigned
ATTR0000658,EMP00658,Operations,5,Average,High,92,Resigned
ATTR0000659,EMP00659,Finance,10,Poor,High,78,Resigned
ATTR0000660,EMP00660,Operations,9,Good,Low,44,Resigned
ATTR0000661,EMP00661,Operations,6,Poor,High,82,Active
ATTR0000662,EMP00662,Marketing,3,Average,High,77,Resigned
ATTR0000663,EMP00663,Finance,3,Average,Medium,56,Resigned
ATTR0000664,EMP00664,Finance,1,Average,High,79,Resigned
ATTR0000665,EMP00665,Sales,8,Excellent,High,91,Resigned
ATTR0000666,EMP00666,IT,6,Good,Low,38,Active
ATTR0000667,EMP00667,Operations,2,Good,Low,27,Active
ATTR0000668,EMP00668,Marketing,2,Good,Medium,52,Resigned
ATTR0000669,EMP00669,Operations,8,Poor,High,88,Active
ATTR0000670,EMP00670,Finance,11,Excellent,High,87,Active
ATTR0000671,EMP00671,IT,4,Poor,Medium,72,Active
ATTR0000672,EMP00672,HR,2,Average,High,80,Active
ATTR0000673,EMP00673,IT,11,Poor,High,79,Active
ATTR0000674,EMP00674,IT,7,Excellent,Medium,52,Active
ATTR0000675,EMP00675,HR,1,Good,High,77,Active
ATTR0000676,EMP00676,IT,9,Poor,Medium,55,Active
ATTR0000677,EMP00677,Sales,3,Poor,Medium,52,Active
ATTR0000678,EMP00678,HR,6,Good,Low,39,Active
ATTR0000679,EMP00679,HR,3,Excellent,Low,22,Active
ATTR0000680,EMP00680,IT,4,Poor,High,96,Resigned
ATTR0000681,EMP00681,HR,9,Poor,High,89,Resigned
ATTR0000682,EMP00682,Finance,5,Poor,Low,49,Active
ATTR0000683,EMP00683,Marketing,4,Poor,Low,21,Active
ATTR0000684,EMP00684,Sales,3,Excellent,Medium,59,Active
ATTR0000685,EMP00685,HR,1,Average,Low,40,Active
ATTR0000686,EMP00686,Marketing,6,Good,Low,39,Active
ATTR0000687,EMP00687,Finance,6,Poor,Medium,61,Resigned
ATTR0000688,EMP00688,Marketing,5,Average,Low,34,Active
ATTR0000689,EMP00689,Finance,4,Average,Medium,67,Active
ATTR0000690,EMP00690,Sales,7,Good,Low,22,Active
ATTR0000691,EMP00691,Marketing,8,Good,High,99,Active
ATTR0000692,EMP00692,Operations,1,Average,High,100,Active
ATTR0000693,EMP00693,Operations,2,Poor,Medium,70,Active
ATTR0000694,EMP00694,Finance,9,Good,Medium,52,Active
ATTR0000695,EMP00695,IT,6,Good,High,87,Active
ATTR0000696,EMP00696,HR,9,Excellent,High,77,Active
ATTR0000697,EMP00697,Sales,7,Good,High,100,Resigned
ATTR0000698,EMP00698,HR,1,Poor,Medium,59,Active
ATTR0000699,EMP00699,IT,9,Good,High,99,Active
ATTR0000700,EMP00700,Finance,10,Poor,High,76,Active
ATTR0000701,EMP00701,Operations,7,Average,Medium,66,Resigned
ATTR0000702,EMP00702,IT,1,Poor,Medium,66,Active
ATTR0000703,EMP00703,HR,6,Good,Low,30,Active
ATTR0000704,EMP00704,Sales,9,Excellent,Low,45,Active
ATTR0000705,EMP00705,HR,4,Poor,Low,47,Active
ATTR0000706,EMP00706,Sales,3,Excellent,Low,45,Active
ATTR0000707,EMP00707,HR,5,Good,Medium,67,Active
ATTR0000708,EMP00708,Sales,2,Good,Low,43,Resigned
ATTR0000709,EMP00709,Operations,9,Poor,Medium,55,Active
ATTR0000710,EMP00710,Operations,5,Excellent,Medium,62,Active
ATTR0000711,EMP00711,Sales,11,Poor,High,96,Active
ATTR0000712,EMP00712,HR,10,Average,Medium,71,Resigned
ATTR0000713,EMP00713,Operations,1,Average,Low,31,Active
ATTR0000714,EMP00714,Operations,5,Excellent,High,76,Active
ATTR0000715,EMP00715,Marketing,8,Good,High,79,Active
ATTR0000716,EMP00716,Operations,1,Excellent,Medium,51,Active
ATTR0000717,EMP00717,HR,11,Excellent,High,90,Active
ATTR0000718,EMP00718,IT,4,Average,Low,31,Active
ATTR0000719,EMP00719,IT,5,Good,Low,27,Active
ATTR0000720,EMP00720,Sales,5,Excellent,Medium,73,Active
ATTR0000721,EMP00721,Operations,4,Good,Low,42,Active
ATTR0000722,EMP00722,Sales,7,Poor,High,100,Active
ATTR0000723,EMP00723,HR,1,Good,High,84,Resigned
ATTR0000724,EMP00724,Finance,6,Excellent,High,84,Active
ATTR0000725,EMP00725,Operations,1,Poor,Low,38,Active
ATTR0000726,EMP00726,Finance,11,Average,High,83,Active
ATTR0000727,EMP00727,IT,10,Average,High,94,Active
ATTR0000728,EMP00728,Marketing,0,Poor,Low,34,Active
ATTR0000729,EMP00729,Operations,9,Average,High,88,Active
ATTR0000730,EMP00730,HR,6,Poor,Low,32,Active
ATTR0000731,EMP00731,IT,9,Average,Medium,60,Active
ATTR0000732,EMP00732,IT,8,Good,Medium,68,Active
ATTR0000733,EMP00733,IT,5,Excellent,High,75,Active
ATTR0000734,EMP00734,Finance,3,Good,Medium,55,Resigned
ATTR0000735,EMP00735,Operations,6,Average,High,92,Active
ATTR0000736,EMP00736,Operations,6,Good,High,77,Active
ATTR0000737,EMP00737,Marketing,3,Poor,High,90,Active
ATTR0000738,EMP00738,IT,6,Poor,Medium,52,Active
ATTR0000739,EMP00739,Operations,1,Excellent,High,77,Active
ATTR0000740,EMP00740,Operations,8,Excellent,Medium,59,Resigned
ATTR0000741,EMP00741,Sales,7,Excellent,High,86,Active
ATTR0000742,EMP00742,Finance,10,Average,Medium,63,Resigned
ATTR0000743,EMP00743,IT,3,Excellent,Medium,53,Active
ATTR0000744,EMP00744,Marketing,4,Good,High,89,Active
ATTR0000745,EMP00745,HR,6,Good,Low,28,Active
ATTR0000746,EMP00746,Operations,2,Poor,High,94,Active
ATTR0000747,EMP00747,HR,3,Poor,Medium,67,Active
ATTR0000748,EMP00748,Sales,3,Poor,Low,41,Active
ATTR0000749,EMP00749,Marketing,2,Poor,High,83,Resigned
ATTR0000750,EMP00750,Operations,2,Excellent,Medium,59,Active
ATTR0000751,EMP00751,Finance,10,Excellent,Low,42,Active
ATTR0000752,EMP00752,IT,11,Good,Medium,73,Active
ATTR0000753,EMP00753,Operations,4,Average,Low,32,Active
ATTR0000754,EMP00754,Operations,3,Excellent,High,92,Active
ATTR0000755,EMP00755,Operations,2,Poor,High,94,Resigned
ATTR0000756,EMP00756,Marketing,1,Average,Low,47,Active
ATTR0000757,EMP00757,Finance,5,Average,High,78,Resigned
ATTR0000758,EMP00758,IT,8,Excellent,Low,31,Active
ATTR0000759,EMP00759,HR,11,Good,Low,24,Active
ATTR0000760,EMP00760,Finance,5,Good,High,94,Resigned
ATTR0000761,EMP00761,IT,9,Excellent,High,85,Resigned
ATTR0000762,EMP00762,Marketing,11,Average,Medium,51,Active
ATTR0000763,EMP00763,Finance,1,Excellent,Medium,61,Resigned
ATTR0000764,EMP00764,Operations,5,Average,Low,26,Active
ATTR0000765,EMP00765,Sales,8,Average,Medium,50,Active
ATTR0000766,EMP00766,HR,10,Excellent,Medium,55,Active
ATTR0000767,EMP00767,Marketing,6,Excellent,Low,28,Active
ATTR0000768,EMP00768,Operations,10,Average,High,87,Active
ATTR0000769,EMP00769,IT,1,Excellent,Medium,57,Active
ATTR0000770,EMP00770,IT,3,Good,Low,36,Active
ATTR0000771,EMP00771,Finance,10,Good,High,89,Resigned
ATTR0000772,EMP00772,Marketing,8,Excellent,Medium,66,Active
ATTR0000773,EMP00773,IT,5,Good,Low,20,Active
ATTR0000774,EMP00774,Operations,7,Excellent,Medium,56,Active
ATTR0000775,EMP00775,Sales,10,Excellent,Medium,51,Active
ATTR0000776,EMP00776,Finance,2,Poor,High,85,Active
ATTR0000777,EMP00777,Finance,9,Good,High,92,Resigned
ATTR0000778,EMP00778,Sales,6,Average,High,98,Active
ATTR0000779,EMP00779,HR,11,Excellent,Medium,64,Resigned
ATTR0000780,EMP00780,Finance,6,Good,Low,49,Active
ATTR0000781,EMP00781,Operations,8,Excellent,High,75,Resigned
ATTR0000782,EMP00782,HR,10,Excellent,Low,30,Resigned
ATTR0000783,EMP00783,Finance,5,Poor,Low,30,Active
ATTR0000784,EMP00784,Finance,8,Average,High,98,Active
ATTR0000785,EMP00785,Sales,8,Average,Low,22,Active
ATTR0000786,EMP00786,Operations,11,Poor,Medium,54,Active
ATTR0000787,EMP00787,IT,7,Good,Medium,52,Active
ATTR0000788,EMP00788,Marketing,1,Good,Medium,55,Active
ATTR0000789,EMP00789,Finance,3,Poor,High,91,Active
ATTR0000790,EMP00790,Finance,4,Poor,Medium,72,Active
ATTR0000791,EMP00791,Marketing,6,Average,Medium,57,Active
ATTR0000792,EMP00792,IT,3,Average,High,79,Active
ATTR0000793,EMP00793,IT,9,Poor,Low,25,Resigned
ATTR0000794,EMP00794,HR,0,Average,Low,48,Active
ATTR0000795,EMP00795,Sales,10,Poor,High,95,Active
ATTR0000796,EMP00796,Marketing,4,Good,High,78,Active
ATTR0000797,EMP00797,HR,6,Excellent,High,87,Active
ATTR0000798,EMP00798,Sales,5,Excellent,Medium,62,Active
ATTR0000799,EMP00799,IT,9,Excellent,High,90,Active
ATTR0000800,EMP00800,IT,11,Average,High,87,Resigned
ATTR0000801,EMP00801,Finance,3,Good,Low,30,Active
ATTR0000802,EMP00802,Operations,5,Poor,Low,47,Active
ATTR0000803,EMP00803,HR,11,Excellent,Low,38,Resigned
ATTR0000804,EMP00804,Operations,1,Average,High,79,Active
ATTR0000805,EMP00805,IT,1,Good,Medium,74,Active
ATTR0000806,EMP00806,Finance,2,Average,Medium,60,Resigned
ATTR0000807,EMP00807,HR,4,Excellent,Low,41,Resigned
ATTR0000808,EMP00808,Finance,10,Average,Medium,69,Active
ATTR0000809,EMP00809,Operations,2,Good,High,91,Active
ATTR0000810,EMP00810,Operations,5,Excellent,High,86,Active
ATTR0000811,EMP00811,IT,1,Excellent,High,77,Active
ATTR0000812,EMP00812,HR,3,Poor,Low,30,Active
ATTR0000813,EMP00813,Marketing,2,Good,Low,30,Active
ATTR0000814,EMP00814,HR,3,Poor,Medium,58,Active
ATTR0000815,EMP00815,HR,10,Average,Medium,69,Active
ATTR0000816,EMP00816,Finance,3,Average,Low,35,Active
ATTR0000817,EMP00817,Sales,9,Excellent,Medium,71,Active
ATTR0000818,EMP00818,HR,7,Good,Medium,69,Active
ATTR0000819,EMP00819,Finance,8,Poor,Medium,65,Active
ATTR0000820,EMP00820,IT,8,Good,Medium,55,Resigned
ATTR0000821,EMP00821,Finance,3,Poor,High,80,Active
ATTR0000822,EMP00822,HR,2,Average,High,85,Active
ATTR0000823,EMP00823,Operations,10,Average,High,92,Active
ATTR0000824,EMP00824,Marketing,7,Good,Low,43,Resigned
ATTR0000825,EMP00825,IT,2,Good,High,83,Resigned
ATTR0000826,EMP00826,Marketing,8,Good,Medium,57,Active
ATTR0000827,EMP00827,HR,1,Good,High,88,Active
ATTR0000828,EMP00828,Operations,10,Excellent,Low,44,Active
ATTR0000829,EMP00829,IT,2,Excellent,Medium,62,Active
ATTR0000830,EMP00830,Operations,6,Excellent,Medium,52,Active
ATTR0000831,EMP00831,Marketing,7,Poor,Low,33,Active
ATTR0000832,EMP00832,HR,4,Excellent,Low,25,Active
ATTR0000833,EMP00833,Operations,11,Average,Low,33,Active
ATTR0000834,EMP00834,Sales,6,Good,Medium,59,Resigned
ATTR0000835,EMP00835,Finance,9,Good,Medium,70,Active
ATTR0000836,EMP00836,Operations,3,Good,Low,46,Resigned
ATTR0000837,EMP00837,IT,8,Good,Medium,54,Active
ATTR0000838,EMP00838,Marketing,3,Average,Low,29,Active
ATTR0000839,EMP00839,Finance,1,Excellent,High,78,Active
ATTR0000840,EMP00840,Finance,0,Average,Low,39,Active
ATTR0000841,EMP00841,Operations,8,Poor,Low,25,Active
ATTR0000842,EMP00842,Marketing,6,Average,Low,43,Active
ATTR0000843,EMP00843,Sales,7,Good,Medium,62,Active
ATTR0000844,EMP00844,IT,8,Average,Medium,69,Active
ATTR0000845,EMP00845,Sales,5,Poor,High,89,Active
ATTR0000846,EMP00846,Sales,9,Poor,Medium,56,Active
ATTR0000847,EMP00847,IT,9,Average,Low,27,Active
ATTR0000848,EMP00848,Operations,4,Excellent,High,93,Active
ATTR0000849,EMP00849,HR,10,Excellent,Low,40,Active
ATTR0000850,EMP00850,IT,10,Good,Low,38,Active
ATTR0000851,EMP00851,Sales,3,Average,Low,29,Active
ATTR0000852,EMP00852,Marketing,6,Average,Medium,55,Active
ATTR0000853,EMP00853,Finance,1,Average,High,93,Active
ATTR0000854,EMP00854,Operations,7,Poor,High,97,Active
ATTR0000855,EMP00855,Operations,2,Good,Medium,59,Active
ATTR0000856,EMP00856,Operations,4,Excellent,Low,33,Resigned
ATTR0000857,EMP00857,IT,9,Average,High,80,Active
ATTR0000858,EMP00858,HR,2,Average,High,87,Active
ATTR0000859,EMP00859,Operations,11,Poor,Medium,59,Active
ATTR0000860,EMP00860,IT,9,Good,High,81,Active
ATTR0000861,EMP00861,Sales,6,Poor,Low,38,Active
ATTR0000862,EMP00862,Operations,11,Average,Low,33,Active
ATTR0000863,EMP00863,Sales,10,Average,Low,33,Active
ATTR0000864,EMP00864,Sales,3,Good,Low,30,Active
ATTR0000865,EMP00865,Operations,3,Poor,High,96,Active
ATTR0000866,EMP00866,Finance,11,Poor,Low,25,Active
ATTR0000867,EMP00867,HR,8,Poor,Low,45,Active
ATTR0000868,EMP00868,Operations,2,Excellent,High,77,Active
ATTR0000869,EMP00869,HR,10,Excellent,Medium,69,Active
ATTR0000870,EMP00870,Finance,1,Good,Medium,58,Active
ATTR0000871,EMP00871,Marketing,4,Average,Medium,74,Active
ATTR0000872,EMP00872,HR,10,Excellent,Low,39,Active
ATTR0000873,EMP00873,HR,6,Poor,High,93,Active
ATTR0000874,EMP00874,Operations,7,Poor,Low,39,Active
ATTR0000875,EMP00875,Operations,11,Poor,High,84,Active
ATTR0000876,EMP00876,Marketing,9,Average,Medium,50,Active
ATTR0000877,EMP00877,Finance,4,Average,Medium,51,Resigned
ATTR0000878,EMP00878,Operations,8,Excellent,Low,40,Active
ATTR0000879,EMP00879,IT,1,Good,High,100,Active
ATTR0000880,EMP00880,Finance,3,Good,Low,24,Active
ATTR0000881,EMP00881,Operations,8,Good,Medium,71,Active
ATTR0000882,EMP00882,Sales,0,Excellent,Low,23,Active
ATTR0000883,EMP00883,Sales,1,Good,High,97,Resigned
ATTR0000884,EMP00884,Marketing,7,Excellent,High,98,Active
ATTR0000885,EMP00885,IT,10,Poor,High,92,Active
ATTR0000886,EMP00886,IT,8,Average,High,95,Active
ATTR0000887,EMP00887,IT,2,Average,Low,49,Resigned
ATTR0000888,EMP00888,IT,5,Good,Medium,50,Active
ATTR0000889,EMP00889,Finance,1,Poor,High,100,Active
ATTR0000890,EMP00890,Finance,9,Average,Medium,68,Active
ATTR0000891,EMP00891,Marketing,10,Poor,Medium,58,Active
ATTR0000892,EMP00892,Marketing,11,Excellent,High,75,Active
ATTR0000893,EMP00893,Sales,3,Excellent,Low,20,Active
ATTR0000894,EMP00894,IT,4,Poor,Medium,68,Active
ATTR0000895,EMP00895,Operations,9,Good,High,99,Active
ATTR0000896,EMP00896,IT,1,Average,Medium,55,Active
ATTR0000897,EMP00897,Sales,7,Excellent,High,91,Active
ATTR0000898,EMP00898,Operations,10,Excellent,Low,43,Active
ATTR0000899,EMP00899,Finance,6,Excellent,Medium,70,Active
ATTR0000900,EMP00900,Marketing,10,Excellent,High,81,Active
ATTR0000901,EMP00901,HR,11,Average,High,78,Active
ATTR0000902,EMP00902,Operations,4,Excellent,Low,37,Resigned
ATTR0000903,EMP00903,Sales,0,Poor,Medium,68,Active
ATTR0000904,EMP00904,IT,11,Good,Medium,54,Resigned
ATTR0000905,EMP00905,HR,1,Poor,Medium,57,Active
ATTR0000906,EMP00906,Finance,3,Average,Medium,69,Active
ATTR0000907,EMP00907,Finance,3,Good,Medium,66,Active
ATTR0000908,EMP00908,Sales,7,Good,Low,38,Active
ATTR0000909,EMP00909,Finance,7,Poor,High,75,Active
ATTR0000910,EMP00910,Finance,5,Good,Low,38,Resigned
ATTR0000911,EMP00911,Finance,3,Average,Low,38,Active
ATTR0000912,EMP00912,Finance,6,Poor,High,98,Active
ATTR0000913,EMP00913,IT,4,Average,Medium,67,Active
ATTR0000914,EMP00914,HR,6,Poor,High,93,Active
ATTR0000915,EMP00915,IT,1,Excellent,Low,35,Active
ATTR0000916,EMP00916,Sales,10,Poor,Medium,68,Active
ATTR0000917,EMP00917,HR,8,Average,Medium,74,Active
ATTR0000918,EMP00918,Finance,9,Poor,High,98,Active
ATTR0000919,EMP00919,IT,10,Excellent,Medium,67,Resigned
ATTR0000920,EMP00920,HR,4,Good,High,83,Active
ATTR0000921,EMP00921,HR,10,Good,Medium,52,Active
ATTR0000922,EMP00922,Operations,6,Good,Medium,71,Active
ATTR0000923,EMP00923,Marketing,8,Excellent,Medium,69,Active
ATTR0000924,EMP00924,Operations,11,Excellent,Low,37,Active
ATTR0000925,EMP00925,Finance,11,Good,High,83,Resigned
ATTR0000926,EMP00926,Operations,5,Excellent,High,81,Active
ATTR0000927,EMP00927,Marketing,8,Excellent,Medium,60,Active
ATTR0000928,EMP00928,Marketing,8,Excellent,Low,36,Active
ATTR0000929,EMP00929,Marketing,4,Good,Low,43,Active
ATTR0000930,EMP00930,Finance,2,Average,High,78,Active
ATTR0000931,EMP00931,Marketing,3,Average,Medium,72,Active
ATTR0000932,EMP00932,IT,3,Good,Medium,57,Active
ATTR0000933,EMP00933,Operations,2,Poor,High,91,Active
ATTR0000934,EMP00934,Sales,7,Excellent,Low,43,Active
ATTR0000935,EMP00935,Marketing,8,Excellent,Low,47,Active
ATTR0000936,EMP00936,Operations,3,Average,Low,43,Active
ATTR0000937,EMP00937,HR,8,Poor,High,98,Active
ATTR0000938,EMP00938,Sales,8,Average,Medium,69,Active
ATTR0000939,EMP00939,HR,5,Good,Medium,61,Active
ATTR0000940,EMP00940,Sales,7,Good,Medium,54,Active
ATTR0000941,EMP00941,Marketing,3,Excellent,Medium,52,Resigned
ATTR0000942,EMP00942,Marketing,1,Average,High,90,Resigned
ATTR0000943,EMP00943,Marketing,4,Excellent,Medium,53,Active
ATTR0000944,EMP00944,Operations,10,Good,High,76,Active
ATTR0000945,EMP00945,Operations,5,Good,High,84,Active
ATTR0000946,EMP00946,HR,3,Good,Medium,67,Active
ATTR0000947,EMP00947,Finance,10,Average,High,99,Active
ATTR0000948,EMP00948,Marketing,9,Average,High,78,Active
ATTR0000949,EMP00949,Operations,6,Good,High,96,Active
ATTR0000950,EMP00950,Finance,10,Excellent,Low,26,Active
ATTR0000951,EMP00951,Operations,4,Excellent,Medium,72,Active
ATTR0000952,EMP00952,IT,4,Excellent,Low,43,Active
ATTR0000953,EMP00953,Finance,6,Average,Medium,68,Active
ATTR0000954,EMP00954,IT,9,Average,High,90,Active
ATTR0000955,EMP00955,HR,2,Good,Low,30,Active
ATTR0000956,EMP00956,Finance,3,Poor,Medium,62,Resigned
ATTR0000957,EMP00957,Sales,3,Poor,Medium,55,Active
ATTR0000958,EMP00958,Sales,2,Good,Medium,74,Active
ATTR0000959,EMP00959,Sales,8,Good,High,80,Active
ATTR0000960,EMP00960,Operations,9,Excellent,High,83,Active
ATTR0000961,EMP00961,Marketing,2,Good,Medium,51,Active
ATTR0000962,EMP00962,Sales,7,Average,Low,24,Active
ATTR0000963,EMP00963,Finance,8,Good,High,80,Active
ATTR0000964,EMP00964,HR,7,Average,Medium,61,Active
ATTR0000965,EMP00965,Marketing,2,Good,Low,26,Active
ATTR0000966,EMP00966,Sales,5,Average,Low,48,Active
ATTR0000967,EMP00967,Sales,11,Average,Medium,53,Active
ATTR0000968,EMP00968,Sales,7,Poor,High,83,Active
ATTR0000969,EMP00969,Sales,1,Average,Medium,74,Active
ATTR0000970,EMP00970,Operations,8,Poor,High,91,Active
ATTR0000971,EMP00971,Finance,5,Poor,Low,35,Active
ATTR0000972,EMP00972,IT,10,Average,High,76,Resigned
ATTR0000973,EMP00973,Marketing,4,Average,Medium,54,Active
ATTR0000974,EMP00974,Operations,1,Average,Medium,60,Active
ATTR0000975,EMP00975,Finance,4,Excellent,High,97,Active
ATTR0000976,EMP00976,IT,6,Good,High,100,Active
ATTR0000977,EMP00977,IT,9,Good,Medium,65,Active
ATTR0000978,EMP00978,Finance,3,Good,Medium,59,Active
ATTR0000979,EMP00979,Marketing,8,Poor,Medium,71,Active
ATTR0000980,EMP00980,HR,8,Excellent,Low,23,Resigned
ATTR0000981,EMP00981,Sales,5,Excellent,High,82,Active
ATTR0000982,EMP00982,Marketing,8,Average,Medium,57,Active
ATTR0000983,EMP00983,Finance,3,Average,Low,41,Resigned
ATTR0000984,EMP00984,HR,6,Good,High,92,Active
ATTR0000985,EMP00985,Finance,5,Excellent,Low,44,Active
ATTR0000986,EMP00986,Operations,11,Excellent,Low,27,Active
ATTR0000987,EMP00987,IT,7,Excellent,High,82,Active
ATTR0000988,EMP00988,Marketing,10,Good,Medium,55,Resigned
ATTR0000989,EMP00989,Operations,11,Good,Medium,72,Active
ATTR0000990,EMP00990,IT,6,Excellent,Low,26,Active
ATTR0000991,EMP00991,Sales,7,Good,Medium,71,Active
ATTR0000992,EMP00992,IT,9,Average,Low,49,Active
ATTR0000993,EMP00993,HR,8,Excellent,Low,21,Active
ATTR0000994,EMP00994,Sales,3,Poor,Low,44,Active
ATTR0000995,EMP00995,Marketing,5,Good,Low,42,Active
ATTR0000996,EMP00996,Sales,9,Excellent,Low,41,Active
ATTR0000997,EMP00997,Operations,7,Good,Low,34,Active
ATTR0000998,EMP00998,IT,1,Excellent,Low,25,Active
ATTR0000999,EMP00999,Sales,7,Good,High,98,Resigned
ATTR0001000,EMP01000,Marketing,1,Good,High,93,Active
ATTR0001001,EMP01001,Operations,0,Good,High,93,Active
ATTR0001002,EMP01002,Sales,7,Poor,Medium,54,Active
ATTR0001003,EMP01003,HR,1,Excellent,Medium,61,Active
ATTR0001004,EMP01004,Sales,3,Average,High,99,Active
ATTR0001005,EMP01005,Finance,2,Average,Low,36,Active
ATTR0001006,EMP01006,Finance,8,Poor,High,84,Active
ATTR0001007,EMP01007,Sales,8,Good,Medium,61,Active
ATTR0001008,EMP01008,Sales,8,Excellent,High,99,Active
ATTR0001009,EMP01009,Sales,1,Excellent,High,84,Active
ATTR0001010,EMP01010,IT,2,Average,High,80,Active
ATTR0001011,EMP01011,Finance,5,Average,Medium,71,Resigned
ATTR0001012,EMP01012,Marketing,5,Excellent,Low,33,Active
ATTR0001013,EMP01013,Finance,3,Average,High,79,Active
ATTR0001014,EMP01014,Finance,6,Excellent,Medium,66,Active
ATTR0001015,EMP01015,HR,3,Poor,Low,39,Active
ATTR0001016,EMP01016,HR,11,Average,Medium,50,Active
ATTR0001017,EMP01017,Operations,8,Excellent,High,79,Active
ATTR0001018,EMP01018,Sales,3,Good,Low,21,Active
ATTR0001019,EMP01019,HR,7,Average,Medium,55,Active
ATTR0001020,EMP01020,HR,7,Good,Low,23,Active
ATTR0001021,EMP01021,Finance,11,Good,Low,23,Active
ATTR0001022,EMP01022,Operations,11,Good,Medium,65,Active
ATTR0001023,EMP01023,Sales,4,Excellent,Low,44,Resigned
ATTR0001024,EMP01024,Finance,0,Poor,Medium,54,Active
ATTR0001025,EMP01025,Finance,5,Poor,Medium,60,Resigned
ATTR0001026,EMP01026,Finance,2,Average,High,82,Resigned
ATTR0001027,EMP01027,Finance,6,Average,Medium,62,Active
ATTR0001028,EMP01028,Operations,5,Poor,Medium,66,Active
ATTR0001029,EMP01029,Operations,5,Poor,High,76,Resigned
ATTR0001030,EMP01030,Operations,4,Poor,Low,44,Active
ATTR0001031,EMP01031,Finance,10,Poor,Low,45,Active
ATTR0001032,EMP01032,IT,4,Good,High,95,Resigned
ATTR0001033,EMP01033,IT,7,Excellent,High,95,Active
ATTR0001034,EMP01034,Operations,2,Average,High,81,Active
ATTR0001035,EMP01035,Marketing,2,Excellent,Medium,59,Active
ATTR0001036,EMP01036,Operations,4,Good,Medium,69,Active
ATTR0001037,EMP01037,Operations,6,Poor,Medium,56,Active
ATTR0001038,EMP01038,Operations,7,Poor,High,82,Active
ATTR0001039,EMP01039,Finance,4,Excellent,Medium,73,Active
ATTR0001040,EMP01040,HR,4,Good,High,99,Resigned
ATTR0001041,EMP01041,Sales,6,Average,High,99,Active
ATTR0001042,EMP01042,Finance,9,Good,High,98,Active
ATTR0001043,EMP01043,IT,5,Good,High,90,Active
ATTR0001044,EMP01044,Operations,1,Good,Medium,65,Active
ATTR0001045,EMP01045,IT,2,Average,Medium,63,Active
ATTR0001046,EMP01046,Operations,2,Excellent,Low,48,Active
ATTR0001047,EMP01047,Finance,6,Excellent,Medium,60,Resigned
ATTR0001048,EMP01048,Marketing,7,Excellent,High,100,Active
ATTR0001049,EMP01049,Operations,8,Poor,Medium,65,Active
ATTR0001050,EMP01050,HR,9,Average,Medium,57,Active
ATTR0001051,EMP01051,Marketing,8,Good,Low,20,Active
ATTR0001052,EMP01052,HR,7,Excellent,High,79,Active
ATTR0001053,EMP01053,Finance,1,Poor,High,97,Active
ATTR0001054,EMP01054,IT,6,Poor,High,83,Active
ATTR0001055,EMP01055,Operations,4,Average,Medium,60,Active
ATTR0001056,EMP01056,IT,8,Average,Low,42,Active
ATTR0001057,EMP01057,Operations,0,Excellent,Low,24,Active
ATTR0001058,EMP01058,Sales,7,Average,High,85,Resigned
ATTR0001059,EMP01059,Marketing,9,Excellent,Medium,59,Active
ATTR0001060,EMP01060,Operations,3,Excellent,Low,38,Active
ATTR0001061,EMP01061,Operations,9,Average,High,99,Active
ATTR0001062,EMP01062,Marketing,11,Average,Medium,67,Active
ATTR0001063,EMP01063,Operations,10,Average,Low,22,Active
ATTR0001064,EMP01064,Operations,10,Good,Low,21,Active
ATTR0001065,EMP01065,Operations,5,Average,Low,40,Active
ATTR0001066,EMP01066,Finance,9,Average,Low,48,Resigned
ATTR0001067,EMP01067,HR,2,Good,High,98,Active
ATTR0001068,EMP01068,HR,4,Poor,Medium,68,Active
ATTR0001069,EMP01069,Sales,2,Average,High,92,Active
ATTR0001070,EMP01070,Sales,2,Excellent,Low,44,Resigned
ATTR0001071,EMP01071,Sales,8,Good,Low,21,Active
ATTR0001072,EMP01072,Sales,6,Excellent,Low,48,Resigned
ATTR0001073,EMP01073,Sales,4,Poor,High,86,Active
ATTR0001074,EMP01074,HR,5,Average,High,91,Active
ATTR0001075,EMP01075,Marketing,9,Good,Medium,62,Active
ATTR0001076,EMP01076,Marketing,8,Excellent,Low,28,Active
ATTR0001077,EMP01077,Operations,4,Average,High,77,Resigned
ATTR0001078,EMP01078,Sales,6,Average,High,76,Resigned
ATTR0001079,EMP01079,Operations,7,Average,Medium,66,Active
ATTR0001080,EMP01080,IT,4,Poor,Medium,56,Active
ATTR0001081,EMP01081,Sales,3,Poor,Medium,70,Active
ATTR0001082,EMP01082,IT,3,Excellent,High,93,Active
ATTR0001083,EMP01083,Sales,5,Excellent,High,100,Active
ATTR0001084,EMP01084,Finance,3,Poor,High,98,Active
ATTR0001085,EMP01085,Operations,10,Good,Low,36,Active
ATTR0001086,EMP01086,IT,10,Average,High,85,Active
ATTR0001087,EMP01087,Operations,2,Poor,Low,26,Active
ATTR0001088,EMP01088,Operations,9,Excellent,High,99,Active
ATTR0001089,EMP01089,Finance,9,Excellent,High,75,Active
ATTR0001090,EMP01090,Finance,10,Good,Low,44,Active
ATTR0001091,EMP01091,HR,0,Average,Low,42,Active
ATTR0001092,EMP01092,Sales,1,Good,High,90,Active
ATTR0001093,EMP01093,Marketing,10,Poor,Medium,72,Active
ATTR0001094,EMP01094,Operations,10,Excellent,Low,21,Active
ATTR0001095,EMP01095,HR,8,Good,Medium,62,Active
ATTR0001096,EMP01096,Finance,2,Excellent,Medium,56,Active
ATTR0001097,EMP01097,Sales,2,Excellent,Medium,62,Active
ATTR0001098,EMP01098,Operations,5,Average,Medium,66,Resigned
ATTR0001099,EMP01099,Operations,5,Excellent,High,98,Active
ATTR0001100,EMP01100,Operations,2,Good,High,89,Active
ATTR0001101,EMP01101,Operations,11,Excellent,High,98,Active
ATTR0001102,EMP01102,Operations,3,Poor,Low,34,Active
ATTR0001103,EMP01103,Marketing,7,Excellent,Medium,59,Active
ATTR0001104,EMP01104,HR,7,Average,High,93,Active
ATTR0001105,EMP01105,Marketing,8,Good,Medium,50,Active
ATTR0001106,EMP01106,HR,8,Excellent,Low,43,Active
ATTR0001107,EMP01107,Sales,9,Good,Low,41,Active
ATTR0001108,EMP01108,HR,1,Excellent,Medium,74,Active
ATTR0001109,EMP01109,Marketing,9,Good,High,78,Active
ATTR0001110,EMP01110,Finance,5,Poor,High,79,Active
ATTR0001111,EMP01111,Operations,7,Average,Low,40,Active
ATTR0001112,EMP01112,IT,6,Average,Low,33,Active
ATTR0001113,EMP01113,Operations,0,Excellent,Low,29,Active
ATTR0001114,EMP01114,Operations,5,Good,Medium,58,Resigned
ATTR0001115,EMP01115,Finance,3,Good,Low,22,Resigned
ATTR0001116,EMP01116,IT,9,Average,Low,29,Active
ATTR0001117,EMP01117,Finance,2,Average,Medium,68,Active
ATTR0001118,EMP01118,Finance,9,Excellent,High,89,Active
ATTR0001119,EMP01119,Marketing,11,Average,Low,47,Resigned
ATTR0001120,EMP01120,Sales,4,Excellent,Medium,74,Resigned
ATTR0001121,EMP01121,Sales,9,Poor,Low,48,Active
ATTR0001122,EMP01122,HR,6,Good,Low,29,Active
ATTR0001123,EMP01123,Sales,8,Poor,Low,30,Active
ATTR0001124,EMP01124,Marketing,5,Average,High,82,Active
ATTR0001125,EMP01125,Operations,1,Average,Low,24,Active
ATTR0001126,EMP01126,Finance,7,Average,Low,28,Active
ATTR0001127,EMP01127,IT,11,Poor,Medium,61,Active
ATTR0001128,EMP01128,Sales,10,Poor,High,81,Active
ATTR0001129,EMP01129,Operations,1,Average,Medium,70,Active
ATTR0001130,EMP01130,HR,9,Poor,High,100,Resigned
ATTR0001131,EMP01131,IT,3,Average,High,98,Active
ATTR0001132,EMP01132,Operations,4,Poor,Low,37,Active
ATTR0001133,EMP01133,Operations,8,Average,Low,36,Active
ATTR0001134,EMP01134,HR,1,Poor,Low,39,Active
ATTR0001135,EMP01135,Sales,11,Average,Medium,51,Active
ATTR0001136,EMP01136,IT,2,Average,Medium,66,Active
ATTR0001137,EMP01137,Sales,7,Poor,High,92,Active
ATTR0001138,EMP01138,Operations,4,Poor,Low,38,Active
ATTR0001139,EMP01139,Operations,10,Average,Medium,56,Active
ATTR0001140,EMP01140,IT,8,Good,High,83,Active
ATTR0001141,EMP01141,Sales,4,Poor,Low,33,Resigned
ATTR0001142,EMP01142,HR,1,Excellent,High,87,Resigned
ATTR0001143,EMP01143,IT,3,Poor,High,84,Active
ATTR0001144,EMP01144,Sales,1,Average,High,93,Active
ATTR0001145,EMP01145,Marketing,3,Average,High,87,Active
ATTR0001146,EMP01146,Finance,4,Poor,High,83,Active
ATTR0001147,EMP01147,HR,1,Average,High,87,Active
ATTR0001148,EMP01148,Operations,3,Excellent,Medium,66,Active
ATTR0001149,EMP01149,Sales,1,Average,Low,45,Active
ATTR0001150,EMP01150,IT,2,Poor,High,90,Active
ATTR0001151,EMP01151,Sales,1,Excellent,Medium,70,Active
ATTR0001152,EMP01152,Marketing,1,Average,High,76,Active
ATTR0001153,EMP01153,IT,10,Poor,Low,33,Active
ATTR0001154,EMP01154,IT,1,Good,Low,36,Active
ATTR0001155,EMP01155,Operations,10,Poor,Medium,57,Active
ATTR0001156,EMP01156,Finance,7,Excellent,Medium,68,Active
ATTR0001157,EMP01157,Sales,6,Poor,Medium,65,Active
ATTR0001158,EMP01158,IT,5,Excellent,Low,46,Active
ATTR0001159,EMP01159,Finance,3,Average,High,86,Resigned
ATTR0001160,EMP01160,Finance,4,Average,High,86,Active
ATTR0001161,EMP01161,IT,10,Excellent,High,87,Active
ATTR0001162,EMP01162,IT,10,Excellent,Low,33,Active
ATTR0001163,EMP01163,Operations,11,Average,Medium,67,Active
ATTR0001164,EMP01164,Operations,8,Poor,Low,40,Active
ATTR0001165,EMP01165,Marketing,9,Good,Medium,68,Active
ATTR0001166,EMP01166,Operations,7,Poor,Medium,62,Active
ATTR0001167,EMP01167,Operations,11,Good,Low,29,Active
ATTR0001168,EMP01168,Sales,3,Poor,High,93,Active
ATTR0001169,EMP01169,Operations,7,Good,High,90,Active
ATTR0001170,EMP01170,Sales,7,Good,High,76,Active
ATTR0001171,EMP01171,IT,0,Excellent,Low,47,Active
ATTR0001172,EMP01172,HR,4,Poor,Medium,60,Active
ATTR0001173,EMP01173,Marketing,8,Poor,Medium,65,Active
ATTR0001174,EMP01174,IT,0,Good,Low,41,Active
ATTR0001175,EMP01175,HR,4,Average,Medium,51,Active
ATTR0001176,EMP01176,Sales,5,Poor,Medium,67,Resigned
ATTR0001177,EMP01177,Sales,1,Poor,High,77,Active
ATTR0001178,EMP01178,HR,2,Average,Medium,56,Active
ATTR0001179,EMP01179,Operations,4,Excellent,Low,48,Active
ATTR0001180,EMP01180,Finance,11,Poor,Medium,66,Active
ATTR0001181,EMP01181,Operations,2,Excellent,Medium,58,Active
ATTR0001182,EMP01182,IT,2,Poor,High,88,Active
ATTR0001183,EMP01183,Sales,4,Average,Medium,74,Active
ATTR0001184,EMP01184,Marketing,9,Good,High,85,Active
ATTR0001185,EMP01185,Operations,11,Excellent,High,91,Active
ATTR0001186,EMP01186,Operations,10,Poor,High,98,Resigned
ATTR0001187,EMP01187,Finance,3,Poor,Low,25,Active
ATTR0001188,EMP01188,Marketing,9,Good,Medium,51,Active
ATTR0001189,EMP01189,Operations,4,Poor,Medium,56,Active
ATTR0001190,EMP01190,Finance,5,Average,High,77,Active
ATTR0001191,EMP01191,Marketing,9,Excellent,Low,34,Active
ATTR0001192,EMP01192,Marketing,3,Excellent,Medium,71,Active
ATTR0001193,EMP01193,IT,7,Good,High,89,Active
ATTR0001194,EMP01194,HR,1,Good,High,77,Active
ATTR0001195,EMP01195,Finance,1,Average,High,90,Active
ATTR0001196,EMP01196,Sales,7,Average,Low,36,Active
ATTR0001197,EMP01197,IT,2,Excellent,Medium,69,Active
ATTR0001198,EMP01198,HR,4,Good,Low,24,Active
ATTR0001199,EMP01199,HR,1,Excellent,Low,44,Resigned
ATTR0001200,EMP01200,Operations,11,Average,Medium,67,Active
ATTR0001201,EMP01201,Sales,6,Good,Low,31,Active
ATTR0001202,EMP01202,IT,8,Good,Medium,58,Active
ATTR0001203,EMP01203,Operations,9,Good,Low,23,Active
ATTR0001204,EMP01204,Marketing,5,Excellent,Medium,58,Active
ATTR0001205,EMP01205,Sales,4,Poor,High,90,Active
ATTR0001206,EMP01206,Sales,6,Poor,Medium,61,Resigned
ATTR0001207,EMP01207,HR,2,Excellent,Low,40,Active
ATTR0001208,EMP01208,Operations,9,Excellent,High,94,Active
ATTR0001209,EMP01209,Operations,7,Good,Low,46,Active
ATTR0001210,EMP01210,Finance,0,Excellent,Medium,72,Active
ATTR0001211,EMP01211,Operations,9,Poor,Low,22,Active
ATTR0001212,EMP01212,Finance,7,Poor,Medium,57,Resigned
ATTR0001213,EMP01213,IT,7,Average,Low,35,Resigned
ATTR0001214,EMP01214,Sales,0,Poor,Low,41,Active
ATTR0001215,EMP01215,Sales,4,Excellent,Low,40,Active
ATTR0001216,EMP01216,Operations,1,Poor,Low,41,Active
ATTR0001217,EMP01217,IT,5,Average,Low,32,Active
ATTR0001218,EMP01218,HR,10,Good,Medium,64,Active
ATTR0001219,EMP01219,Marketing,3,Excellent,Low,45,Active
ATTR0001220,EMP01220,Finance,6,Excellent,Medium,73,Active
ATTR0001221,EMP01221,Operations,5,Poor,Low,31,Resigned
ATTR0001222,EMP01222,HR,11,Average,Low,43,Active
ATTR0001223,EMP01223,IT,6,Average,Low,42,Active
ATTR0001224,EMP01224,Operations,5,Excellent,Low,45,Active
ATTR0001225,EMP01225,Sales,6,Poor,Medium,59,Resigned
ATTR0001226,EMP01226,IT,5,Good,Medium,50,Active
ATTR0001227,EMP01227,Finance,1,Excellent,Low,21,Active
ATTR0001228,EMP01228,Marketing,4,Excellent,Medium,55,Active
ATTR0001229,EMP01229,IT,5,Average,Low,24,Active
ATTR0001230,EMP01230,Sales,2,Poor,Low,29,Active
ATTR0001231,EMP01231,Marketing,5,Poor,Low,34,Resigned
ATTR0001232,EMP01232,HR,5,Poor,High,83,Active
ATTR0001233,EMP01233,HR,4,Excellent,High,85,Active
ATTR0001234,EMP01234,Operations,3,Good,Medium,63,Active
ATTR0001235,EMP01235,Marketing,8,Poor,High,93,Active
ATTR0001236,EMP01236,HR,10,Excellent,High,87,Active
ATTR0001237,EMP01237,Marketing,6,Excellent,Medium,71,Active
ATTR0001238,EMP01238,IT,2,Poor,Low,41,Active
ATTR0001239,EMP01239,Finance,10,Poor,Medium,71,Active
ATTR0001240,EMP01240,Marketing,5,Good,Low,47,Active
ATTR0001241,EMP01241,Sales,8,Good,Low,36,Active
ATTR0001242,EMP01242,Marketing,5,Good,High,75,Active
ATTR0001243,EMP01243,Sales,4,Good,High,82,Active
ATTR0001244,EMP01244,Marketing,6,Poor,Low,35,Active
ATTR0001245,EMP01245,HR,8,Excellent,Medium,59,Active
ATTR0001246,EMP01246,Finance,5,Excellent,High,95,Active
ATTR0001247,EMP01247,Finance,7,Excellent,Medium,73,Active
ATTR0001248,EMP01248,HR,3,Good,Low,47,Active
ATTR0001249,EMP01249,Finance,6,Excellent,Medium,61,Active
ATTR0001250,EMP01250,Sales,5,Poor,Low,24,Active
ATTR0001251,EMP01251,Sales,10,Good,Low,42,Resigned
ATTR0001252,EMP01252,IT,2,Excellent,High,83,Active
ATTR0001253,EMP01253,Marketing,1,Average,Low,29,Active
ATTR0001254,EMP01254,IT,4,Good,Low,33,Active
ATTR0001255,EMP01255,Operations,6,Excellent,High,87,Active
ATTR0001256,EMP01256,Finance,4,Excellent,High,93,Active
ATTR0001257,EMP01257,HR,11,Excellent,High,91,Active
ATTR0001258,EMP01258,Sales,1,Good,High,82,Active
ATTR0001259,EMP01259,HR,0,Average,Medium,53,Active
ATTR0001260,EMP01260,Marketing,2,Average,Medium,59,Resigned
ATTR0001261,EMP01261,HR,10,Good,Low,33,Active
ATTR0001262,EMP01262,Sales,4,Excellent,Medium,65,Active
ATTR0001263,EMP01263,IT,5,Excellent,Low,23,Active
ATTR0001264,EMP01264,Sales,4,Excellent,Low,42,Active
ATTR0001265,EMP01265,HR,2,Good,High,75,Active
ATTR0001266,EMP01266,HR,10,Average,Low,20,Resigned
ATTR0001267,EMP01267,Marketing,5,Excellent,High,91,Active
ATTR0001268,EMP01268,Finance,8,Average,Low,35,Active
ATTR0001269,EMP01269,HR,9,Good,High,78,Active
ATTR0001270,EMP01270,HR,8,Excellent,High,85,Active
ATTR0001271,EMP01271,IT,6,Excellent,Medium,66,Active
ATTR0001272,EMP01272,Marketing,8,Excellent,Low,24,Active
ATTR0001273,EMP01273,Sales,5,Excellent,High,86,Active
ATTR0001274,EMP01274,Operations,7,Poor,Low,35,Active
ATTR0001275,EMP01275,IT,4,Excellent,High,90,Active
ATTR0001276,EMP01276,Sales,10,Excellent,Low,43,Active
ATTR0001277,EMP01277,Operations,9,Good,Low,47,Active
ATTR0001278,EMP01278,Finance,2,Poor,Low,42,Active
ATTR0001279,EMP01279,Sales,10,Excellent,Low,28,Active
ATTR0001280,EMP01280,Operations,4,Poor,Low,36,Active
ATTR0001281,EMP01281,IT,10,Average,Low,20,Active
ATTR0001282,EMP01282,Operations,0,Good,High,75,Active
ATTR0001283,EMP01283,HR,11,Good,High,76,Active
ATTR0001284,EMP01284,Marketing,7,Average,Medium,74,Active
ATTR0001285,EMP01285,Marketing,7,Excellent,High,93,Active
ATTR0001286,EMP01286,Finance,8,Average,Low,23,Resigned
ATTR0001287,EMP01287,Finance,8,Average,High,96,Active
ATTR0001288,EMP01288,Sales,0,Excellent,Low,34,Active
ATTR0001289,EMP01289,Operations,4,Good,Low,26,Active
ATTR0001290,EMP01290,Operations,5,Poor,Low,20,Active
ATTR0001291,EMP01291,Finance,3,Excellent,Low,23,Active
ATTR0001292,EMP01292,Operations,5,Good,Medium,67,Resigned
ATTR0001293,EMP01293,Finance,6,Poor,High,82,Active
ATTR0001294,EMP01294,Finance,10,Average,High,94,Active
ATTR0001295,EMP01295,Operations,5,Poor,Medium,55,Active
ATTR0001296,EMP01296,Marketing,2,Excellent,Low,23,Active
ATTR0001297,EMP01297,Sales,2,Poor,High,95,Active
ATTR0001298,EMP01298,Finance,1,Average,Medium,61,Active
ATTR0001299,EMP01299,Sales,10,Excellent,Low,37,Active
ATTR0001300,EMP01300,IT,11,Excellent,Low,38,Active
ATTR0001301,EMP01301,IT,7,Good,High,90,Active
ATTR0001302,EMP01302,Marketing,4,Excellent,Low,21,Active
ATTR0001303,EMP01303,Finance,11,Average,Medium,68,Resigned
ATTR0001304,EMP01304,Sales,1,Average,High,87,Active
ATTR0001305,EMP01305,Finance,6,Excellent,Low,26,Active
ATTR0001306,EMP01306,IT,2,Poor,Low,29,Active
ATTR0001307,EMP01307,Operations,2,Good,High,91,Active
ATTR0001308,EMP01308,Sales,10,Average,High,84,Active
ATTR0001309,EMP01309,IT,0,Excellent,Low,31,Resigned
ATTR0001310,EMP01310,IT,3,Poor,Medium,55,Active
ATTR0001311,EMP01311,Operations,11,Excellent,Low,47,Active
ATTR0001312,EMP01312,Finance,7,Poor,Medium,65,Active
ATTR0001313,EMP01313,Operations,1,Excellent,High,95,Active
ATTR0001314,EMP01314,IT,2,Good,Low,33,Active
ATTR0001315,EMP01315,Sales,11,Poor,High,77,Active
ATTR0001316,EMP01316,Sales,6,Good,Low,27,Active
ATTR0001317,EMP01317,Operations,8,Excellent,High,90,Active
ATTR0001318,EMP01318,Finance,1,Good,High,75,Active
ATTR0001319,EMP01319,Operations,2,Excellent,High,96,Active
ATTR0001320,EMP01320,Finance,3,Good,High,94,Active
ATTR0001321,EMP01321,Finance,11,Excellent,Low,21,Resigned
ATTR0001322,EMP01322,IT,10,Average,High,85,Active
ATTR0001323,EMP01323,HR,10,Average,Low,29,Active
ATTR0001324,EMP01324,Sales,4,Good,Low,30,Active
ATTR0001325,EMP01325,Operations,9,Excellent,Low,28,Resigned
ATTR0001326,EMP01326,Operations,6,Excellent,High,99,Active
ATTR0001327,EMP01327,HR,2,Excellent,Low,38,Active
ATTR0001328,EMP01328,HR,4,Excellent,Medium,63,Active
ATTR0001329,EMP01329,HR,1,Excellent,Medium,73,Active
ATTR0001330,EMP01330,HR,10,Good,Low,40,Active
ATTR0001331,EMP01331,HR,6,Good,High,91,Active
ATTR0001332,EMP01332,Marketing,1,Excellent,Low,46,Resigned
ATTR0001333,EMP01333,HR,5,Poor,High,95,Active
ATTR0001334,EMP01334,Finance,8,Excellent,High,95,Active
ATTR0001335,EMP01335,Marketing,9,Good,Low,24,Active
ATTR0001336,EMP01336,IT,11,Good,Low,25,Active
ATTR0001337,EMP01337,Sales,10,Excellent,Low,46,Active
ATTR0001338,EMP01338,Marketing,1,Average,Medium,61,Active
ATTR0001339,EMP01339,Finance,9,Excellent,Medium,63,Active
ATTR0001340,EMP01340,IT,11,Good,Low,29,Active
ATTR0001341,EMP01341,IT,5,Good,Low,43,Active
ATTR0001342,EMP01342,Sales,5,Poor,Medium,56,Active
ATTR0001343,EMP01343,IT,7,Good,Low,25,Resigned
ATTR0001344,EMP01344,IT,5,Poor,Low,26,Active
ATTR0001345,EMP01345,Sales,9,Excellent,Medium,54,Active
ATTR0001346,EMP01346,Marketing,7,Poor,Medium,62,Active
ATTR0001347,EMP01347,HR,3,Excellent,Low,38,Resigned
ATTR0001348,EMP01348,Operations,0,Good,Medium,74,Active
ATTR0001349,EMP01349,Operations,5,Good,Medium,50,Active
ATTR0001350,EMP01350,Marketing,8,Excellent,High,79,Active
ATTR0001351,EMP01351,HR,3,Excellent,Low,26,Resigned
ATTR0001352,EMP01352,HR,9,Excellent,High,94,Active
ATTR0001353,EMP01353,Operations,10,Average,High,94,Active
ATTR0001354,EMP01354,HR,3,Good,Medium,67,Resigned
ATTR0001355,EMP01355,Marketing,1,Poor,Low,22,Active
ATTR0001356,EMP01356,IT,2,Poor,High,92,Active
ATTR0001357,EMP01357,Operations,6,Good,Low,33,Active
ATTR0001358,EMP01358,IT,1,Good,High,92,Active
ATTR0001359,EMP01359,IT,2,Poor,Low,45,Active
ATTR0001360,EMP01360,Finance,7,Excellent,Medium,50,Active
ATTR0001361,EMP01361,Finance,2,Average,Low,40,Active
ATTR0001362,EMP01362,IT,2,Good,Medium,70,Active
ATTR0001363,EMP01363,Operations,9,Average,High,87,Resigned
ATTR0001364,EMP01364,Sales,2,Excellent,Low,49,Active
ATTR0001365,EMP01365,Marketing,9,Average,High,95,Active
ATTR0001366,EMP01366,Sales,8,Good,Low,26,Active
ATTR0001367,EMP01367,Operations,10,Average,High,95,Active
ATTR0001368,EMP01368,IT,9,Good,Medium,52,Active
ATTR0001369,EMP01369,Marketing,1,Average,High,89,Active
ATTR0001370,EMP01370,Marketing,11,Average,Medium,58,Active
ATTR0001371,EMP01371,Sales,0,Good,Low,32,Active
ATTR0001372,EMP01372,Sales,3,Poor,Low,28,Active
ATTR0001373,EMP01373,Marketing,8,Excellent,Low,21,Resigned
ATTR0001374,EMP01374,Marketing,11,Poor,Medium,71,Active
ATTR0001375,EMP01375,Finance,7,Average,High,88,Active
ATTR0001376,EMP01376,IT,7,Average,Low,46,Active
ATTR0001377,EMP01377,HR,11,Poor,Low,30,Active
ATTR0001378,EMP01378,Sales,2,Excellent,High,97,Active
ATTR0001379,EMP01379,IT,5,Good,Medium,55,Active
ATTR0001380,EMP01380,Marketing,4,Excellent,Medium,61,Active
ATTR0001381,EMP01381,Finance,8,Poor,Medium,55,Active
ATTR0001382,EMP01382,Sales,3,Average,Medium,56,Active
ATTR0001383,EMP01383,IT,1,Average,High,75,Active
ATTR0001384,EMP01384,Sales,9,Excellent,Medium,50,Active
ATTR0001385,EMP01385,HR,11,Good,Low,43,Active
ATTR0001386,EMP01386,Operations,5,Good,Low,28,Active
ATTR0001387,EMP01387,Finance,5,Good,High,82,Active
ATTR0001388,EMP01388,Sales,10,Average,High,95,Active
ATTR0001389,EMP01389,Sales,1,Poor,Medium,55,Active
ATTR0001390,EMP01390,Marketing,4,Good,Medium,57,Active
ATTR0001391,EMP01391,Sales,3,Poor,Low,35,Active
ATTR0001392,EMP01392,Sales,3,Good,Medium,53,Active
ATTR0001393,EMP01393,Sales,1,Excellent,Low,24,Active
ATTR0001394,EMP01394,HR,2,Good,Medium,61,Active
ATTR0001395,EMP01395,IT,6,Good,High,78,Resigned
ATTR0001396,EMP01396,Sales,5,Excellent,Medium,53,Active
ATTR0001397,EMP01397,IT,10,Excellent,Medium,72,Active
ATTR0001398,EMP01398,Finance,10,Poor,Medium,61,Active
ATTR0001399,EMP01399,IT,3,Average,Low,40,Active
ATTR0001400,EMP01400,Marketing,1,Excellent,Low,47,Active
ATTR0001401,EMP01401,HR,5,Good,Low,33,Active
ATTR0001402,EMP01402,IT,3,Good,Medium,57,Active
ATTR0001403,EMP01403,Finance,4,Excellent,High,94,Active
ATTR0001404,EMP01404,Marketing,1,Poor,High,84,Active
ATTR0001405,EMP01405,Marketing,7,Excellent,Medium,64,Active
ATTR0001406,EMP01406,HR,1,Average,Medium,70,Active
ATTR0001407,EMP01407,Finance,5,Excellent,Low,30,Resigned
ATTR0001408,EMP01408,HR,3,Excellent,High,98,Active
ATTR0001409,EMP01409,Marketing,6,Average,High,75,Active
ATTR0001410,EMP01410,HR,8,Average,Medium,68,Resigned
ATTR0001411,EMP01411,HR,11,Excellent,Low,23,Active
ATTR0001412,EMP01412,IT,6,Average,Low,20,Active
ATTR0001413,EMP01413,Sales,2,Excellent,Medium,50,Resigned
ATTR0001414,EMP01414,Finance,2,Average,High,84,Active
ATTR0001415,EMP01415,IT,6,Good,High,93,Resigned
ATTR0001416,EMP01416,Finance,10,Poor,Low,37,Active
ATTR0001417,EMP01417,Operations,7,Good,Low,36,Active
ATTR0001418,EMP01418,Marketing,0,Good,Low,23,Active
ATTR0001419,EMP01419,HR,4,Excellent,High,75,Active
ATTR0001420,EMP01420,IT,6,Excellent,Low,31,Active
ATTR0001421,EMP01421,Marketing,5,Average,High,97,Active
ATTR0001422,EMP01422,HR,6,Good,High,89,Resigned
ATTR0001423,EMP01423,HR,9,Poor,Medium,70,Active
ATTR0001424,EMP01424,IT,4,Average,Medium,69,Active
ATTR0001425,EMP01425,Marketing,3,Average,High,89,Active
ATTR0001426,EMP01426,Sales,6,Poor,Medium,74,Active
ATTR0001427,EMP01427,Marketing,10,Average,Low,29,Active
ATTR0001428,EMP01428,IT,6,Excellent,High,80,Resigned
ATTR0001429,EMP01429,IT,1,Excellent,Low,29,Active
ATTR0001430,EMP01430,Marketing,2,Excellent,Medium,55,Active
ATTR0001431,EMP01431,Marketing,5,Excellent,Medium,65,Active
ATTR0001432,EMP01432,Sales,9,Poor,Low,21,Active
ATTR0001433,EMP01433,Marketing,2,Excellent,Medium,62,Active
ATTR0001434,EMP01434,Sales,5,Average,Medium,55,Active
ATTR0001435,EMP01435,Finance,2,Good,Medium,60,Active
ATTR0001436,EMP01436,Marketing,5,Good,Low,29,Active
ATTR0001437,EMP01437,IT,2,Excellent,Medium,69,Active
ATTR0001438,EMP01438,HR,2,Poor,Medium,64,Active
ATTR0001439,EMP01439,Sales,9,Good,High,76,Active
ATTR0001440,EMP01440,IT,4,Good,Low,49,Active
ATTR0001441,EMP01441,Operations,6,Poor,High,81,Active
ATTR0001442,EMP01442,IT,11,Poor,Low,22,Active
ATTR0001443,EMP01443,Marketing,8,Excellent,High,91,Active
ATTR0001444,EMP01444,Finance,3,Good,High,97,Resigned
ATTR0001445,EMP01445,Marketing,9,Poor,Low,41,Active
ATTR0001446,EMP01446,Operations,3,Good,High,86,Active
ATTR0001447,EMP01447,HR,10,Excellent,Low,26,Active
ATTR0001448,EMP01448,IT,2,Poor,High,82,Active
ATTR0001449,EMP01449,Sales,9,Average,High,100,Active
ATTR0001450,EMP01450,Marketing,6,Good,High,87,Active
ATTR0001451,EMP01451,Operations,1,Excellent,High,80,Active
ATTR0001452,EMP01452,Sales,0,Average,Low,21,Active
ATTR0001453,EMP01453,HR,9,Poor,Medium,74,Active
ATTR0001454,EMP01454,Marketing,10,Excellent,Low,20,Active
ATTR0001455,EMP01455,IT,1,Good,Low,38,Active
ATTR0001456,EMP01456,Operations,11,Poor,Medium,54,Active
ATTR0001457,EMP01457,Operations,6,Good,Low,39,Active
ATTR0001458,EMP01458,Operations,10,Good,Medium,53,Active
ATTR0001459,EMP01459,Sales,8,Good,High,75,Active
ATTR0001460,EMP01460,Sales,2,Excellent,High,79,Active
ATTR0001461,EMP01461,IT,11,Poor,Medium,67,Active
ATTR0001462,EMP01462,Sales,4,Good,Medium,60,Active
ATTR0001463,EMP01463,Marketing,3,Good,High,94,Active
ATTR0001464,EMP01464,Finance,4,Average,Low,42,Active
ATTR0001465,EMP01465,Sales,10,Poor,Medium,70,Active
ATTR0001466,EMP01466,IT,0,Average,Medium,73,Active
ATTR0001467,EMP01467,IT,5,Average,High,83,Active
ATTR0001468,EMP01468,Sales,5,Good,Low,22,Active
ATTR0001469,EMP01469,Operations,7,Excellent,High,91,Resigned
ATTR0001470,EMP01470,Marketing,2,Excellent,High,85,Active
ATTR0001471,EMP01471,IT,3,Average,Low,27,Active
ATTR0001472,EMP01472,IT,9,Good,Low,40,Active
ATTR0001473,EMP01473,Sales,9,Good,Medium,57,Active
ATTR0001474,EMP01474,Marketing,2,Excellent,High,95,Active
ATTR0001475,EMP01475,Marketing,11,Excellent,Low,33,Active
ATTR0001476,EMP01476,Marketing,1,Excellent,Medium,50,Active
ATTR0001477,EMP01477,Operations,2,Good,Low,26,Active
ATTR0001478,EMP01478,HR,5,Excellent,High,89,Active
ATTR0001479,EMP01479,Finance,5,Average,Medium,74,Active
ATTR0001480,EMP01480,Marketing,5,Average,Medium,53,Active
ATTR0001481,EMP01481,HR,6,Excellent,Medium,65,Active
ATTR0001482,EMP01482,Marketing,10,Average,Low,36,Active
ATTR0001483,EMP01483,IT,7,Average,High,77,Active
ATTR0001484,EMP01484,Finance,7,Excellent,Medium,68,Resigned
ATTR0001485,EMP01485,Marketing,11,Poor,Low,31,Active
ATTR0001486,EMP01486,Operations,5,Good,Low,32,Active
ATTR0001487,EMP01487,Finance,9,Good,Low,44,Active
ATTR0001488,EMP01488,Marketing,4,Average,Medium,60,Active
ATTR0001489,EMP01489,IT,4,Average,Medium,53,Active
ATTR0001490,EMP01490,Finance,11,Excellent,High,85,Active
ATTR0001491,EMP01491,Operations,0,Average,High,95,Active
ATTR0001492,EMP01492,Marketing,11,Poor,Low,20,Resigned
ATTR0001493,EMP01493,Finance,1,Average,Medium,74,Active
ATTR0001494,EMP01494,Finance,11,Good,High,75,Active
ATTR0001495,EMP01495,HR,8,Good,High,88,Active
ATTR0001496,EMP01496,HR,2,Good,High,91,Active
ATTR0001497,EMP01497,IT,1,Excellent,Medium,60,Resigned
ATTR0001498,EMP01498,Sales,0,Average,High,89,Active
ATTR0001499,EMP01499,Operations,8,Average,Low,20,Active
ATTR0001500,EMP01500,Sales,3,Good,High,84,Active
ATTR0001501,EMP01501,HR,8,Average,Low,39,Active
ATTR0001502,EMP01502,Sales,3,Poor,High,99,Active
ATTR0001503,EMP01503,Marketing,8,Good,Medium,59,Active
ATTR0001504,EMP01504,Operations,11,Average,Low,42,Active
ATTR0001505,EMP01505,IT,1,Poor,High,79,Active
ATTR0001506,EMP01506,HR,9,Poor,High,92,Active
ATTR0001507,EMP01507,IT,3,Good,Low,22,Active
ATTR0001508,EMP01508,Marketing,7,Average,Low,48,Active
ATTR0001509,EMP01509,Operations,11,Poor,Medium,73,Active
ATTR0001510,EMP01510,Finance,6,Poor,Medium,70,Active
ATTR0001511,EMP01511,Finance,5,Excellent,Low,45,Active
ATTR0001512,EMP01512,Marketing,4,Poor,Low,33,Resigned
ATTR0001513,EMP01513,Marketing,3,Good,Medium,56,Active
ATTR0001514,EMP01514,HR,7,Poor,High,93,Active
ATTR0001515,EMP01515,Operations,5,Good,Medium,73,Resigned
ATTR0001516,EMP01516,HR,7,Excellent,High,82,Active
ATTR0001517,EMP01517,IT,10,Excellent,Low,36,Active
ATTR0001518,EMP01518,IT,1,Average,Low,39,Active
ATTR0001519,EMP01519,Sales,7,Average,Medium,65,Active
ATTR0001520,EMP01520,Finance,6,Poor,Medium,55,Active
ATTR0001521,EMP01521,HR,11,Good,High,93,Resigned
ATTR0001522,EMP01522,IT,2,Poor,Low,42,Active
ATTR0001523,EMP01523,Finance,7,Excellent,High,81,Active
ATTR0001524,EMP01524,Marketing,4,Good,Low,39,Active
ATTR0001525,EMP01525,HR,5,Average,Low,20,Active
ATTR0001526,EMP01526,Marketing,6,Poor,Medium,61,Active
ATTR0001527,EMP01527,Sales,4,Poor,Medium,71,Active
ATTR0001528,EMP01528,Operations,6,Average,Low,43,Resigned
ATTR0001529,EMP01529,Marketing,1,Excellent,High,94,Active
ATTR0001530,EMP01530,IT,3,Good,Low,33,Active
ATTR0001531,EMP01531,Finance,6,Excellent,Low,35,Active
ATTR0001532,EMP01532,Finance,3,Excellent,Medium,56,Active
ATTR0001533,EMP01533,Marketing,2,Good,Medium,51,Active
ATTR0001534,EMP01534,IT,8,Average,Medium,61,Resigned
ATTR0001535,EMP01535,IT,10,Poor,High,83,Active
ATTR0001536,EMP01536,Marketing,7,Good,Low,30,Active
ATTR0001537,EMP01537,HR,4,Excellent,High,91,Active
ATTR0001538,EMP01538,Sales,1,Average,High,82,Active
ATTR0001539,EMP01539,Sales,0,Good,High,86,Active
ATTR0001540,EMP01540,Marketing,4,Excellent,Low,39,Active
ATTR0001541,EMP01541,Operations,2,Poor,Low,24,Active
ATTR0001542,EMP01542,Marketing,7,Good,High,98,Active
ATTR0001543,EMP01543,Marketing,8,Excellent,Low,26,Active
ATTR0001544,EMP01544,Marketing,9,Good,High,97,Active
ATTR0001545,EMP01545,Operations,1,Excellent,Low,42,Active
ATTR0001546,EMP01546,IT,3,Average,High,98,Active
ATTR0001547,EMP01547,IT,2,Poor,Low,34,Active
ATTR0001548,EMP01548,IT,10,Excellent,Low,35,Active
ATTR0001549,EMP01549,Sales,1,Poor,Low,34,Active
ATTR0001550,EMP01550,Finance,8,Good,High,81,Resigned
ATTR0001551,EMP01551,HR,11,Good,Medium,72,Resigned
ATTR0001552,EMP01552,Marketing,4,Average,Low,30,Active
ATTR0001553,EMP01553,IT,5,Excellent,Medium,58,Active
ATTR0001554,EMP01554,Operations,0,Excellent,Medium,51,Active
ATTR0001555,EMP01555,HR,1,Average,Low,31,Active
ATTR0001556,EMP01556,Finance,4,Good,High,78,Active
ATTR0001557,EMP01557,Finance,11,Average,High,87,Active
ATTR0001558,EMP01558,IT,5,Good,High,93,Resigned
ATTR0001559,EMP01559,HR,3,Average,Low,39,Active
ATTR0001560,EMP01560,Sales,6,Poor,Medium,67,Active
ATTR0001561,EMP01561,Finance,8,Poor,Medium,62,Active
ATTR0001562,EMP01562,Marketing,0,Excellent,Medium,67,Active
ATTR0001563,EMP01563,Operations,11,Poor,High,82,Active
ATTR0001564,EMP01564,Sales,7,Good,High,94,Active
ATTR0001565,EMP01565,Marketing,1,Good,Medium,55,Active
ATTR0001566,EMP01566,HR,4,Poor,Low,48,Resigned
ATTR0001567,EMP01567,HR,4,Excellent,Low,40,Active
ATTR0001568,EMP01568,Marketing,4,Good,Low,20,Active
ATTR0001569,EMP01569,IT,10,Excellent,High,91,Active
ATTR0001570,EMP01570,Sales,0,Poor,Low,24,Active
ATTR0001571,EMP01571,Sales,5,Poor,Low,22,Resigned
ATTR0001572,EMP01572,Operations,11,Poor,High,80,Active
ATTR0001573,EMP01573,Marketing,8,Poor,Low,25,Active
ATTR0001574,EMP01574,Operations,9,Good,Medium,55,Active
ATTR0001575,EMP01575,Operations,11,Poor,Medium,54,Active
ATTR0001576,EMP01576,HR,2,Good,Medium,71,Active
ATTR0001577,EMP01577,Sales,8,Good,Low,49,Active
ATTR0001578,EMP01578,HR,5,Poor,High,87,Active
ATTR0001579,EMP01579,Sales,8,Excellent,High,81,Active
ATTR0001580,EMP01580,Sales,4,Good,High,78,Active
ATTR0001581,EMP01581,Marketing,7,Good,Low,21,Resigned
ATTR0001582,EMP01582,Sales,5,Excellent,High,84,Active
ATTR0001583,EMP01583,HR,0,Excellent,High,93,Active
ATTR0001584,EMP01584,HR,6,Excellent,Medium,57,Active
ATTR0001585,EMP01585,Operations,10,Good,High,96,Resigned
ATTR0001586,EMP01586,Sales,4,Poor,Low,43,Active
ATTR0001587,EMP01587,HR,8,Excellent,Medium,69,Active
ATTR0001588,EMP01588,Operations,11,Good,Low,29,Resigned
ATTR0001589,EMP01589,Sales,1,Good,Medium,61,Active
ATTR0001590,EMP01590,Operations,2,Excellent,High,81,Active
ATTR0001591,EMP01591,Sales,10,Average,High,100,Active
ATTR0001592,EMP01592,Marketing,7,Average,Medium,61,Active
ATTR0001593,EMP01593,Sales,7,Good,Low,41,Active
ATTR0001594,EMP01594,Sales,9,Poor,Low,40,Active
ATTR0001595,EMP01595,Finance,8,Excellent,Low,37,Resigned
ATTR0001596,EMP01596,Operations,5,Average,Low,48,Active
ATTR0001597,EMP01597,Marketing,1,Poor,High,85,Active
ATTR0001598,EMP01598,Sales,10,Excellent,Low,46,Resigned
ATTR0001599,EMP01599,Marketing,10,Good,Low,29,Active
ATTR0001600,EMP01600,IT,2,Excellent,Low,21,Active
ATTR0001601,EMP01601,Operations,1,Average,High,79,Active
ATTR0001602,EMP01602,Marketing,0,Good,High,80,Active
ATTR0001603,EMP01603,Finance,4,Good,High,78,Active
ATTR0001604,EMP01604,Finance,3,Average,Medium,61,Active
ATTR0001605,EMP01605,Marketing,4,Excellent,Medium,61,Active
ATTR0001606,EMP01606,Finance,5,Excellent,High,92,Active
ATTR0001607,EMP01607,HR,5,Good,Low,49,Active
ATTR0001608,EMP01608,Marketing,3,Good,Low,20,Active
ATTR0001609,EMP01609,Finance,3,Poor,Low,41,Active
ATTR0001610,EMP01610,Finance,9,Excellent,Medium,65,Active
ATTR0001611,EMP01611,Marketing,1,Average,Medium,63,Active
ATTR0001612,EMP01612,Finance,10,Poor,Low,37,Resigned
ATTR0001613,EMP01613,Operations,10,Poor,Medium,61,Active
ATTR0001614,EMP01614,Finance,2,Good,High,86,Active
ATTR0001615,EMP01615,IT,6,Excellent,High,87,Active
ATTR0001616,EMP01616,Marketing,10,Good,High,78,Active
ATTR0001617,EMP01617,Sales,7,Excellent,Medium,51,Active
ATTR0001618,EMP01618,IT,4,Excellent,High,96,Active
ATTR0001619,EMP01619,Operations,8,Poor,Medium,73,Active
ATTR0001620,EMP01620,Sales,6,Average,Medium,57,Active
ATTR0001621,EMP01621,Marketing,5,Good,High,94,Resigned
ATTR0001622,EMP01622,Marketing,10,Poor,Medium,67,Active
ATTR0001623,EMP01623,IT,9,Good,Medium,68,Active
ATTR0001624,EMP01624,Finance,1,Excellent,Medium,67,Active
ATTR0001625,EMP01625,Finance,7,Good,Medium,51,Resigned
ATTR0001626,EMP01626,Finance,11,Excellent,Low,25,Active
ATTR0001627,EMP01627,Sales,5,Good,Low,36,Active
ATTR0001628,EMP01628,HR,7,Excellent,High,86,Active
ATTR0001629,EMP01629,Operations,6,Good,Low,23,Active
ATTR0001630,EMP01630,Operations,6,Excellent,Medium,72,Active
ATTR0001631,EMP01631,Sales,10,Poor,High,95,Active
ATTR0001632,EMP01632,IT,8,Poor,Low,29,Active
ATTR0001633,EMP01633,HR,1,Excellent,Low,45,Active
ATTR0001634,EMP01634,Sales,5,Good,Medium,50,Active
ATTR0001635,EMP01635,Operations,8,Average,Medium,59,Active
ATTR0001636,EMP01636,Sales,5,Average,High,90,Active
ATTR0001637,EMP01637,IT,10,Good,Medium,74,Active
ATTR0001638,EMP01638,Sales,5,Excellent,High,98,Active
ATTR0001639,EMP01639,HR,7,Excellent,Medium,73,Resigned
ATTR0001640,EMP01640,HR,7,Good,Low,45,Active
ATTR0001641,EMP01641,IT,10,Excellent,High,81,Active
ATTR0001642,EMP01642,HR,3,Excellent,Medium,66,Active
ATTR0001643,EMP01643,Finance,6,Good,Low,30,Resigned
ATTR0001644,EMP01644,Marketing,2,Excellent,Medium,60,Active
ATTR0001645,EMP01645,Marketing,9,Excellent,Low,36,Active
ATTR0001646,EMP01646,HR,11,Poor,Medium,50,Active
ATTR0001647,EMP01647,Sales,1,Average,Low,34,Active
ATTR0001648,EMP01648,IT,10,Average,Low,21,Active
ATTR0001649,EMP01649,HR,1,Average,Medium,63,Active
ATTR0001650,EMP01650,HR,4,Poor,Low,45,Active
ATTR0001651,EMP01651,Operations,4,Average,Medium,61,Active
ATTR0001652,EMP01652,Sales,1,Excellent,High,95,Active
ATTR0001653,EMP01653,Marketing,7,Excellent,Low,38,Active
ATTR0001654,EMP01654,IT,2,Poor,Low,47,Active
ATTR0001655,EMP01655,Sales,5,Excellent,Medium,72,Active
ATTR0001656,EMP01656,Finance,9,Average,Low,34,Active
ATTR0001657,EMP01657,Sales,10,Poor,Medium,73,Active
ATTR0001658,EMP01658,IT,9,Average,Medium,55,Resigned
ATTR0001659,EMP01659,HR,5,Poor,Medium,74,Active
ATTR0001660,EMP01660,HR,2,Good,Low,21,Active
ATTR0001661,EMP01661,Marketing,8,Good,Low,40,Active
ATTR0001662,EMP01662,Sales,1,Good,High,75,Resigned
ATTR0001663,EMP01663,HR,10,Excellent,Medium,64,Active
ATTR0001664,EMP01664,HR,11,Excellent,Low,29,Active
ATTR0001665,EMP01665,HR,7,Good,Low,42,Active
ATTR0001666,EMP01666,Marketing,4,Good,Low,45,Active
ATTR0001667,EMP01667,HR,1,Poor,Low,22,Active
ATTR0001668,EMP01668,Marketing,7,Excellent,High,92,Active
ATTR0001669,EMP01669,Finance,7,Good,Low,21,Active
ATTR0001670,EMP01670,Marketing,1,Poor,High,83,Active
ATTR0001671,EMP01671,Finance,3,Poor,High,82,Active
ATTR0001672,EMP01672,Sales,1,Average,Medium,56,Active
ATTR0001673,EMP01673,IT,9,Excellent,Low,31,Active
ATTR0001674,EMP01674,Marketing,4,Good,Medium,57,Active
ATTR0001675,EMP01675,Sales,9,Average,High,86,Active
ATTR0001676,EMP01676,Marketing,9,Good,Low,47,Active
ATTR0001677,EMP01677,Marketing,8,Excellent,High,95,Active
ATTR0001678,EMP01678,Sales,3,Good,Low,38,Active
ATTR0001679,EMP01679,Sales,2,Average,Low,38,Active
ATTR0001680,EMP01680,Marketing,6,Average,Low,20,Resigned
ATTR0001681,EMP01681,Marketing,4,Poor,Low,35,Active
ATTR0001682,EMP01682,Sales,0,Poor,Medium,58,Active
ATTR0001683,EMP01683,Finance,4,Excellent,High,92,Resigned
ATTR0001684,EMP01684,Marketing,0,Poor,Low,28,Active
ATTR0001685,EMP01685,IT,4,Poor,Low,42,Active
ATTR0001686,EMP01686,IT,2,Poor,Low,38,Active
ATTR0001687,EMP01687,IT,4,Excellent,Low,27,Active
ATTR0001688,EMP01688,Finance,4,Average,Medium,58,Active
ATTR0001689,EMP01689,Finance,5,Average,Low,38,Active
ATTR0001690,EMP01690,Sales,6,Average,High,85,Resigned
ATTR0001691,EMP01691,Marketing,5,Excellent,Low,49,Active
ATTR0001692,EMP01692,IT,2,Good,Low,46,Active
ATTR0001693,EMP01693,Finance,5,Average,Low,25,Active
ATTR0001694,EMP01694,Marketing,2,Average,High,76,Active
ATTR0001695,EMP01695,Sales,9,Excellent,Medium,59,Active
ATTR0001696,EMP01696,IT,9,Good,High,90,Resigned
ATTR0001697,EMP01697,Marketing,6,Average,High,77,Active
ATTR0001698,EMP01698,Operations,10,Good,Low,49,Active
ATTR0001699,EMP01699,Marketing,4,Excellent,Low,46,Active
ATTR0001700,EMP01700,HR,10,Excellent,Low,42,Resigned
ATTR0001701,EMP01701,HR,1,Poor,Low,45,Active
ATTR0001702,EMP01702,Sales,8,Good,Medium,67,Active
ATTR0001703,EMP01703,HR,2,Poor,High,94,Active
ATTR0001704,EMP01704,Operations,9,Poor,Medium,63,Resigned
ATTR0001705,EMP01705,Sales,2,Good,Low,23,Active
ATTR0001706,EMP01706,Finance,4,Average,High,98,Active
ATTR0001707,EMP01707,IT,7,Poor,Low,26,Active
ATTR0001708,EMP01708,Operations,2,Excellent,Medium,67,Active
ATTR0001709,EMP01709,Operations,7,Poor,High,75,Active
ATTR0001710,EMP01710,Marketing,2,Poor,High,92,Active
ATTR0001711,EMP01711,IT,9,Excellent,Medium,64,Resigned
ATTR0001712,EMP01712,HR,5,Poor,Medium,65,Active
ATTR0001713,EMP01713,Operations,8,Good,Medium,66,Resigned
ATTR0001714,EMP01714,Marketing,2,Poor,Low,25,Active
ATTR0001715,EMP01715,Operations,10,Good,Low,24,Active
ATTR0001716,EMP01716,Marketing,5,Average,Medium,53,Active
ATTR0001717,EMP01717,Marketing,5,Poor,Medium,57,Active
ATTR0001718,EMP01718,Sales,4,Average,Medium,64,Active
ATTR0001719,EMP01719,Sales,7,Poor,Low,38,Resigned
ATTR0001720,EMP01720,IT,4,Good,High,75,Active
ATTR0001721,EMP01721,Sales,4,Average,Medium,58,Active
ATTR0001722,EMP01722,HR,6,Average,Medium,58,Active
ATTR0001723,EMP01723,Marketing,6,Poor,Medium,64,Resigned
ATTR0001724,EMP01724,IT,11,Poor,Low,20,Active
ATTR0001725,EMP01725,HR,5,Poor,High,76,Resigned
ATTR0001726,EMP01726,Operations,2,Excellent,High,97,Active
ATTR0001727,EMP01727,Marketing,8,Average,Low,35,Active
ATTR0001728,EMP01728,Operations,10,Excellent,Medium,60,Active
ATTR0001729,EMP01729,Operations,9,Good,Medium,62,Active
ATTR0001730,EMP01730,Operations,9,Good,Medium,55,Active
ATTR0001731,EMP01731,Operations,11,Average,Low,22,Active
ATTR0001732,EMP01732,Sales,7,Poor,Medium,57,Active
ATTR0001733,EMP01733,Operations,7,Average,High,82,Active
ATTR0001734,EMP01734,Sales,4,Good,Low,33,Active
ATTR0001735,EMP01735,Operations,10,Good,Low,41,Active
ATTR0001736,EMP01736,Finance,2,Excellent,High,75,Active
ATTR0001737,EMP01737,HR,6,Good,High,82,Active
ATTR0001738,EMP01738,HR,8,Poor,Low,30,Active
ATTR0001739,EMP01739,HR,9,Average,Low,48,Active
ATTR0001740,EMP01740,Finance,2,Good,Medium,51,Active
ATTR0001741,EMP01741,Marketing,5,Poor,Medium,65,Active
ATTR0001742,EMP01742,HR,6,Excellent,Low,36,Active
ATTR0001743,EMP01743,Sales,6,Good,Low,47,Resigned
ATTR0001744,EMP01744,Operations,5,Average,High,94,Active
ATTR0001745,EMP01745,Operations,10,Good,High,89,Active
ATTR0001746,EMP01746,IT,11,Poor,Low,25,Active
ATTR0001747,EMP01747,Operations,5,Good,Medium,54,Active
ATTR0001748,EMP01748,Operations,5,Excellent,Medium,57,Active
ATTR0001749,EMP01749,Finance,6,Poor,Low,36,Active
ATTR0001750,EMP01750,Finance,9,Average,High,80,Active
ATTR0001751,EMP01751,Operations,3,Good,Medium,66,Active
ATTR0001752,EMP01752,IT,10,Good,Low,46,Active
ATTR0001753,EMP01753,IT,10,Excellent,Low,21,Active
ATTR0001754,EMP01754,IT,3,Excellent,High,78,Active
ATTR0001755,EMP01755,Sales,4,Average,Low,37,Active
ATTR0001756,EMP01756,HR,5,Excellent,Medium,64,Active
ATTR0001757,EMP01757,Finance,9,Excellent,High,76,Active
ATTR0001758,EMP01758,Marketing,1,Poor,Low,30,Active
ATTR0001759,EMP01759,Sales,2,Poor,Medium,66,Active
ATTR0001760,EMP01760,IT,7,Good,High,94,Active
ATTR0001761,EMP01761,Finance,5,Average,Low,46,Resigned
ATTR0001762,EMP01762,Sales,2,Average,Low,39,Active
ATTR0001763,EMP01763,Sales,9,Good,Medium,60,Active
ATTR0001764,EMP01764,Operations,2,Excellent,Medium,74,Active
ATTR0001765,EMP01765,Sales,11,Excellent,Low,35,Active
ATTR0001766,EMP01766,Finance,5,Excellent,Low,39,Active
ATTR0001767,EMP01767,Operations,9,Poor,Medium,54,Resigned
ATTR0001768,EMP01768,HR,3,Poor,Medium,52,Active
ATTR0001769,EMP01769,IT,11,Average,High,76,Active
ATTR0001770,EMP01770,IT,5,Excellent,Low,39,Active
ATTR0001771,EMP01771,Marketing,2,Average,Low,41,Active
ATTR0001772,EMP01772,IT,5,Good,Medium,52,Resigned
ATTR0001773,EMP01773,HR,9,Average,Low,27,Active
ATTR0001774,EMP01774,Finance,8,Average,Low,37,Active
ATTR0001775,EMP01775,HR,7,Good,Low,25,Resigned
ATTR0001776,EMP01776,Operations,5,Poor,Low,24,Active
ATTR0001777,EMP01777,Operations,10,Good,Low,42,Active
ATTR0001778,EMP01778,Sales,9,Good,Medium,55,Resigned
ATTR0001779,EMP01779,Finance,2,Good,High,75,Active
ATTR0001780,EMP01780,IT,4,Good,Medium,56,Resigned
ATTR0001781,EMP01781,Finance,4,Excellent,High,90,Active
ATTR0001782,EMP01782,Finance,10,Average,Medium,62,Active
ATTR0001783,EMP01783,Operations,3,Excellent,Low,37,Active
ATTR0001784,EMP01784,Finance,3,Average,Low,31,Active
ATTR0001785,EMP01785,HR,4,Excellent,High,75,Active
ATTR0001786,EMP01786,Finance,11,Excellent,Low,41,Active
ATTR0001787,EMP01787,Sales,6,Poor,Low,44,Active
ATTR0001788,EMP01788,Sales,7,Excellent,Low,42,Resigned
ATTR0001789,EMP01789,Marketing,2,Average,Low,48,Active
ATTR0001790,EMP01790,Finance,9,Poor,Low,43,Resigned
ATTR0001791,EMP01791,Finance,8,Good,Low,27,Active
ATTR0001792,EMP01792,Sales,4,Good,Low,40,Active
ATTR0001793,EMP01793,Finance,3,Poor,High,82,Active
ATTR0001794,EMP01794,Sales,4,Good,Low,33,Active
ATTR0001795,EMP01795,Sales,2,Good,High,96,Resigned
ATTR0001796,EMP01796,Finance,9,Average,High,78,Active
ATTR0001797,EMP01797,Marketing,8,Poor,Medium,74,Active
ATTR0001798,EMP01798,IT,9,Good,High,98,Active
ATTR0001799,EMP01799,Sales,8,Good,High,75,Active
ATTR0001800,EMP01800,Sales,3,Poor,Low,23,Active
ATTR0001801,EMP01801,IT,7,Excellent,Medium,63,Active
ATTR0001802,EMP01802,Operations,5,Poor,High,97,Active
ATTR0001803,EMP01803,IT,6,Good,Low,39,Active
ATTR0001804,EMP01804,Sales,6,Excellent,High,78,Active
ATTR0001805,EMP01805,Finance,9,Poor,Medium,70,Active
ATTR0001806,EMP01806,Finance,1,Poor,High,80,Active
ATTR0001807,EMP01807,Sales,4,Excellent,Medium,60,Active
ATTR0001808,EMP01808,Marketing,6,Excellent,Medium,51,Active
ATTR0001809,EMP01809,HR,2,Poor,Medium,69,Resigned
ATTR0001810,EMP01810,Finance,9,Excellent,Low,41,Active
ATTR0001811,EMP01811,IT,1,Excellent,Medium,67,Active
ATTR0001812,EMP01812,Operations,6,Average,Low,31,Active
ATTR0001813,EMP01813,Finance,11,Average,High,77,Active
ATTR0001814,EMP01814,IT,0,Poor,Medium,57,Resigned
ATTR0001815,EMP01815,IT,2,Excellent,High,75,Active
ATTR0001816,EMP01816,Operations,2,Average,Medium,70,Active
ATTR0001817,EMP01817,Finance,3,Excellent,High,94,Active
ATTR0001818,EMP01818,IT,9,Average,Medium,66,Active
ATTR0001819,EMP01819,Sales,10,Poor,High,99,Active
ATTR0001820,EMP01820,Operations,6,Excellent,High,82,Active
ATTR0001821,EMP01821,Sales,1,Good,Low,23,Active
ATTR0001822,EMP01822,Sales,1,Average,Low,20,Active
ATTR0001823,EMP01823,HR,4,Poor,Low,41,Resigned
ATTR0001824,EMP01824,Marketing,8,Average,Medium,69,Active
ATTR0001825,EMP01825,IT,7,Excellent,Low,27,Resigned
ATTR0001826,EMP01826,Sales,2,Poor,Low,24,Active
ATTR0001827,EMP01827,Finance,3,Average,High,89,Active
ATTR0001828,EMP01828,Sales,1,Average,Medium,56,Resigned
ATTR0001829,EMP01829,IT,10,Good,Low,47,Active
ATTR0001830,EMP01830,Finance,2,Good,High,100,Active
ATTR0001831,EMP01831,HR,7,Poor,Low,48,Active
ATTR0001832,EMP01832,Finance,0,Good,Medium,59,Active
ATTR0001833,EMP01833,IT,2,Good,High,100,Active
ATTR0001834,EMP01834,Sales,6,Poor,High,76,Active
ATTR0001835,EMP01835,HR,0,Good,Medium,54,Active
ATTR0001836,EMP01836,Marketing,3,Excellent,Medium,69,Active
ATTR0001837,EMP01837,HR,6,Good,Medium,60,Active
ATTR0001838,EMP01838,Sales,10,Good,Medium,57,Active
ATTR0001839,EMP01839,HR,0,Good,Low,33,Active
ATTR0001840,EMP01840,IT,2,Excellent,Low,47,Active
ATTR0001841,EMP01841,HR,0,Average,High,97,Active
ATTR0001842,EMP01842,HR,9,Average,Low,45,Active
ATTR0001843,EMP01843,Finance,2,Good,High,86,Active
ATTR0001844,EMP01844,Sales,2,Average,High,90,Active
ATTR0001845,EMP01845,HR,2,Good,Low,39,Active
ATTR0001846,EMP01846,Finance,10,Average,Medium,59,Resigned
ATTR0001847,EMP01847,HR,10,Poor,Low,39,Active
ATTR0001848,EMP01848,HR,7,Good,High,80,Active
ATTR0001849,EMP01849,HR,3,Excellent,Low,42,Active
ATTR0001850,EMP01850,Marketing,2,Excellent,Low,22,Active
ATTR0001851,EMP01851,Marketing,11,Excellent,High,97,Active
ATTR0001852,EMP01852,IT,10,Average,Low,24,Active
ATTR0001853,EMP01853,Operations,5,Average,High,96,Active
ATTR0001854,EMP01854,Operations,3,Excellent,Medium,54,Active
ATTR0001855,EMP01855,Marketing,2,Average,Medium,63,Resigned
ATTR0001856,EMP01856,Marketing,4,Average,High,84,Active
ATTR0001857,EMP01857,IT,8,Good,Low,30,Active
ATTR0001858,EMP01858,HR,7,Poor,Medium,52,Active
ATTR0001859,EMP01859,Operations,2,Excellent,High,92,Active
ATTR0001860,EMP01860,IT,3,Average,Medium,70,Active
ATTR0001861,EMP01861,Finance,4,Excellent,Medium,51,Active
ATTR0001862,EMP01862,IT,11,Good,Low,31,Active
ATTR0001863,EMP01863,Finance,1,Good,Medium,73,Active
ATTR0001864,EMP01864,Marketing,9,Excellent,High,80,Active
ATTR0001865,EMP01865,Finance,9,Poor,High,98,Resigned
ATTR0001866,EMP01866,Operations,6,Poor,Low,26,Resigned
ATTR0001867,EMP01867,HR,8,Poor,Low,37,Active
ATTR0001868,EMP01868,IT,6,Average,High,76,Active
ATTR0001869,EMP01869,IT,3,Average,Medium,51,Resigned
ATTR0001870,EMP01870,Operations,1,Average,Low,45,Resigned
ATTR0001871,EMP01871,Operations,1,Excellent,Low,26,Active
ATTR0001872,EMP01872,Marketing,5,Average,Medium,65,Active
ATTR0001873,EMP01873,HR,5,Good,Low,40,Active
ATTR0001874,EMP01874,HR,7,Poor,Low,29,Active
ATTR0001875,EMP01875,Sales,9,Average,Medium,50,Active
ATTR0001876,EMP01876,IT,4,Good,Low,31,Active
ATTR0001877,EMP01877,Sales,10,Good,Low,47,Active
ATTR0001878,EMP01878,IT,6,Good,High,78,Active
ATTR0001879,EMP01879,Sales,9,Poor,Low,42,Active
ATTR0001880,EMP01880,HR,6,Average,Low,38,Active
ATTR0001881,EMP01881,Sales,9,Excellent,Low,22,Active
ATTR0001882,EMP01882,HR,8,Average,Low,23,Active
ATTR0001883,EMP01883,HR,5,Average,Low,40,Active
ATTR0001884,EMP01884,HR,1,Good,Low,23,Active
ATTR0001885,EMP01885,Marketing,9,Excellent,Medium,52,Active
ATTR0001886,EMP01886,Operations,5,Excellent,Low,25,Active
ATTR0001887,EMP01887,HR,10,Poor,Low,43,Active
ATTR0001888,EMP01888,IT,9,Good,Medium,54,Active
ATTR0001889,EMP01889,Marketing,5,Average,Low,40,Active
ATTR0001890,EMP01890,IT,1,Excellent,Low,28,Active
ATTR0001891,EMP01891,Marketing,3,Good,High,98,Active
ATTR0001892,EMP01892,Sales,11,Excellent,Low,30,Active
ATTR0001893,EMP01893,Marketing,8,Excellent,Low,29,Active
ATTR0001894,EMP01894,Sales,4,Excellent,Low,49,Active
ATTR0001895,EMP01895,Operations,5,Poor,Low,21,Active
ATTR0001896,EMP01896,Marketing,10,Excellent,High,87,Active
ATTR0001897,EMP01897,IT,4,Good,High,99,Active
ATTR0001898,EMP01898,Marketing,8,Excellent,Low,30,Active
ATTR0001899,EMP01899,IT,8,Average,Low,25,Active
ATTR0001900,EMP01900,HR,7,Average,High,91,Active
ATTR0001901,EMP01901,Operations,9,Average,Medium,56,Active
ATTR0001902,EMP01902,HR,10,Excellent,High,96,Active
ATTR0001903,EMP01903,Finance,6,Average,Low,48,Active
ATTR0001904,EMP01904,Finance,10,Poor,High,88,Active
ATTR0001905,EMP01905,IT,5,Good,Medium,70,Active
ATTR0001906,EMP01906,Operations,7,Good,Low,36,Active
ATTR0001907,EMP01907,Sales,9,Good,Low,27,Active
ATTR0001908,EMP01908,Sales,2,Average,High,75,Active
ATTR0001909,EMP01909,HR,4,Poor,Low,31,Active
ATTR0001910,EMP01910,Marketing,4,Good,Medium,61,Resigned
ATTR0001911,EMP01911,Sales,5,Poor,Medium,51,Active
ATTR0001912,EMP01912,IT,9,Good,Low,43,Active
ATTR0001913,EMP01913,IT,11,Poor,High,85,Resigned
ATTR0001914,EMP01914,Operations,4,Poor,High,75,Active
ATTR0001915,EMP01915,Operations,9,Poor,Low,42,Active
ATTR0001916,EMP01916,IT,1,Good,High,76,Active
ATTR0001917,EMP01917,Sales,5,Average,Low,30,Resigned
ATTR0001918,EMP01918,Finance,1,Excellent,Medium,66,Active
ATTR0001919,EMP01919,Marketing,10,Excellent,Low,37,Active
ATTR0001920,EMP01920,IT,8,Poor,Low,39,Active
ATTR0001921,EMP01921,Sales,6,Excellent,Low,25,Active
ATTR0001922,EMP01922,Operations,9,Average,Low,48,Active
ATTR0001923,EMP01923,Finance,9,Good,Low,28,Active
ATTR0001924,EMP01924,Marketing,3,Poor,Low,28,Active
ATTR0001925,EMP01925,Operations,6,Excellent,Medium,56,Resigned
ATTR0001926,EMP01926,Finance,8,Poor,Low,23,Active
ATTR0001927,EMP01927,IT,3,Excellent,Low,25,Resigned
ATTR0001928,EMP01928,Sales,6,Good,Medium,54,Resigned
ATTR0001929,EMP01929,IT,8,Poor,High,82,Active
ATTR0001930,EMP01930,HR,2,Good,Low,37,Active
ATTR0001931,EMP01931,Finance,7,Poor,Low,40,Resigned
ATTR0001932,EMP01932,Sales,3,Poor,High,100,Active
ATTR0001933,EMP01933,Sales,2,Good,High,90,Resigned
ATTR0001934,EMP01934,Marketing,3,Good,Low,37,Active
ATTR0001935,EMP01935,Sales,7,Average,Low,20,Active
ATTR0001936,EMP01936,Operations,9,Excellent,Medium,59,Active
ATTR0001937,EMP01937,Sales,4,Good,Low,26,Active
ATTR0001938,EMP01938,Operations,5,Excellent,Medium,55,Active
ATTR0001939,EMP01939,Marketing,8,Excellent,Low,27,Active
ATTR0001940,EMP01940,HR,7,Poor,Medium,68,Active
ATTR0001941,EMP01941,Sales,9,Excellent,Low,44,Active
ATTR0001942,EMP01942,Finance,11,Poor,Medium,64,Active
ATTR0001943,EMP01943,HR,1,Poor,Low,22,Active
ATTR0001944,EMP01944,Finance,8,Excellent,Medium,62,Resigned
ATTR0001945,EMP01945,IT,11,Good,High,95,Active
ATTR0001946,EMP01946,Operations,8,Average,Medium,69,Active
ATTR0001947,EMP01947,Operations,11,Excellent,Medium,53,Active
ATTR0001948,EMP01948,Sales,7,Average,High,75,Active
ATTR0001949,EMP01949,Sales,3,Good,Medium,57,Active
ATTR0001950,EMP01950,Operations,6,Good,Medium,69,Active
ATTR0001951,EMP01951,Finance,10,Average,Low,47,Active
ATTR0001952,EMP01952,Sales,5,Poor,Medium,71,Active
ATTR0001953,EMP01953,Marketing,6,Excellent,Medium,58,Active
ATTR0001954,EMP01954,Finance,10,Good,Medium,57,Resigned
ATTR0001955,EMP01955,Sales,3,Good,Low,32,Resigned
ATTR0001956,EMP01956,Operations,4,Poor,Medium,68,Resigned
ATTR0001957,EMP01957,Operations,6,Average,Medium,65,Active
ATTR0001958,EMP01958,HR,6,Good,High,84,Active
ATTR0001959,EMP01959,IT,8,Good,Medium,72,Active
ATTR0001960,EMP01960,Sales,9,Good,Medium,69,Active
ATTR0001961,EMP01961,IT,9,Average,Medium,74,Active
ATTR0001962,EMP01962,Finance,8,Average,Low,41,Active
ATTR0001963,EMP01963,Finance,2,Average,Low,44,Active
ATTR0001964,EMP01964,HR,5,Poor,Low,31,Active
ATTR0001965,EMP01965,HR,3,Average,High,76,Resigned
ATTR0001966,EMP01966,Finance,7,Poor,Medium,53,Active
ATTR0001967,EMP01967,Finance,4,Poor,Medium,55,Active
ATTR0001968,EMP01968,HR,10,Excellent,Low,42,Active
ATTR0001969,EMP01969,Marketing,7,Good,Low,30,Active
ATTR0001970,EMP01970,Sales,2,Poor,Low,31,Active
ATTR0001971,EMP01971,HR,5,Poor,Low,32,Active
ATTR0001972,EMP01972,Operations,4,Average,High,82,Active
ATTR0001973,EMP01973,HR,3,Poor,Medium,59,Active
ATTR0001974,EMP01974,Finance,1,Good,High,94,Active
ATTR0001975,EMP01975,HR,1,Poor,Low,28,Active
ATTR0001976,EMP01976,Operations,5,Average,Low,38,Active
ATTR0001977,EMP01977,Operations,7,Good,Low,38,Active
ATTR0001978,EMP01978,Finance,4,Excellent,Low,24,Active
ATTR0001979,EMP01979,Marketing,8,Average,High,91,Active
ATTR0001980,EMP01980,Marketing,2,Poor,Medium,55,Active
ATTR0001981,EMP01981,Finance,7,Good,Low,43,Active
ATTR0001982,EMP01982,IT,7,Good,Low,39,Active
ATTR0001983,EMP01983,Sales,2,Poor,Medium,51,Active
ATTR0001984,EMP01984,HR,9,Poor,High,96,Active
ATTR0001985,EMP01985,Sales,5,Excellent,High,98,Active
ATTR0001986,EMP01986,IT,9,Poor,Low,40,Active
ATTR0001987,EMP01987,Marketing,11,Poor,High,83,Active
ATTR0001988,EMP01988,Sales,2,Average,Medium,56,Active
ATTR0001989,EMP01989,Finance,5,Good,Medium,65,Active
ATTR0001990,EMP01990,Finance,9,Poor,Medium,54,Active
ATTR0001991,EMP01991,Operations,2,Average,Low,25,Active
ATTR0001992,EMP01992,IT,8,Average,Medium,54,Active
ATTR0001993,EMP01993,HR,11,Average,High,81,Active
ATTR0001994,EMP01994,Finance,4,Excellent,High,82,Active
ATTR0001995,EMP01995,Finance,4,Good,High,93,Active
ATTR0001996,EMP01996,Sales,0,Poor,Low,39,Active
ATTR0001997,EMP01997,IT,9,Excellent,High,79,Active
ATTR0001998,EMP01998,Marketing,5,Average,High,81,Active
ATTR0001999,EMP01999,HR,1,Good,Low,41,Active
ATTR0002000,EMP02000,HR,1,Excellent,Medium,62,Resigned
ATTR0002001,EMP02001,Marketing,4,Poor,High,75,Active
ATTR0002002,EMP02002,Marketing,4,Excellent,High,95,Active
ATTR0002003,EMP02003,Finance,10,Poor,High,96,Active
ATTR0002004,EMP02004,Marketing,8,Poor,Medium,53,Active
ATTR0002005,EMP02005,Sales,4,Average,High,82,Active
ATTR0002006,EMP02006,Marketing,1,Average,Low,33,Active
ATTR0002007,EMP02007,Sales,1,Excellent,Medium,57,Active
ATTR0002008,EMP02008,HR,5,Average,Low,47,Active
ATTR0002009,EMP02009,Operations,8,Poor,Low,31,Resigned
ATTR0002010,EMP02010,Operations,7,Good,Medium,60,Active
ATTR0002011,EMP02011,Operations,11,Average,Medium,65,Active
ATTR0002012,EMP02012,Operations,8,Poor,Medium,74,Active
ATTR0002013,EMP02013,Operations,4,Excellent,High,92,Active
ATTR0002014,EMP02014,Marketing,1,Poor,High,84,Resigned
ATTR0002015,EMP02015,Finance,4,Poor,Low,21,Active
ATTR0002016,EMP02016,HR,1,Poor,Medium,54,Active
ATTR0002017,EMP02017,HR,4,Poor,Low,22,Active
ATTR0002018,EMP02018,Operations,2,Good,Medium,68,Active
ATTR0002019,EMP02019,Finance,9,Poor,Low,32,Active
ATTR0002020,EMP02020,IT,7,Good,Medium,71,Active
ATTR0002021,EMP02021,Marketing,4,Average,High,90,Active
ATTR0002022,EMP02022,HR,11,Poor,Medium,50,Resigned
ATTR0002023,EMP02023,Finance,2,Good,Low,23,Active
ATTR0002024,EMP02024,HR,3,Excellent,High,75,Active
ATTR0002025,EMP02025,Marketing,11,Good,High,77,Active
ATTR0002026,EMP02026,Operations,4,Poor,High,93,Resigned
ATTR0002027,EMP02027,IT,2,Poor,Medium,61,Resigned
ATTR0002028,EMP02028,Sales,6,Good,Low,39,Active
ATTR0002029,EMP02029,Finance,4,Average,High,81,Active
ATTR0002030,EMP02030,Finance,6,Excellent,Low,21,Active
ATTR0002031,EMP02031,IT,9,Poor,Low,48,Active
ATTR0002032,EMP02032,Sales,9,Average,Low,29,Active
ATTR0002033,EMP02033,HR,0,Good,High,90,Resigned
ATTR0002034,EMP02034,HR,10,Average,Low,30,Active
ATTR0002035,EMP02035,Operations,7,Excellent,High,76,Active
ATTR0002036,EMP02036,Marketing,3,Poor,High,98,Resigned
ATTR0002037,EMP02037,Marketing,11,Poor,Medium,73,Active
ATTR0002038,EMP02038,IT,11,Excellent,High,75,Active
ATTR0002039,EMP02039,Sales,9,Poor,Low,40,Active
ATTR0002040,EMP02040,Operations,4,Poor,High,89,Active
ATTR0002041,EMP02041,Sales,1,Good,High,89,Active
ATTR0002042,EMP02042,HR,9,Excellent,High,84,Active
ATTR0002043,EMP02043,HR,8,Poor,Low,30,Active
ATTR0002044,EMP02044,Sales,10,Average,High,99,Active
ATTR0002045,EMP02045,Marketing,8,Poor,Low,28,Active
ATTR0002046,EMP02046,IT,10,Excellent,Low,37,Active
ATTR0002047,EMP02047,Marketing,9,Poor,Low,34,Active
ATTR0002048,EMP02048,Marketing,9,Excellent,Low,23,Active
ATTR0002049,EMP02049,Finance,9,Poor,Medium,61,Active
ATTR0002050,EMP02050,Marketing,4,Excellent,Low,21,Active
ATTR0002051,EMP02051,Sales,0,Poor,Low,44,Active
ATTR0002052,EMP02052,Sales,1,Good,High,82,Active
ATTR0002053,EMP02053,Sales,8,Average,Medium,62,Active
ATTR0002054,EMP02054,HR,8,Excellent,High,79,Active
ATTR0002055,EMP02055,Operations,9,Good,High,79,Resigned
ATTR0002056,EMP02056,Finance,5,Average,High,97,Active
ATTR0002057,EMP02057,Sales,5,Average,Low,39,Resigned
ATTR0002058,EMP02058,Marketing,7,Poor,High,87,Active
ATTR0002059,EMP02059,IT,7,Good,High,91,Active
ATTR0002060,EMP02060,IT,9,Poor,Low,30,Active
ATTR0002061,EMP02061,Operations,9,Average,High,76,Active
ATTR0002062,EMP02062,Marketing,3,Average,Medium,71,Active
ATTR0002063,EMP02063,Sales,1,Average,Low,36,Active
ATTR0002064,EMP02064,HR,7,Good,High,77,Active
ATTR0002065,EMP02065,Finance,4,Average,High,81,Resigned
ATTR0002066,EMP02066,Operations,1,Good,Medium,53,Active
ATTR0002067,EMP02067,IT,3,Good,Medium,57,Active
ATTR0002068,EMP02068,Operations,5,Poor,High,95,Resigned
ATTR0002069,EMP02069,Marketing,5,Poor,Medium,54,Active
ATTR0002070,EMP02070,HR,2,Average,Low,24,Resigned
ATTR0002071,EMP02071,IT,9,Average,Medium,55,Resigned
ATTR0002072,EMP02072,Finance,10,Good,Medium,71,Active
ATTR0002073,EMP02073,IT,2,Excellent,Low,37,Active
ATTR0002074,EMP02074,Sales,5,Average,High,91,Active
ATTR0002075,EMP02075,Finance,7,Good,High,98,Active
ATTR0002076,EMP02076,IT,7,Excellent,Low,35,Resigned
ATTR0002077,EMP02077,IT,8,Excellent,Medium,70,Active
ATTR0002078,EMP02078,Finance,7,Poor,Low,30,Active
ATTR0002079,EMP02079,Operations,6,Average,Low,29,Active
ATTR0002080,EMP02080,Marketing,5,Good,Medium,69,Resigned
ATTR0002081,EMP02081,Finance,7,Good,High,88,Active
ATTR0002082,EMP02082,IT,7,Good,High,81,Resigned
ATTR0002083,EMP02083,HR,2,Good,Medium,71,Active
ATTR0002084,EMP02084,Operations,11,Average,Medium,53,Active
ATTR0002085,EMP02085,HR,7,Excellent,High,82,Active
ATTR0002086,EMP02086,Marketing,9,Poor,Low,20,Active
ATTR0002087,EMP02087,Finance,11,Excellent,Low,29,Active
ATTR0002088,EMP02088,HR,10,Good,High,96,Resigned
ATTR0002089,EMP02089,Sales,1,Good,Low,37,Active
ATTR0002090,EMP02090,Marketing,1,Average,High,98,Active
ATTR0002091,EMP02091,Marketing,10,Excellent,Low,47,Active
ATTR0002092,EMP02092,Marketing,4,Average,Low,36,Active
ATTR0002093,EMP02093,Sales,9,Excellent,Medium,58,Active
ATTR0002094,EMP02094,Sales,3,Excellent,High,83,Active
ATTR0002095,EMP02095,IT,2,Poor,High,83,Active
ATTR0002096,EMP02096,Marketing,5,Average,High,96,Active
ATTR0002097,EMP02097,Finance,3,Good,Low,32,Active
ATTR0002098,EMP02098,Marketing,4,Poor,High,81,Active
ATTR0002099,EMP02099,HR,4,Good,Low,38,Resigned
ATTR0002100,EMP02100,IT,2,Good,Low,40,Active
ATTR0002101,EMP02101,Finance,11,Poor,Low,32,Resigned
ATTR0002102,EMP02102,Finance,10,Average,Low,35,Active
ATTR0002103,EMP02103,Finance,9,Average,Low,39,Active
ATTR0002104,EMP02104,HR,9,Good,High,89,Active
ATTR0002105,EMP02105,Sales,6,Good,High,78,Resigned
ATTR0002106,EMP02106,IT,10,Good,Low,33,Active
ATTR0002107,EMP02107,HR,4,Average,Medium,54,Active
ATTR0002108,EMP02108,Finance,11,Excellent,High,75,Active
ATTR0002109,EMP02109,HR,8,Excellent,Low,37,Active
ATTR0002110,EMP02110,Marketing,3,Average,High,76,Active
ATTR0002111,EMP02111,IT,6,Excellent,Low,34,Active
ATTR0002112,EMP02112,HR,2,Good,Medium,68,Active
ATTR0002113,EMP02113,Finance,3,Poor,Medium,65,Resigned
ATTR0002114,EMP02114,Sales,6,Poor,High,91,Active
ATTR0002115,EMP02115,Operations,10,Excellent,Medium,51,Active
ATTR0002116,EMP02116,Sales,10,Excellent,High,91,Active
ATTR0002117,EMP02117,HR,9,Poor,Low,47,Active
ATTR0002118,EMP02118,Finance,5,Poor,High,77,Active
ATTR0002119,EMP02119,Sales,8,Good,High,94,Active
ATTR0002120,EMP02120,Operations,4,Poor,Medium,72,Active
ATTR0002121,EMP02121,Sales,3,Poor,High,79,Active
ATTR0002122,EMP02122,IT,1,Good,Medium,56,Active
ATTR0002123,EMP02123,HR,10,Good,Low,38,Active
ATTR0002124,EMP02124,Marketing,7,Average,Medium,54,Active
ATTR0002125,EMP02125,IT,7,Average,Low,30,Resigned
ATTR0002126,EMP02126,Marketing,7,Excellent,Low,29,Active
ATTR0002127,EMP02127,HR,0,Excellent,High,76,Active
ATTR0002128,EMP02128,Operations,6,Poor,Medium,54,Active
ATTR0002129,EMP02129,Marketing,3,Excellent,Low,48,Active
ATTR0002130,EMP02130,Marketing,4,Excellent,High,77,Active
ATTR0002131,EMP02131,Marketing,10,Good,High,92,Active
ATTR0002132,EMP02132,HR,4,Good,High,89,Resigned
ATTR0002133,EMP02133,IT,2,Excellent,Medium,70,Resigned
ATTR0002134,EMP02134,Sales,2,Good,Medium,61,Active
ATTR0002135,EMP02135,Sales,9,Good,Low,20,Active
ATTR0002136,EMP02136,Marketing,8,Average,Medium,50,Resigned
ATTR0002137,EMP02137,Operations,11,Good,Medium,59,Active
ATTR0002138,EMP02138,IT,1,Average,Low,45,Active
ATTR0002139,EMP02139,IT,8,Good,High,80,Active
ATTR0002140,EMP02140,Operations,5,Excellent,Medium,51,Active
ATTR0002141,EMP02141,Sales,1,Excellent,Medium,70,Active
ATTR0002142,EMP02142,Sales,1,Good,Medium,52,Active
ATTR0002143,EMP02143,Sales,1,Poor,Low,42,Active
ATTR0002144,EMP02144,HR,9,Average,High,95,Active
ATTR0002145,EMP02145,Marketing,4,Good,High,77,Active
ATTR0002146,EMP02146,Operations,5,Excellent,Low,43,Active
ATTR0002147,EMP02147,IT,5,Excellent,High,87,Active
ATTR0002148,EMP02148,Marketing,9,Good,Low,46,Active
ATTR0002149,EMP02149,Operations,7,Average,Low,44,Resigned
ATTR0002150,EMP02150,Sales,5,Poor,Medium,55,Active
ATTR0002151,EMP02151,Sales,2,Poor,Low,42,Active
ATTR0002152,EMP02152,Sales,5,Excellent,Low,24,Active
ATTR0002153,EMP02153,Finance,1,Excellent,Medium,74,Active
ATTR0002154,EMP02154,Operations,2,Good,High,94,Active
ATTR0002155,EMP02155,Sales,2,Good,High,82,Active
ATTR0002156,EMP02156,Marketing,11,Good,Medium,74,Active
ATTR0002157,EMP02157,HR,9,Good,Low,39,Active
ATTR0002158,EMP02158,HR,4,Excellent,Low,39,Resigned
ATTR0002159,EMP02159,Operations,3,Excellent,Medium,71,Active
ATTR0002160,EMP02160,Marketing,7,Excellent,High,94,Active
ATTR0002161,EMP02161,Operations,5,Good,Medium,68,Active
ATTR0002162,EMP02162,Sales,8,Good,Medium,50,Active
ATTR0002163,EMP02163,Sales,1,Average,High,84,Active
ATTR0002164,EMP02164,Marketing,1,Excellent,High,91,Active
ATTR0002165,EMP02165,IT,11,Good,Low,47,Active
ATTR0002166,EMP02166,IT,1,Average,Low,28,Active
ATTR0002167,EMP02167,Operations,4,Good,Low,49,Active
ATTR0002168,EMP02168,Operations,10,Poor,High,84,Active
ATTR0002169,EMP02169,IT,3,Good,Low,31,Active
ATTR0002170,EMP02170,Sales,6,Excellent,Low,23,Active
ATTR0002171,EMP02171,Marketing,1,Excellent,High,86,Active
ATTR0002172,EMP02172,Finance,0,Good,Low,24,Resigned
ATTR0002173,EMP02173,Finance,5,Excellent,Low,42,Active
ATTR0002174,EMP02174,Finance,1,Excellent,High,86,Active
ATTR0002175,EMP02175,Sales,6,Average,Low,25,Active
ATTR0002176,EMP02176,Operations,10,Poor,Low,30,Active
ATTR0002177,EMP02177,Sales,6,Average,High,91,Active
ATTR0002178,EMP02178,Finance,2,Excellent,Low,22,Active
ATTR0002179,EMP02179,Finance,7,Good,Medium,56,Active
ATTR0002180,EMP02180,Operations,7,Excellent,High,97,Resigned
ATTR0002181,EMP02181,Marketing,6,Average,High,84,Active
ATTR0002182,EMP02182,IT,4,Excellent,Low,22,Active
ATTR0002183,EMP02183,Sales,0,Good,Low,44,Active
ATTR0002184,EMP02184,IT,10,Average,Low,42,Active
ATTR0002185,EMP02185,Operations,4,Average,Low,44,Active
ATTR0002186,EMP02186,IT,9,Average,High,85,Active
ATTR0002187,EMP02187,Operations,8,Good,High,96,Resigned
ATTR0002188,EMP02188,Finance,4,Poor,Low,36,Active
ATTR0002189,EMP02189,Sales,1,Poor,High,77,Active
ATTR0002190,EMP02190,Marketing,0,Poor,Medium,64,Active
ATTR0002191,EMP02191,Finance,1,Poor,Medium,66,Active
ATTR0002192,EMP02192,Marketing,8,Excellent,Low,26,Active
ATTR0002193,EMP02193,Operations,9,Excellent,Medium,52,Resigned
ATTR0002194,EMP02194,IT,5,Poor,High,90,Active
ATTR0002195,EMP02195,Operations,9,Poor,Low,38,Active
ATTR0002196,EMP02196,Operations,1,Excellent,Medium,62,Active
ATTR0002197,EMP02197,HR,6,Average,High,97,Resigned
ATTR0002198,EMP02198,Marketing,9,Average,Low,26,Active
ATTR0002199,EMP02199,Sales,9,Average,Low,47,Active
ATTR0002200,EMP02200,HR,1,Excellent,Low,30,Resigned
ATTR0002201,EMP02201,IT,3,Good,Low,39,Active
ATTR0002202,EMP02202,Sales,4,Good,Low,30,Active
ATTR0002203,EMP02203,Finance,2,Excellent,Medium,62,Active
ATTR0002204,EMP02204,HR,6,Good,Medium,72,Active
ATTR0002205,EMP02205,Operations,3,Good,Low,40,Active
ATTR0002206,EMP02206,IT,9,Good,Low,48,Active
ATTR0002207,EMP02207,Finance,4,Good,High,99,Active
ATTR0002208,EMP02208,Operations,10,Excellent,High,75,Active
ATTR0002209,EMP02209,Finance,5,Poor,Medium,70,Active
ATTR0002210,EMP02210,HR,3,Good,Medium,55,Active
ATTR0002211,EMP02211,Sales,7,Poor,Low,46,Active
ATTR0002212,EMP02212,Operations,5,Average,Medium,74,Active
ATTR0002213,EMP02213,Sales,5,Excellent,Low,37,Active
ATTR0002214,EMP02214,Sales,1,Average,High,79,Active
ATTR0002215,EMP02215,IT,4,Average,Low,34,Active
ATTR0002216,EMP02216,Sales,7,Poor,Medium,71,Active
ATTR0002217,EMP02217,Sales,11,Average,Medium,73,Active
ATTR0002218,EMP02218,HR,11,Poor,Low,20,Resigned
ATTR0002219,EMP02219,IT,7,Average,High,76,Active
ATTR0002220,EMP02220,Marketing,11,Good,Medium,50,Active
ATTR0002221,EMP02221,Sales,2,Poor,Low,45,Active
ATTR0002222,EMP02222,IT,8,Poor,Medium,71,Active
ATTR0002223,EMP02223,Operations,5,Poor,Low,38,Resigned
ATTR0002224,EMP02224,Operations,10,Excellent,Medium,57,Resigned
ATTR0002225,EMP02225,Sales,11,Excellent,Low,25,Active
ATTR0002226,EMP02226,IT,10,Poor,High,95,Active
ATTR0002227,EMP02227,Operations,11,Good,Low,28,Active
ATTR0002228,EMP02228,IT,3,Good,Low,26,Active
ATTR0002229,EMP02229,Sales,4,Average,Medium,52,Active
ATTR0002230,EMP02230,Operations,3,Poor,Low,36,Active
ATTR0002231,EMP02231,Sales,2,Poor,Low,28,Active
ATTR0002232,EMP02232,IT,8,Poor,Low,42,Active
ATTR0002233,EMP02233,Sales,9,Poor,High,76,Active
ATTR0002234,EMP02234,HR,8,Average,Low,21,Active
ATTR0002235,EMP02235,IT,6,Good,Medium,65,Active
ATTR0002236,EMP02236,Finance,11,Good,Low,34,Active
ATTR0002237,EMP02237,HR,0,Poor,Low,27,Active
ATTR0002238,EMP02238,IT,10,Poor,High,90,Active
ATTR0002239,EMP02239,HR,5,Poor,High,96,Active
ATTR0002240,EMP02240,Sales,11,Good,Low,45,Active
ATTR0002241,EMP02241,IT,4,Average,Low,45,Active
ATTR0002242,EMP02242,Operations,5,Good,High,88,Active
ATTR0002243,EMP02243,HR,1,Good,High,88,Active
ATTR0002244,EMP02244,Marketing,6,Poor,Medium,59,Active
ATTR0002245,EMP02245,IT,11,Poor,Medium,53,Active
ATTR0002246,EMP02246,HR,3,Excellent,High,83,Active
ATTR0002247,EMP02247,Operations,6,Excellent,Medium,65,Active
ATTR0002248,EMP02248,HR,1,Average,High,100,Resigned
ATTR0002249,EMP02249,HR,4,Average,Medium,63,Active
ATTR0002250,EMP02250,Finance,3,Excellent,Medium,50,Active
ATTR0002251,EMP02251,Marketing,5,Excellent,High,99,Active
ATTR0002252,EMP02252,Marketing,11,Average,Medium,57,Active
ATTR0002253,EMP02253,Marketing,1,Poor,Medium,60,Active
ATTR0002254,EMP02254,IT,4,Average,High,91,Resigned
ATTR0002255,EMP02255,Operations,6,Good,Low,32,Active
ATTR0002256,EMP02256,Operations,9,Average,High,89,Active
ATTR0002257,EMP02257,Finance,8,Excellent,Low,46,Active
ATTR0002258,EMP02258,Operations,4,Good,Low,31,Active
ATTR0002259,EMP02259,Operations,4,Good,High,83,Active
ATTR0002260,EMP02260,Marketing,9,Average,Medium,71,Active
ATTR0002261,EMP02261,Finance,2,Average,Medium,70,Active
ATTR0002262,EMP02262,Marketing,8,Average,Low,38,Active
ATTR0002263,EMP02263,Operations,5,Excellent,Low,45,Active
ATTR0002264,EMP02264,IT,2,Poor,High,95,Active
ATTR0002265,EMP02265,Sales,11,Good,High,92,Active
ATTR0002266,EMP02266,HR,8,Excellent,Low,28,Active
ATTR0002267,EMP02267,HR,8,Excellent,Low,41,Active
ATTR0002268,EMP02268,Finance,9,Good,Medium,65,Active
ATTR0002269,EMP02269,Sales,5,Poor,Medium,70,Active
ATTR0002270,EMP02270,IT,6,Average,High,78,Active
ATTR0002271,EMP02271,Operations,3,Poor,Low,29,Active
ATTR0002272,EMP02272,Sales,10,Good,High,99,Active
ATTR0002273,EMP02273,Finance,5,Good,High,98,Active
ATTR0002274,EMP02274,IT,7,Excellent,Low,21,Active
ATTR0002275,EMP02275,Operations,8,Excellent,High,86,Active
ATTR0002276,EMP02276,Sales,7,Average,Low,21,Active
ATTR0002277,EMP02277,Marketing,2,Average,High,93,Active
ATTR0002278,EMP02278,Finance,10,Average,Medium,68,Resigned
ATTR0002279,EMP02279,IT,2,Poor,High,94,Active
ATTR0002280,EMP02280,Operations,11,Average,Low,33,Active
ATTR0002281,EMP02281,Finance,3,Good,Low,23,Active
ATTR0002282,EMP02282,Finance,7,Good,High,83,Active
ATTR0002283,EMP02283,Finance,4,Excellent,Low,39,Active
ATTR0002284,EMP02284,Finance,9,Average,Low,30,Resigned
ATTR0002285,EMP02285,Finance,1,Average,High,85,Resigned
ATTR0002286,EMP02286,Operations,8,Good,Low,39,Resigned
ATTR0002287,EMP02287,Operations,8,Good,Medium,68,Active
ATTR0002288,EMP02288,IT,8,Excellent,Medium,54,Resigned
ATTR0002289,EMP02289,Sales,6,Good,Medium,70,Active
ATTR0002290,EMP02290,HR,6,Good,Medium,69,Active
ATTR0002291,EMP02291,Finance,7,Poor,High,97,Active
ATTR0002292,EMP02292,Sales,4,Average,Low,44,Active
ATTR0002293,EMP02293,IT,0,Average,High,86,Active
ATTR0002294,EMP02294,IT,6,Excellent,Low,24,Active
ATTR0002295,EMP02295,Operations,9,Average,High,95,Active
ATTR0002296,EMP02296,Operations,4,Excellent,Medium,74,Active
ATTR0002297,EMP02297,HR,1,Good,Medium,61,Resigned
ATTR0002298,EMP02298,Operations,5,Good,Medium,67,Active
ATTR0002299,EMP02299,Finance,6,Excellent,Low,33,Resigned
ATTR0002300,EMP02300,Finance,10,Average,Medium,64,Active
ATTR0002301,EMP02301,Marketing,5,Poor,High,85,Active
ATTR0002302,EMP02302,IT,10,Excellent,Medium,50,Active
ATTR0002303,EMP02303,Operations,5,Average,Low,26,Active
ATTR0002304,EMP02304,Marketing,10,Average,Medium,66,Active
ATTR0002305,EMP02305,Marketing,9,Good,Medium,57,Resigned
ATTR0002306,EMP02306,Marketing,5,Good,High,93,Active
ATTR0002307,EMP02307,HR,5,Good,Medium,56,Resigned
ATTR0002308,EMP02308,Sales,8,Good,Low,47,Active
ATTR0002309,EMP02309,Operations,6,Good,High,92,Active
ATTR0002310,EMP02310,IT,10,Excellent,Medium,70,Active
ATTR0002311,EMP02311,HR,8,Good,Low,21,Active
ATTR0002312,EMP02312,Operations,4,Poor,Low,38,Active
ATTR0002313,EMP02313,Finance,3,Good,High,81,Active
ATTR0002314,EMP02314,IT,9,Poor,Medium,72,Resigned
ATTR0002315,EMP02315,Operations,7,Excellent,Medium,68,Active
ATTR0002316,EMP02316,HR,5,Average,Low,40,Resigned
ATTR0002317,EMP02317,Sales,4,Average,Medium,56,Active
ATTR0002318,EMP02318,IT,11,Average,Low,26,Active
ATTR0002319,EMP02319,HR,3,Average,Medium,66,Active
ATTR0002320,EMP02320,Marketing,9,Excellent,Medium,61,Resigned
ATTR0002321,EMP02321,Marketing,4,Poor,Low,29,Active
ATTR0002322,EMP02322,HR,2,Average,Medium,66,Active
ATTR0002323,EMP02323,Marketing,3,Good,Medium,55,Active
ATTR0002324,EMP02324,Operations,7,Excellent,High,79,Active
ATTR0002325,EMP02325,Sales,9,Poor,High,90,Resigned
ATTR0002326,EMP02326,IT,7,Poor,High,100,Active
ATTR0002327,EMP02327,Operations,10,Excellent,High,76,Active
ATTR0002328,EMP02328,Marketing,6,Poor,High,90,Resigned
ATTR0002329,EMP02329,Operations,9,Average,High,96,Active
ATTR0002330,EMP02330,Marketing,5,Excellent,Medium,66,Active
ATTR0002331,EMP02331,HR,5,Poor,Medium,73,Active
ATTR0002332,EMP02332,Finance,5,Excellent,High,92,Active
ATTR0002333,EMP02333,Marketing,7,Average,Low,46,Active
ATTR0002334,EMP02334,HR,4,Good,High,77,Active
ATTR0002335,EMP02335,Operations,10,Good,High,88,Active
ATTR0002336,EMP02336,Marketing,4,Excellent,High,94,Active
ATTR0002337,EMP02337,Operations,7,Excellent,Medium,63,Resigned
ATTR0002338,EMP02338,Marketing,11,Good,Medium,53,Active
ATTR0002339,EMP02339,Operations,6,Good,High,90,Active
ATTR0002340,EMP02340,Sales,7,Average,Low,21,Active
ATTR0002341,EMP02341,HR,11,Good,Low,28,Active
ATTR0002342,EMP02342,Sales,3,Excellent,Low,37,Active
ATTR0002343,EMP02343,Sales,4,Poor,High,94,Active
ATTR0002344,EMP02344,Operations,1,Excellent,Low,40,Active
ATTR0002345,EMP02345,Finance,5,Average,Medium,55,Resigned
ATTR0002346,EMP02346,Finance,7,Good,Low,49,Resigned
ATTR0002347,EMP02347,Operations,6,Poor,High,88,Active
ATTR0002348,EMP02348,Marketing,2,Average,Low,32,Active
ATTR0002349,EMP02349,Operations,3,Good,Medium,67,Active
ATTR0002350,EMP02350,HR,5,Good,Low,36,Active
ATTR0002351,EMP02351,Finance,7,Good,High,83,Active
ATTR0002352,EMP02352,Sales,3,Excellent,Medium,64,Active
ATTR0002353,EMP02353,IT,4,Poor,Medium,57,Active
ATTR0002354,EMP02354,IT,10,Poor,Low,41,Active
ATTR0002355,EMP02355,IT,4,Average,Low,43,Active
ATTR0002356,EMP02356,Finance,7,Average,High,97,Active
ATTR0002357,EMP02357,HR,8,Good,Medium,69,Active
ATTR0002358,EMP02358,Finance,6,Excellent,Medium,54,Active
ATTR0002359,EMP02359,HR,8,Poor,High,91,Active
ATTR0002360,EMP02360,IT,3,Average,Medium,62,Active
ATTR0002361,EMP02361,Operations,5,Excellent,Low,22,Active
ATTR0002362,EMP02362,IT,11,Poor,Medium,66,Active
ATTR0002363,EMP02363,Sales,11,Poor,High,92,Resigned
ATTR0002364,EMP02364,Finance,3,Good,High,99,Active
ATTR0002365,EMP02365,Sales,6,Good,Low,34,Active
ATTR0002366,EMP02366,HR,5,Excellent,Medium,62,Active
ATTR0002367,EMP02367,Finance,6,Excellent,Medium,73,Active
ATTR0002368,EMP02368,IT,2,Good,High,75,Active
ATTR0002369,EMP02369,Marketing,7,Poor,Low,26,Active
ATTR0002370,EMP02370,Finance,4,Excellent,Medium,71,Active
ATTR0002371,EMP02371,HR,2,Poor,Low,35,Active
ATTR0002372,EMP02372,Marketing,7,Poor,Low,31,Resigned
ATTR0002373,EMP02373,Operations,7,Excellent,Medium,53,Active
ATTR0002374,EMP02374,IT,5,Good,Low,39,Active
ATTR0002375,EMP02375,IT,8,Excellent,Medium,73,Resigned
ATTR0002376,EMP02376,HR,5,Average,Medium,54,Active
ATTR0002377,EMP02377,HR,11,Good,High,83,Active
ATTR0002378,EMP02378,Operations,4,Poor,Medium,57,Active
ATTR0002379,EMP02379,Operations,6,Excellent,Medium,74,Active
ATTR0002380,EMP02380,Sales,5,Good,High,92,Active
ATTR0002381,EMP02381,Sales,6,Average,High,80,Active
ATTR0002382,EMP02382,Finance,2,Poor,High,82,Active
ATTR0002383,EMP02383,IT,4,Excellent,High,100,Active
ATTR0002384,EMP02384,Sales,7,Poor,High,80,Active
ATTR0002385,EMP02385,Finance,10,Good,Medium,51,Active
ATTR0002386,EMP02386,Finance,2,Average,Low,38,Active
ATTR0002387,EMP02387,Finance,7,Poor,High,83,Active
ATTR0002388,EMP02388,HR,11,Average,Medium,67,Active
ATTR0002389,EMP02389,Operations,5,Average,High,84,Active
ATTR0002390,EMP02390,Sales,1,Good,High,96,Resigned
ATTR0002391,EMP02391,Finance,10,Excellent,High,90,Active
ATTR0002392,EMP02392,Finance,5,Good,High,97,Active
ATTR0002393,EMP02393,Finance,8,Poor,Low,37,Active
ATTR0002394,EMP02394,Marketing,8,Average,Low,21,Active
ATTR0002395,EMP02395,IT,1,Good,Low,27,Active
ATTR0002396,EMP02396,HR,8,Excellent,High,92,Active
ATTR0002397,EMP02397,IT,10,Good,Medium,61,Active
ATTR0002398,EMP02398,Marketing,5,Excellent,High,75,Resigned
ATTR0002399,EMP02399,Marketing,9,Excellent,Low,33,Active
ATTR0002400,EMP02400,Marketing,3,Good,Low,20,Resigned
ATTR0002401,EMP02401,Sales,4,Average,Low,43,Active
ATTR0002402,EMP02402,Marketing,6,Excellent,Medium,55,Active
ATTR0002403,EMP02403,Operations,9,Excellent,Low,28,Active
ATTR0002404,EMP02404,HR,2,Excellent,High,93,Active
ATTR0002405,EMP02405,Sales,2,Average,Low,48,Active
ATTR0002406,EMP02406,Sales,1,Excellent,Low,23,Active
ATTR0002407,EMP02407,Sales,2,Average,High,98,Active
ATTR0002408,EMP02408,Marketing,4,Average,Low,36,Active
ATTR0002409,EMP02409,Finance,3,Poor,High,95,Active
ATTR0002410,EMP02410,Operations,9,Excellent,High,93,Active
ATTR0002411,EMP02411,Sales,7,Average,Medium,69,Active
ATTR0002412,EMP02412,Operations,2,Excellent,Low,42,Active
ATTR0002413,EMP02413,IT,8,Excellent,Medium,51,Active
ATTR0002414,EMP02414,Sales,5,Good,High,83,Active
ATTR0002415,EMP02415,Finance,8,Poor,High,84,Active
ATTR0002416,EMP02416,HR,6,Excellent,Medium,60,Active
ATTR0002417,EMP02417,HR,11,Excellent,Low,42,Active
ATTR0002418,EMP02418,Sales,0,Excellent,High,90,Active
ATTR0002419,EMP02419,Finance,8,Poor,Medium,67,Active
ATTR0002420,EMP02420,IT,3,Excellent,Medium,55,Active
ATTR0002421,EMP02421,IT,10,Average,Medium,67,Active
ATTR0002422,EMP02422,HR,8,Good,Low,48,Active
ATTR0002423,EMP02423,IT,1,Good,Low,23,Active
ATTR0002424,EMP02424,Marketing,8,Poor,Low,22,Active
ATTR0002425,EMP02425,Marketing,8,Poor,Low,29,Active
ATTR0002426,EMP02426,HR,6,Excellent,Medium,66,Active
ATTR0002427,EMP02427,Finance,1,Good,Low,29,Active
ATTR0002428,EMP02428,Operations,3,Good,High,88,Active
ATTR0002429,EMP02429,HR,8,Good,High,92,Active
ATTR0002430,EMP02430,Sales,7,Poor,Medium,72,Active
ATTR0002431,EMP02431,IT,9,Average,High,84,Resigned
ATTR0002432,EMP02432,Finance,3,Excellent,High,95,Active
ATTR0002433,EMP02433,Finance,6,Average,Medium,59,Resigned
ATTR0002434,EMP02434,Finance,0,Average,High,88,Active
ATTR0002435,EMP02435,Operations,6,Poor,High,91,Active
ATTR0002436,EMP02436,Sales,8,Good,High,90,Active
ATTR0002437,EMP02437,Sales,8,Good,Medium,51,Active
ATTR0002438,EMP02438,Operations,8,Excellent,Low,21,Active
ATTR0002439,EMP02439,Sales,6,Poor,Low,43,Active
ATTR0002440,EMP02440,HR,2,Average,High,90,Active
ATTR0002441,EMP02441,Marketing,2,Good,High,98,Active
ATTR0002442,EMP02442,HR,9,Average,Medium,52,Active
ATTR0002443,EMP02443,Sales,3,Good,Low,37,Active
ATTR0002444,EMP02444,Finance,10,Good,Low,34,Active
ATTR0002445,EMP02445,IT,3,Good,Low,38,Active
ATTR0002446,EMP02446,Finance,2,Average,Low,20,Active
ATTR0002447,EMP02447,Operations,7,Excellent,Medium,67,Active
ATTR0002448,EMP02448,Finance,3,Good,Low,47,Resigned
ATTR0002449,EMP02449,Sales,11,Good,Low,27,Active
ATTR0002450,EMP02450,IT,6,Excellent,Low,26,Active
ATTR0002451,EMP02451,Sales,6,Excellent,High,75,Active
ATTR0002452,EMP02452,Sales,3,Good,High,100,Active
ATTR0002453,EMP02453,Sales,10,Good,Medium,57,Active
ATTR0002454,EMP02454,Marketing,1,Average,Low,27,Active
ATTR0002455,EMP02455,IT,11,Good,Low,47,Active
ATTR0002456,EMP02456,Finance,9,Average,Medium,56,Active
ATTR0002457,EMP02457,Marketing,3,Average,Medium,69,Active
ATTR0002458,EMP02458,Sales,7,Excellent,High,99,Resigned
ATTR0002459,EMP02459,IT,6,Excellent,Medium,63,Active
ATTR0002460,EMP02460,IT,1,Excellent,Low,36,Active
ATTR0002461,EMP02461,Finance,5,Average,High,96,Active
ATTR0002462,EMP02462,Operations,6,Excellent,Medium,61,Active
ATTR0002463,EMP02463,IT,2,Excellent,Medium,63,Active
ATTR0002464,EMP02464,IT,4,Average,High,99,Active
ATTR0002465,EMP02465,Sales,5,Average,Low,40,Active
ATTR0002466,EMP02466,IT,4,Average,High,79,Active
ATTR0002467,EMP02467,Operations,6,Excellent,Low,45,Active
ATTR0002468,EMP02468,Sales,4,Average,High,81,Active
ATTR0002469,EMP02469,IT,7,Average,Medium,51,Active
ATTR0002470,EMP02470,IT,2,Average,High,77,Active
ATTR0002471,EMP02471,Sales,10,Average,High,95,Active
ATTR0002472,EMP02472,Sales,8,Excellent,High,100,Active
ATTR0002473,EMP02473,Finance,4,Average,Low,44,Active
ATTR0002474,EMP02474,Marketing,5,Poor,Medium,52,Active
ATTR0002475,EMP02475,IT,1,Poor,Low,23,Active
ATTR0002476,EMP02476,Sales,5,Poor,Low,22,Active
ATTR0002477,EMP02477,Sales,8,Good,Low,32,Active
ATTR0002478,EMP02478,IT,8,Poor,Low,44,Active
ATTR0002479,EMP02479,Operations,3,Poor,Medium,53,Active
ATTR0002480,EMP02480,Sales,7,Excellent,Low,23,Active
ATTR0002481,EMP02481,IT,9,Excellent,Low,30,Active
ATTR0002482,EMP02482,Operations,7,Good,Low,39,Resigned
ATTR0002483,EMP02483,Marketing,8,Average,Medium,59,Active
ATTR0002484,EMP02484,Marketing,3,Excellent,Medium,72,Active
ATTR0002485,EMP02485,Sales,3,Poor,Medium,57,Active
ATTR0002486,EMP02486,Marketing,11,Excellent,Low,27,Active
ATTR0002487,EMP02487,Finance,1,Good,High,95,Active
ATTR0002488,EMP02488,Marketing,8,Average,Low,30,Resigned
ATTR0002489,EMP02489,IT,6,Average,Medium,74,Active
ATTR0002490,EMP02490,IT,5,Average,Low,35,Active
ATTR0002491,EMP02491,Finance,8,Average,Medium,73,Active
ATTR0002492,EMP02492,Operations,5,Average,High,91,Active
ATTR0002493,EMP02493,IT,1,Excellent,Medium,53,Active
ATTR0002494,EMP02494,Sales,2,Excellent,Low,45,Active
ATTR0002495,EMP02495,Operations,2,Excellent,High,86,Active
ATTR0002496,EMP02496,Operations,6,Poor,Medium,52,Active
ATTR0002497,EMP02497,Finance,11,Good,Low,21,Active
ATTR0002498,EMP02498,Finance,10,Excellent,Medium,64,Active
ATTR0002499,EMP02499,Marketing,4,Excellent,Low,37,Active
ATTR0002500,EMP02500,HR,3,Poor,High,98,Active
ATTR0002501,EMP02501,Marketing,11,Good,Low,28,Active
ATTR0002502,EMP02502,IT,6,Good,Medium,56,Resigned
ATTR0002503,EMP02503,Operations,11,Good,Medium,52,Active
ATTR0002504,EMP02504,Operations,3,Average,High,76,Active
ATTR0002505,EMP02505,Sales,10,Excellent,Medium,57,Active
ATTR0002506,EMP02506,Marketing,10,Good,Low,20,Active
ATTR0002507,EMP02507,Operations,4,Poor,Low,45,Active
ATTR0002508,EMP02508,Finance,9,Average,Low,35,Active
ATTR0002509,EMP02509,Marketing,2,Average,Low,30,Active
ATTR0002510,EMP02510,Sales,2,Excellent,Medium,68,Active
ATTR0002511,EMP02511,HR,8,Excellent,High,79,Active
ATTR0002512,EMP02512,Operations,3,Average,Medium,70,Active
ATTR0002513,EMP02513,Operations,4,Excellent,Medium,55,Active
ATTR0002514,EMP02514,Sales,4,Good,Low,24,Active
ATTR0002515,EMP02515,Finance,3,Average,Low,34,Active
ATTR0002516,EMP02516,Finance,9,Average,Medium,74,Active
ATTR0002517,EMP02517,HR,2,Good,Medium,52,Active
ATTR0002518,EMP02518,Sales,3,Good,Low,23,Active
ATTR0002519,EMP02519,Finance,0,Excellent,High,76,Active
ATTR0002520,EMP02520,IT,9,Average,Low,38,Active
ATTR0002521,EMP02521,HR,6,Excellent,Medium,62,Active
ATTR0002522,EMP02522,Finance,3,Excellent,High,85,Active
ATTR0002523,EMP02523,HR,8,Excellent,Low,44,Active
ATTR0002524,EMP02524,Finance,7,Poor,High,82,Active
ATTR0002525,EMP02525,Finance,0,Excellent,Low,45,Active
ATTR0002526,EMP02526,IT,3,Good,High,85,Active
ATTR0002527,EMP02527,HR,3,Poor,Medium,61,Active
ATTR0002528,EMP02528,HR,5,Good,Low,47,Active
ATTR0002529,EMP02529,Marketing,7,Average,High,83,Resigned
ATTR0002530,EMP02530,IT,7,Average,Medium,59,Active
ATTR0002531,EMP02531,IT,11,Poor,High,80,Active
ATTR0002532,EMP02532,IT,10,Poor,Low,24,Active
ATTR0002533,EMP02533,HR,7,Average,Medium,72,Active
ATTR0002534,EMP02534,Sales,4,Poor,Medium,64,Active
ATTR0002535,EMP02535,Operations,1,Good,Medium,50,Active
ATTR0002536,EMP02536,Sales,3,Poor,Low,33,Active
ATTR0002537,EMP02537,Marketing,5,Good,Medium,67,Active
ATTR0002538,EMP02538,Finance,2,Good,High,92,Active
ATTR0002539,EMP02539,Sales,7,Good,Low,47,Resigned
ATTR0002540,EMP02540,Finance,3,Poor,Low,47,Resigned
ATTR0002541,EMP02541,Finance,5,Excellent,Medium,59,Active
ATTR0002542,EMP02542,Marketing,3,Poor,High,80,Active
ATTR0002543,EMP02543,Marketing,4,Good,Medium,57,Active
ATTR0002544,EMP02544,Operations,10,Poor,High,92,Active
ATTR0002545,EMP02545,IT,7,Poor,High,79,Active
ATTR0002546,EMP02546,Finance,2,Good,Medium,53,Active
ATTR0002547,EMP02547,Marketing,8,Good,Low,34,Active
ATTR0002548,EMP02548,Finance,8,Good,Low,29,Active
ATTR0002549,EMP02549,HR,4,Excellent,Low,46,Active
ATTR0002550,EMP02550,Finance,5,Average,Low,26,Active
ATTR0002551,EMP02551,Finance,6,Excellent,Medium,67,Active
ATTR0002552,EMP02552,Operations,6,Good,High,90,Active
ATTR0002553,EMP02553,Marketing,5,Poor,Medium,59,Active
ATTR0002554,EMP02554,Marketing,5,Average,Low,33,Active
ATTR0002555,EMP02555,Sales,3,Good,Medium,50,Active
ATTR0002556,EMP02556,Operations,4,Good,High,99,Active
ATTR0002557,EMP02557,HR,5,Good,High,99,Active
ATTR0002558,EMP02558,IT,8,Excellent,Low,41,Active
ATTR0002559,EMP02559,HR,5,Average,Medium,50,Active
ATTR0002560,EMP02560,HR,1,Good,Medium,68,Active
ATTR0002561,EMP02561,IT,4,Excellent,Medium,62,Active
ATTR0002562,EMP02562,Sales,11,Excellent,Low,20,Active
ATTR0002563,EMP02563,Marketing,3,Poor,High,87,Active
ATTR0002564,EMP02564,Marketing,1,Good,High,82,Resigned
ATTR0002565,EMP02565,Sales,10,Good,High,92,Active
ATTR0002566,EMP02566,HR,5,Poor,High,76,Active
ATTR0002567,EMP02567,HR,4,Average,Low,24,Active
ATTR0002568,EMP02568,Finance,11,Average,High,94,Resigned
ATTR0002569,EMP02569,HR,5,Good,High,99,Active
ATTR0002570,EMP02570,Marketing,3,Good,Medium,74,Active
ATTR0002571,EMP02571,HR,0,Excellent,Medium,63,Active
ATTR0002572,EMP02572,Finance,3,Poor,Medium,68,Active
ATTR0002573,EMP02573,HR,7,Good,High,97,Active
ATTR0002574,EMP02574,IT,6,Poor,Low,35,Active
ATTR0002575,EMP02575,Finance,5,Poor,High,90,Active
ATTR0002576,EMP02576,Sales,4,Average,Low,43,Active
ATTR0002577,EMP02577,Sales,7,Poor,Low,30,Active
ATTR0002578,EMP02578,Finance,2,Excellent,Medium,62,Active
ATTR0002579,EMP02579,Operations,7,Poor,Low,21,Active
ATTR0002580,EMP02580,Operations,1,Excellent,Medium,62,Active
ATTR0002581,EMP02581,IT,4,Good,High,85,Resigned
ATTR0002582,EMP02582,Marketing,6,Good,Medium,60,Active
ATTR0002583,EMP02583,Marketing,11,Poor,High,75,Active
ATTR0002584,EMP02584,HR,11,Poor,High,96,Active
ATTR0002585,EMP02585,Sales,1,Excellent,High,91,Active
ATTR0002586,EMP02586,Operations,4,Poor,High,91,Active
ATTR0002587,EMP02587,IT,8,Good,High,88,Resigned
ATTR0002588,EMP02588,HR,1,Good,Medium,71,Active
ATTR0002589,EMP02589,IT,5,Excellent,Medium,53,Active
ATTR0002590,EMP02590,Marketing,7,Average,Medium,71,Active
ATTR0002591,EMP02591,Finance,2,Good,Low,30,Active
ATTR0002592,EMP02592,Marketing,4,Average,High,88,Resigned
ATTR0002593,EMP02593,IT,1,Excellent,Medium,59,Active
ATTR0002594,EMP02594,HR,9,Good,High,75,Active
ATTR0002595,EMP02595,HR,3,Excellent,Medium,61,Active
ATTR0002596,EMP02596,HR,1,Average,Medium,68,Active
ATTR0002597,EMP02597,Finance,2,Poor,Low,35,Active
ATTR0002598,EMP02598,IT,0,Excellent,Medium,72,Active
ATTR0002599,EMP02599,Finance,5,Poor,Low,38,Active
ATTR0002600,EMP02600,Marketing,5,Poor,High,93,Active
ATTR0002601,EMP02601,IT,8,Good,Medium,64,Resigned
ATTR0002602,EMP02602,Sales,3,Excellent,Medium,68,Active
ATTR0002603,EMP02603,Marketing,0,Good,High,75,Resigned
ATTR0002604,EMP02604,Marketing,7,Poor,Low,23,Active
ATTR0002605,EMP02605,Marketing,8,Excellent,Low,29,Active
ATTR0002606,EMP02606,IT,8,Poor,Medium,55,Active
ATTR0002607,EMP02607,HR,6,Good,Medium,53,Active
ATTR0002608,EMP02608,Sales,1,Excellent,High,88,Active
ATTR0002609,EMP02609,Sales,7,Good,Low,30,Active
ATTR0002610,EMP02610,Operations,5,Poor,Low,45,Active
ATTR0002611,EMP02611,Marketing,5,Average,Medium,62,Active
ATTR0002612,EMP02612,HR,4,Poor,Low,25,Active
ATTR0002613,EMP02613,Sales,5,Average,Medium,68,Active
ATTR0002614,EMP02614,Operations,6,Excellent,High,79,Active
ATTR0002615,EMP02615,IT,0,Average,Medium,70,Active
ATTR0002616,EMP02616,Finance,8,Poor,High,75,Active
ATTR0002617,EMP02617,Finance,5,Good,High,81,Active
ATTR0002618,EMP02618,Sales,1,Good,High,94,Active
ATTR0002619,EMP02619,Operations,4,Excellent,High,94,Active
ATTR0002620,EMP02620,Marketing,2,Excellent,Medium,62,Active
ATTR0002621,EMP02621,Finance,0,Good,High,80,Active
ATTR0002622,EMP02622,Finance,9,Excellent,Medium,72,Active
ATTR0002623,EMP02623,Operations,8,Excellent,Low,48,Active
ATTR0002624,EMP02624,Marketing,4,Average,Low,42,Active
ATTR0002625,EMP02625,HR,10,Excellent,Low,34,Active
ATTR0002626,EMP02626,Marketing,1,Average,Low,21,Active
ATTR0002627,EMP02627,Sales,7,Poor,High,89,Resigned
ATTR0002628,EMP02628,Sales,4,Poor,High,92,Active
ATTR0002629,EMP02629,Finance,11,Excellent,Low,32,Active
ATTR0002630,EMP02630,IT,8,Poor,High,79,Active
ATTR0002631,EMP02631,Operations,1,Poor,Medium,50,Resigned
ATTR0002632,EMP02632,Finance,8,Average,Low,21,Active
ATTR0002633,EMP02633,Finance,4,Average,Low,28,Active
ATTR0002634,EMP02634,HR,1,Good,Medium,53,Resigned
ATTR0002635,EMP02635,Operations,8,Average,Medium,52,Active
ATTR0002636,EMP02636,Marketing,6,Good,Low,29,Active
ATTR0002637,EMP02637,Finance,7,Excellent,High,76,Active
ATTR0002638,EMP02638,Marketing,2,Average,Low,21,Resigned
ATTR0002639,EMP02639,IT,6,Good,High,97,Active
ATTR0002640,EMP02640,HR,3,Average,Low,37,Active
ATTR0002641,EMP02641,Operations,5,Good,Low,32,Active
ATTR0002642,EMP02642,Marketing,5,Excellent,High,79,Resigned
ATTR0002643,EMP02643,HR,6,Average,High,83,Resigned
ATTR0002644,EMP02644,Operations,1,Excellent,Medium,60,Active
ATTR0002645,EMP02645,Operations,8,Poor,Medium,71,Active
ATTR0002646,EMP02646,Marketing,8,Average,Medium,52,Active
ATTR0002647,EMP02647,IT,9,Average,Low,28,Active
ATTR0002648,EMP02648,Operations,2,Excellent,Medium,67,Active
ATTR0002649,EMP02649,Finance,11,Poor,High,80,Resigned
ATTR0002650,EMP02650,Sales,3,Poor,Medium,54,Active
ATTR0002651,EMP02651,IT,4,Average,High,84,Active
ATTR0002652,EMP02652,Marketing,1,Excellent,Low,34,Active
ATTR0002653,EMP02653,Sales,5,Poor,High,76,Active
ATTR0002654,EMP02654,IT,4,Good,Medium,71,Active
ATTR0002655,EMP02655,Sales,3,Excellent,High,81,Active
ATTR0002656,EMP02656,Sales,8,Excellent,Low,40,Resigned
ATTR0002657,EMP02657,HR,7,Excellent,Low,22,Active
ATTR0002658,EMP02658,Sales,6,Good,Low,27,Active
ATTR0002659,EMP02659,IT,2,Poor,Low,30,Active
ATTR0002660,EMP02660,Finance,10,Average,Medium,56,Active
ATTR0002661,EMP02661,Finance,7,Average,Low,36,Active
ATTR0002662,EMP02662,HR,1,Excellent,Low,20,Active
ATTR0002663,EMP02663,Finance,5,Excellent,Medium,56,Active
ATTR0002664,EMP02664,HR,0,Good,High,85,Active
ATTR0002665,EMP02665,Operations,1,Good,Medium,68,Active
ATTR0002666,EMP02666,Operations,11,Excellent,Medium,64,Active
ATTR0002667,EMP02667,IT,1,Excellent,Low,38,Active
ATTR0002668,EMP02668,Sales,2,Good,Medium,55,Active
ATTR0002669,EMP02669,Finance,5,Poor,Medium,56,Active
ATTR0002670,EMP02670,IT,11,Poor,Low,30,Active
ATTR0002671,EMP02671,Finance,4,Excellent,High,83,Active
ATTR0002672,EMP02672,Operations,1,Good,Low,24,Active
ATTR0002673,EMP02673,Operations,3,Good,High,99,Resigned
ATTR0002674,EMP02674,IT,8,Poor,Medium,65,Active
ATTR0002675,EMP02675,Sales,9,Excellent,Medium,54,Active
ATTR0002676,EMP02676,Finance,6,Excellent,Low,21,Resigned
ATTR0002677,EMP02677,Sales,5,Poor,Low,25,Active
ATTR0002678,EMP02678,Finance,10,Average,Medium,59,Active
ATTR0002679,EMP02679,Finance,2,Average,High,81,Resigned
ATTR0002680,EMP02680,Operations,5,Poor,Medium,53,Active
ATTR0002681,EMP02681,IT,1,Good,Low,39,Active
ATTR0002682,EMP02682,Operations,7,Poor,Medium,59,Active
ATTR0002683,EMP02683,Sales,10,Average,Medium,51,Active
ATTR0002684,EMP02684,Operations,2,Poor,Low,40,Resigned
ATTR0002685,EMP02685,Marketing,2,Good,High,99,Active
ATTR0002686,EMP02686,Operations,3,Poor,High,98,Active
ATTR0002687,EMP02687,Operations,8,Average,Low,23,Active
ATTR0002688,EMP02688,Marketing,2,Good,Medium,66,Active
ATTR0002689,EMP02689,Finance,8,Average,Low,30,Active
ATTR0002690,EMP02690,Finance,0,Good,Medium,65,Active
ATTR0002691,EMP02691,IT,3,Good,Low,40,Active
ATTR0002692,EMP02692,HR,10,Good,Medium,74,Active
ATTR0002693,EMP02693,HR,1,Excellent,Low,43,Active
ATTR0002694,EMP02694,HR,7,Poor,Low,31,Active
ATTR0002695,EMP02695,HR,11,Average,Medium,50,Active
ATTR0002696,EMP02696,Operations,9,Poor,Low,38,Active
ATTR0002697,EMP02697,IT,4,Good,Medium,72,Active
ATTR0002698,EMP02698,Operations,1,Poor,Low,30,Active
ATTR0002699,EMP02699,Operations,8,Excellent,High,91,Active
ATTR0002700,EMP02700,HR,3,Poor,Low,24,Active
ATTR0002701,EMP02701,HR,5,Good,Low,48,Active
ATTR0002702,EMP02702,IT,7,Average,Medium,71,Active
ATTR0002703,EMP02703,Operations,3,Excellent,High,77,Active
ATTR0002704,EMP02704,Sales,8,Excellent,Low,22,Active
ATTR0002705,EMP02705,HR,11,Excellent,Low,38,Active
ATTR0002706,EMP02706,Sales,3,Good,Medium,71,Resigned
ATTR0002707,EMP02707,Marketing,9,Poor,Medium,64,Active
ATTR0002708,EMP02708,Sales,5,Poor,Medium,62,Resigned
ATTR0002709,EMP02709,HR,7,Good,High,84,Resigned
ATTR0002710,EMP02710,Marketing,1,Good,High,89,Active
ATTR0002711,EMP02711,IT,4,Excellent,Low,34,Active
ATTR0002712,EMP02712,Marketing,6,Excellent,High,88,Active
ATTR0002713,EMP02713,Marketing,10,Poor,High,95,Active
ATTR0002714,EMP02714,Finance,8,Excellent,Medium,60,Resigned
ATTR0002715,EMP02715,HR,0,Average,Medium,71,Active
ATTR0002716,EMP02716,HR,5,Good,High,99,Resigned
ATTR0002717,EMP02717,Finance,2,Good,Low,38,Active
ATTR0002718,EMP02718,HR,9,Poor,Medium,66,Active
ATTR0002719,EMP02719,HR,2,Average,Low,44,Active
ATTR0002720,EMP02720,HR,11,Poor,Low,42,Active
ATTR0002721,EMP02721,IT,6,Poor,Medium,66,Active
ATTR0002722,EMP02722,Marketing,1,Average,Medium,50,Resigned
ATTR0002723,EMP02723,Operations,5,Excellent,Medium,74,Active
ATTR0002724,EMP02724,Marketing,8,Poor,High,96,Active
ATTR0002725,EMP02725,Finance,8,Average,Medium,72,Active
ATTR0002726,EMP02726,Finance,9,Poor,Low,28,Active
ATTR0002727,EMP02727,Marketing,8,Excellent,High,86,Active
ATTR0002728,EMP02728,Operations,2,Good,Low,47,Active
ATTR0002729,EMP02729,Operations,11,Poor,High,75,Active
ATTR0002730,EMP02730,IT,6,Average,High,80,Active
ATTR0002731,EMP02731,Finance,5,Average,Low,35,Active
ATTR0002732,EMP02732,Operations,9,Average,Low,26,Resigned
ATTR0002733,EMP02733,Operations,11,Excellent,High,94,Active
ATTR0002734,EMP02734,Marketing,10,Poor,Low,43,Resigned
ATTR0002735,EMP02735,HR,10,Good,Medium,51,Active
ATTR0002736,EMP02736,Finance,4,Poor,Low,36,Active
ATTR0002737,EMP02737,IT,5,Excellent,High,89,Active
ATTR0002738,EMP02738,IT,5,Good,High,82,Active
ATTR0002739,EMP02739,Sales,4,Average,Low,41,Active
ATTR0002740,EMP02740,Sales,2,Excellent,Low,33,Active
ATTR0002741,EMP02741,Marketing,4,Average,High,87,Active
ATTR0002742,EMP02742,HR,8,Excellent,High,100,Active
ATTR0002743,EMP02743,Operations,3,Good,Low,48,Active
ATTR0002744,EMP02744,Finance,0,Poor,High,98,Resigned
ATTR0002745,EMP02745,IT,1,Good,Low,21,Active
ATTR0002746,EMP02746,HR,11,Good,High,82,Active
ATTR0002747,EMP02747,Sales,7,Poor,Low,44,Resigned
ATTR0002748,EMP02748,IT,9,Excellent,High,84,Active
ATTR0002749,EMP02749,IT,11,Poor,Low,30,Active
ATTR0002750,EMP02750,HR,2,Average,High,99,Active
ATTR0002751,EMP02751,Marketing,7,Excellent,Medium,54,Active
ATTR0002752,EMP02752,Marketing,1,Poor,Low,25,Resigned
ATTR0002753,EMP02753,Finance,9,Poor,High,80,Active
ATTR0002754,EMP02754,IT,1,Average,High,80,Active
ATTR0002755,EMP02755,Marketing,3,Good,Medium,61,Active
ATTR0002756,EMP02756,Sales,6,Poor,Medium,71,Active
ATTR0002757,EMP02757,HR,4,Average,Medium,50,Active
ATTR0002758,EMP02758,Marketing,0,Average,High,77,Active
ATTR0002759,EMP02759,Operations,5,Good,Low,43,Active
ATTR0002760,EMP02760,IT,3,Average,Low,36,Active
ATTR0002761,EMP02761,Sales,4,Good,High,89,Active
ATTR0002762,EMP02762,IT,10,Poor,Medium,55,Active
ATTR0002763,EMP02763,Sales,2,Poor,Medium,64,Active
ATTR0002764,EMP02764,Marketing,10,Good,Low,49,Resigned
ATTR0002765,EMP02765,Sales,4,Good,High,100,Active
ATTR0002766,EMP02766,Operations,3,Average,High,96,Active
ATTR0002767,EMP02767,HR,1,Poor,Medium,57,Resigned
ATTR0002768,EMP02768,Sales,10,Average,Low,46,Active
ATTR0002769,EMP02769,IT,5,Excellent,Medium,68,Active
ATTR0002770,EMP02770,Operations,6,Excellent,Low,35,Resigned
ATTR0002771,EMP02771,IT,11,Good,High,96,Active
ATTR0002772,EMP02772,Marketing,1,Good,Medium,57,Active
ATTR0002773,EMP02773,HR,9,Average,High,77,Resigned
ATTR0002774,EMP02774,Sales,0,Good,Medium,54,Active
ATTR0002775,EMP02775,Marketing,7,Excellent,High,77,Active
ATTR0002776,EMP02776,IT,10,Excellent,Low,32,Active
ATTR0002777,EMP02777,Finance,7,Poor,Medium,60,Active
ATTR0002778,EMP02778,Finance,1,Good,High,90,Active
ATTR0002779,EMP02779,Sales,5,Poor,High,81,Active
ATTR0002780,EMP02780,Sales,5,Good,Low,44,Active
ATTR0002781,EMP02781,Marketing,4,Excellent,Low,30,Active
ATTR0002782,EMP02782,IT,1,Poor,Low,23,Active
ATTR0002783,EMP02783,Sales,9,Average,High,91,Active
ATTR0002784,EMP02784,Sales,2,Poor,Low,47,Resigned
ATTR0002785,EMP02785,Operations,5,Good,Low,36,Active
ATTR0002786,EMP02786,Sales,4,Average,High,84,Active
ATTR0002787,EMP02787,Marketing,7,Good,High,95,Active
ATTR0002788,EMP02788,Operations,1,Good,Low,27,Active
ATTR0002789,EMP02789,IT,4,Poor,High,79,Active
ATTR0002790,EMP02790,IT,10,Average,High,89,Resigned
ATTR0002791,EMP02791,Finance,6,Good,Medium,58,Active
ATTR0002792,EMP02792,Finance,3,Excellent,High,78,Active
ATTR0002793,EMP02793,Operations,5,Good,Medium,69,Resigned
ATTR0002794,EMP02794,Operations,8,Good,Low,29,Active
ATTR0002795,EMP02795,Finance,3,Poor,Medium,51,Resigned
ATTR0002796,EMP02796,Finance,2,Poor,Medium,62,Active
ATTR0002797,EMP02797,HR,5,Good,Low,41,Active
ATTR0002798,EMP02798,Sales,9,Average,Low,27,Active
ATTR0002799,EMP02799,Finance,11,Good,Medium,69,Active
ATTR0002800,EMP02800,Finance,9,Average,Low,33,Active
ATTR0002801,EMP02801,Marketing,9,Excellent,Low,41,Active
ATTR0002802,EMP02802,Operations,9,Excellent,Medium,57,Active
ATTR0002803,EMP02803,Sales,1,Excellent,High,87,Active
ATTR0002804,EMP02804,Finance,1,Good,Low,28,Active
ATTR0002805,EMP02805,HR,11,Poor,High,75,Active
ATTR0002806,EMP02806,Operations,2,Average,Low,24,Active
ATTR0002807,EMP02807,Sales,6,Poor,Low,46,Active
ATTR0002808,EMP02808,Operations,7,Average,Medium,57,Active
ATTR0002809,EMP02809,Finance,6,Good,Low,30,Active
ATTR0002810,EMP02810,HR,0,Poor,High,85,Active
ATTR0002811,EMP02811,Finance,8,Good,Low,30,Active
ATTR0002812,EMP02812,Marketing,1,Poor,High,100,Active
ATTR0002813,EMP02813,IT,8,Average,Low,28,Resigned
ATTR0002814,EMP02814,Finance,4,Average,Medium,69,Active
ATTR0002815,EMP02815,Operations,2,Excellent,Medium,74,Active
ATTR0002816,EMP02816,Sales,7,Excellent,High,86,Active
ATTR0002817,EMP02817,Operations,9,Average,High,83,Active
ATTR0002818,EMP02818,Finance,11,Average,Medium,61,Active
ATTR0002819,EMP02819,IT,5,Good,Medium,51,Active
ATTR0002820,EMP02820,Sales,3,Poor,Low,32,Active
ATTR0002821,EMP02821,IT,1,Excellent,Low,35,Resigned
ATTR0002822,EMP02822,IT,7,Poor,Medium,55,Resigned
ATTR0002823,EMP02823,Marketing,10,Good,High,85,Active
ATTR0002824,EMP02824,Operations,2,Excellent,High,89,Active
ATTR0002825,EMP02825,Finance,3,Good,Medium,58,Active
ATTR0002826,EMP02826,Finance,1,Excellent,High,96,Active
ATTR0002827,EMP02827,Sales,2,Good,Low,35,Active
ATTR0002828,EMP02828,Marketing,9,Poor,High,96,Active
ATTR0002829,EMP02829,Finance,8,Excellent,Low,30,Active
ATTR0002830,EMP02830,Marketing,3,Good,Medium,55,Active
ATTR0002831,EMP02831,Sales,2,Average,High,78,Active
ATTR0002832,EMP02832,Operations,9,Good,Medium,55,Active
ATTR0002833,EMP02833,IT,2,Excellent,Medium,72,Active
ATTR0002834,EMP02834,Sales,7,Excellent,Medium,55,Active
ATTR0002835,EMP02835,IT,5,Average,Medium,64,Active
ATTR0002836,EMP02836,IT,9,Good,Low,21,Active
ATTR0002837,EMP02837,HR,9,Average,High,97,Active
ATTR0002838,EMP02838,IT,3,Poor,Low,38,Active
ATTR0002839,EMP02839,HR,11,Good,Medium,63,Active
ATTR0002840,EMP02840,IT,1,Average,High,99,Active
ATTR0002841,EMP02841,IT,5,Excellent,Low,40,Active
ATTR0002842,EMP02842,HR,8,Good,High,93,Active
ATTR0002843,EMP02843,Operations,6,Average,Medium,63,Active
ATTR0002844,EMP02844,Operations,10,Good,Low,33,Active
ATTR0002845,EMP02845,Finance,10,Average,High,82,Active
ATTR0002846,EMP02846,Operations,8,Good,Low,30,Active
ATTR0002847,EMP02847,Marketing,3,Average,Medium,67,Active
ATTR0002848,EMP02848,Operations,4,Poor,Low,37,Active
ATTR0002849,EMP02849,Operations,6,Excellent,Low,35,Resigned
ATTR0002850,EMP02850,HR,5,Excellent,High,76,Active
ATTR0002851,EMP02851,Sales,2,Good,Low,45,Active
ATTR0002852,EMP02852,Operations,4,Poor,High,97,Active
ATTR0002853,EMP02853,IT,6,Average,Low,32,Active
ATTR0002854,EMP02854,Sales,5,Average,High,84,Active
ATTR0002855,EMP02855,Marketing,0,Average,Low,31,Resigned
ATTR0002856,EMP02856,IT,5,Good,High,91,Active
ATTR0002857,EMP02857,Operations,4,Average,Low,34,Active
ATTR0002858,EMP02858,Sales,2,Average,Medium,69,Active
ATTR0002859,EMP02859,Sales,2,Excellent,High,76,Active
ATTR0002860,EMP02860,IT,0,Excellent,Low,38,Active
ATTR0002861,EMP02861,IT,9,Good,High,86,Active
ATTR0002862,EMP02862,IT,6,Good,High,75,Active
ATTR0002863,EMP02863,HR,10,Poor,Medium,73,Active
ATTR0002864,EMP02864,Marketing,7,Average,Medium,74,Active
ATTR0002865,EMP02865,IT,1,Good,Low,41,Active
ATTR0002866,EMP02866,Operations,1,Good,High,86,Active
ATTR0002867,EMP02867,HR,10,Good,High,91,Active
ATTR0002868,EMP02868,HR,2,Average,Low,23,Resigned
ATTR0002869,EMP02869,IT,6,Poor,Low,35,Active
ATTR0002870,EMP02870,Finance,3,Average,Medium,67,Active
ATTR0002871,EMP02871,Operations,1,Poor,High,93,Active
ATTR0002872,EMP02872,Finance,7,Excellent,Low,21,Active
ATTR0002873,EMP02873,HR,8,Excellent,Medium,53,Active
ATTR0002874,EMP02874,Operations,4,Poor,High,90,Active
ATTR0002875,EMP02875,Marketing,3,Good,High,93,Active
ATTR0002876,EMP02876,IT,5,Excellent,Low,32,Resigned
ATTR0002877,EMP02877,Marketing,2,Average,Medium,65,Active
ATTR0002878,EMP02878,Operations,3,Average,Low,43,Active
ATTR0002879,EMP02879,IT,8,Excellent,Medium,63,Active
ATTR0002880,EMP02880,Sales,1,Excellent,High,89,Active
ATTR0002881,EMP02881,Marketing,10,Average,Medium,60,Active
ATTR0002882,EMP02882,IT,10,Poor,Medium,51,Active
ATTR0002883,EMP02883,IT,6,Average,Low,49,Resigned
ATTR0002884,EMP02884,Sales,2,Good,High,76,Resigned
ATTR0002885,EMP02885,Finance,5,Good,High,82,Active
ATTR0002886,EMP02886,Sales,7,Good,Low,43,Resigned
ATTR0002887,EMP02887,Sales,7,Average,High,82,Active
ATTR0002888,EMP02888,Sales,10,Good,High,86,Active
ATTR0002889,EMP02889,Sales,3,Poor,Low,39,Resigned
ATTR0002890,EMP02890,Finance,5,Excellent,Medium,54,Active
ATTR0002891,EMP02891,Marketing,10,Good,Medium,54,Active
ATTR0002892,EMP02892,IT,5,Excellent,Low,21,Active
ATTR0002893,EMP02893,Marketing,3,Average,Low,39,Active
ATTR0002894,EMP02894,Finance,2,Good,High,93,Active
ATTR0002895,EMP02895,Marketing,9,Excellent,High,75,Active
ATTR0002896,EMP02896,HR,10,Excellent,High,88,Resigned
ATTR0002897,EMP02897,Marketing,8,Good,High,85,Active
ATTR0002898,EMP02898,Marketing,6,Average,Low,22,Active
ATTR0002899,EMP02899,Marketing,8,Average,High,77,Resigned
ATTR0002900,EMP02900,Marketing,11,Poor,Medium,67,Active
ATTR0002901,EMP02901,Marketing,1,Excellent,High,97,Resigned
ATTR0002902,EMP02902,Sales,11,Good,High,93,Active
ATTR0002903,EMP02903,HR,8,Poor,Medium,59,Active
ATTR0002904,EMP02904,Marketing,2,Good,Medium,71,Resigned
ATTR0002905,EMP02905,Finance,6,Average,Medium,67,Active
ATTR0002906,EMP02906,Finance,9,Average,High,93,Active
ATTR0002907,EMP02907,Finance,1,Excellent,Medium,67,Active
ATTR0002908,EMP02908,Operations,3,Excellent,Medium,73,Active
ATTR0002909,EMP02909,HR,8,Good,Medium,52,Active
ATTR0002910,EMP02910,HR,11,Average,High,90,Active
ATTR0002911,EMP02911,Finance,10,Good,Low,31,Active
ATTR0002912,EMP02912,Marketing,7,Excellent,Low,42,Active
ATTR0002913,EMP02913,Sales,9,Poor,Low,31,Resigned
ATTR0002914,EMP02914,Sales,10,Average,Medium,71,Active
ATTR0002915,EMP02915,Finance,2,Poor,High,87,Active
ATTR0002916,EMP02916,Finance,10,Good,Low,25,Resigned
ATTR0002917,EMP02917,Finance,10,Good,Medium,58,Active
ATTR0002918,EMP02918,Marketing,11,Excellent,Low,27,Active
ATTR0002919,EMP02919,Marketing,9,Excellent,Low,37,Active
ATTR0002920,EMP02920,Marketing,4,Good,High,77,Active
ATTR0002921,EMP02921,HR,8,Poor,High,80,Active
ATTR0002922,EMP02922,HR,10,Average,Medium,65,Active
ATTR0002923,EMP02923,Finance,8,Average,Low,24,Active
ATTR0002924,EMP02924,Operations,1,Good,High,84,Active
ATTR0002925,EMP02925,HR,1,Good,High,95,Active
ATTR0002926,EMP02926,Finance,11,Good,High,76,Active
ATTR0002927,EMP02927,HR,8,Good,High,79,Resigned
ATTR0002928,EMP02928,Operations,3,Excellent,Low,24,Active
ATTR0002929,EMP02929,HR,4,Poor,High,87,Resigned
ATTR0002930,EMP02930,Operations,9,Good,Medium,65,Active
ATTR0002931,EMP02931,Operations,6,Excellent,Low,38,Active
ATTR0002932,EMP02932,Sales,11,Average,High,86,Active
ATTR0002933,EMP02933,Finance,2,Average,Low,24,Active
ATTR0002934,EMP02934,Marketing,7,Good,Medium,71,Active
ATTR0002935,EMP02935,Finance,7,Excellent,High,97,Active
ATTR0002936,EMP02936,Operations,4,Good,Low,30,Active
ATTR0002937,EMP02937,Sales,9,Excellent,Medium,54,Active
ATTR0002938,EMP02938,HR,1,Poor,High,80,Resigned
ATTR0002939,EMP02939,HR,3,Average,Low,48,Active
ATTR0002940,EMP02940,Operations,6,Excellent,High,82,Active
ATTR0002941,EMP02941,IT,9,Good,Medium,57,Resigned
ATTR0002942,EMP02942,Operations,6,Poor,Medium,66,Active
ATTR0002943,EMP02943,Sales,3,Good,High,94,Active
ATTR0002944,EMP02944,Operations,10,Excellent,High,87,Active
ATTR0002945,EMP02945,Operations,6,Average,Low,43,Active
ATTR0002946,EMP02946,HR,8,Poor,Low,39,Active
ATTR0002947,EMP02947,IT,10,Excellent,Low,21,Active
ATTR0002948,EMP02948,Finance,7,Excellent,Low,35,Active
ATTR0002949,EMP02949,Operations,3,Excellent,High,89,Active
ATTR0002950,EMP02950,Finance,6,Excellent,Low,32,Active
ATTR0002951,EMP02951,Operations,6,Average,High,76,Active
ATTR0002952,EMP02952,Operations,7,Average,Low,26,Active
ATTR0002953,EMP02953,Marketing,0,Good,High,100,Resigned
ATTR0002954,EMP02954,Marketing,7,Average,Medium,73,Active
ATTR0002955,EMP02955,Marketing,8,Average,High,97,Active
ATTR0002956,EMP02956,Finance,5,Good,High,86,Active
ATTR0002957,EMP02957,Operations,10,Excellent,Medium,69,Resigned
ATTR0002958,EMP02958,Marketing,3,Good,Medium,53,Resigned
ATTR0002959,EMP02959,IT,1,Good,Medium,69,Active
ATTR0002960,EMP02960,HR,2,Poor,Low,30,Active
ATTR0002961,EMP02961,Marketing,8,Excellent,Medium,57,Resigned
ATTR0002962,EMP02962,Finance,8,Poor,Medium,71,Active
ATTR0002963,EMP02963,Sales,6,Poor,High,98,Active
ATTR0002964,EMP02964,HR,8,Poor,Low,31,Active
ATTR0002965,EMP02965,HR,2,Average,Medium,54,Active
ATTR0002966,EMP02966,Marketing,2,Average,Low,37,Active
ATTR0002967,EMP02967,Finance,2,Excellent,High,90,Active
ATTR0002968,EMP02968,HR,11,Good,High,80,Active
ATTR0002969,EMP02969,Operations,11,Good,Low,29,Active
ATTR0002970,EMP02970,Operations,10,Excellent,Medium,70,Active
ATTR0002971,EMP02971,Operations,7,Excellent,Medium,64,Active
ATTR0002972,EMP02972,Sales,1,Poor,High,83,Active
ATTR0002973,EMP02973,Sales,10,Excellent,Low,22,Active
ATTR0002974,EMP02974,Finance,8,Average,Medium,52,Active
ATTR0002975,EMP02975,Marketing,2,Average,Medium,52,Active
ATTR0002976,EMP02976,Operations,10,Excellent,Low,40,Active
ATTR0002977,EMP02977,Marketing,4,Average,Low,31,Resigned
ATTR0002978,EMP02978,Operations,8,Poor,Medium,69,Active
ATTR0002979,EMP02979,Sales,8,Good,Medium,73,Active
ATTR0002980,EMP02980,Operations,0,Excellent,Medium,72,Resigned
ATTR0002981,EMP02981,Sales,2,Excellent,High,86,Active
ATTR0002982,EMP02982,Finance,2,Good,High,82,Active
ATTR0002983,EMP02983,Sales,11,Poor,High,82,Active
ATTR0002984,EMP02984,HR,10,Excellent,Low,38,Resigned
ATTR0002985,EMP02985,Finance,5,Good,High,80,Active
ATTR0002986,EMP02986,Operations,3,Poor,Medium,73,Active
ATTR0002987,EMP02987,Finance,1,Good,Medium,58,Resigned
ATTR0002988,EMP02988,HR,4,Poor,High,79,Active
ATTR0002989,EMP02989,Operations,8,Average,Medium,72,Active
ATTR0002990,EMP02990,IT,7,Average,High,76,Active
ATTR0002991,EMP02991,HR,7,Average,Medium,60,Active
ATTR0002992,EMP02992,Finance,3,Excellent,Low,40,Active
ATTR0002993,EMP02993,Finance,2,Good,High,86,Active
ATTR0002994,EMP02994,Finance,4,Good,High,88,Active
ATTR0002995,EMP02995,IT,8,Poor,Low,40,Active
ATTR0002996,EMP02996,Marketing,6,Excellent,High,98,Resigned
ATTR0002997,EMP02997,Finance,3,Poor,Medium,52,Active
ATTR0002998,EMP02998,IT,4,Good,Low,49,Active
ATTR0002999,EMP02999,HR,9,Poor,Low,39,Active
ATTR0003000,EMP03000,Sales,10,Good,Low,46,Active
ATTR0003001,EMP03001,IT,6,Excellent,Medium,64,Resigned
ATTR0003002,EMP03002,Marketing,6,Average,Low,34,Active
ATTR0003003,EMP03003,Finance,5,Average,High,76,Resigned
ATTR0003004,EMP03004,Finance,4,Average,Low,29,Active
ATTR0003005,EMP03005,HR,8,Poor,Low,22,Active
ATTR0003006,EMP03006,Operations,8,Good,Medium,71,Active
ATTR0003007,EMP03007,Operations,5,Excellent,Low,25,Active
ATTR0003008,EMP03008,IT,10,Average,Low,31,Active
ATTR0003009,EMP03009,Finance,4,Good,High,81,Active
ATTR0003010,EMP03010,Operations,4,Poor,High,92,Active
ATTR0003011,EMP03011,Operations,6,Poor,Low,45,Resigned
ATTR0003012,EMP03012,HR,11,Poor,Medium,55,Active
ATTR0003013,EMP03013,HR,10,Excellent,High,77,Active
ATTR0003014,EMP03014,HR,8,Good,Low,41,Active
ATTR0003015,EMP03015,HR,0,Excellent,Medium,51,Active
ATTR0003016,EMP03016,Marketing,3,Good,Low,48,Active
ATTR0003017,EMP03017,Sales,11,Poor,Low,41,Active
ATTR0003018,EMP03018,Operations,1,Average,Low,23,Active
ATTR0003019,EMP03019,IT,9,Poor,Low,28,Active
ATTR0003020,EMP03020,Marketing,10,Excellent,Medium,62,Active
ATTR0003021,EMP03021,IT,4,Poor,Low,40,Active
ATTR0003022,EMP03022,HR,4,Poor,Medium,70,Active
ATTR0003023,EMP03023,HR,1,Excellent,Low,28,Resigned
ATTR0003024,EMP03024,Operations,7,Good,Low,45,Active
ATTR0003025,EMP03025,IT,10,Average,Low,43,Resigned
ATTR0003026,EMP03026,Sales,6,Average,Low,31,Active
ATTR0003027,EMP03027,Finance,6,Excellent,Low,36,Active
ATTR0003028,EMP03028,Finance,6,Good,High,88,Active
ATTR0003029,EMP03029,Marketing,2,Excellent,High,75,Active
ATTR0003030,EMP03030,Sales,6,Poor,Low,28,Active
ATTR0003031,EMP03031,HR,2,Excellent,High,76,Active
ATTR0003032,EMP03032,Sales,5,Good,High,78,Active
ATTR0003033,EMP03033,Marketing,6,Poor,High,81,Resigned
ATTR0003034,EMP03034,Sales,5,Excellent,High,80,Resigned
ATTR0003035,EMP03035,Marketing,9,Average,High,82,Active
ATTR0003036,EMP03036,Operations,1,Excellent,High,78,Resigned
ATTR0003037,EMP03037,Sales,6,Average,High,93,Active
ATTR0003038,EMP03038,HR,6,Poor,Low,40,Active
ATTR0003039,EMP03039,Marketing,10,Poor,Low,37,Active
ATTR0003040,EMP03040,Finance,2,Poor,Medium,62,Active
ATTR0003041,EMP03041,HR,3,Poor,High,93,Active
ATTR0003042,EMP03042,HR,5,Excellent,Medium,60,Resigned
ATTR0003043,EMP03043,Operations,10,Poor,Low,29,Active
ATTR0003044,EMP03044,HR,8,Good,Low,40,Resigned
ATTR0003045,EMP03045,Operations,5,Excellent,High,83,Active
ATTR0003046,EMP03046,Marketing,11,Average,High,91,Resigned
ATTR0003047,EMP03047,Sales,1,Excellent,High,76,Active
ATTR0003048,EMP03048,Sales,7,Average,High,80,Active
ATTR0003049,EMP03049,IT,6,Good,Low,22,Active
ATTR0003050,EMP03050,IT,10,Poor,High,98,Active
ATTR0003051,EMP03051,Operations,2,Good,Medium,74,Active
ATTR0003052,EMP03052,Marketing,10,Average,Low,20,Active
ATTR0003053,EMP03053,Operations,6,Excellent,Low,20,Active
ATTR0003054,EMP03054,Operations,4,Good,Medium,64,Active
ATTR0003055,EMP03055,Finance,8,Excellent,High,92,Active
ATTR0003056,EMP03056,Sales,10,Poor,Low,21,Active
ATTR0003057,EMP03057,Operations,8,Good,Low,38,Active
ATTR0003058,EMP03058,IT,11,Good,Low,42,Resigned
ATTR0003059,EMP03059,Marketing,7,Average,Low,46,Active
ATTR0003060,EMP03060,HR,9,Excellent,Low,40,Active
ATTR0003061,EMP03061,Finance,9,Good,High,95,Active
ATTR0003062,EMP03062,Operations,5,Poor,High,92,Active
ATTR0003063,EMP03063,Sales,9,Good,Medium,68,Active
ATTR0003064,EMP03064,HR,0,Excellent,Low,48,Active
ATTR0003065,EMP03065,Sales,6,Poor,High,81,Active
ATTR0003066,EMP03066,IT,5,Poor,Low,44,Active
ATTR0003067,EMP03067,Operations,1,Average,High,96,Active
ATTR0003068,EMP03068,IT,8,Excellent,High,98,Active
ATTR0003069,EMP03069,Finance,4,Good,High,100,Active
ATTR0003070,EMP03070,Sales,0,Excellent,High,99,Active
ATTR0003071,EMP03071,Operations,9,Good,Low,36,Active
ATTR0003072,EMP03072,Sales,5,Good,Low,35,Active
ATTR0003073,EMP03073,Operations,8,Average,High,79,Active
ATTR0003074,EMP03074,Operations,4,Good,Low,22,Active
ATTR0003075,EMP03075,Operations,3,Average,Medium,64,Resigned
ATTR0003076,EMP03076,Finance,0,Poor,High,98,Active
ATTR0003077,EMP03077,Finance,4,Poor,Medium,53,Active
ATTR0003078,EMP03078,Sales,6,Average,High,88,Active
ATTR0003079,EMP03079,IT,1,Good,High,82,Active
ATTR0003080,EMP03080,Finance,10,Average,Low,37,Active
ATTR0003081,EMP03081,HR,5,Average,Medium,65,Active
ATTR0003082,EMP03082,Finance,4,Good,Medium,51,Resigned
ATTR0003083,EMP03083,IT,3,Average,High,99,Active
ATTR0003084,EMP03084,HR,3,Excellent,Medium,68,Active
ATTR0003085,EMP03085,Operations,8,Poor,Low,26,Active
ATTR0003086,EMP03086,HR,5,Poor,Low,44,Active
ATTR0003087,EMP03087,HR,2,Poor,Low,41,Active
ATTR0003088,EMP03088,HR,8,Good,Low,26,Active
ATTR0003089,EMP03089,HR,10,Excellent,High,80,Active
ATTR0003090,EMP03090,IT,3,Average,Medium,57,Active
ATTR0003091,EMP03091,Marketing,10,Average,High,94,Active
ATTR0003092,EMP03092,IT,8,Average,Low,28,Active
ATTR0003093,EMP03093,Operations,0,Average,High,94,Active
ATTR0003094,EMP03094,IT,8,Poor,High,84,Active
ATTR0003095,EMP03095,Sales,8,Average,Medium,63,Active
ATTR0003096,EMP03096,Finance,4,Excellent,Medium,64,Resigned
ATTR0003097,EMP03097,Operations,6,Average,High,97,Active
ATTR0003098,EMP03098,Finance,11,Poor,Medium,67,Resigned
ATTR0003099,EMP03099,IT,11,Average,High,83,Active
ATTR0003100,EMP03100,Operations,6,Poor,Low,32,Active
ATTR0003101,EMP03101,Sales,1,Average,Low,24,Resigned
ATTR0003102,EMP03102,Sales,10,Good,Low,31,Active
ATTR0003103,EMP03103,IT,10,Poor,Low,44,Active
ATTR0003104,EMP03104,Finance,1,Poor,Low,25,Active
ATTR0003105,EMP03105,Finance,6,Excellent,Low,27,Active
ATTR0003106,EMP03106,Sales,8,Average,High,100,Active
ATTR0003107,EMP03107,Operations,5,Good,High,89,Active
ATTR0003108,EMP03108,Marketing,4,Average,Low,47,Active
ATTR0003109,EMP03109,Marketing,1,Average,Low,28,Active
ATTR0003110,EMP03110,Operations,10,Good,High,95,Active
ATTR0003111,EMP03111,Marketing,3,Poor,Low,47,Active
ATTR0003112,EMP03112,Sales,1,Poor,High,89,Active
ATTR0003113,EMP03113,HR,3,Average,Low,33,Active
ATTR0003114,EMP03114,Marketing,1,Poor,Low,34,Active
ATTR0003115,EMP03115,Operations,2,Poor,Medium,60,Active
ATTR0003116,EMP03116,Finance,8,Poor,Low,38,Resigned
ATTR0003117,EMP03117,Marketing,8,Good,Medium,62,Active
ATTR0003118,EMP03118,Sales,4,Good,Medium,55,Active
ATTR0003119,EMP03119,Marketing,4,Poor,High,94,Active
ATTR0003120,EMP03120,Finance,10,Average,Low,36,Active
ATTR0003121,EMP03121,Marketing,1,Average,High,94,Active
ATTR0003122,EMP03122,Sales,3,Excellent,High,91,Active
ATTR0003123,EMP03123,Operations,6,Excellent,Low,28,Active
ATTR0003124,EMP03124,HR,10,Average,Medium,71,Active
ATTR0003125,EMP03125,Finance,10,Poor,Medium,53,Active
ATTR0003126,EMP03126,Finance,1,Excellent,Low,49,Active
ATTR0003127,EMP03127,Sales,5,Poor,Medium,52,Active
ATTR0003128,EMP03128,Finance,1,Poor,Medium,55,Active
ATTR0003129,EMP03129,Sales,4,Average,Medium,74,Active
ATTR0003130,EMP03130,Operations,4,Average,Low,46,Active
ATTR0003131,EMP03131,IT,9,Poor,Medium,60,Active
ATTR0003132,EMP03132,Operations,8,Poor,Low,20,Active
ATTR0003133,EMP03133,HR,2,Poor,Medium,50,Active
ATTR0003134,EMP03134,IT,3,Average,Medium,59,Active
ATTR0003135,EMP03135,IT,9,Good,High,86,Active
ATTR0003136,EMP03136,IT,5,Excellent,High,90,Active
ATTR0003137,EMP03137,HR,7,Poor,High,82,Resigned
ATTR0003138,EMP03138,Finance,2,Average,Medium,65,Active
ATTR0003139,EMP03139,Marketing,3,Average,High,79,Active
ATTR0003140,EMP03140,Marketing,6,Poor,Low,21,Active
ATTR0003141,EMP03141,Operations,8,Excellent,Low,44,Active
ATTR0003142,EMP03142,Finance,5,Poor,High,95,Active
ATTR0003143,EMP03143,Finance,1,Average,High,90,Active
ATTR0003144,EMP03144,Finance,4,Average,Low,33,Active
ATTR0003145,EMP03145,Sales,11,Poor,Low,40,Active
ATTR0003146,EMP03146,Operations,9,Poor,High,81,Active
ATTR0003147,EMP03147,HR,8,Good,Low,33,Active
ATTR0003148,EMP03148,HR,4,Good,Low,43,Active
ATTR0003149,EMP03149,HR,5,Excellent,High,76,Active
ATTR0003150,EMP03150,Sales,3,Poor,High,93,Active
ATTR0003151,EMP03151,Operations,7,Average,High,81,Active
ATTR0003152,EMP03152,Finance,8,Good,High,79,Active
ATTR0003153,EMP03153,Operations,7,Poor,Low,43,Active
ATTR0003154,EMP03154,Sales,11,Excellent,High,91,Active
ATTR0003155,EMP03155,Marketing,2,Excellent,Low,44,Active
ATTR0003156,EMP03156,Marketing,1,Excellent,High,76,Active
ATTR0003157,EMP03157,Operations,9,Poor,High,80,Active
ATTR0003158,EMP03158,Marketing,8,Excellent,Medium,62,Active
ATTR0003159,EMP03159,IT,5,Poor,Low,44,Active
ATTR0003160,EMP03160,Marketing,2,Poor,Medium,70,Active
ATTR0003161,EMP03161,Sales,8,Good,Medium,61,Active
ATTR0003162,EMP03162,IT,6,Good,Low,46,Active
ATTR0003163,EMP03163,Sales,10,Average,Low,25,Active
ATTR0003164,EMP03164,Finance,4,Excellent,Low,30,Active
ATTR0003165,EMP03165,Finance,7,Poor,Low,47,Active
ATTR0003166,EMP03166,Finance,0,Poor,High,86,Active
ATTR0003167,EMP03167,Sales,2,Average,High,95,Resigned
ATTR0003168,EMP03168,Sales,8,Excellent,Medium,72,Resigned
ATTR0003169,EMP03169,Marketing,9,Average,High,91,Active
ATTR0003170,EMP03170,HR,4,Poor,Medium,60,Active
ATTR0003171,EMP03171,Marketing,3,Good,Medium,71,Active
ATTR0003172,EMP03172,IT,4,Poor,Medium,67,Active
ATTR0003173,EMP03173,IT,1,Good,High,82,Active
ATTR0003174,EMP03174,IT,4,Good,High,82,Active
ATTR0003175,EMP03175,IT,7,Excellent,Medium,66,Active
ATTR0003176,EMP03176,Finance,6,Poor,Low,49,Resigned
ATTR0003177,EMP03177,Operations,2,Good,Low,20,Active
ATTR0003178,EMP03178,Finance,3,Good,Low,26,Resigned
ATTR0003179,EMP03179,Sales,2,Good,Medium,50,Active
ATTR0003180,EMP03180,IT,10,Average,Low,23,Active
ATTR0003181,EMP03181,HR,7,Average,High,97,Active
ATTR0003182,EMP03182,Finance,5,Average,Medium,63,Active
ATTR0003183,EMP03183,HR,2,Average,Medium,54,Active
ATTR0003184,EMP03184,Operations,2,Excellent,High,82,Active
ATTR0003185,EMP03185,Sales,10,Poor,Low,21,Active
ATTR0003186,EMP03186,HR,7,Average,Medium,61,Active
ATTR0003187,EMP03187,Sales,6,Excellent,Low,48,Active
ATTR0003188,EMP03188,HR,5,Average,High,96,Active
ATTR0003189,EMP03189,Finance,2,Excellent,Low,33,Resigned
ATTR0003190,EMP03190,Finance,4,Excellent,Low,32,Active
ATTR0003191,EMP03191,HR,0,Excellent,Medium,74,Active
ATTR0003192,EMP03192,Sales,6,Excellent,Low,44,Active
ATTR0003193,EMP03193,Operations,11,Good,Medium,63,Active
ATTR0003194,EMP03194,Sales,2,Average,Medium,58,Active
ATTR0003195,EMP03195,Sales,9,Good,Medium,73,Active
ATTR0003196,EMP03196,Finance,2,Poor,High,96,Active
ATTR0003197,EMP03197,IT,8,Poor,Low,42,Active
ATTR0003198,EMP03198,IT,4,Excellent,Low,25,Active
ATTR0003199,EMP03199,Marketing,0,Excellent,Medium,62,Active
ATTR0003200,EMP03200,Finance,11,Poor,Medium,74,Active
ATTR0003201,EMP03201,IT,4,Average,High,80,Resigned
ATTR0003202,EMP03202,Operations,8,Good,High,79,Active
ATTR0003203,EMP03203,Finance,5,Good,High,79,Resigned
ATTR0003204,EMP03204,Operations,10,Good,Low,23,Active
ATTR0003205,EMP03205,Operations,8,Average,Medium,74,Active
ATTR0003206,EMP03206,HR,3,Excellent,Medium,72,Resigned
ATTR0003207,EMP03207,HR,7,Poor,Medium,69,Active
ATTR0003208,EMP03208,Marketing,9,Good,Low,31,Active
ATTR0003209,EMP03209,Marketing,3,Excellent,High,81,Active
ATTR0003210,EMP03210,IT,9,Poor,High,99,Active
ATTR0003211,EMP03211,Sales,2,Excellent,Low,45,Active
ATTR0003212,EMP03212,Operations,2,Good,Medium,61,Active
ATTR0003213,EMP03213,Finance,11,Good,Medium,54,Active
ATTR0003214,EMP03214,IT,6,Poor,Medium,73,Active
ATTR0003215,EMP03215,Sales,9,Poor,Medium,52,Active
ATTR0003216,EMP03216,HR,3,Good,Low,37,Active
ATTR0003217,EMP03217,Marketing,10,Good,Low,38,Active
ATTR0003218,EMP03218,Sales,8,Excellent,High,95,Resigned
ATTR0003219,EMP03219,HR,3,Good,High,96,Active
ATTR0003220,EMP03220,Operations,8,Poor,High,75,Active
ATTR0003221,EMP03221,Finance,8,Excellent,High,81,Active
ATTR0003222,EMP03222,HR,4,Good,High,93,Active
ATTR0003223,EMP03223,Sales,1,Average,High,76,Active
ATTR0003224,EMP03224,Sales,8,Excellent,Low,30,Resigned
ATTR0003225,EMP03225,Marketing,3,Poor,Medium,53,Active
ATTR0003226,EMP03226,Finance,5,Excellent,Low,33,Active
ATTR0003227,EMP03227,Marketing,5,Good,Medium,63,Active
ATTR0003228,EMP03228,HR,5,Excellent,High,81,Resigned
ATTR0003229,EMP03229,IT,6,Excellent,High,79,Active
ATTR0003230,EMP03230,Sales,5,Average,Low,49,Active
ATTR0003231,EMP03231,Marketing,3,Average,High,90,Active
ATTR0003232,EMP03232,Operations,6,Poor,Medium,50,Active
ATTR0003233,EMP03233,Operations,9,Poor,Medium,59,Active
ATTR0003234,EMP03234,Operations,1,Average,Low,21,Resigned
ATTR0003235,EMP03235,IT,3,Average,Medium,56,Active
ATTR0003236,EMP03236,HR,3,Excellent,Low,33,Active
ATTR0003237,EMP03237,Marketing,9,Poor,High,88,Active
ATTR0003238,EMP03238,Operations,11,Poor,Medium,57,Active
ATTR0003239,EMP03239,Operations,5,Average,Medium,56,Active
ATTR0003240,EMP03240,Finance,5,Poor,Medium,51,Resigned
ATTR0003241,EMP03241,HR,1,Poor,High,91,Active
ATTR0003242,EMP03242,HR,6,Good,Low,47,Active
ATTR0003243,EMP03243,Finance,10,Poor,Medium,67,Active
ATTR0003244,EMP03244,Operations,8,Poor,Low,35,Active
ATTR0003245,EMP03245,Operations,0,Excellent,Medium,65,Active
ATTR0003246,EMP03246,IT,5,Poor,Low,49,Active
ATTR0003247,EMP03247,Operations,9,Excellent,High,92,Active
ATTR0003248,EMP03248,Operations,11,Average,Low,33,Active
ATTR0003249,EMP03249,Sales,4,Poor,High,99,Active
ATTR0003250,EMP03250,Operations,6,Average,Low,43,Active
ATTR0003251,EMP03251,Finance,3,Good,Medium,65,Active
ATTR0003252,EMP03252,Sales,6,Good,Low,30,Active
ATTR0003253,EMP03253,Operations,10,Good,Low,43,Active
ATTR0003254,EMP03254,Finance,7,Poor,High,89,Active
ATTR0003255,EMP03255,HR,10,Excellent,High,89,Active
ATTR0003256,EMP03256,HR,11,Poor,Low,34,Active
ATTR0003257,EMP03257,Finance,8,Good,High,85,Active
ATTR0003258,EMP03258,Finance,5,Poor,Medium,59,Active
ATTR0003259,EMP03259,HR,8,Excellent,High,80,Active
ATTR0003260,EMP03260,HR,4,Poor,High,84,Active
ATTR0003261,EMP03261,Operations,5,Excellent,High,100,Active
ATTR0003262,EMP03262,Marketing,2,Good,Medium,53,Active
ATTR0003263,EMP03263,Sales,6,Good,Medium,67,Active
ATTR0003264,EMP03264,IT,2,Average,High,93,Active
ATTR0003265,EMP03265,IT,2,Excellent,Medium,52,Resigned
ATTR0003266,EMP03266,Operations,10,Excellent,Medium,62,Active
ATTR0003267,EMP03267,Sales,9,Excellent,Low,37,Resigned
ATTR0003268,EMP03268,IT,1,Poor,Medium,58,Active
ATTR0003269,EMP03269,Sales,2,Average,Low,38,Active
ATTR0003270,EMP03270,Sales,1,Excellent,Low,34,Active
ATTR0003271,EMP03271,Finance,3,Poor,High,88,Active
ATTR0003272,EMP03272,IT,6,Poor,Medium,68,Active
ATTR0003273,EMP03273,Sales,2,Poor,Low,20,Resigned
ATTR0003274,EMP03274,Marketing,2,Excellent,High,99,Active
ATTR0003275,EMP03275,Finance,8,Poor,Medium,68,Active
ATTR0003276,EMP03276,Finance,4,Poor,Low,28,Resigned
ATTR0003277,EMP03277,Finance,3,Poor,Medium,58,Active
ATTR0003278,EMP03278,Marketing,10,Good,Medium,60,Active
ATTR0003279,EMP03279,HR,0,Excellent,Low,23,Active
ATTR0003280,EMP03280,Sales,6,Good,Low,43,Active
ATTR0003281,EMP03281,Sales,6,Good,High,88,Active
ATTR0003282,EMP03282,Operations,5,Good,Medium,62,Active
ATTR0003283,EMP03283,Operations,9,Good,High,79,Active
ATTR0003284,EMP03284,Sales,1,Excellent,Low,40,Active
ATTR0003285,EMP03285,Sales,11,Good,Low,45,Resigned
ATTR0003286,EMP03286,Operations,11,Excellent,Medium,59,Active
ATTR0003287,EMP03287,Operations,8,Poor,Medium,59,Active
ATTR0003288,EMP03288,HR,8,Average,Low,48,Active
ATTR0003289,EMP03289,Marketing,0,Excellent,Low,35,Resigned
ATTR0003290,EMP03290,Finance,7,Average,Low,38,Resigned
ATTR0003291,EMP03291,Sales,7,Good,High,94,Resigned
ATTR0003292,EMP03292,HR,10,Good,High,89,Resigned
ATTR0003293,EMP03293,IT,6,Poor,Medium,72,Active
ATTR0003294,EMP03294,Finance,0,Excellent,Low,35,Active
ATTR0003295,EMP03295,HR,2,Good,Low,43,Active
ATTR0003296,EMP03296,Finance,1,Average,High,97,Resigned
ATTR0003297,EMP03297,HR,7,Average,Medium,50,Active
ATTR0003298,EMP03298,Operations,5,Average,Low,49,Active
ATTR0003299,EMP03299,Operations,4,Good,Low,37,Active
ATTR0003300,EMP03300,Marketing,5,Excellent,Medium,54,Active
ATTR0003301,EMP03301,IT,3,Average,High,83,Active
ATTR0003302,EMP03302,Marketing,2,Poor,High,94,Active
ATTR0003303,EMP03303,HR,11,Excellent,Medium,71,Active
ATTR0003304,EMP03304,Operations,3,Excellent,High,95,Active
ATTR0003305,EMP03305,Marketing,5,Average,High,97,Active
ATTR0003306,EMP03306,HR,8,Average,High,90,Active
ATTR0003307,EMP03307,Marketing,1,Poor,Medium,74,Resigned
ATTR0003308,EMP03308,IT,4,Average,High,75,Active
ATTR0003309,EMP03309,HR,10,Poor,Low,35,Resigned
ATTR0003310,EMP03310,HR,1,Poor,Low,24,Active
ATTR0003311,EMP03311,Marketing,7,Good,Medium,55,Active
ATTR0003312,EMP03312,Finance,5,Excellent,Medium,72,Active
ATTR0003313,EMP03313,Operations,7,Good,Medium,68,Active
ATTR0003314,EMP03314,HR,2,Good,Low,43,Active
ATTR0003315,EMP03315,Operations,5,Average,High,91,Active
ATTR0003316,EMP03316,Marketing,10,Average,High,81,Active
ATTR0003317,EMP03317,Finance,9,Good,Low,25,Active
ATTR0003318,EMP03318,Sales,5,Average,High,76,Resigned
ATTR0003319,EMP03319,Operations,6,Good,Medium,50,Active
ATTR0003320,EMP03320,HR,8,Good,Medium,68,Active
ATTR0003321,EMP03321,Finance,4,Good,Low,41,Active
ATTR0003322,EMP03322,HR,8,Excellent,Low,41,Active
ATTR0003323,EMP03323,IT,9,Average,Medium,68,Active
ATTR0003324,EMP03324,Sales,3,Poor,High,81,Active
ATTR0003325,EMP03325,Operations,3,Good,Medium,51,Active
ATTR0003326,EMP03326,Operations,5,Poor,Medium,72,Active
ATTR0003327,EMP03327,IT,7,Average,Low,44,Active
ATTR0003328,EMP03328,Sales,3,Poor,High,85,Active
ATTR0003329,EMP03329,Marketing,3,Poor,High,86,Active
ATTR0003330,EMP03330,Sales,6,Excellent,Low,20,Active
ATTR0003331,EMP03331,Marketing,6,Poor,Low,26,Active
ATTR0003332,EMP03332,IT,2,Excellent,Low,42,Active
ATTR0003333,EMP03333,Finance,6,Good,Low,32,Active
ATTR0003334,EMP03334,IT,5,Good,Medium,55,Active
ATTR0003335,EMP03335,Operations,4,Average,Low,33,Resigned
ATTR0003336,EMP03336,IT,6,Good,Low,26,Active
ATTR0003337,EMP03337,Sales,8,Poor,Medium,61,Resigned
ATTR0003338,EMP03338,Finance,2,Excellent,Medium,58,Active
ATTR0003339,EMP03339,Sales,6,Poor,Low,42,Active
ATTR0003340,EMP03340,Operations,1,Average,High,85,Active
ATTR0003341,EMP03341,HR,2,Poor,High,77,Active
ATTR0003342,EMP03342,Marketing,1,Excellent,High,92,Active
ATTR0003343,EMP03343,Marketing,0,Excellent,High,94,Active
ATTR0003344,EMP03344,Operations,6,Poor,High,81,Active
ATTR0003345,EMP03345,Marketing,2,Average,Low,47,Active
ATTR0003346,EMP03346,Finance,4,Average,Low,26,Active
ATTR0003347,EMP03347,Finance,10,Average,Medium,50,Resigned
ATTR0003348,EMP03348,Operations,9,Average,Low,40,Active
ATTR0003349,EMP03349,Operations,1,Good,High,82,Active
ATTR0003350,EMP03350,Marketing,8,Average,Medium,51,Active
ATTR0003351,EMP03351,Operations,8,Poor,High,100,Active
ATTR0003352,EMP03352,HR,0,Good,Medium,74,Active
ATTR0003353,EMP03353,Marketing,5,Excellent,Medium,72,Active
ATTR0003354,EMP03354,Marketing,3,Good,High,97,Active
ATTR0003355,EMP03355,HR,1,Good,Low,43,Active
ATTR0003356,EMP03356,Marketing,9,Good,High,78,Active
ATTR0003357,EMP03357,Marketing,2,Poor,Low,42,Active
ATTR0003358,EMP03358,Finance,7,Excellent,Low,29,Resigned
ATTR0003359,EMP03359,IT,3,Excellent,High,97,Active
ATTR0003360,EMP03360,Operations,10,Poor,High,75,Active
ATTR0003361,EMP03361,Sales,5,Poor,Medium,53,Active
ATTR0003362,EMP03362,Finance,3,Excellent,Low,21,Active
ATTR0003363,EMP03363,HR,1,Excellent,High,89,Active
ATTR0003364,EMP03364,HR,8,Good,High,85,Active
ATTR0003365,EMP03365,Operations,1,Average,Low,38,Active
ATTR0003366,EMP03366,Marketing,7,Average,Low,48,Active
ATTR0003367,EMP03367,Finance,3,Average,High,84,Active
ATTR0003368,EMP03368,Marketing,3,Average,High,96,Active
ATTR0003369,EMP03369,Sales,1,Average,Medium,64,Active
ATTR0003370,EMP03370,HR,4,Excellent,Low,47,Resigned
ATTR0003371,EMP03371,Marketing,1,Good,Low,39,Active
ATTR0003372,EMP03372,HR,3,Excellent,Low,49,Active
ATTR0003373,EMP03373,Sales,9,Excellent,Low,46,Active
ATTR0003374,EMP03374,HR,7,Excellent,Medium,66,Active
ATTR0003375,EMP03375,HR,1,Poor,Low,37,Active
ATTR0003376,EMP03376,IT,7,Average,High,95,Active
ATTR0003377,EMP03377,Sales,6,Excellent,Low,48,Active
ATTR0003378,EMP03378,Sales,5,Excellent,Low,28,Active
ATTR0003379,EMP03379,Sales,11,Average,Low,39,Active
ATTR0003380,EMP03380,HR,0,Excellent,Medium,59,Active
ATTR0003381,EMP03381,Operations,8,Excellent,High,99,Active
ATTR0003382,EMP03382,Operations,8,Good,High,80,Active
ATTR0003383,EMP03383,Operations,9,Excellent,Low,47,Active
ATTR0003384,EMP03384,Finance,0,Good,Low,40,Active
ATTR0003385,EMP03385,IT,9,Excellent,Low,40,Active
ATTR0003386,EMP03386,Marketing,1,Poor,Low,46,Active
ATTR0003387,EMP03387,Sales,10,Good,High,87,Active
ATTR0003388,EMP03388,Marketing,1,Excellent,Low,28,Active
ATTR0003389,EMP03389,Operations,7,Poor,Medium,72,Active
ATTR0003390,EMP03390,IT,10,Poor,Medium,53,Active
ATTR0003391,EMP03391,Marketing,4,Good,Low,46,Active
ATTR0003392,EMP03392,IT,9,Poor,Low,41,Active
ATTR0003393,EMP03393,Finance,0,Average,High,85,Active
ATTR0003394,EMP03394,Operations,7,Excellent,Low,43,Active
ATTR0003395,EMP03395,IT,11,Poor,Medium,59,Active
ATTR0003396,EMP03396,Finance,7,Good,Low,29,Active
ATTR0003397,EMP03397,HR,5,Average,High,83,Active
ATTR0003398,EMP03398,IT,7,Poor,High,76,Active
ATTR0003399,EMP03399,HR,7,Excellent,High,80,Active
ATTR0003400,EMP03400,Sales,5,Excellent,High,86,Active
ATTR0003401,EMP03401,Sales,0,Excellent,Low,30,Active
ATTR0003402,EMP03402,Finance,10,Average,Low,27,Active
ATTR0003403,EMP03403,Finance,9,Good,Low,30,Active
ATTR0003404,EMP03404,Marketing,3,Good,High,96,Active
ATTR0003405,EMP03405,Operations,5,Poor,Low,21,Active
ATTR0003406,EMP03406,Sales,1,Poor,High,90,Resigned
ATTR0003407,EMP03407,Finance,2,Poor,High,98,Active
ATTR0003408,EMP03408,Finance,4,Good,Low,49,Active
ATTR0003409,EMP03409,HR,6,Poor,Low,42,Active
ATTR0003410,EMP03410,Sales,2,Good,Low,48,Active
ATTR0003411,EMP03411,HR,2,Good,High,83,Active
ATTR0003412,EMP03412,HR,9,Poor,Medium,62,Active
ATTR0003413,EMP03413,Finance,4,Excellent,Low,49,Active
ATTR0003414,EMP03414,Finance,1,Poor,High,94,Active
ATTR0003415,EMP03415,Finance,9,Excellent,Low,39,Active
ATTR0003416,EMP03416,HR,6,Good,Medium,69,Active
ATTR0003417,EMP03417,Marketing,2,Poor,Low,29,Active
ATTR0003418,EMP03418,Finance,8,Excellent,Medium,67,Active
ATTR0003419,EMP03419,Finance,5,Poor,Low,33,Resigned
ATTR0003420,EMP03420,IT,9,Average,High,98,Active
ATTR0003421,EMP03421,IT,8,Excellent,High,87,Active
ATTR0003422,EMP03422,IT,11,Excellent,High,85,Active
ATTR0003423,EMP03423,Marketing,9,Poor,High,87,Active
ATTR0003424,EMP03424,Marketing,6,Poor,Medium,58,Active
ATTR0003425,EMP03425,Sales,5,Poor,High,90,Resigned
ATTR0003426,EMP03426,HR,9,Poor,Medium,56,Active
ATTR0003427,EMP03427,Sales,0,Excellent,Low,26,Active
ATTR0003428,EMP03428,Sales,7,Average,High,79,Active
ATTR0003429,EMP03429,HR,7,Good,Low,31,Active
ATTR0003430,EMP03430,Operations,1,Poor,Medium,61,Active
ATTR0003431,EMP03431,Finance,1,Poor,High,83,Resigned
ATTR0003432,EMP03432,Operations,2,Average,Medium,51,Active
ATTR0003433,EMP03433,Marketing,6,Excellent,High,91,Active
ATTR0003434,EMP03434,HR,1,Good,Medium,55,Resigned
ATTR0003435,EMP03435,IT,11,Average,Medium,69,Active
ATTR0003436,EMP03436,Sales,5,Poor,High,100,Active
ATTR0003437,EMP03437,HR,6,Good,Medium,54,Active
ATTR0003438,EMP03438,Finance,1,Poor,Low,21,Resigned
ATTR0003439,EMP03439,IT,9,Poor,Medium,69,Active
ATTR0003440,EMP03440,Finance,2,Good,Low,28,Active
ATTR0003441,EMP03441,Marketing,1,Excellent,Low,32,Active
ATTR0003442,EMP03442,Marketing,3,Poor,Medium,53,Active
ATTR0003443,EMP03443,IT,8,Good,Low,31,Active
ATTR0003444,EMP03444,Operations,6,Good,Medium,68,Active
ATTR0003445,EMP03445,Sales,2,Excellent,Medium,69,Active
ATTR0003446,EMP03446,HR,7,Poor,Low,42,Resigned
ATTR0003447,EMP03447,Finance,6,Good,High,75,Active
ATTR0003448,EMP03448,Finance,4,Poor,High,92,Active
ATTR0003449,EMP03449,Marketing,3,Good,High,87,Active
ATTR0003450,EMP03450,Operations,2,Average,Medium,71,Active
ATTR0003451,EMP03451,Finance,9,Average,Low,25,Resigned
ATTR0003452,EMP03452,Operations,10,Poor,High,78,Resigned
ATTR0003453,EMP03453,Marketing,10,Poor,Low,26,Resigned
ATTR0003454,EMP03454,IT,6,Good,Medium,51,Active
ATTR0003455,EMP03455,Operations,10,Good,Low,28,Active
ATTR0003456,EMP03456,IT,11,Poor,Medium,74,Active
ATTR0003457,EMP03457,HR,2,Average,Medium,59,Resigned
ATTR0003458,EMP03458,Finance,10,Good,High,96,Active
ATTR0003459,EMP03459,Finance,6,Poor,High,86,Active
ATTR0003460,EMP03460,Operations,4,Excellent,Low,22,Active
ATTR0003461,EMP03461,Finance,6,Poor,Medium,64,Active
ATTR0003462,EMP03462,Finance,2,Good,High,82,Active
ATTR0003463,EMP03463,Operations,10,Good,Low,46,Active
ATTR0003464,EMP03464,Sales,3,Average,Low,47,Active
ATTR0003465,EMP03465,Finance,1,Average,Medium,65,Active
ATTR0003466,EMP03466,Marketing,6,Poor,Medium,66,Active
ATTR0003467,EMP03467,Finance,1,Excellent,High,95,Active
ATTR0003468,EMP03468,Operations,5,Good,Medium,58,Active
ATTR0003469,EMP03469,Finance,4,Good,Medium,73,Active
ATTR0003470,EMP03470,HR,0,Excellent,High,80,Active
ATTR0003471,EMP03471,IT,8,Average,Low,32,Active
ATTR0003472,EMP03472,IT,3,Poor,Medium,72,Active
ATTR0003473,EMP03473,Sales,7,Average,Medium,55,Active
ATTR0003474,EMP03474,Operations,6,Excellent,Medium,63,Active
ATTR0003475,EMP03475,HR,6,Good,Medium,51,Active
ATTR0003476,EMP03476,Marketing,6,Excellent,Low,30,Active
ATTR0003477,EMP03477,Operations,10,Average,Low,29,Active
ATTR0003478,EMP03478,Operations,8,Poor,Low,40,Active
ATTR0003479,EMP03479,Operations,0,Poor,High,82,Active
ATTR0003480,EMP03480,HR,4,Poor,Medium,65,Resigned
ATTR0003481,EMP03481,Marketing,8,Poor,High,85,Resigned
ATTR0003482,EMP03482,Marketing,8,Excellent,Low,47,Active
ATTR0003483,EMP03483,Sales,1,Excellent,Medium,56,Active
ATTR0003484,EMP03484,Operations,7,Average,Low,43,Active
ATTR0003485,EMP03485,Sales,1,Poor,Low,25,Active
ATTR0003486,EMP03486,Operations,6,Good,Low,44,Active
ATTR0003487,EMP03487,Finance,8,Good,Medium,59,Resigned
ATTR0003488,EMP03488,Marketing,1,Average,Medium,51,Active
ATTR0003489,EMP03489,IT,7,Average,High,99,Active
ATTR0003490,EMP03490,Finance,6,Good,High,97,Active
ATTR0003491,EMP03491,Operations,4,Good,Low,30,Active
ATTR0003492,EMP03492,Finance,7,Average,Low,25,Active
ATTR0003493,EMP03493,Sales,6,Poor,Medium,59,Active
ATTR0003494,EMP03494,IT,1,Good,High,88,Active
ATTR0003495,EMP03495,Operations,0,Average,High,88,Active
ATTR0003496,EMP03496,Sales,2,Excellent,High,94,Active
ATTR0003497,EMP03497,IT,4,Good,High,96,Active
ATTR0003498,EMP03498,Finance,8,Poor,High,89,Active
ATTR0003499,EMP03499,Operations,6,Excellent,Low,25,Active
ATTR0003500,EMP03500,Operations,10,Good,Low,39,Active
ATTR0003501,EMP03501,Operations,10,Good,Low,46,Active
ATTR0003502,EMP03502,IT,4,Average,Medium,56,Active
ATTR0003503,EMP03503,Finance,2,Excellent,High,85,Resigned
ATTR0003504,EMP03504,Operations,8,Good,Medium,68,Active
ATTR0003505,EMP03505,Finance,9,Good,High,93,Active
ATTR0003506,EMP03506,IT,10,Good,Medium,60,Active
ATTR0003507,EMP03507,Sales,2,Poor,Low,44,Active
ATTR0003508,EMP03508,IT,8,Average,Low,31,Active
ATTR0003509,EMP03509,Operations,3,Average,Low,42,Active
ATTR0003510,EMP03510,IT,6,Excellent,High,95,Active
ATTR0003511,EMP03511,Operations,7,Average,Medium,74,Active
ATTR0003512,EMP03512,HR,10,Excellent,High,93,Active
ATTR0003513,EMP03513,Operations,10,Poor,High,82,Active
ATTR0003514,EMP03514,Marketing,8,Average,Low,21,Active
ATTR0003515,EMP03515,Operations,4,Excellent,Medium,63,Active
ATTR0003516,EMP03516,Finance,9,Average,Low,37,Active
ATTR0003517,EMP03517,Sales,6,Good,High,91,Resigned
ATTR0003518,EMP03518,Finance,2,Average,High,78,Active
ATTR0003519,EMP03519,Sales,3,Good,Medium,68,Active
ATTR0003520,EMP03520,Operations,11,Average,High,93,Active
ATTR0003521,EMP03521,Finance,10,Good,High,89,Active
ATTR0003522,EMP03522,Finance,2,Good,Low,24,Active
ATTR0003523,EMP03523,Operations,4,Good,Low,23,Active
ATTR0003524,EMP03524,Finance,3,Average,Low,31,Resigned
ATTR0003525,EMP03525,Operations,5,Average,High,93,Resigned
ATTR0003526,EMP03526,HR,1,Good,Low,44,Active
ATTR0003527,EMP03527,Sales,6,Average,Medium,74,Active
ATTR0003528,EMP03528,Sales,2,Excellent,High,88,Active
ATTR0003529,EMP03529,Marketing,8,Excellent,High,97,Resigned
ATTR0003530,EMP03530,Finance,9,Good,Low,25,Active
ATTR0003531,EMP03531,Sales,10,Average,High,87,Active
ATTR0003532,EMP03532,Marketing,3,Average,High,86,Active
ATTR0003533,EMP03533,Finance,2,Excellent,High,93,Active
ATTR0003534,EMP03534,Finance,2,Poor,Medium,55,Resigned
ATTR0003535,EMP03535,Finance,6,Good,High,100,Active
ATTR0003536,EMP03536,Sales,4,Poor,High,90,Active
ATTR0003537,EMP03537,Finance,6,Excellent,Medium,63,Active
ATTR0003538,EMP03538,Marketing,4,Excellent,Low,25,Active
ATTR0003539,EMP03539,HR,5,Excellent,Low,24,Active
ATTR0003540,EMP03540,Operations,1,Good,Medium,65,Active
ATTR0003541,EMP03541,HR,1,Good,Medium,54,Resigned
ATTR0003542,EMP03542,Marketing,9,Good,Low,41,Active
ATTR0003543,EMP03543,HR,3,Excellent,Low,30,Active
ATTR0003544,EMP03544,Operations,10,Poor,Medium,55,Active
ATTR0003545,EMP03545,HR,10,Average,Low,32,Active
ATTR0003546,EMP03546,Sales,4,Good,High,87,Active
ATTR0003547,EMP03547,Finance,3,Poor,High,99,Active
ATTR0003548,EMP03548,Operations,3,Average,High,78,Resigned
ATTR0003549,EMP03549,HR,11,Poor,Medium,74,Active
ATTR0003550,EMP03550,Finance,4,Poor,Medium,65,Resigned
ATTR0003551,EMP03551,Marketing,9,Average,Low,24,Resigned
ATTR0003552,EMP03552,Finance,10,Poor,High,95,Active
ATTR0003553,EMP03553,Finance,11,Poor,Low,42,Active
ATTR0003554,EMP03554,HR,2,Excellent,Low,24,Active
ATTR0003555,EMP03555,Marketing,1,Good,High,76,Active
ATTR0003556,EMP03556,IT,8,Good,Medium,65,Resigned
ATTR0003557,EMP03557,HR,5,Good,High,100,Resigned
ATTR0003558,EMP03558,Sales,5,Average,Low,25,Resigned
ATTR0003559,EMP03559,Finance,8,Average,Low,48,Active
ATTR0003560,EMP03560,IT,4,Average,High,100,Active
ATTR0003561,EMP03561,HR,1,Good,Medium,69,Active
ATTR0003562,EMP03562,IT,9,Excellent,Medium,74,Active
ATTR0003563,EMP03563,Sales,9,Poor,Medium,63,Active
ATTR0003564,EMP03564,Finance,11,Excellent,Low,26,Active
ATTR0003565,EMP03565,IT,3,Good,High,97,Active
ATTR0003566,EMP03566,Operations,5,Poor,High,88,Active
ATTR0003567,EMP03567,HR,2,Poor,Medium,73,Active
ATTR0003568,EMP03568,HR,0,Excellent,Low,21,Active
ATTR0003569,EMP03569,Marketing,3,Good,Low,33,Active
ATTR0003570,EMP03570,Marketing,3,Good,High,87,Active
ATTR0003571,EMP03571,Operations,10,Good,High,99,Active
ATTR0003572,EMP03572,Operations,11,Poor,High,99,Active
ATTR0003573,EMP03573,Sales,10,Poor,Medium,58,Active
ATTR0003574,EMP03574,Sales,9,Good,High,81,Active
ATTR0003575,EMP03575,Finance,1,Poor,High,96,Active
ATTR0003576,EMP03576,Marketing,2,Average,High,81,Active
ATTR0003577,EMP03577,HR,8,Average,High,95,Active
ATTR0003578,EMP03578,Operations,4,Poor,High,91,Active
ATTR0003579,EMP03579,Marketing,7,Excellent,High,82,Active
ATTR0003580,EMP03580,Sales,10,Poor,High,89,Active
ATTR0003581,EMP03581,IT,3,Excellent,Low,21,Active
ATTR0003582,EMP03582,HR,8,Poor,Low,35,Active
ATTR0003583,EMP03583,HR,9,Good,High,98,Active
ATTR0003584,EMP03584,Sales,8,Poor,High,83,Active
ATTR0003585,EMP03585,Finance,4,Average,High,81,Active
ATTR0003586,EMP03586,Operations,8,Poor,Medium,54,Active
ATTR0003587,EMP03587,Operations,7,Average,Medium,55,Active
ATTR0003588,EMP03588,HR,5,Average,High,93,Active
ATTR0003589,EMP03589,Sales,11,Good,Medium,52,Active
ATTR0003590,EMP03590,IT,2,Good,Medium,71,Active
ATTR0003591,EMP03591,Operations,3,Excellent,Medium,59,Resigned
ATTR0003592,EMP03592,Marketing,11,Excellent,Medium,68,Active
ATTR0003593,EMP03593,HR,2,Poor,Medium,60,Active
ATTR0003594,EMP03594,Marketing,4,Good,High,79,Active
ATTR0003595,EMP03595,Marketing,2,Poor,Low,33,Active
ATTR0003596,EMP03596,Sales,8,Good,Low,46,Active
ATTR0003597,EMP03597,IT,5,Poor,High,83,Active
ATTR0003598,EMP03598,Sales,6,Good,Low,43,Active
ATTR0003599,EMP03599,Sales,9,Average,High,80,Active
ATTR0003600,EMP03600,Marketing,2,Average,Medium,55,Active
ATTR0003601,EMP03601,Marketing,7,Average,High,77,Active
ATTR0003602,EMP03602,Marketing,4,Average,High,88,Active
ATTR0003603,EMP03603,Finance,5,Excellent,Low,37,Active
ATTR0003604,EMP03604,Operations,7,Excellent,Low,36,Active
ATTR0003605,EMP03605,Sales,3,Average,Low,41,Active
ATTR0003606,EMP03606,IT,5,Good,Low,43,Active
ATTR0003607,EMP03607,IT,8,Poor,Low,45,Active
ATTR0003608,EMP03608,IT,9,Average,High,86,Active
ATTR0003609,EMP03609,Marketing,0,Poor,Medium,67,Active
ATTR0003610,EMP03610,IT,8,Good,Medium,50,Active
ATTR0003611,EMP03611,Sales,0,Excellent,Medium,62,Active
ATTR0003612,EMP03612,Finance,1,Average,Medium,74,Active
ATTR0003613,EMP03613,HR,9,Good,High,84,Active
ATTR0003614,EMP03614,Marketing,9,Excellent,Low,26,Active
ATTR0003615,EMP03615,Operations,5,Poor,Medium,58,Active
ATTR0003616,EMP03616,Sales,5,Average,Low,26,Active
ATTR0003617,EMP03617,Finance,1,Good,Low,29,Active
ATTR0003618,EMP03618,IT,7,Average,Medium,62,Resigned
ATTR0003619,EMP03619,Sales,2,Good,Low,32,Active
ATTR0003620,EMP03620,Finance,7,Good,Medium,56,Active
ATTR0003621,EMP03621,Operations,8,Excellent,Medium,52,Active
ATTR0003622,EMP03622,HR,5,Average,Low,28,Active
ATTR0003623,EMP03623,Operations,5,Good,High,97,Active
ATTR0003624,EMP03624,IT,11,Average,High,81,Active
ATTR0003625,EMP03625,Sales,4,Good,High,77,Active
ATTR0003626,EMP03626,Finance,2,Good,High,81,Active
ATTR0003627,EMP03627,Marketing,7,Poor,High,85,Active
ATTR0003628,EMP03628,Marketing,0,Poor,Medium,53,Active
ATTR0003629,EMP03629,HR,0,Average,Low,39,Active
ATTR0003630,EMP03630,Finance,3,Average,Medium,54,Resigned
ATTR0003631,EMP03631,Operations,4,Excellent,Medium,61,Active
ATTR0003632,EMP03632,Marketing,11,Good,Low,44,Active
ATTR0003633,EMP03633,HR,10,Excellent,High,84,Resigned
ATTR0003634,EMP03634,Marketing,5,Good,High,99,Active
ATTR0003635,EMP03635,Operations,8,Excellent,High,98,Resigned
ATTR0003636,EMP03636,Sales,3,Excellent,Low,43,Resigned
ATTR0003637,EMP03637,Marketing,7,Average,Low,25,Active
ATTR0003638,EMP03638,HR,5,Good,Medium,57,Resigned
ATTR0003639,EMP03639,Finance,8,Average,Low,32,Active
ATTR0003640,EMP03640,Sales,11,Poor,Medium,50,Active
ATTR0003641,EMP03641,Sales,6,Average,High,99,Resigned
ATTR0003642,EMP03642,IT,5,Average,High,75,Active
ATTR0003643,EMP03643,Operations,0,Excellent,Low,22,Active
ATTR0003644,EMP03644,Operations,1,Average,Medium,66,Active
ATTR0003645,EMP03645,IT,4,Excellent,High,86,Active
ATTR0003646,EMP03646,Marketing,2,Average,High,84,Active
ATTR0003647,EMP03647,HR,1,Good,Medium,68,Active
ATTR0003648,EMP03648,Operations,7,Excellent,High,88,Active
ATTR0003649,EMP03649,Marketing,2,Good,High,100,Active
ATTR0003650,EMP03650,Sales,2,Good,High,75,Resigned
ATTR0003651,EMP03651,Marketing,3,Average,Medium,51,Active
ATTR0003652,EMP03652,IT,9,Poor,Low,30,Resigned
ATTR0003653,EMP03653,Sales,7,Poor,Low,22,Active
ATTR0003654,EMP03654,Finance,8,Good,Low,49,Active
ATTR0003655,EMP03655,Operations,0,Average,Medium,55,Active
ATTR0003656,EMP03656,IT,6,Excellent,High,82,Resigned
ATTR0003657,EMP03657,Sales,5,Good,Low,33,Active
ATTR0003658,EMP03658,Sales,7,Poor,Low,27,Active
ATTR0003659,EMP03659,IT,10,Poor,High,96,Active
ATTR0003660,EMP03660,Sales,3,Excellent,Low,25,Active
ATTR0003661,EMP03661,Marketing,7,Poor,High,90,Active
ATTR0003662,EMP03662,Sales,11,Good,High,84,Active
ATTR0003663,EMP03663,Marketing,5,Excellent,Low,40,Resigned
ATTR0003664,EMP03664,IT,7,Excellent,Low,21,Active
ATTR0003665,EMP03665,Marketing,7,Average,Low,40,Active
ATTR0003666,EMP03666,IT,6,Poor,High,81,Resigned
ATTR0003667,EMP03667,Marketing,1,Good,High,78,Active
ATTR0003668,EMP03668,Marketing,7,Poor,Low,33,Resigned
ATTR0003669,EMP03669,IT,8,Average,High,75,Active
ATTR0003670,EMP03670,HR,10,Poor,High,92,Active
ATTR0003671,EMP03671,Marketing,11,Excellent,High,81,Active
ATTR0003672,EMP03672,IT,7,Excellent,Low,32,Active
ATTR0003673,EMP03673,IT,9,Good,Low,36,Active
ATTR0003674,EMP03674,Finance,11,Good,Low,31,Active
ATTR0003675,EMP03675,HR,8,Average,High,89,Active
ATTR0003676,EMP03676,Marketing,4,Average,High,100,Active
ATTR0003677,EMP03677,IT,7,Poor,High,81,Resigned
ATTR0003678,EMP03678,IT,6,Average,Low,25,Resigned
ATTR0003679,EMP03679,Operations,4,Poor,Medium,60,Resigned
ATTR0003680,EMP03680,HR,10,Good,High,75,Active
ATTR0003681,EMP03681,HR,2,Excellent,High,86,Active
ATTR0003682,EMP03682,HR,5,Good,Medium,59,Resigned
ATTR0003683,EMP03683,Finance,9,Excellent,Medium,68,Resigned
ATTR0003684,EMP03684,HR,5,Good,Low,34,Active
ATTR0003685,EMP03685,Marketing,8,Average,High,82,Active
ATTR0003686,EMP03686,Marketing,9,Average,Medium,65,Active
ATTR0003687,EMP03687,HR,6,Good,High,76,Active
ATTR0003688,EMP03688,HR,3,Good,High,91,Active
ATTR0003689,EMP03689,IT,11,Average,Medium,66,Active
ATTR0003690,EMP03690,HR,7,Poor,High,84,Active
ATTR0003691,EMP03691,Operations,9,Excellent,High,87,Active
ATTR0003692,EMP03692,HR,4,Poor,Low,47,Active
ATTR0003693,EMP03693,HR,7,Excellent,Medium,71,Active
ATTR0003694,EMP03694,Operations,7,Average,Medium,64,Resigned
ATTR0003695,EMP03695,IT,5,Poor,Low,45,Resigned
ATTR0003696,EMP03696,Finance,2,Average,High,89,Active
ATTR0003697,EMP03697,Sales,7,Excellent,Low,22,Active
ATTR0003698,EMP03698,Operations,5,Poor,Low,28,Active
ATTR0003699,EMP03699,Operations,4,Poor,High,80,Active
ATTR0003700,EMP03700,IT,10,Average,Medium,61,Active
ATTR0003701,EMP03701,IT,6,Average,Medium,73,Active
ATTR0003702,EMP03702,Operations,8,Excellent,Low,24,Active
ATTR0003703,EMP03703,Marketing,0,Poor,Low,22,Active
ATTR0003704,EMP03704,Sales,3,Good,Low,24,Active
ATTR0003705,EMP03705,Sales,2,Average,High,87,Resigned
ATTR0003706,EMP03706,IT,1,Good,Medium,72,Active
ATTR0003707,EMP03707,Sales,0,Good,Medium,58,Active
ATTR0003708,EMP03708,HR,6,Good,Medium,64,Active
ATTR0003709,EMP03709,IT,7,Average,Medium,70,Active
ATTR0003710,EMP03710,IT,3,Excellent,Medium,60,Active
ATTR0003711,EMP03711,HR,6,Excellent,Low,43,Active
ATTR0003712,EMP03712,Finance,5,Good,Low,32,Active
ATTR0003713,EMP03713,HR,4,Good,High,78,Active
ATTR0003714,EMP03714,Finance,4,Excellent,Medium,54,Active
ATTR0003715,EMP03715,Sales,9,Average,High,83,Active
ATTR0003716,EMP03716,Finance,3,Excellent,Low,35,Active
ATTR0003717,EMP03717,Marketing,8,Good,High,75,Active
ATTR0003718,EMP03718,HR,9,Average,High,92,Active
ATTR0003719,EMP03719,IT,8,Poor,Medium,55,Active
ATTR0003720,EMP03720,Sales,2,Good,Medium,74,Active
ATTR0003721,EMP03721,IT,11,Excellent,Low,25,Active
ATTR0003722,EMP03722,HR,5,Excellent,Low,43,Active
ATTR0003723,EMP03723,Finance,2,Average,Low,24,Active
ATTR0003724,EMP03724,HR,9,Good,High,87,Resigned
ATTR0003725,EMP03725,Finance,6,Good,Low,47,Active
ATTR0003726,EMP03726,HR,4,Good,Medium,57,Active
ATTR0003727,EMP03727,HR,0,Average,High,81,Active
ATTR0003728,EMP03728,Sales,8,Good,High,92,Resigned
ATTR0003729,EMP03729,Finance,10,Good,High,83,Resigned
ATTR0003730,EMP03730,HR,6,Poor,Medium,52,Active
ATTR0003731,EMP03731,Marketing,0,Average,High,82,Active
ATTR0003732,EMP03732,HR,11,Average,High,92,Active
ATTR0003733,EMP03733,Finance,9,Poor,Low,31,Active
ATTR0003734,EMP03734,Marketing,11,Poor,Medium,54,Active
ATTR0003735,EMP03735,Finance,11,Good,Low,28,Active
ATTR0003736,EMP03736,IT,4,Poor,High,77,Active
ATTR0003737,EMP03737,Finance,7,Good,Medium,62,Active
ATTR0003738,EMP03738,Finance,8,Good,Low,24,Resigned
ATTR0003739,EMP03739,IT,6,Poor,Low,34,Active
ATTR0003740,EMP03740,Finance,3,Poor,Medium,55,Resigned
ATTR0003741,EMP03741,HR,7,Poor,Low,37,Active
ATTR0003742,EMP03742,Marketing,4,Average,High,96,Active
ATTR0003743,EMP03743,Marketing,7,Poor,High,84,Resigned
ATTR0003744,EMP03744,Finance,4,Average,High,100,Resigned
ATTR0003745,EMP03745,Sales,6,Excellent,Low,20,Active
ATTR0003746,EMP03746,Marketing,8,Good,High,91,Active
ATTR0003747,EMP03747,Finance,0,Poor,Low,32,Active
ATTR0003748,EMP03748,IT,2,Poor,High,96,Active
ATTR0003749,EMP03749,Marketing,0,Average,High,75,Resigned
ATTR0003750,EMP03750,Sales,10,Poor,Low,47,Active
ATTR0003751,EMP03751,Marketing,8,Poor,Medium,61,Active
ATTR0003752,EMP03752,Sales,10,Excellent,Low,49,Active
ATTR0003753,EMP03753,HR,6,Good,High,98,Active
ATTR0003754,EMP03754,Sales,2,Poor,Medium,55,Active
ATTR0003755,EMP03755,Operations,4,Poor,Low,30,Active
ATTR0003756,EMP03756,Operations,5,Poor,Low,31,Active
ATTR0003757,EMP03757,Sales,8,Poor,High,87,Active
ATTR0003758,EMP03758,Marketing,1,Poor,Low,34,Active
ATTR0003759,EMP03759,HR,1,Average,Medium,56,Active
ATTR0003760,EMP03760,Operations,1,Poor,Medium,50,Active
ATTR0003761,EMP03761,HR,6,Good,Medium,67,Active
ATTR0003762,EMP03762,Finance,10,Good,Medium,59,Resigned
ATTR0003763,EMP03763,Sales,7,Poor,Medium,57,Resigned
ATTR0003764,EMP03764,Sales,5,Good,High,97,Active
ATTR0003765,EMP03765,IT,5,Poor,Medium,56,Active
ATTR0003766,EMP03766,Operations,4,Poor,Medium,59,Active
ATTR0003767,EMP03767,Marketing,6,Good,Low,47,Resigned
ATTR0003768,EMP03768,HR,6,Poor,Low,31,Active
ATTR0003769,EMP03769,Sales,3,Average,Low,31,Resigned
ATTR0003770,EMP03770,HR,10,Average,Low,44,Active
ATTR0003771,EMP03771,Sales,5,Excellent,Low,42,Active
ATTR0003772,EMP03772,HR,2,Poor,Low,31,Active
ATTR0003773,EMP03773,Marketing,5,Good,Low,20,Active
ATTR0003774,EMP03774,Operations,1,Good,Low,49,Active
ATTR0003775,EMP03775,Operations,6,Good,Low,35,Active
ATTR0003776,EMP03776,Finance,8,Poor,Medium,56,Active
ATTR0003777,EMP03777,Finance,9,Good,Medium,62,Active
ATTR0003778,EMP03778,IT,3,Poor,Low,40,Active
ATTR0003779,EMP03779,Sales,9,Good,Low,46,Active
ATTR0003780,EMP03780,Sales,5,Good,Medium,71,Active
ATTR0003781,EMP03781,Finance,4,Excellent,Low,23,Active
ATTR0003782,EMP03782,Finance,6,Excellent,Low,48,Resigned
ATTR0003783,EMP03783,IT,3,Average,High,86,Active
ATTR0003784,EMP03784,IT,2,Good,High,82,Active
ATTR0003785,EMP03785,Operations,2,Good,Medium,69,Active
ATTR0003786,EMP03786,Operations,9,Excellent,Low,45,Active
ATTR0003787,EMP03787,Finance,9,Excellent,Medium,56,Active
ATTR0003788,EMP03788,Sales,7,Poor,High,99,Active
ATTR0003789,EMP03789,Finance,10,Good,Low,38,Active
ATTR0003790,EMP03790,Sales,3,Poor,High,81,Resigned
ATTR0003791,EMP03791,IT,9,Average,High,98,Resigned
ATTR0003792,EMP03792,Sales,7,Good,Medium,55,Active
ATTR0003793,EMP03793,IT,3,Poor,Low,21,Active
ATTR0003794,EMP03794,Finance,4,Poor,Low,37,Active
ATTR0003795,EMP03795,Sales,6,Good,High,82,Active
ATTR0003796,EMP03796,Operations,5,Excellent,Medium,52,Active
ATTR0003797,EMP03797,Sales,4,Good,Medium,68,Active
ATTR0003798,EMP03798,HR,6,Average,Medium,53,Active
ATTR0003799,EMP03799,Finance,8,Good,High,79,Active
ATTR0003800,EMP03800,Sales,5,Excellent,High,88,Active
ATTR0003801,EMP03801,IT,8,Good,High,94,Active
ATTR0003802,EMP03802,Sales,8,Poor,High,76,Active
ATTR0003803,EMP03803,Finance,6,Excellent,Low,43,Active
ATTR0003804,EMP03804,Sales,4,Average,High,90,Active
ATTR0003805,EMP03805,Operations,6,Excellent,Medium,59,Active
ATTR0003806,EMP03806,HR,11,Poor,Low,24,Active
ATTR0003807,EMP03807,Finance,2,Excellent,Medium,72,Resigned
ATTR0003808,EMP03808,Marketing,8,Good,Low,46,Active
ATTR0003809,EMP03809,Operations,10,Good,Low,48,Active
ATTR0003810,EMP03810,Finance,11,Good,Low,45,Active
ATTR0003811,EMP03811,HR,4,Poor,Medium,55,Resigned
ATTR0003812,EMP03812,Operations,5,Poor,Low,39,Active
ATTR0003813,EMP03813,HR,8,Poor,High,84,Active
ATTR0003814,EMP03814,Sales,7,Excellent,Medium,72,Active
ATTR0003815,EMP03815,HR,11,Poor,High,81,Active
ATTR0003816,EMP03816,Operations,8,Poor,Medium,55,Active
ATTR0003817,EMP03817,Sales,0,Average,Low,22,Resigned
ATTR0003818,EMP03818,HR,7,Poor,Medium,54,Active
ATTR0003819,EMP03819,HR,3,Excellent,Medium,70,Active
ATTR0003820,EMP03820,Operations,1,Poor,Low,49,Active
ATTR0003821,EMP03821,Sales,8,Excellent,High,86,Active
ATTR0003822,EMP03822,Sales,4,Poor,Medium,64,Active
ATTR0003823,EMP03823,Marketing,9,Average,High,78,Active
ATTR0003824,EMP03824,Operations,1,Good,High,98,Active
ATTR0003825,EMP03825,Marketing,9,Poor,Medium,73,Active
ATTR0003826,EMP03826,Operations,7,Excellent,High,87,Active
ATTR0003827,EMP03827,Sales,1,Average,High,95,Active
ATTR0003828,EMP03828,Marketing,0,Poor,Medium,50,Active
ATTR0003829,EMP03829,Operations,9,Good,High,100,Active
ATTR0003830,EMP03830,Operations,3,Good,High,98,Active
ATTR0003831,EMP03831,IT,6,Average,Low,37,Active
ATTR0003832,EMP03832,IT,10,Excellent,Low,42,Resigned
ATTR0003833,EMP03833,Operations,11,Good,High,76,Active
ATTR0003834,EMP03834,Finance,1,Excellent,Low,47,Active
ATTR0003835,EMP03835,Sales,9,Poor,Low,23,Resigned
ATTR0003836,EMP03836,Sales,2,Average,High,97,Active
ATTR0003837,EMP03837,HR,7,Excellent,Low,37,Active
ATTR0003838,EMP03838,Marketing,1,Poor,Low,29,Active
ATTR0003839,EMP03839,Operations,3,Average,High,83,Active
ATTR0003840,EMP03840,HR,9,Poor,High,88,Active
ATTR0003841,EMP03841,Sales,6,Excellent,Medium,64,Active
ATTR0003842,EMP03842,HR,6,Good,Low,33,Active
ATTR0003843,EMP03843,Finance,3,Good,Medium,56,Active
ATTR0003844,EMP03844,HR,11,Average,Medium,67,Resigned
ATTR0003845,EMP03845,IT,0,Excellent,High,91,Active
ATTR0003846,EMP03846,Marketing,11,Average,High,93,Active
ATTR0003847,EMP03847,Sales,2,Excellent,Low,39,Active
ATTR0003848,EMP03848,Marketing,3,Poor,Medium,51,Active
ATTR0003849,EMP03849,HR,4,Poor,Low,42,Resigned
ATTR0003850,EMP03850,Marketing,11,Good,High,94,Active
ATTR0003851,EMP03851,Finance,11,Excellent,Low,42,Active
ATTR0003852,EMP03852,Sales,3,Poor,Medium,51,Resigned
ATTR0003853,EMP03853,Finance,10,Excellent,Low,49,Active
ATTR0003854,EMP03854,Sales,5,Average,Low,30,Resigned
ATTR0003855,EMP03855,Finance,2,Good,Low,29,Active
ATTR0003856,EMP03856,Sales,1,Good,Low,42,Active
ATTR0003857,EMP03857,Operations,9,Excellent,High,80,Resigned
ATTR0003858,EMP03858,IT,4,Poor,High,98,Active
ATTR0003859,EMP03859,Sales,1,Excellent,High,77,Active
ATTR0003860,EMP03860,HR,7,Excellent,Medium,64,Active
ATTR0003861,EMP03861,Operations,10,Poor,Medium,72,Resigned
ATTR0003862,EMP03862,HR,5,Excellent,Low,36,Active
ATTR0003863,EMP03863,HR,6,Good,Medium,66,Active
ATTR0003864,EMP03864,HR,8,Poor,Low,36,Active
ATTR0003865,EMP03865,Marketing,8,Excellent,High,76,Active
ATTR0003866,EMP03866,Marketing,3,Excellent,Medium,74,Active
ATTR0003867,EMP03867,HR,10,Good,High,89,Active
ATTR0003868,EMP03868,Marketing,10,Average,Medium,67,Active
ATTR0003869,EMP03869,Finance,2,Poor,Low,24,Active
ATTR0003870,EMP03870,HR,4,Average,Low,38,Active
ATTR0003871,EMP03871,Sales,1,Good,High,91,Active
ATTR0003872,EMP03872,Operations,5,Good,High,98,Active
ATTR0003873,EMP03873,Operations,9,Poor,Low,26,Resigned
ATTR0003874,EMP03874,Sales,10,Average,Low,22,Active
ATTR0003875,EMP03875,Sales,4,Good,High,95,Resigned
ATTR0003876,EMP03876,Finance,8,Good,Medium,67,Resigned
ATTR0003877,EMP03877,Finance,10,Excellent,High,88,Active
ATTR0003878,EMP03878,Finance,1,Excellent,Low,47,Active
ATTR0003879,EMP03879,Finance,7,Good,Low,22,Active
ATTR0003880,EMP03880,Finance,6,Excellent,Medium,71,Active
ATTR0003881,EMP03881,HR,6,Average,Low,27,Resigned
ATTR0003882,EMP03882,HR,3,Poor,Low,44,Active
ATTR0003883,EMP03883,HR,1,Average,Medium,50,Active
ATTR0003884,EMP03884,Operations,0,Excellent,Low,30,Active
ATTR0003885,EMP03885,HR,3,Excellent,High,98,Active
ATTR0003886,EMP03886,HR,5,Poor,Low,23,Active
ATTR0003887,EMP03887,HR,4,Good,Low,32,Active
ATTR0003888,EMP03888,Marketing,5,Excellent,Low,48,Active
ATTR0003889,EMP03889,HR,4,Average,High,89,Active
ATTR0003890,EMP03890,HR,4,Excellent,Medium,59,Resigned
ATTR0003891,EMP03891,Marketing,10,Poor,Low,32,Active
ATTR0003892,EMP03892,IT,2,Poor,Medium,71,Active
ATTR0003893,EMP03893,Marketing,10,Poor,High,80,Resigned
ATTR0003894,EMP03894,Operations,7,Poor,High,92,Active
ATTR0003895,EMP03895,Marketing,2,Poor,Medium,62,Resigned
ATTR0003896,EMP03896,Finance,9,Poor,Low,44,Active
ATTR0003897,EMP03897,Operations,1,Average,Low,44,Active
ATTR0003898,EMP03898,Marketing,8,Average,Low,33,Active
ATTR0003899,EMP03899,Operations,10,Average,High,81,Active
ATTR0003900,EMP03900,Finance,11,Good,High,98,Resigned
ATTR0003901,EMP03901,Sales,9,Poor,Medium,53,Active
ATTR0003902,EMP03902,Marketing,6,Good,Low,33,Resigned
ATTR0003903,EMP03903,Operations,9,Poor,Medium,57,Active
ATTR0003904,EMP03904,Operations,7,Excellent,Low,40,Active
ATTR0003905,EMP03905,IT,6,Poor,High,90,Active
ATTR0003906,EMP03906,Sales,11,Average,Low,28,Active
ATTR0003907,EMP03907,Finance,1,Good,Medium,73,Active
ATTR0003908,EMP03908,Finance,9,Excellent,Low,41,Resigned
ATTR0003909,EMP03909,Sales,3,Average,Low,32,Active
ATTR0003910,EMP03910,Sales,3,Poor,High,96,Active
ATTR0003911,EMP03911,Sales,5,Excellent,Low,27,Resigned
ATTR0003912,EMP03912,IT,4,Poor,Low,41,Active
ATTR0003913,EMP03913,Operations,5,Excellent,Low,37,Active
ATTR0003914,EMP03914,HR,10,Good,Low,24,Active
ATTR0003915,EMP03915,IT,1,Poor,High,95,Resigned
ATTR0003916,EMP03916,Operations,5,Average,High,78,Active
ATTR0003917,EMP03917,Finance,9,Good,Low,46,Active
ATTR0003918,EMP03918,HR,7,Excellent,High,99,Active
ATTR0003919,EMP03919,Sales,10,Poor,Low,24,Active
ATTR0003920,EMP03920,Sales,0,Good,Medium,74,Active
ATTR0003921,EMP03921,Operations,4,Good,Low,34,Active
ATTR0003922,EMP03922,HR,2,Excellent,Medium,73,Resigned
ATTR0003923,EMP03923,Operations,10,Average,Low,22,Active
ATTR0003924,EMP03924,HR,1,Average,Low,24,Active
ATTR0003925,EMP03925,Finance,1,Average,Medium,67,Active
ATTR0003926,EMP03926,Operations,7,Average,Low,36,Active
ATTR0003927,EMP03927,Finance,7,Excellent,Medium,52,Resigned
ATTR0003928,EMP03928,Sales,5,Poor,Medium,74,Resigned
ATTR0003929,EMP03929,Operations,4,Poor,Medium,51,Active
ATTR0003930,EMP03930,Sales,10,Good,Medium,64,Active
ATTR0003931,EMP03931,Sales,1,Average,High,80,Active
ATTR0003932,EMP03932,IT,8,Good,Low,37,Active
ATTR0003933,EMP03933,HR,2,Excellent,Low,45,Resigned
ATTR0003934,EMP03934,IT,7,Good,Medium,72,Active
ATTR0003935,EMP03935,Finance,8,Poor,High,90,Active
ATTR0003936,EMP03936,Operations,10,Average,Medium,54,Active
ATTR0003937,EMP03937,Operations,10,Excellent,High,91,Active
ATTR0003938,EMP03938,Sales,4,Excellent,Medium,54,Active
ATTR0003939,EMP03939,Finance,5,Good,High,91,Active
ATTR0003940,EMP03940,HR,1,Excellent,High,84,Active
ATTR0003941,EMP03941,Sales,10,Excellent,High,96,Active
ATTR0003942,EMP03942,Operations,5,Poor,Medium,62,Active
ATTR0003943,EMP03943,HR,9,Good,Low,34,Active
ATTR0003944,EMP03944,IT,4,Average,Medium,73,Active
ATTR0003945,EMP03945,HR,7,Good,Low,31,Active
ATTR0003946,EMP03946,Finance,4,Average,High,79,Active
ATTR0003947,EMP03947,Marketing,7,Poor,High,96,Active
ATTR0003948,EMP03948,IT,8,Poor,Medium,66,Active
ATTR0003949,EMP03949,Sales,2,Excellent,Medium,50,Active
ATTR0003950,EMP03950,Sales,5,Average,Medium,67,Active
ATTR0003951,EMP03951,HR,5,Poor,Low,21,Active
ATTR0003952,EMP03952,Finance,9,Excellent,Low,39,Active
ATTR0003953,EMP03953,IT,8,Excellent,Medium,62,Resigned
ATTR0003954,EMP03954,Finance,7,Average,Medium,54,Active
ATTR0003955,EMP03955,Finance,6,Good,Medium,64,Resigned
ATTR0003956,EMP03956,Finance,10,Poor,Low,24,Active
ATTR0003957,EMP03957,Operations,1,Excellent,Low,33,Active
ATTR0003958,EMP03958,Sales,5,Average,High,76,Active
ATTR0003959,EMP03959,HR,1,Excellent,High,85,Active
ATTR0003960,EMP03960,Finance,10,Good,Medium,54,Active
ATTR0003961,EMP03961,Marketing,3,Excellent,Low,27,Active
ATTR0003962,EMP03962,Operations,10,Poor,Medium,53,Active
ATTR0003963,EMP03963,IT,10,Average,Medium,62,Active
ATTR0003964,EMP03964,Finance,10,Good,Low,44,Active
ATTR0003965,EMP03965,Finance,0,Average,Medium,58,Active
ATTR0003966,EMP03966,Operations,8,Excellent,Medium,55,Active
ATTR0003967,EMP03967,Finance,0,Average,Low,36,Active
ATTR0003968,EMP03968,Finance,9,Good,Low,34,Resigned
ATTR0003969,EMP03969,Finance,0,Average,High,95,Active
ATTR0003970,EMP03970,Finance,9,Excellent,Low,41,Active
ATTR0003971,EMP03971,IT,2,Poor,Medium,69,Active
ATTR0003972,EMP03972,Operations,3,Poor,High,85,Active
ATTR0003973,EMP03973,Operations,2,Average,Low,34,Resigned
ATTR0003974,EMP03974,Finance,10,Good,High,76,Active
ATTR0003975,EMP03975,HR,11,Excellent,Medium,72,Active
ATTR0003976,EMP03976,IT,10,Excellent,Low,25,Active
ATTR0003977,EMP03977,Sales,6,Good,Medium,60,Active
ATTR0003978,EMP03978,IT,0,Good,Low,47,Active
ATTR0003979,EMP03979,Marketing,6,Average,Medium,59,Active
ATTR0003980,EMP03980,IT,9,Good,Low,29,Active
ATTR0003981,EMP03981,Operations,1,Excellent,Low,44,Active
ATTR0003982,EMP03982,Operations,11,Good,Medium,50,Active
ATTR0003983,EMP03983,Sales,5,Poor,High,78,Active
ATTR0003984,EMP03984,Operations,11,Excellent,Low,21,Active
ATTR0003985,EMP03985,IT,4,Poor,Medium,59,Active
ATTR0003986,EMP03986,Finance,1,Poor,Medium,52,Active
ATTR0003987,EMP03987,Finance,11,Poor,Low,38,Active
ATTR0003988,EMP03988,Finance,1,Good,Medium,50,Active
ATTR0003989,EMP03989,Finance,6,Good,Medium,56,Active
ATTR0003990,EMP03990,Sales,9,Average,High,83,Active
ATTR0003991,EMP03991,HR,5,Excellent,High,86,Active
ATTR0003992,EMP03992,Finance,2,Average,Low,25,Active
ATTR0003993,EMP03993,Marketing,9,Average,Medium,64,Active
ATTR0003994,EMP03994,Marketing,6,Excellent,High,90,Active
ATTR0003995,EMP03995,Sales,2,Excellent,Low,47,Active
ATTR0003996,EMP03996,Marketing,10,Good,Low,40,Active
ATTR0003997,EMP03997,Operations,4,Good,Medium,66,Active
ATTR0003998,EMP03998,Finance,7,Average,Low,39,Active
ATTR0003999,EMP03999,IT,10,Excellent,Medium,65,Active
ATTR0004000,EMP04000,HR,7,Good,Medium,57,Active
ATTR0004001,EMP04001,HR,8,Good,Low,44,Active
ATTR0004002,EMP04002,Operations,9,Average,High,91,Active
ATTR0004003,EMP04003,Finance,9,Excellent,Low,35,Active
ATTR0004004,EMP04004,HR,10,Poor,Low,32,Active
ATTR0004005,EMP04005,Finance,1,Good,High,78,Active
ATTR0004006,EMP04006,Marketing,10,Poor,Low,43,Active
ATTR0004007,EMP04007,Marketing,8,Poor,High,96,Active
ATTR0004008,EMP04008,Marketing,4,Good,Low,26,Active
ATTR0004009,EMP04009,Finance,10,Excellent,High,93,Active
ATTR0004010,EMP04010,IT,6,Good,Low,29,Active
ATTR0004011,EMP04011,Operations,4,Average,High,98,Active
ATTR0004012,EMP04012,Operations,1,Excellent,Low,43,Active
ATTR0004013,EMP04013,IT,4,Excellent,Medium,72,Active
ATTR0004014,EMP04014,Operations,0,Average,High,75,Resigned
ATTR0004015,EMP04015,IT,7,Excellent,Medium,68,Active
ATTR0004016,EMP04016,Sales,8,Poor,High,92,Active
ATTR0004017,EMP04017,Marketing,6,Excellent,Medium,60,Active
ATTR0004018,EMP04018,Sales,1,Average,High,96,Active
ATTR0004019,EMP04019,Operations,2,Excellent,Low,42,Active
ATTR0004020,EMP04020,Marketing,2,Average,High,77,Active
ATTR0004021,EMP04021,Finance,10,Excellent,High,94,Active
ATTR0004022,EMP04022,Marketing,9,Good,High,99,Active
ATTR0004023,EMP04023,Finance,8,Average,High,83,Active
ATTR0004024,EMP04024,HR,1,Excellent,Medium,52,Active
ATTR0004025,EMP04025,Operations,5,Poor,Medium,58,Active
ATTR0004026,EMP04026,IT,6,Excellent,Low,43,Resigned
ATTR0004027,EMP04027,Marketing,3,Average,Medium,69,Active
ATTR0004028,EMP04028,HR,1,Poor,High,77,Active
ATTR0004029,EMP04029,Sales,3,Average,High,79,Active
ATTR0004030,EMP04030,Sales,7,Average,High,92,Active
ATTR0004031,EMP04031,Operations,10,Poor,Low,35,Active
ATTR0004032,EMP04032,HR,4,Excellent,Medium,51,Active
ATTR0004033,EMP04033,Marketing,3,Poor,High,85,Active
ATTR0004034,EMP04034,Marketing,6,Good,Low,25,Active
ATTR0004035,EMP04035,Sales,7,Excellent,Medium,65,Active
ATTR0004036,EMP04036,HR,9,Excellent,Medium,64,Active
ATTR0004037,EMP04037,HR,6,Excellent,High,100,Resigned
ATTR0004038,EMP04038,IT,9,Excellent,Medium,54,Active
ATTR0004039,EMP04039,Operations,6,Good,Medium,68,Active
ATTR0004040,EMP04040,Finance,7,Excellent,High,93,Active
ATTR0004041,EMP04041,HR,10,Average,Low,47,Active
ATTR0004042,EMP04042,Sales,3,Average,Medium,56,Active
ATTR0004043,EMP04043,HR,1,Excellent,Low,42,Active
ATTR0004044,EMP04044,Finance,4,Excellent,Low,22,Active
ATTR0004045,EMP04045,HR,6,Average,High,86,Active
ATTR0004046,EMP04046,IT,10,Average,High,92,Active
ATTR0004047,EMP04047,HR,1,Excellent,Low,27,Active
ATTR0004048,EMP04048,HR,5,Poor,Low,35,Active
ATTR0004049,EMP04049,Finance,7,Excellent,High,77,Resigned
ATTR0004050,EMP04050,IT,3,Poor,Medium,58,Active
ATTR0004051,EMP04051,HR,1,Excellent,High,100,Active
ATTR0004052,EMP04052,Finance,5,Average,Low,22,Active
ATTR0004053,EMP04053,IT,1,Good,Low,40,Resigned
ATTR0004054,EMP04054,Marketing,8,Poor,Low,29,Active
ATTR0004055,EMP04055,Operations,1,Poor,Low,33,Active
ATTR0004056,EMP04056,Marketing,8,Good,High,77,Active
ATTR0004057,EMP04057,IT,4,Excellent,High,78,Resigned
ATTR0004058,EMP04058,IT,6,Excellent,Low,33,Active
ATTR0004059,EMP04059,Finance,3,Poor,High,85,Active
ATTR0004060,EMP04060,HR,11,Excellent,High,88,Active
ATTR0004061,EMP04061,Marketing,10,Poor,Low,35,Active
ATTR0004062,EMP04062,Marketing,2,Average,Medium,72,Active
ATTR0004063,EMP04063,Sales,6,Good,Medium,64,Active
ATTR0004064,EMP04064,Marketing,8,Poor,Medium,54,Resigned
ATTR0004065,EMP04065,Operations,10,Excellent,High,94,Active
ATTR0004066,EMP04066,Finance,2,Excellent,Low,26,Active
ATTR0004067,EMP04067,HR,7,Average,Low,42,Active
ATTR0004068,EMP04068,HR,10,Average,Low,29,Active
ATTR0004069,EMP04069,IT,8,Excellent,Low,24,Active
ATTR0004070,EMP04070,Operations,7,Excellent,Low,44,Resigned
ATTR0004071,EMP04071,Operations,10,Excellent,High,86,Active
ATTR0004072,EMP04072,Sales,2,Good,Medium,71,Active
ATTR0004073,EMP04073,HR,8,Good,High,87,Active
ATTR0004074,EMP04074,Operations,4,Poor,High,91,Active
ATTR0004075,EMP04075,HR,5,Excellent,High,77,Active
ATTR0004076,EMP04076,IT,0,Excellent,Low,36,Active
ATTR0004077,EMP04077,Marketing,8,Average,Medium,60,Active
ATTR0004078,EMP04078,Marketing,10,Good,Low,41,Active
ATTR0004079,EMP04079,IT,4,Poor,Low,20,Active
ATTR0004080,EMP04080,Marketing,6,Excellent,Low,43,Active
ATTR0004081,EMP04081,IT,8,Poor,Low,49,Active
ATTR0004082,EMP04082,Finance,10,Average,Low,27,Active
ATTR0004083,EMP04083,Operations,11,Poor,Low,35,Active
ATTR0004084,EMP04084,Marketing,4,Excellent,Low,36,Active
ATTR0004085,EMP04085,Operations,9,Excellent,Low,22,Active
ATTR0004086,EMP04086,Finance,1,Average,High,97,Active
ATTR0004087,EMP04087,IT,2,Good,Low,42,Active
ATTR0004088,EMP04088,HR,8,Good,High,79,Active
ATTR0004089,EMP04089,IT,6,Excellent,High,76,Active
ATTR0004090,EMP04090,Marketing,8,Poor,High,93,Active
ATTR0004091,EMP04091,Sales,9,Average,Low,21,Active
ATTR0004092,EMP04092,Marketing,4,Poor,Low,24,Active
ATTR0004093,EMP04093,Operations,8,Excellent,High,93,Active
ATTR0004094,EMP04094,HR,4,Excellent,Medium,68,Active
ATTR0004095,EMP04095,Marketing,10,Good,High,75,Active
ATTR0004096,EMP04096,Marketing,0,Average,Low,38,Active
ATTR0004097,EMP04097,Sales,6,Good,Low,43,Active
ATTR0004098,EMP04098,IT,2,Poor,High,90,Active
ATTR0004099,EMP04099,HR,0,Average,High,89,Active
ATTR0004100,EMP04100,IT,9,Good,Low,40,Active
ATTR0004101,EMP04101,Operations,2,Excellent,Low,24,Active
ATTR0004102,EMP04102,HR,1,Excellent,High,97,Active
ATTR0004103,EMP04103,IT,8,Poor,Low,33,Active
ATTR0004104,EMP04104,Operations,1,Poor,Low,20,Resigned
ATTR0004105,EMP04105,IT,7,Excellent,Medium,60,Active
ATTR0004106,EMP04106,Finance,3,Poor,Low,24,Active
ATTR0004107,EMP04107,Finance,7,Poor,Medium,58,Active
ATTR0004108,EMP04108,Operations,7,Average,Low,47,Active
ATTR0004109,EMP04109,Marketing,10,Average,Low,20,Active
ATTR0004110,EMP04110,HR,3,Excellent,Low,22,Active
ATTR0004111,EMP04111,HR,6,Poor,High,82,Active
ATTR0004112,EMP04112,Operations,5,Excellent,Medium,72,Resigned
ATTR0004113,EMP04113,IT,10,Average,Medium,57,Resigned
ATTR0004114,EMP04114,Sales,9,Poor,Medium,59,Active
ATTR0004115,EMP04115,Sales,8,Excellent,High,88,Active
ATTR0004116,EMP04116,Marketing,6,Average,Medium,73,Resigned
ATTR0004117,EMP04117,IT,7,Good,Low,22,Active
ATTR0004118,EMP04118,Operations,3,Excellent,High,83,Active
ATTR0004119,EMP04119,Operations,4,Poor,Low,34,Active
ATTR0004120,EMP04120,Sales,0,Good,Medium,64,Active
ATTR0004121,EMP04121,Marketing,10,Average,Medium,54,Active
ATTR0004122,EMP04122,IT,10,Good,Medium,50,Active
ATTR0004123,EMP04123,Finance,4,Good,Medium,67,Active
ATTR0004124,EMP04124,Sales,1,Poor,Medium,51,Resigned
ATTR0004125,EMP04125,Marketing,5,Good,Low,28,Active
ATTR0004126,EMP04126,HR,5,Excellent,Medium,59,Active
ATTR0004127,EMP04127,IT,1,Good,High,83,Active
ATTR0004128,EMP04128,IT,7,Good,Low,45,Active
ATTR0004129,EMP04129,HR,1,Good,High,93,Active
ATTR0004130,EMP04130,Marketing,2,Average,Medium,64,Active
ATTR0004131,EMP04131,Operations,6,Good,High,90,Active
ATTR0004132,EMP04132,HR,6,Good,High,84,Active
ATTR0004133,EMP04133,Marketing,2,Average,Medium,68,Active
ATTR0004134,EMP04134,Finance,9,Average,Low,22,Active
ATTR0004135,EMP04135,Operations,10,Excellent,Low,47,Active
ATTR0004136,EMP04136,Sales,10,Poor,High,98,Active
ATTR0004137,EMP04137,Operations,2,Poor,Low,21,Active
ATTR0004138,EMP04138,Operations,2,Poor,High,84,Active
ATTR0004139,EMP04139,HR,10,Average,Low,42,Resigned
ATTR0004140,EMP04140,IT,1,Good,High,96,Resigned
ATTR0004141,EMP04141,Finance,1,Good,Medium,56,Active
ATTR0004142,EMP04142,HR,3,Poor,Medium,61,Active
ATTR0004143,EMP04143,HR,8,Good,Low,33,Active
ATTR0004144,EMP04144,Finance,6,Poor,Low,24,Resigned
ATTR0004145,EMP04145,Marketing,3,Average,High,98,Active
ATTR0004146,EMP04146,IT,10,Average,Low,27,Active
ATTR0004147,EMP04147,Sales,9,Good,Low,28,Active
ATTR0004148,EMP04148,Finance,3,Average,High,76,Active
ATTR0004149,EMP04149,IT,4,Average,High,77,Active
ATTR0004150,EMP04150,HR,5,Poor,Medium,58,Active
ATTR0004151,EMP04151,Marketing,1,Good,High,100,Active
ATTR0004152,EMP04152,Finance,1,Excellent,Low,40,Active
ATTR0004153,EMP04153,Sales,0,Excellent,Medium,70,Active
ATTR0004154,EMP04154,HR,8,Average,High,94,Active
ATTR0004155,EMP04155,Sales,11,Average,Low,44,Active
ATTR0004156,EMP04156,Sales,2,Good,Medium,59,Active
ATTR0004157,EMP04157,IT,4,Average,High,82,Active
ATTR0004158,EMP04158,IT,1,Poor,Low,41,Active
ATTR0004159,EMP04159,IT,7,Excellent,Low,26,Active
ATTR0004160,EMP04160,Finance,7,Poor,Medium,57,Active
ATTR0004161,EMP04161,IT,3,Average,High,99,Active
ATTR0004162,EMP04162,HR,10,Good,High,81,Active
ATTR0004163,EMP04163,IT,5,Good,Medium,74,Active
ATTR0004164,EMP04164,Operations,7,Excellent,High,89,Active
ATTR0004165,EMP04165,Sales,10,Poor,Medium,52,Resigned
ATTR0004166,EMP04166,IT,2,Average,High,99,Active
ATTR0004167,EMP04167,Operations,5,Poor,Low,31,Active
ATTR0004168,EMP04168,Finance,10,Excellent,High,93,Active
ATTR0004169,EMP04169,HR,7,Poor,Medium,65,Resigned
ATTR0004170,EMP04170,Operations,3,Average,Medium,70,Resigned
ATTR0004171,EMP04171,HR,1,Excellent,Low,44,Active
ATTR0004172,EMP04172,Finance,4,Poor,High,80,Resigned
ATTR0004173,EMP04173,Operations,7,Good,Low,25,Active
ATTR0004174,EMP04174,HR,5,Excellent,Low,27,Active
ATTR0004175,EMP04175,Finance,6,Poor,Low,24,Active
ATTR0004176,EMP04176,Operations,9,Average,Medium,59,Active
ATTR0004177,EMP04177,Sales,10,Poor,High,85,Active
ATTR0004178,EMP04178,Finance,3,Good,High,83,Active
ATTR0004179,EMP04179,Finance,4,Poor,Low,26,Active
ATTR0004180,EMP04180,Operations,8,Good,Low,29,Active
ATTR0004181,EMP04181,Marketing,2,Average,Medium,70,Active
ATTR0004182,EMP04182,Operations,4,Poor,Low,31,Resigned
ATTR0004183,EMP04183,HR,5,Poor,Low,24,Active
ATTR0004184,EMP04184,Finance,8,Good,Medium,53,Active
ATTR0004185,EMP04185,Marketing,4,Average,Low,24,Active
ATTR0004186,EMP04186,Finance,4,Excellent,Low,22,Active
ATTR0004187,EMP04187,HR,6,Poor,Low,49,Active
ATTR0004188,EMP04188,HR,9,Poor,Medium,68,Active
ATTR0004189,EMP04189,Marketing,5,Excellent,Low,26,Active
ATTR0004190,EMP04190,Operations,3,Good,Low,49,Active
ATTR0004191,EMP04191,Operations,10,Good,Medium,65,Active
ATTR0004192,EMP04192,Marketing,7,Good,Low,27,Resigned
ATTR0004193,EMP04193,Operations,11,Good,Medium,60,Resigned
ATTR0004194,EMP04194,Finance,4,Average,Medium,59,Active
ATTR0004195,EMP04195,Sales,4,Good,Medium,63,Active
ATTR0004196,EMP04196,Marketing,2,Average,Medium,66,Active
ATTR0004197,EMP04197,Finance,8,Poor,High,77,Active
ATTR0004198,EMP04198,Operations,1,Good,Medium,73,Active
ATTR0004199,EMP04199,Sales,6,Poor,Low,20,Active
ATTR0004200,EMP04200,Finance,6,Excellent,Low,36,Active
ATTR0004201,EMP04201,IT,7,Poor,Medium,63,Active
ATTR0004202,EMP04202,HR,4,Excellent,High,91,Active
ATTR0004203,EMP04203,IT,7,Poor,High,88,Active
ATTR0004204,EMP04204,IT,7,Excellent,Medium,52,Active
ATTR0004205,EMP04205,HR,7,Good,High,89,Active
ATTR0004206,EMP04206,Sales,10,Good,Medium,72,Active
ATTR0004207,EMP04207,Finance,10,Poor,Low,30,Active
ATTR0004208,EMP04208,Operations,1,Good,Low,31,Resigned
ATTR0004209,EMP04209,Marketing,10,Excellent,Medium,68,Active
ATTR0004210,EMP04210,Finance,4,Excellent,High,79,Active
ATTR0004211,EMP04211,Marketing,11,Poor,High,78,Active
ATTR0004212,EMP04212,IT,2,Excellent,Low,28,Active
ATTR0004213,EMP04213,Operations,1,Average,Low,40,Active
ATTR0004214,EMP04214,Marketing,10,Good,Low,26,Active
ATTR0004215,EMP04215,IT,7,Poor,Medium,67,Active
ATTR0004216,EMP04216,IT,6,Average,High,96,Active
ATTR0004217,EMP04217,HR,10,Average,High,77,Active
ATTR0004218,EMP04218,Marketing,7,Good,High,100,Active
ATTR0004219,EMP04219,Marketing,2,Poor,High,99,Active
ATTR0004220,EMP04220,IT,10,Good,Low,47,Resigned
ATTR0004221,EMP04221,Finance,3,Excellent,Low,49,Active
ATTR0004222,EMP04222,IT,3,Poor,High,90,Active
ATTR0004223,EMP04223,HR,3,Average,Low,42,Active
ATTR0004224,EMP04224,Operations,10,Good,Low,32,Active
ATTR0004225,EMP04225,Marketing,2,Poor,Low,30,Active
ATTR0004226,EMP04226,IT,1,Good,Medium,66,Active
ATTR0004227,EMP04227,Finance,1,Poor,Medium,68,Active
ATTR0004228,EMP04228,HR,8,Excellent,Medium,59,Active
ATTR0004229,EMP04229,HR,8,Average,Low,27,Active
ATTR0004230,EMP04230,HR,9,Good,Medium,56,Active
ATTR0004231,EMP04231,Marketing,9,Poor,Low,38,Active
ATTR0004232,EMP04232,Operations,11,Good,Low,48,Active
ATTR0004233,EMP04233,Operations,8,Good,High,100,Active
ATTR0004234,EMP04234,Finance,8,Poor,Low,43,Active
ATTR0004235,EMP04235,Marketing,1,Excellent,Low,34,Active
ATTR0004236,EMP04236,Operations,9,Excellent,Medium,55,Active
ATTR0004237,EMP04237,Finance,11,Average,High,86,Active
ATTR0004238,EMP04238,Operations,8,Good,Low,26,Resigned
ATTR0004239,EMP04239,HR,8,Good,Low,21,Active
ATTR0004240,EMP04240,Marketing,4,Good,High,79,Resigned
ATTR0004241,EMP04241,Sales,2,Excellent,Medium,52,Resigned
ATTR0004242,EMP04242,Marketing,9,Average,High,87,Active
ATTR0004243,EMP04243,Sales,11,Average,Low,25,Resigned
ATTR0004244,EMP04244,Marketing,8,Good,High,85,Resigned
ATTR0004245,EMP04245,Marketing,11,Poor,Low,44,Resigned
ATTR0004246,EMP04246,Marketing,5,Poor,Low,41,Resigned
ATTR0004247,EMP04247,IT,5,Excellent,Low,45,Active
ATTR0004248,EMP04248,Finance,9,Average,Low,21,Active
ATTR0004249,EMP04249,Marketing,2,Average,High,85,Active
ATTR0004250,EMP04250,Sales,3,Average,Medium,57,Active
ATTR0004251,EMP04251,HR,0,Excellent,High,99,Active
ATTR0004252,EMP04252,Marketing,6,Good,High,92,Active
ATTR0004253,EMP04253,HR,3,Excellent,High,78,Active
ATTR0004254,EMP04254,Marketing,10,Average,Medium,72,Resigned
ATTR0004255,EMP04255,Marketing,1,Poor,High,92,Active
ATTR0004256,EMP04256,HR,1,Poor,Medium,53,Resigned
ATTR0004257,EMP04257,Sales,7,Good,Low,24,Resigned
ATTR0004258,EMP04258,IT,2,Average,High,96,Active
ATTR0004259,EMP04259,HR,9,Average,Low,40,Active
ATTR0004260,EMP04260,IT,3,Excellent,High,80,Active
ATTR0004261,EMP04261,Marketing,8,Poor,Low,43,Active
ATTR0004262,EMP04262,Operations,0,Good,Medium,57,Active
ATTR0004263,EMP04263,Finance,7,Excellent,Low,22,Active
ATTR0004264,EMP04264,HR,2,Good,Low,28,Active
ATTR0004265,EMP04265,Finance,2,Excellent,Medium,64,Active
ATTR0004266,EMP04266,Marketing,8,Average,Medium,52,Active
ATTR0004267,EMP04267,Marketing,2,Poor,Low,23,Active
ATTR0004268,EMP04268,Marketing,1,Average,Medium,52,Active
ATTR0004269,EMP04269,Operations,4,Excellent,High,83,Active
ATTR0004270,EMP04270,Operations,5,Poor,Medium,55,Active
ATTR0004271,EMP04271,Marketing,3,Excellent,High,94,Active
ATTR0004272,EMP04272,Operations,5,Poor,High,100,Active
ATTR0004273,EMP04273,Finance,5,Poor,Low,44,Active
ATTR0004274,EMP04274,IT,5,Poor,Low,48,Active
ATTR0004275,EMP04275,HR,1,Good,High,88,Active
ATTR0004276,EMP04276,IT,1,Good,Medium,62,Active
ATTR0004277,EMP04277,IT,6,Poor,High,99,Active
ATTR0004278,EMP04278,Finance,8,Average,Low,38,Active
ATTR0004279,EMP04279,Finance,6,Good,Low,44,Active
ATTR0004280,EMP04280,HR,10,Good,Low,36,Active
ATTR0004281,EMP04281,Sales,6,Average,Low,48,Active
ATTR0004282,EMP04282,Sales,8,Average,Low,32,Active
ATTR0004283,EMP04283,Marketing,10,Poor,High,93,Active
ATTR0004284,EMP04284,Finance,1,Poor,Medium,62,Resigned
ATTR0004285,EMP04285,IT,3,Average,Medium,67,Active
ATTR0004286,EMP04286,Marketing,1,Excellent,Low,44,Active
ATTR0004287,EMP04287,IT,10,Poor,Medium,69,Active
ATTR0004288,EMP04288,Sales,5,Poor,High,75,Active
ATTR0004289,EMP04289,HR,11,Good,Medium,50,Active
ATTR0004290,EMP04290,Marketing,10,Excellent,High,79,Active
ATTR0004291,EMP04291,HR,1,Excellent,High,85,Active
ATTR0004292,EMP04292,Operations,6,Excellent,Medium,55,Active
ATTR0004293,EMP04293,HR,3,Average,Medium,60,Active
ATTR0004294,EMP04294,Operations,5,Good,Low,34,Active
ATTR0004295,EMP04295,Sales,7,Poor,Low,39,Active
ATTR0004296,EMP04296,Finance,11,Excellent,High,89,Active
ATTR0004297,EMP04297,Sales,6,Excellent,High,95,Active
ATTR0004298,EMP04298,Marketing,3,Poor,Medium,57,Active
ATTR0004299,EMP04299,Operations,3,Good,Low,45,Active
ATTR0004300,EMP04300,Operations,1,Poor,High,96,Active
ATTR0004301,EMP04301,HR,1,Average,High,76,Active
ATTR0004302,EMP04302,HR,5,Good,Low,40,Active
ATTR0004303,EMP04303,HR,11,Poor,Low,39,Active
ATTR0004304,EMP04304,Sales,4,Average,Low,42,Active
ATTR0004305,EMP04305,Finance,10,Good,High,80,Resigned
ATTR0004306,EMP04306,Marketing,11,Good,Low,41,Active
ATTR0004307,EMP04307,Finance,1,Poor,Medium,62,Active
ATTR0004308,EMP04308,Sales,10,Average,Medium,66,Active
ATTR0004309,EMP04309,Marketing,9,Poor,Low,25,Active
ATTR0004310,EMP04310,HR,8,Poor,Medium,57,Active
ATTR0004311,EMP04311,Finance,3,Excellent,Low,30,Resigned
ATTR0004312,EMP04312,Operations,1,Good,High,81,Resigned
ATTR0004313,EMP04313,Operations,8,Good,Low,37,Active
ATTR0004314,EMP04314,HR,2,Average,High,98,Active
ATTR0004315,EMP04315,Operations,3,Average,High,96,Active
ATTR0004316,EMP04316,Finance,5,Excellent,Low,43,Active
ATTR0004317,EMP04317,Marketing,6,Good,Low,31,Active
ATTR0004318,EMP04318,Finance,4,Average,High,98,Active
ATTR0004319,EMP04319,Finance,8,Good,Low,38,Active
ATTR0004320,EMP04320,Operations,8,Average,High,77,Active
ATTR0004321,EMP04321,Finance,5,Poor,Low,49,Active
ATTR0004322,EMP04322,Operations,1,Poor,Low,44,Active
ATTR0004323,EMP04323,Sales,1,Good,Medium,53,Active
ATTR0004324,EMP04324,Marketing,4,Good,Medium,56,Active
ATTR0004325,EMP04325,IT,7,Poor,Medium,71,Active
ATTR0004326,EMP04326,Marketing,4,Average,High,81,Active
ATTR0004327,EMP04327,Marketing,2,Excellent,Medium,51,Active
ATTR0004328,EMP04328,Operations,7,Excellent,Medium,51,Active
ATTR0004329,EMP04329,Marketing,10,Average,Low,30,Active
ATTR0004330,EMP04330,Operations,6,Poor,High,78,Resigned
ATTR0004331,EMP04331,IT,11,Poor,High,92,Active
ATTR0004332,EMP04332,Operations,2,Excellent,High,77,Resigned
ATTR0004333,EMP04333,HR,2,Average,High,76,Active
ATTR0004334,EMP04334,HR,10,Excellent,Medium,65,Active
ATTR0004335,EMP04335,Finance,5,Average,Medium,72,Active
ATTR0004336,EMP04336,Finance,7,Poor,Medium,74,Active
ATTR0004337,EMP04337,Sales,5,Excellent,Low,24,Resigned
ATTR0004338,EMP04338,Marketing,1,Excellent,Low,35,Active
ATTR0004339,EMP04339,Marketing,4,Excellent,Medium,62,Active
ATTR0004340,EMP04340,Marketing,2,Poor,High,94,Resigned
ATTR0004341,EMP04341,Operations,6,Excellent,Low,29,Active
ATTR0004342,EMP04342,IT,5,Excellent,Medium,50,Active
ATTR0004343,EMP04343,HR,5,Excellent,Low,35,Active
ATTR0004344,EMP04344,Operations,6,Average,High,83,Active
ATTR0004345,EMP04345,Sales,10,Average,Medium,56,Active
ATTR0004346,EMP04346,HR,3,Excellent,High,84,Active
ATTR0004347,EMP04347,Sales,4,Average,High,95,Active
ATTR0004348,EMP04348,Marketing,8,Average,High,81,Resigned
ATTR0004349,EMP04349,IT,8,Excellent,Low,30,Active
ATTR0004350,EMP04350,Marketing,10,Poor,Low,27,Active
ATTR0004351,EMP04351,Finance,9,Good,High,84,Active
ATTR0004352,EMP04352,HR,1,Excellent,High,86,Resigned
ATTR0004353,EMP04353,Sales,2,Excellent,Low,28,Active
ATTR0004354,EMP04354,IT,10,Poor,Low,35,Resigned
ATTR0004355,EMP04355,Finance,1,Poor,High,82,Active
ATTR0004356,EMP04356,IT,0,Good,Medium,69,Active
ATTR0004357,EMP04357,Marketing,0,Excellent,High,93,Resigned
ATTR0004358,EMP04358,Finance,3,Good,Low,40,Resigned
ATTR0004359,EMP04359,Operations,10,Average,Medium,56,Active
ATTR0004360,EMP04360,Sales,3,Poor,Low,23,Active
ATTR0004361,EMP04361,Sales,1,Average,High,86,Active
ATTR0004362,EMP04362,Sales,3,Poor,Medium,74,Active
ATTR0004363,EMP04363,Operations,3,Average,High,92,Active
ATTR0004364,EMP04364,Finance,8,Poor,Low,24,Active
ATTR0004365,EMP04365,Operations,10,Good,Medium,55,Resigned
ATTR0004366,EMP04366,HR,3,Good,Low,35,Resigned
ATTR0004367,EMP04367,IT,1,Poor,Medium,70,Resigned
ATTR0004368,EMP04368,Operations,0,Poor,Medium,65,Active
ATTR0004369,EMP04369,Finance,9,Good,High,77,Active
ATTR0004370,EMP04370,Sales,6,Poor,Low,24,Active
ATTR0004371,EMP04371,HR,5,Excellent,Medium,73,Active
ATTR0004372,EMP04372,IT,3,Excellent,High,85,Active
ATTR0004373,EMP04373,IT,6,Average,High,99,Active
ATTR0004374,EMP04374,Finance,5,Good,High,89,Active
ATTR0004375,EMP04375,Operations,3,Good,Low,42,Active
ATTR0004376,EMP04376,Marketing,6,Poor,High,83,Resigned
ATTR0004377,EMP04377,IT,0,Excellent,High,85,Resigned
ATTR0004378,EMP04378,Finance,5,Average,Medium,69,Active
ATTR0004379,EMP04379,IT,9,Good,Medium,51,Active
ATTR0004380,EMP04380,Finance,7,Poor,Low,48,Active
ATTR0004381,EMP04381,Sales,3,Poor,Low,34,Active
ATTR0004382,EMP04382,Finance,11,Average,Low,20,Active
ATTR0004383,EMP04383,Operations,0,Good,Medium,63,Active
ATTR0004384,EMP04384,Sales,6,Poor,High,94,Active
ATTR0004385,EMP04385,Operations,5,Poor,Medium,63,Active
ATTR0004386,EMP04386,Operations,1,Poor,Medium,59,Active
ATTR0004387,EMP04387,Sales,3,Good,Medium,74,Active
ATTR0004388,EMP04388,Sales,10,Good,High,80,Active
ATTR0004389,EMP04389,Operations,3,Good,High,81,Active
ATTR0004390,EMP04390,Finance,1,Poor,Low,22,Active
ATTR0004391,EMP04391,Operations,4,Average,Medium,67,Active
ATTR0004392,EMP04392,Marketing,2,Poor,Low,34,Active
ATTR0004393,EMP04393,Sales,1,Excellent,Medium,72,Active
ATTR0004394,EMP04394,Sales,4,Excellent,Low,31,Active
ATTR0004395,EMP04395,Sales,9,Excellent,Low,24,Active
ATTR0004396,EMP04396,IT,8,Good,Low,21,Active
ATTR0004397,EMP04397,HR,3,Excellent,Low,34,Active
ATTR0004398,EMP04398,IT,2,Excellent,Low,29,Active
ATTR0004399,EMP04399,Finance,11,Good,Medium,65,Active
ATTR0004400,EMP04400,Finance,8,Good,Medium,73,Active
ATTR0004401,EMP04401,HR,10,Good,Low,27,Active
ATTR0004402,EMP04402,Sales,9,Poor,High,90,Active
ATTR0004403,EMP04403,HR,5,Poor,Low,37,Active
ATTR0004404,EMP04404,IT,1,Excellent,Low,44,Resigned
ATTR0004405,EMP04405,Finance,1,Good,Low,42,Active
ATTR0004406,EMP04406,HR,9,Excellent,High,75,Active
ATTR0004407,EMP04407,Sales,10,Poor,High,100,Active
ATTR0004408,EMP04408,IT,1,Good,Medium,72,Active
ATTR0004409,EMP04409,HR,2,Excellent,High,84,Active
ATTR0004410,EMP04410,Sales,3,Good,Low,20,Active
ATTR0004411,EMP04411,Marketing,5,Poor,Low,43,Active
ATTR0004412,EMP04412,Sales,8,Average,High,81,Active
ATTR0004413,EMP04413,Operations,3,Poor,High,93,Active
ATTR0004414,EMP04414,HR,1,Excellent,Medium,70,Active
ATTR0004415,EMP04415,Finance,0,Good,Low,39,Active
ATTR0004416,EMP04416,Operations,1,Average,High,75,Active
ATTR0004417,EMP04417,Operations,2,Average,Medium,55,Active
ATTR0004418,EMP04418,Finance,2,Excellent,Low,34,Active
ATTR0004419,EMP04419,Sales,2,Average,Low,45,Active
ATTR0004420,EMP04420,Finance,9,Average,Low,45,Active
ATTR0004421,EMP04421,Sales,8,Excellent,Low,26,Active
ATTR0004422,EMP04422,Operations,6,Excellent,Medium,66,Resigned
ATTR0004423,EMP04423,Marketing,4,Poor,Low,34,Active
ATTR0004424,EMP04424,Operations,9,Excellent,Medium,65,Active
ATTR0004425,EMP04425,Marketing,3,Good,High,82,Active
ATTR0004426,EMP04426,Finance,2,Good,Low,28,Resigned
ATTR0004427,EMP04427,Operations,0,Poor,Medium,51,Active
ATTR0004428,EMP04428,Sales,8,Good,Low,40,Active
ATTR0004429,EMP04429,Sales,2,Poor,Medium,71,Resigned
ATTR0004430,EMP04430,HR,7,Poor,High,79,Active
ATTR0004431,EMP04431,HR,4,Poor,Low,37,Active
ATTR0004432,EMP04432,Finance,2,Excellent,High,75,Active
ATTR0004433,EMP04433,Operations,9,Average,Medium,72,Active
ATTR0004434,EMP04434,IT,9,Average,High,95,Active
ATTR0004435,EMP04435,Finance,8,Average,Low,20,Active
ATTR0004436,EMP04436,Operations,4,Poor,Low,21,Active
ATTR0004437,EMP04437,Operations,3,Excellent,Medium,70,Resigned
ATTR0004438,EMP04438,HR,6,Good,Low,29,Active
ATTR0004439,EMP04439,Marketing,10,Good,High,84,Active
ATTR0004440,EMP04440,Operations,5,Poor,High,91,Active
ATTR0004441,EMP04441,IT,2,Poor,High,84,Active
ATTR0004442,EMP04442,Operations,6,Average,High,96,Active
ATTR0004443,EMP04443,Finance,3,Average,Medium,54,Active
ATTR0004444,EMP04444,IT,8,Excellent,High,100,Active
ATTR0004445,EMP04445,Finance,0,Good,High,75,Active
ATTR0004446,EMP04446,HR,6,Poor,Medium,67,Active
ATTR0004447,EMP04447,IT,5,Poor,Medium,55,Active
ATTR0004448,EMP04448,IT,1,Poor,Low,20,Active
ATTR0004449,EMP04449,Operations,7,Good,Low,49,Active
ATTR0004450,EMP04450,Sales,9,Good,Medium,56,Active
ATTR0004451,EMP04451,Marketing,6,Excellent,Medium,56,Active
ATTR0004452,EMP04452,Finance,9,Average,High,77,Resigned
ATTR0004453,EMP04453,Marketing,9,Good,Low,46,Active
ATTR0004454,EMP04454,IT,7,Good,Low,34,Resigned
ATTR0004455,EMP04455,Operations,8,Excellent,Low,23,Active
ATTR0004456,EMP04456,IT,3,Good,Low,42,Active
ATTR0004457,EMP04457,Marketing,9,Good,Medium,50,Active
ATTR0004458,EMP04458,IT,7,Average,Low,22,Active
ATTR0004459,EMP04459,HR,10,Good,High,80,Active
ATTR0004460,EMP04460,Sales,7,Excellent,High,92,Active
ATTR0004461,EMP04461,HR,2,Excellent,Medium,57,Active
ATTR0004462,EMP04462,Sales,2,Average,Low,43,Active
ATTR0004463,EMP04463,Finance,9,Excellent,Low,48,Resigned
ATTR0004464,EMP04464,HR,6,Average,Low,46,Active
ATTR0004465,EMP04465,Finance,2,Good,Medium,55,Active
ATTR0004466,EMP04466,HR,10,Poor,Low,43,Active
ATTR0004467,EMP04467,Finance,10,Good,High,88,Active
ATTR0004468,EMP04468,Sales,1,Average,Low,46,Active
ATTR0004469,EMP04469,Marketing,5,Excellent,Low,24,Active
ATTR0004470,EMP04470,HR,9,Good,Low,30,Active
ATTR0004471,EMP04471,Marketing,3,Excellent,Medium,60,Active
ATTR0004472,EMP04472,Finance,8,Poor,Medium,52,Active
ATTR0004473,EMP04473,Sales,7,Average,High,78,Active
ATTR0004474,EMP04474,Operations,6,Average,High,78,Resigned
ATTR0004475,EMP04475,Operations,0,Poor,Low,22,Active
ATTR0004476,EMP04476,IT,7,Excellent,High,79,Active
ATTR0004477,EMP04477,HR,11,Excellent,Low,31,Active
ATTR0004478,EMP04478,IT,10,Good,High,86,Active
ATTR0004479,EMP04479,HR,6,Good,High,96,Active
ATTR0004480,EMP04480,Operations,10,Poor,Medium,65,Active
ATTR0004481,EMP04481,Marketing,7,Average,Low,37,Active
ATTR0004482,EMP04482,Finance,8,Excellent,Medium,50,Active
ATTR0004483,EMP04483,Marketing,4,Excellent,Medium,53,Active
ATTR0004484,EMP04484,Finance,10,Good,High,91,Active
ATTR0004485,EMP04485,Marketing,9,Good,Low,28,Active
ATTR0004486,EMP04486,Finance,10,Poor,Low,28,Active
ATTR0004487,EMP04487,Finance,2,Good,High,94,Active
ATTR0004488,EMP04488,Operations,3,Poor,Medium,74,Active
ATTR0004489,EMP04489,Marketing,4,Poor,Low,38,Active
ATTR0004490,EMP04490,Sales,2,Excellent,Medium,60,Active
ATTR0004491,EMP04491,Operations,2,Excellent,Medium,54,Active
ATTR0004492,EMP04492,Finance,4,Poor,High,81,Active
ATTR0004493,EMP04493,Sales,3,Poor,Medium,72,Active
ATTR0004494,EMP04494,HR,9,Excellent,High,84,Active
ATTR0004495,EMP04495,HR,9,Excellent,High,96,Resigned
ATTR0004496,EMP04496,Sales,10,Excellent,Medium,54,Resigned
ATTR0004497,EMP04497,IT,5,Good,Medium,50,Active
ATTR0004498,EMP04498,Sales,8,Average,Low,29,Active
ATTR0004499,EMP04499,Finance,10,Poor,Low,37,Active
ATTR0004500,EMP04500,Sales,0,Average,High,91,Active
ATTR0004501,EMP04501,Operations,0,Good,Medium,53,Active
ATTR0004502,EMP04502,Finance,8,Average,High,92,Active
ATTR0004503,EMP04503,HR,11,Excellent,Medium,62,Active
ATTR0004504,EMP04504,Sales,2,Average,High,84,Active
ATTR0004505,EMP04505,Sales,7,Excellent,High,97,Active
ATTR0004506,EMP04506,Marketing,4,Average,Medium,70,Active
ATTR0004507,EMP04507,Sales,10,Poor,Medium,50,Active
ATTR0004508,EMP04508,Marketing,10,Poor,High,80,Active
ATTR0004509,EMP04509,Marketing,8,Good,High,85,Active
ATTR0004510,EMP04510,IT,2,Average,High,75,Active
ATTR0004511,EMP04511,Marketing,5,Poor,Low,27,Active
ATTR0004512,EMP04512,Operations,3,Average,Medium,53,Active
ATTR0004513,EMP04513,Marketing,1,Poor,Medium,67,Active
ATTR0004514,EMP04514,HR,11,Poor,Medium,51,Active
ATTR0004515,EMP04515,Marketing,4,Excellent,Medium,63,Active
ATTR0004516,EMP04516,Sales,0,Excellent,Medium,57,Active
ATTR0004517,EMP04517,Finance,10,Excellent,Low,49,Resigned
ATTR0004518,EMP04518,Sales,11,Good,High,97,Active
ATTR0004519,EMP04519,Marketing,4,Poor,High,89,Resigned
ATTR0004520,EMP04520,Marketing,3,Average,Medium,64,Active
ATTR0004521,EMP04521,Finance,3,Excellent,Low,35,Active
ATTR0004522,EMP04522,Operations,5,Excellent,Medium,66,Active
ATTR0004523,EMP04523,Sales,0,Good,Medium,53,Active
ATTR0004524,EMP04524,IT,6,Excellent,Medium,70,Active
ATTR0004525,EMP04525,Operations,6,Average,High,94,Active
ATTR0004526,EMP04526,HR,6,Average,Low,28,Active
ATTR0004527,EMP04527,IT,6,Good,High,83,Resigned
ATTR0004528,EMP04528,IT,10,Average,Low,35,Active
ATTR0004529,EMP04529,Finance,3,Average,High,96,Active
ATTR0004530,EMP04530,Finance,8,Average,Medium,56,Active
ATTR0004531,EMP04531,HR,5,Poor,Low,41,Active
ATTR0004532,EMP04532,Marketing,0,Excellent,High,84,Active
ATTR0004533,EMP04533,IT,8,Average,Low,25,Active
ATTR0004534,EMP04534,IT,4,Average,High,84,Active
ATTR0004535,EMP04535,HR,6,Poor,High,97,Active
ATTR0004536,EMP04536,Finance,8,Good,High,97,Active
ATTR0004537,EMP04537,Sales,6,Poor,High,82,Resigned
ATTR0004538,EMP04538,Marketing,3,Good,Low,26,Active
ATTR0004539,EMP04539,Marketing,7,Good,Medium,58,Active
ATTR0004540,EMP04540,Sales,3,Average,Low,26,Active
ATTR0004541,EMP04541,Operations,11,Average,Low,35,Resigned
ATTR0004542,EMP04542,IT,6,Average,Medium,56,Active
ATTR0004543,EMP04543,Marketing,5,Good,Medium,69,Active
ATTR0004544,EMP04544,IT,6,Good,Low,48,Active
ATTR0004545,EMP04545,IT,6,Average,Low,39,Active
ATTR0004546,EMP04546,Operations,7,Average,Low,48,Active
ATTR0004547,EMP04547,Sales,7,Good,Low,49,Active
ATTR0004548,EMP04548,Sales,5,Average,Low,48,Active
ATTR0004549,EMP04549,HR,7,Excellent,Low,28,Active
ATTR0004550,EMP04550,IT,11,Poor,Low,33,Resigned
ATTR0004551,EMP04551,Finance,6,Good,High,99,Active
ATTR0004552,EMP04552,Sales,1,Poor,Low,46,Active
ATTR0004553,EMP04553,HR,3,Good,High,100,Active
ATTR0004554,EMP04554,Operations,6,Poor,Low,46,Active
ATTR0004555,EMP04555,Operations,1,Excellent,High,96,Resigned
ATTR0004556,EMP04556,Finance,4,Average,Medium,70,Active
ATTR0004557,EMP04557,Finance,1,Excellent,High,86,Active
ATTR0004558,EMP04558,IT,11,Good,Medium,59,Active
ATTR0004559,EMP04559,HR,1,Good,Low,22,Resigned
ATTR0004560,EMP04560,Sales,8,Average,High,80,Active
ATTR0004561,EMP04561,HR,1,Average,High,82,Active
ATTR0004562,EMP04562,Marketing,4,Poor,Low,25,Resigned
ATTR0004563,EMP04563,IT,6,Average,Medium,50,Active
ATTR0004564,EMP04564,Operations,1,Average,High,84,Active
ATTR0004565,EMP04565,Finance,5,Poor,High,95,Active
ATTR0004566,EMP04566,IT,10,Average,Medium,51,Active
ATTR0004567,EMP04567,Finance,8,Excellent,High,95,Resigned
ATTR0004568,EMP04568,HR,6,Excellent,High,92,Active
ATTR0004569,EMP04569,Sales,9,Poor,Medium,66,Active
ATTR0004570,EMP04570,Operations,1,Good,High,91,Resigned
ATTR0004571,EMP04571,Marketing,6,Poor,Low,48,Resigned
ATTR0004572,EMP04572,HR,8,Average,Medium,74,Active
ATTR0004573,EMP04573,Finance,2,Good,Medium,62,Active
ATTR0004574,EMP04574,Sales,10,Average,Medium,59,Active
ATTR0004575,EMP04575,Marketing,4,Average,Low,20,Active
ATTR0004576,EMP04576,Marketing,8,Excellent,Low,29,Resigned
ATTR0004577,EMP04577,Marketing,10,Poor,High,75,Resigned
ATTR0004578,EMP04578,Operations,4,Good,Low,33,Active
ATTR0004579,EMP04579,Sales,10,Excellent,High,99,Active
ATTR0004580,EMP04580,IT,8,Good,Medium,64,Active
ATTR0004581,EMP04581,IT,2,Excellent,High,100,Active
ATTR0004582,EMP04582,IT,11,Average,Low,45,Resigned
ATTR0004583,EMP04583,Operations,9,Good,Medium,50,Active
ATTR0004584,EMP04584,HR,11,Good,High,76,Active
ATTR0004585,EMP04585,Marketing,8,Poor,Low,37,Active
ATTR0004586,EMP04586,Operations,8,Excellent,Low,46,Active
ATTR0004587,EMP04587,Operations,2,Poor,Medium,74,Active
ATTR0004588,EMP04588,Sales,8,Good,Medium,56,Active
ATTR0004589,EMP04589,Sales,10,Average,High,97,Active
ATTR0004590,EMP04590,Marketing,5,Excellent,Medium,72,Active
ATTR0004591,EMP04591,HR,6,Poor,Low,25,Active
ATTR0004592,EMP04592,HR,10,Excellent,High,90,Active
ATTR0004593,EMP04593,IT,5,Average,High,97,Resigned
ATTR0004594,EMP04594,IT,4,Excellent,High,82,Active
ATTR0004595,EMP04595,Operations,7,Excellent,Low,29,Active
ATTR0004596,EMP04596,IT,10,Good,Low,32,Active
ATTR0004597,EMP04597,Finance,3,Average,Low,36,Active
ATTR0004598,EMP04598,HR,2,Poor,Low,22,Active
ATTR0004599,EMP04599,Operations,10,Poor,Medium,65,Active
ATTR0004600,EMP04600,HR,9,Excellent,Medium,66,Resigned
ATTR0004601,EMP04601,HR,4,Good,High,93,Resigned
ATTR0004602,EMP04602,Operations,11,Good,High,95,Active
ATTR0004603,EMP04603,Sales,3,Poor,High,78,Active
ATTR0004604,EMP04604,Operations,10,Poor,Low,42,Active
ATTR0004605,EMP04605,Finance,5,Poor,Low,30,Resigned
ATTR0004606,EMP04606,Sales,3,Poor,Low,39,Active
ATTR0004607,EMP04607,Sales,9,Excellent,Medium,74,Resigned
ATTR0004608,EMP04608,Sales,8,Poor,Medium,56,Active
ATTR0004609,EMP04609,Sales,2,Good,Low,44,Active
ATTR0004610,EMP04610,HR,11,Poor,Medium,71,Active
ATTR0004611,EMP04611,IT,10,Poor,Low,21,Active
ATTR0004612,EMP04612,Marketing,5,Poor,Medium,73,Active
ATTR0004613,EMP04613,Sales,2,Average,High,94,Active
ATTR0004614,EMP04614,Operations,10,Excellent,Low,24,Active
ATTR0004615,EMP04615,IT,6,Average,Low,47,Active
ATTR0004616,EMP04616,Sales,3,Excellent,High,88,Active
ATTR0004617,EMP04617,Sales,5,Poor,High,86,Active
ATTR0004618,EMP04618,IT,11,Good,High,94,Active
ATTR0004619,EMP04619,Sales,3,Poor,High,97,Active
ATTR0004620,EMP04620,HR,2,Poor,Low,44,Active
ATTR0004621,EMP04621,Sales,6,Good,Medium,69,Active
ATTR0004622,EMP04622,IT,10,Poor,High,97,Active
ATTR0004623,EMP04623,Operations,5,Average,Low,33,Active
ATTR0004624,EMP04624,Operations,7,Average,Medium,73,Active
ATTR0004625,EMP04625,IT,9,Excellent,Low,38,Active
ATTR0004626,EMP04626,Sales,8,Average,Medium,70,Active
ATTR0004627,EMP04627,Marketing,10,Good,Medium,60,Active
ATTR0004628,EMP04628,Sales,2,Good,Low,35,Active
ATTR0004629,EMP04629,Operations,8,Average,Low,20,Resigned
ATTR0004630,EMP04630,Sales,4,Excellent,High,77,Active
ATTR0004631,EMP04631,Sales,2,Poor,Low,42,Resigned
ATTR0004632,EMP04632,Marketing,8,Excellent,Medium,67,Active
ATTR0004633,EMP04633,HR,7,Average,Low,38,Active
ATTR0004634,EMP04634,Sales,4,Average,Low,24,Active
ATTR0004635,EMP04635,Sales,11,Excellent,High,96,Active
ATTR0004636,EMP04636,Operations,10,Good,High,100,Active
ATTR0004637,EMP04637,IT,1,Excellent,High,95,Active
ATTR0004638,EMP04638,Sales,2,Average,Low,29,Active
ATTR0004639,EMP04639,Sales,1,Poor,High,90,Resigned
ATTR0004640,EMP04640,IT,6,Average,High,85,Active
ATTR0004641,EMP04641,IT,2,Good,Low,43,Active
ATTR0004642,EMP04642,IT,1,Poor,Low,45,Active
ATTR0004643,EMP04643,HR,6,Good,Medium,57,Active
ATTR0004644,EMP04644,Marketing,5,Average,High,94,Active
ATTR0004645,EMP04645,Marketing,0,Poor,High,88,Resigned
ATTR0004646,EMP04646,Marketing,1,Good,Low,29,Active
ATTR0004647,EMP04647,Marketing,3,Average,Low,28,Active
ATTR0004648,EMP04648,Sales,2,Excellent,High,94,Active
ATTR0004649,EMP04649,Sales,1,Average,High,82,Active
ATTR0004650,EMP04650,HR,10,Excellent,High,77,Active
ATTR0004651,EMP04651,Marketing,6,Good,Medium,54,Active
ATTR0004652,EMP04652,Operations,3,Good,High,93,Active
ATTR0004653,EMP04653,Sales,2,Good,Low,24,Active
ATTR0004654,EMP04654,HR,4,Good,Low,41,Active
ATTR0004655,EMP04655,HR,10,Excellent,High,94,Active
ATTR0004656,EMP04656,Sales,1,Good,Medium,63,Active
ATTR0004657,EMP04657,Marketing,4,Excellent,Medium,54,Resigned
ATTR0004658,EMP04658,HR,6,Excellent,Low,24,Active
ATTR0004659,EMP04659,Operations,10,Average,High,83,Active
ATTR0004660,EMP04660,IT,6,Good,Low,36,Resigned
ATTR0004661,EMP04661,IT,9,Good,Low,25,Active
ATTR0004662,EMP04662,Operations,10,Poor,Medium,64,Active
ATTR0004663,EMP04663,Finance,8,Average,High,97,Active
ATTR0004664,EMP04664,IT,4,Poor,Medium,65,Active
ATTR0004665,EMP04665,Finance,7,Average,Low,40,Active
ATTR0004666,EMP04666,IT,5,Average,Low,26,Active
ATTR0004667,EMP04667,Operations,5,Average,Medium,53,Active
ATTR0004668,EMP04668,Marketing,2,Excellent,Low,41,Active
ATTR0004669,EMP04669,Finance,5,Excellent,High,89,Active
ATTR0004670,EMP04670,Sales,1,Good,Medium,58,Resigned
ATTR0004671,EMP04671,Sales,8,Average,High,91,Active
ATTR0004672,EMP04672,HR,1,Good,Low,22,Active
ATTR0004673,EMP04673,Marketing,1,Excellent,Medium,60,Resigned
ATTR0004674,EMP04674,Operations,5,Average,High,99,Resigned
ATTR0004675,EMP04675,IT,7,Average,Low,35,Active
ATTR0004676,EMP04676,HR,6,Good,Medium,74,Active
ATTR0004677,EMP04677,Finance,10,Poor,High,83,Active
ATTR0004678,EMP04678,Operations,8,Poor,Low,29,Active
ATTR0004679,EMP04679,Marketing,9,Good,High,87,Active
ATTR0004680,EMP04680,Sales,9,Good,Low,28,Resigned
ATTR0004681,EMP04681,HR,9,Average,Medium,53,Active
ATTR0004682,EMP04682,Finance,7,Poor,High,97,Active
ATTR0004683,EMP04683,Sales,8,Average,Medium,64,Active
ATTR0004684,EMP04684,Operations,8,Average,Medium,55,Active
ATTR0004685,EMP04685,Finance,8,Good,High,93,Resigned
ATTR0004686,EMP04686,Finance,8,Excellent,Medium,64,Active
ATTR0004687,EMP04687,IT,3,Average,Medium,71,Active
ATTR0004688,EMP04688,Finance,4,Excellent,High,90,Active
ATTR0004689,EMP04689,Operations,1,Excellent,High,94,Active
ATTR0004690,EMP04690,IT,5,Good,Medium,56,Active
ATTR0004691,EMP04691,Operations,4,Excellent,High,93,Active
ATTR0004692,EMP04692,Marketing,1,Average,Low,28,Active
ATTR0004693,EMP04693,Marketing,6,Excellent,High,83,Active
ATTR0004694,EMP04694,HR,9,Excellent,High,85,Active
ATTR0004695,EMP04695,Finance,10,Good,Low,42,Active
ATTR0004696,EMP04696,Marketing,11,Average,Low,25,Resigned
ATTR0004697,EMP04697,Marketing,5,Good,Medium,66,Active
ATTR0004698,EMP04698,Finance,7,Average,Medium,72,Active
ATTR0004699,EMP04699,Marketing,8,Excellent,High,77,Active
ATTR0004700,EMP04700,Operations,8,Excellent,Medium,73,Active
ATTR0004701,EMP04701,Sales,11,Average,High,98,Active
ATTR0004702,EMP04702,HR,4,Average,High,82,Active
ATTR0004703,EMP04703,IT,8,Good,High,91,Active
ATTR0004704,EMP04704,Operations,2,Good,Low,21,Active
ATTR0004705,EMP04705,Marketing,4,Poor,Low,33,Active
ATTR0004706,EMP04706,IT,9,Excellent,Medium,60,Active
ATTR0004707,EMP04707,Marketing,8,Average,Medium,50,Resigned
ATTR0004708,EMP04708,Marketing,4,Excellent,Medium,61,Active
ATTR0004709,EMP04709,Finance,10,Excellent,Low,41,Active
ATTR0004710,EMP04710,Marketing,0,Good,Low,33,Active
ATTR0004711,EMP04711,Finance,5,Excellent,Low,26,Active
ATTR0004712,EMP04712,Sales,2,Good,Low,36,Active
ATTR0004713,EMP04713,Sales,0,Good,High,75,Active
ATTR0004714,EMP04714,Finance,7,Excellent,Low,33,Active
ATTR0004715,EMP04715,Finance,5,Good,Low,48,Active
ATTR0004716,EMP04716,Marketing,1,Average,High,97,Active
ATTR0004717,EMP04717,Operations,4,Average,High,88,Active
ATTR0004718,EMP04718,Sales,3,Average,High,84,Active
ATTR0004719,EMP04719,Sales,3,Poor,Medium,52,Active
ATTR0004720,EMP04720,Operations,6,Excellent,Low,36,Active
ATTR0004721,EMP04721,Finance,7,Poor,Low,23,Active
ATTR0004722,EMP04722,Operations,10,Poor,Medium,60,Active
ATTR0004723,EMP04723,Operations,4,Good,High,99,Active
ATTR0004724,EMP04724,Sales,1,Good,Low,31,Active
ATTR0004725,EMP04725,Finance,2,Poor,High,99,Resigned
ATTR0004726,EMP04726,IT,3,Good,Medium,66,Active
ATTR0004727,EMP04727,HR,5,Average,Low,30,Active
ATTR0004728,EMP04728,Sales,10,Good,High,75,Active
ATTR0004729,EMP04729,Finance,9,Excellent,Low,27,Active
ATTR0004730,EMP04730,IT,4,Good,High,85,Active
ATTR0004731,EMP04731,IT,6,Average,Low,47,Active
ATTR0004732,EMP04732,Sales,2,Average,High,84,Active
ATTR0004733,EMP04733,IT,9,Poor,High,78,Active
ATTR0004734,EMP04734,HR,4,Poor,Low,29,Active
ATTR0004735,EMP04735,Operations,10,Poor,Medium,60,Active
ATTR0004736,EMP04736,Finance,9,Excellent,Medium,50,Resigned
ATTR0004737,EMP04737,Sales,7,Average,Low,37,Active
ATTR0004738,EMP04738,IT,6,Good,Low,27,Active
ATTR0004739,EMP04739,Marketing,2,Poor,Low,38,Active
ATTR0004740,EMP04740,Sales,7,Average,High,83,Active
ATTR0004741,EMP04741,IT,10,Average,Low,37,Active
ATTR0004742,EMP04742,Finance,4,Good,Medium,60,Active
ATTR0004743,EMP04743,IT,4,Excellent,Low,37,Active
ATTR0004744,EMP04744,Sales,5,Average,Low,32,Active
ATTR0004745,EMP04745,HR,5,Poor,Low,37,Active
ATTR0004746,EMP04746,Sales,2,Poor,Low,24,Active
ATTR0004747,EMP04747,IT,5,Average,Low,21,Active
ATTR0004748,EMP04748,Marketing,8,Poor,High,91,Active
ATTR0004749,EMP04749,Finance,3,Poor,Medium,67,Active
ATTR0004750,EMP04750,Operations,4,Average,Medium,59,Active
ATTR0004751,EMP04751,Sales,10,Good,Low,26,Active
ATTR0004752,EMP04752,Finance,7,Good,Medium,72,Active
ATTR0004753,EMP04753,Marketing,3,Poor,Medium,64,Active
ATTR0004754,EMP04754,HR,11,Poor,High,81,Active
ATTR0004755,EMP04755,HR,0,Poor,High,77,Active
ATTR0004756,EMP04756,IT,8,Good,Medium,64,Active
ATTR0004757,EMP04757,Operations,10,Excellent,Medium,67,Active
ATTR0004758,EMP04758,Sales,4,Good,High,94,Active
ATTR0004759,EMP04759,Finance,3,Poor,High,87,Active
ATTR0004760,EMP04760,Finance,5,Average,High,98,Active
ATTR0004761,EMP04761,HR,10,Average,Low,32,Resigned
ATTR0004762,EMP04762,HR,1,Good,High,77,Resigned
ATTR0004763,EMP04763,Operations,2,Average,Low,20,Active
ATTR0004764,EMP04764,Operations,10,Average,Low,24,Active
ATTR0004765,EMP04765,Operations,7,Excellent,Medium,66,Active
ATTR0004766,EMP04766,HR,10,Poor,Low,35,Active
ATTR0004767,EMP04767,Sales,6,Excellent,Low,40,Active
ATTR0004768,EMP04768,Marketing,10,Average,Medium,59,Active
ATTR0004769,EMP04769,Sales,10,Poor,High,87,Active
ATTR0004770,EMP04770,IT,7,Good,Low,46,Active
ATTR0004771,EMP04771,Marketing,5,Excellent,Medium,74,Active
ATTR0004772,EMP04772,Operations,1,Poor,Medium,61,Active
ATTR0004773,EMP04773,Finance,0,Poor,Medium,69,Active
ATTR0004774,EMP04774,IT,10,Average,Medium,72,Active
ATTR0004775,EMP04775,Marketing,3,Excellent,Low,42,Active
ATTR0004776,EMP04776,Finance,7,Good,Low,30,Active
ATTR0004777,EMP04777,IT,0,Poor,Low,21,Active
ATTR0004778,EMP04778,HR,4,Average,Medium,51,Active
ATTR0004779,EMP04779,Finance,11,Good,Low,31,Active
ATTR0004780,EMP04780,Finance,10,Average,High,92,Active
ATTR0004781,EMP04781,Sales,10,Excellent,Low,20,Active
ATTR0004782,EMP04782,Finance,7,Average,High,91,Active
ATTR0004783,EMP04783,IT,8,Average,Medium,70,Active
ATTR0004784,EMP04784,Operations,3,Average,Low,27,Active
ATTR0004785,EMP04785,Finance,10,Poor,Medium,71,Active
ATTR0004786,EMP04786,Sales,8,Average,High,84,Resigned
ATTR0004787,EMP04787,Marketing,9,Average,Low,30,Resigned
ATTR0004788,EMP04788,Marketing,11,Average,Low,35,Active
ATTR0004789,EMP04789,Finance,3,Excellent,Low,39,Active
ATTR0004790,EMP04790,Operations,8,Poor,High,89,Active
ATTR0004791,EMP04791,HR,2,Poor,Medium,69,Active
ATTR0004792,EMP04792,Finance,3,Average,Low,32,Active
ATTR0004793,EMP04793,Marketing,3,Poor,Medium,59,Active
ATTR0004794,EMP04794,Operations,10,Excellent,Low,36,Active
ATTR0004795,EMP04795,Finance,6,Excellent,High,88,Active
ATTR0004796,EMP04796,Marketing,3,Average,Low,38,Active
ATTR0004797,EMP04797,Marketing,2,Average,Medium,65,Active
ATTR0004798,EMP04798,Marketing,10,Average,Medium,70,Active
ATTR0004799,EMP04799,Sales,9,Poor,Medium,73,Active
ATTR0004800,EMP04800,Marketing,3,Excellent,Low,28,Active
ATTR0004801,EMP04801,Sales,3,Average,High,86,Active
ATTR0004802,EMP04802,HR,4,Average,Low,42,Active
ATTR0004803,EMP04803,Operations,11,Good,Low,34,Resigned
ATTR0004804,EMP04804,Sales,3,Poor,Medium,59,Active
ATTR0004805,EMP04805,HR,8,Excellent,Medium,52,Active
ATTR0004806,EMP04806,Sales,8,Excellent,High,95,Resigned
ATTR0004807,EMP04807,HR,2,Poor,Medium,68,Active
ATTR0004808,EMP04808,IT,4,Average,High,81,Active
ATTR0004809,EMP04809,Operations,3,Average,Medium,74,Active
ATTR0004810,EMP04810,Sales,10,Excellent,Low,41,Active
ATTR0004811,EMP04811,Sales,10,Excellent,Low,33,Active
ATTR0004812,EMP04812,Sales,1,Poor,Low,25,Active
ATTR0004813,EMP04813,Operations,1,Poor,Medium,54,Active
ATTR0004814,EMP04814,HR,5,Poor,Low,28,Resigned
ATTR0004815,EMP04815,HR,4,Good,High,79,Active
ATTR0004816,EMP04816,HR,3,Poor,Low,36,Active
ATTR0004817,EMP04817,Operations,10,Excellent,High,95,Resigned
ATTR0004818,EMP04818,Marketing,1,Average,Low,24,Resigned
ATTR0004819,EMP04819,Marketing,9,Good,High,86,Active
ATTR0004820,EMP04820,Marketing,4,Poor,Low,28,Active
ATTR0004821,EMP04821,Finance,10,Poor,Medium,57,Active
ATTR0004822,EMP04822,IT,3,Excellent,Low,23,Active
ATTR0004823,EMP04823,Sales,9,Excellent,High,98,Active
ATTR0004824,EMP04824,HR,8,Good,Low,41,Active
ATTR0004825,EMP04825,Sales,5,Average,Medium,67,Active
ATTR0004826,EMP04826,Operations,1,Excellent,Medium,51,Active
ATTR0004827,EMP04827,Marketing,4,Average,Low,49,Active
ATTR0004828,EMP04828,HR,3,Poor,Low,33,Active
ATTR0004829,EMP04829,Operations,6,Excellent,Low,42,Active
ATTR0004830,EMP04830,Sales,5,Excellent,High,100,Active
ATTR0004831,EMP04831,Finance,6,Average,Low,47,Resigned
ATTR0004832,EMP04832,Sales,1,Average,Medium,73,Active
ATTR0004833,EMP04833,Sales,1,Good,Medium,52,Active
ATTR0004834,EMP04834,Marketing,4,Poor,Low,31,Active
ATTR0004835,EMP04835,Marketing,11,Excellent,High,97,Active
ATTR0004836,EMP04836,Sales,6,Good,Low,24,Active
ATTR0004837,EMP04837,Marketing,2,Poor,High,89,Active
ATTR0004838,EMP04838,Finance,9,Poor,Low,48,Active
ATTR0004839,EMP04839,Sales,8,Poor,High,85,Active
ATTR0004840,EMP04840,Marketing,9,Poor,Low,48,Active
ATTR0004841,EMP04841,Finance,5,Excellent,Medium,60,Active
ATTR0004842,EMP04842,Finance,8,Poor,Medium,66,Active
ATTR0004843,EMP04843,Marketing,1,Excellent,High,79,Active
ATTR0004844,EMP04844,Sales,2,Good,High,92,Active
ATTR0004845,EMP04845,HR,10,Excellent,Low,32,Active
ATTR0004846,EMP04846,Marketing,2,Poor,High,78,Active
ATTR0004847,EMP04847,Sales,0,Good,High,100,Resigned
ATTR0004848,EMP04848,HR,7,Average,Medium,57,Active
ATTR0004849,EMP04849,Sales,9,Average,Medium,60,Active
ATTR0004850,EMP04850,Finance,10,Average,High,99,Active
ATTR0004851,EMP04851,Finance,2,Poor,Low,38,Active
ATTR0004852,EMP04852,Operations,7,Excellent,High,91,Active
ATTR0004853,EMP04853,Sales,4,Excellent,Medium,57,Resigned
ATTR0004854,EMP04854,Finance,4,Average,High,75,Active
ATTR0004855,EMP04855,Operations,5,Poor,High,92,Active
ATTR0004856,EMP04856,IT,7,Average,High,75,Active
ATTR0004857,EMP04857,Operations,4,Average,Low,29,Active
ATTR0004858,EMP04858,Marketing,5,Average,Low,20,Active
ATTR0004859,EMP04859,Finance,3,Poor,High,78,Active
ATTR0004860,EMP04860,Marketing,7,Good,Low,26,Resigned
ATTR0004861,EMP04861,Finance,7,Average,Medium,72,Active
ATTR0004862,EMP04862,Sales,7,Poor,Medium,68,Active
ATTR0004863,EMP04863,Marketing,11,Good,High,79,Active
ATTR0004864,EMP04864,Marketing,8,Poor,High,83,Active
ATTR0004865,EMP04865,IT,4,Good,Low,20,Active
ATTR0004866,EMP04866,Sales,11,Poor,Low,43,Active
ATTR0004867,EMP04867,Marketing,9,Poor,Low,38,Active
ATTR0004868,EMP04868,Marketing,11,Good,Medium,60,Resigned
ATTR0004869,EMP04869,Sales,3,Good,High,81,Active
ATTR0004870,EMP04870,Marketing,2,Average,Medium,69,Active
ATTR0004871,EMP04871,Operations,7,Excellent,High,93,Active
ATTR0004872,EMP04872,IT,4,Average,Low,46,Active
ATTR0004873,EMP04873,Sales,1,Average,High,94,Active
ATTR0004874,EMP04874,IT,9,Poor,Low,48,Active
ATTR0004875,EMP04875,Operations,3,Good,Low,21,Active
ATTR0004876,EMP04876,Operations,4,Excellent,Low,39,Active
ATTR0004877,EMP04877,Finance,1,Average,Medium,73,Resigned
ATTR0004878,EMP04878,HR,7,Good,Low,46,Active
ATTR0004879,EMP04879,Marketing,7,Poor,High,91,Active
ATTR0004880,EMP04880,IT,10,Average,Medium,51,Active
ATTR0004881,EMP04881,Finance,2,Average,High,85,Active
ATTR0004882,EMP04882,IT,10,Poor,High,84,Active
ATTR0004883,EMP04883,Operations,6,Excellent,High,100,Active
ATTR0004884,EMP04884,Sales,10,Average,Low,39,Active
ATTR0004885,EMP04885,IT,5,Good,High,100,Active
ATTR0004886,EMP04886,Marketing,4,Excellent,High,91,Active
ATTR0004887,EMP04887,HR,5,Good,Low,24,Active
ATTR0004888,EMP04888,Sales,9,Poor,Low,30,Active
ATTR0004889,EMP04889,Finance,9,Poor,High,85,Active
ATTR0004890,EMP04890,Sales,6,Poor,Low,49,Active
ATTR0004891,EMP04891,Sales,5,Poor,Low,31,Active
ATTR0004892,EMP04892,IT,5,Average,Medium,50,Active
ATTR0004893,EMP04893,Finance,5,Excellent,Medium,60,Active
ATTR0004894,EMP04894,Marketing,7,Poor,Low,29,Active
ATTR0004895,EMP04895,IT,7,Excellent,Low,24,Active
ATTR0004896,EMP04896,HR,9,Excellent,High,75,Resigned
ATTR0004897,EMP04897,Finance,3,Excellent,Low,22,Active
ATTR0004898,EMP04898,IT,8,Average,Medium,59,Resigned
ATTR0004899,EMP04899,Finance,4,Poor,High,92,Active
ATTR0004900,EMP04900,Marketing,0,Average,Medium,66,Active
ATTR0004901,EMP04901,IT,4,Excellent,Low,44,Resigned
ATTR0004902,EMP04902,Sales,5,Poor,Low,34,Active
ATTR0004903,EMP04903,Finance,7,Average,High,91,Resigned
ATTR0004904,EMP04904,Marketing,5,Excellent,Medium,73,Active
ATTR0004905,EMP04905,HR,5,Average,High,83,Active
ATTR0004906,EMP04906,IT,4,Good,High,87,Active
ATTR0004907,EMP04907,Sales,9,Excellent,Medium,59,Active
ATTR0004908,EMP04908,Operations,6,Good,High,95,Active
ATTR0004909,EMP04909,HR,1,Poor,Medium,68,Resigned
ATTR0004910,EMP04910,HR,6,Good,Medium,64,Active
ATTR0004911,EMP04911,Operations,1,Average,Medium,54,Active
ATTR0004912,EMP04912,Finance,1,Average,Medium,63,Active
ATTR0004913,EMP04913,Marketing,0,Excellent,Low,35,Active
ATTR0004914,EMP04914,Sales,1,Average,Low,39,Active
ATTR0004915,EMP04915,Finance,10,Poor,High,93,Active
ATTR0004916,EMP04916,Finance,5,Poor,Low,30,Active
ATTR0004917,EMP04917,IT,3,Poor,Medium,73,Active
ATTR0004918,EMP04918,Operations,3,Poor,High,76,Active
ATTR0004919,EMP04919,IT,3,Poor,High,90,Active
ATTR0004920,EMP04920,Sales,7,Excellent,High,97,Active
ATTR0004921,EMP04921,Finance,0,Good,Medium,67,Active
ATTR0004922,EMP04922,HR,11,Average,Low,29,Active
ATTR0004923,EMP04923,IT,1,Poor,Medium,62,Active
ATTR0004924,EMP04924,Operations,3,Excellent,Low,34,Active
ATTR0004925,EMP04925,IT,0,Average,Low,29,Resigned
ATTR0004926,EMP04926,IT,2,Good,High,95,Active
ATTR0004927,EMP04927,HR,3,Average,High,94,Active
ATTR0004928,EMP04928,IT,3,Poor,Low,36,Active
ATTR0004929,EMP04929,Finance,2,Excellent,High,90,Active
ATTR0004930,EMP04930,HR,9,Poor,Medium,64,Active
ATTR0004931,EMP04931,Finance,9,Good,Low,29,Resigned
ATTR0004932,EMP04932,Sales,1,Excellent,High,90,Active
ATTR0004933,EMP04933,IT,1,Average,High,83,Resigned
ATTR0004934,EMP04934,Marketing,2,Good,High,97,Active
ATTR0004935,EMP04935,HR,3,Average,High,100,Active
ATTR0004936,EMP04936,Sales,3,Average,Medium,51,Active
ATTR0004937,EMP04937,Marketing,2,Poor,Low,42,Active
ATTR0004938,EMP04938,HR,0,Average,Medium,56,Active
ATTR0004939,EMP04939,Finance,3,Good,Medium,63,Active
ATTR0004940,EMP04940,Marketing,7,Average,Medium,74,Active
ATTR0004941,EMP04941,Operations,10,Poor,Low,37,Active
ATTR0004942,EMP04942,Marketing,10,Poor,Medium,62,Active
ATTR0004943,EMP04943,HR,8,Average,Low,43,Active
ATTR0004944,EMP04944,Marketing,2,Excellent,Medium,67,Active
ATTR0004945,EMP04945,IT,1,Good,Low,30,Active
ATTR0004946,EMP04946,HR,0,Good,Low,29,Active
ATTR0004947,EMP04947,IT,5,Excellent,High,87,Active
ATTR0004948,EMP04948,HR,11,Excellent,Medium,62,Resigned
ATTR0004949,EMP04949,Marketing,5,Average,Medium,55,Resigned
ATTR0004950,EMP04950,IT,9,Excellent,Medium,72,Active
ATTR0004951,EMP04951,HR,6,Poor,Low,40,Active
ATTR0004952,EMP04952,Finance,3,Poor,Low,38,Active
ATTR0004953,EMP04953,IT,2,Excellent,Medium,71,Resigned
ATTR0004954,EMP04954,IT,3,Good,Low,42,Resigned
ATTR0004955,EMP04955,Finance,4,Good,Low,35,Active
ATTR0004956,EMP04956,Marketing,1,Average,Low,44,Active
ATTR0004957,EMP04957,Finance,2,Excellent,High,91,Active
ATTR0004958,EMP04958,Sales,5,Poor,Medium,73,Active
ATTR0004959,EMP04959,Sales,2,Average,High,92,Active
ATTR0004960,EMP04960,Operations,9,Poor,High,81,Resigned
ATTR0004961,EMP04961,HR,10,Excellent,Low,37,Active
ATTR0004962,EMP04962,IT,3,Average,Low,26,Active
ATTR0004963,EMP04963,IT,11,Poor,Low,29,Active
ATTR0004964,EMP04964,Operations,11,Good,High,76,Resigned
ATTR0004965,EMP04965,Marketing,8,Good,Low,32,Resigned
ATTR0004966,EMP04966,Operations,6,Excellent,Low,21,Active
ATTR0004967,EMP04967,Operations,11,Excellent,Low,23,Resigned
ATTR0004968,EMP04968,Operations,8,Poor,Low,23,Resigned
ATTR0004969,EMP04969,Operations,1,Excellent,Low,47,Active
ATTR0004970,EMP04970,HR,1,Good,High,75,Active
ATTR0004971,EMP04971,IT,10,Average,Medium,72,Active
ATTR0004972,EMP04972,Operations,1,Poor,Low,31,Active
ATTR0004973,EMP04973,Finance,3,Average,Low,21,Active
ATTR0004974,EMP04974,Marketing,7,Good,Medium,63,Active
ATTR0004975,EMP04975,IT,6,Poor,Medium,51,Resigned
ATTR0004976,EMP04976,IT,1,Average,High,94,Active
ATTR0004977,EMP04977,Sales,9,Excellent,Medium,50,Active
ATTR0004978,EMP04978,Marketing,4,Good,High,95,Active
ATTR0004979,EMP04979,IT,0,Poor,Low,22,Active
ATTR0004980,EMP04980,Sales,10,Average,Medium,68,Active
ATTR0004981,EMP04981,Finance,2,Poor,High,76,Active
ATTR0004982,EMP04982,IT,3,Poor,Medium,72,Active
ATTR0004983,EMP04983,HR,1,Good,High,90,Active
ATTR0004984,EMP04984,Operations,5,Average,Medium,74,Active
ATTR0004985,EMP04985,Finance,9,Good,High,79,Active
ATTR0004986,EMP04986,IT,1,Poor,Medium,74,Active
ATTR0004987,EMP04987,Finance,7,Excellent,High,97,Active
ATTR0004988,EMP04988,Operations,6,Excellent,High,95,Active
ATTR0004989,EMP04989,IT,2,Excellent,Medium,62,Resigned
ATTR0004990,EMP04990,HR,4,Average,Low,46,Active
ATTR0004991,EMP04991,HR,8,Good,High,85,Active
ATTR0004992,EMP04992,IT,4,Excellent,High,89,Active
ATTR0004993,EMP04993,Finance,4,Good,Low,43,Active
ATTR0004994,EMP04994,Finance,10,Average,Low,20,Active
ATTR0004995,EMP04995,IT,11,Good,Low,31,Active
ATTR0004996,EMP04996,Sales,10,Poor,High,98,Active
ATTR0004997,EMP04997,Sales,4,Poor,High,79,Active
ATTR0004998,EMP04998,Operations,11,Poor,Medium,55,Active
ATTR0004999,EMP04999,IT,4,Poor,Medium,59,Resigned
ATTR0005000,EMP05000,Operations,5,Good,High,93,Active
