employee_id,full_name,first_name,last_name,gender,date_of_birth,age,hire_date,tenure_years,department,job_role,grade,manager_id,location,employment_type,salary,experience_years,education,marital_status,status,exit_date
EMP00001,Anvi Konda,Anvi,Konda,Male,1974-08-29,51,2025-09-25,0,Finance,Accountant,G1,MGR013,Bangalore,Contract,399595,5,Master's,Single,Active,
EMP00002,Udant Dewan,Udant,Dewan,Male,1981-12-24,44,2015-11-19,10,Marketing,Digital Marketing Specialist,G5,MGR047,Chennai,Full-Time,2428463,12,Diploma,Single,Active,
EMP00003,Harsh Chahal,Harsh,Chahal,Male,2003-05-15,23,2017-08-11,8,IT,DevOps Engineer,G3,MGR082,Bangalore,Full-Time,937717,2,Master's,Single,Active,
EMP00004,Pahal Balay,Pahal,Balay,Male,1992-04-29,34,2022-02-13,4,HR,Talent Acquisition Specialist,G2,MGR060,Hyderabad,Contract,542834,5,Bachelor's,Married,Active,
EMP00005,Ayushman Chander,Ayushman,Chander,Male,1975-04-11,51,2024-03-20,2,IT,Data Engineer,G4,MGR009,Mumbai,Contract,1140373,6,PhD,Married,Resigned,2025-02-22
EMP00006,Viraj Tiwari,Viraj,Tiwari,Female,1971-05-30,55,2017-12-20,8,HR,HR Executive,G5,MGR034,Delhi,Contract,2065158,13,PhD,Married,Active,
EMP00007,Avi Issac,Avi,Issac,Male,1987-11-10,38,2020-07-14,6,IT,Software Engineer,G1,MGR081,Mumbai,Contract,340066,10,Diploma,Married,Active,
EMP00008,Oni Kannan,Oni,Kannan,Female,1988-09-26,37,2017-10-26,8,Marketing,Marketing Executive,G1,MGR069,Bangalore,Contract,478706,10,Master's,Married,Active,
EMP00009,Saumya Mall,Saumya,Mall,Male,1997-05-23,29,2024-10-27,1,Operations,Operations Manager,G5,MGR023,Chennai,Full-Time,2298975,1,Master's,Single,Active,
EMP00010,Abeer Dutta,Abeer,Dutta,Male,1989-03-13,37,2025-09-10,0,Marketing,Marketing Executive,G5,MGR063,Pune,Full-Time,1839902,3,Master's,Single,Active,
EMP00011,Pahal Oak,Pahal,Oak,Male,1968-11-04,57,2023-03-17,3,Sales,Sales Executive,G5,MGR017,Mumbai,Contract,2303035,8,Bachelor's,Married,Active,
EMP00012,Arunima Dugal,Arunima,Dugal,Female,1974-07-03,52,2025-06-01,1,Marketing,SEO Analyst,G2,MGR040,Hyderabad,Contract,686895,2,PhD,Single,Active,
EMP00013,Tanveer Nayar,Tanveer,Nayar,Male,1980-03-02,46,2015-03-28,11,Marketing,SEO Analyst,G2,MGR029,Pune,Full-Time,654256,16,Diploma,Single,Active,
EMP00014,Harsh Chanda,Harsh,Chanda,Male,2003-07-25,23,2018-09-15,7,IT,QA Engineer,G2,MGR086,Hyderabad,Full-Time,573001,2,Bachelor's,Married,Active,
EMP00015,Lajita Chatterjee,Lajita,Chatterjee,Female,2001-03-23,25,2019-07-26,7,HR,HR Executive,G1,MGR056,Bangalore,Contract,472748,4,PhD,Single,Active,
EMP00016,Jagrati Padmanabhan,Jagrati,Padmanabhan,Male,1967-09-21,58,2019-07-08,7,Operations,Operations Manager,G1,MGR025,Mumbai,Contract,365183,10,PhD,Single,Active,
EMP00017,Aishani Bassi,Aishani,Bassi,Male,1968-05-20,58,2019-12-21,6,Marketing,Marketing Executive,G1,MGR070,Pune,Full-Time,470955,9,Bachelor's,Married,Active,
EMP00018,Tripti Yadav,Tripti,Yadav,Male,2003-10-15,22,2019-07-01,7,IT,Data Analyst,G4,MGR050,Bangalore,Contract,1001130,1,PhD,Married,Active,
EMP00019,Jeet Radhakrishnan,Jeet,Radhakrishnan,Female,1974-10-07,51,2025-11-11,0,IT,QA Engineer,G5,MGR096,Bangalore,Full-Time,1563918,4,PhD,Single,Active,
EMP00020,Farhan Memon,Farhan,Memon,Male,2003-03-11,23,2017-01-31,9,IT,QA Engineer,G1,MGR031,Hyderabad,Full-Time,477002,2,Bachelor's,Single,Active,
EMP00021,Janaki Handa,Janaki,Handa,Female,1994-06-28,32,2021-07-18,5,Marketing,SEO Analyst,G3,MGR027,Delhi,Contract,836716,8,Master's,Married,Active,
EMP00022,Ekaraj Bath,Ekaraj,Bath,Female,1985-07-06,41,2018-07-19,8,IT,Software Engineer,G4,MGR073,Pune,Full-Time,1325666,13,Bachelor's,Married,Active,
EMP00023,Vedant Mann,Vedant,Mann,Female,1968-02-02,58,2024-11-10,1,HR,HR Manager,G3,MGR057,Chennai,Contract,782704,5,Diploma,Married,Resigned,2025-01-10
EMP00024,Viraj Chaudhuri,Viraj,Chaudhuri,Male,1971-01-10,55,2017-12-19,8,IT,Software Engineer,G5,MGR035,Bangalore,Full-Time,1662998,11,Bachelor's,Married,Active,
EMP00025,Lajita Mall,Lajita,Mall,Female,2002-12-15,23,2015-07-28,11,IT,DevOps Engineer,G3,MGR001,Bangalore,Full-Time,723114,2,Master's,Single,Active,
EMP00026,Sudiksha Patla,Sudiksha,Patla,Female,1990-02-28,36,2015-02-09,11,IT,Software Engineer,G2,MGR005,Bangalore,Full-Time,643023,15,Bachelor's,Single,Active,
EMP00027,Nicholas Prabhakar,Nicholas,Prabhakar,Male,1981-01-19,45,2017-05-10,9,Operations,Operations Executive,G1,MGR100,Chennai,Contract,392714,10,Bachelor's,Single,Resigned,2023-05-26
EMP00028,Shaurya Loke,Shaurya,Loke,Male,1983-07-01,43,2015-04-12,11,HR,Talent Acquisition Specialist,G3,MGR086,Delhi,Full-Time,915856,15,Bachelor's,Single,Active,
EMP00029,Ekbal Garg,Ekbal,Garg,Male,2003-07-08,23,2020-04-11,6,HR,HR Executive,G4,MGR040,Mumbai,Full-Time,1183321,2,Bachelor's,Married,Active,
EMP00030,Yash Gade,Yash,Gade,Male,1999-09-10,26,2018-02-17,8,Finance,Finance Manager,G5,MGR087,Chennai,Contract,1919093,5,Diploma,Married,Active,
EMP00031,Turvi Raghavan,Turvi,Raghavan,Female,1966-09-19,59,2016-03-20,10,Marketing,Digital Marketing Specialist,G3,MGR056,Chennai,Full-Time,864457,10,Bachelor's,Married,Active,
EMP00032,Anamika Kanda,Anamika,Kanda,Female,1965-01-28,61,2020-10-30,5,Marketing,SEO Analyst,G2,MGR056,Pune,Contract,595478,7,Master's,Single,Active,
EMP00033,Ekta Bhalla,Ekta,Bhalla,Female,1987-10-01,38,2018-06-20,8,Operations,Operations Manager,G3,MGR090,Bangalore,Full-Time,910973,10,PhD,Married,Active,
EMP00034,Veer Balay,Veer,Balay,Male,1992-08-11,34,2021-05-20,5,Finance,Financial Analyst,G5,MGR001,Bangalore,Contract,2374224,5,PhD,Married,Active,
EMP00035,Diya Rattan,Diya,Rattan,Female,1995-04-23,31,2017-05-25,9,Marketing,Digital Marketing Specialist,G2,MGR011,Bangalore,Contract,672713,10,Bachelor's,Married,Active,
EMP00036,Amrita Bhatti,Amrita,Bhatti,Male,1971-08-12,55,2015-04-11,11,IT,Data Analyst,G4,MGR099,Pune,Contract,1320483,16,Bachelor's,Married,Active,
EMP00037,Siddharth Murty,Siddharth,Murty,Male,1971-08-15,55,2022-05-11,4,Operations,Operations Executive,G1,MGR029,Mumbai,Contract,411449,9,Bachelor's,Single,Active,
EMP00038,Simon Tata,Simon,Tata,Female,1994-12-12,31,2020-12-15,5,Marketing,SEO Analyst,G3,MGR079,Delhi,Contract,932035,8,PhD,Single,Active,
EMP00039,Meghana Shanker,Meghana,Shanker,Female,1985-03-10,41,2017-11-27,8,HR,Talent Acquisition Specialist,G3,MGR063,Delhi,Full-Time,973311,8,PhD,Single,Active,
EMP00040,Luke Lanka,Luke,Lanka,Male,1977-03-10,49,2018-10-07,7,Finance,Finance Manager,G1,MGR020,Mumbai,Contract,336273,9,Bachelor's,Single,Active,
EMP00041,Liam Koshy,Liam,Koshy,Female,1989-05-05,37,2020-03-23,6,Sales,Sales Executive,G2,MGR050,Chennai,Full-Time,610138,8,PhD,Married,Active,
EMP00042,Adya Sangha,Adya,Sangha,Female,1978-05-25,48,2023-06-14,3,Sales,Sales Manager,G5,MGR095,Chennai,Full-Time,2283826,8,Bachelor's,Married,Active,
EMP00043,Mohini Pathak,Mohini,Pathak,Male,1982-06-12,44,2018-10-08,7,Operations,Supply Chain Analyst,G4,MGR022,Hyderabad,Full-Time,1379679,8,Diploma,Married,Active,
EMP00044,Theodore Devi,Theodore,Devi,Male,1968-10-07,57,2022-03-17,4,Sales,Sales Executive,G4,MGR007,Bangalore,Contract,1095278,9,Bachelor's,Married,Active,
EMP00045,Yashodhara Tak,Yashodhara,Tak,Female,1977-06-25,49,2023-06-08,3,Sales,Sales Manager,G1,MGR003,Delhi,Full-Time,423288,8,Bachelor's,Single,Active,
EMP00046,Gavin Batta,Gavin,Batta,Male,1998-11-01,27,2015-05-08,11,HR,HR Executive,G1,MGR020,Mumbai,Full-Time,462879,6,Diploma,Single,Active,
EMP00047,Imaran Dua,Imaran,Dua,Female,1999-05-27,27,2019-02-19,7,HR,Talent Acquisition Specialist,G5,MGR092,Pune,Full-Time,2284256,6,Diploma,Single,Resigned,2024-06-21
EMP00048,Nathaniel Sami,Nathaniel,Sami,Female,1982-10-17,43,2025-07-23,1,Operations,Operations Executive,G1,MGR089,Delhi,Full-Time,455214,3,Master's,Single,Active,
EMP00049,Devansh Rajan,Devansh,Rajan,Male,1980-07-29,46,2020-12-22,5,Sales,Business Development Executive,G3,MGR065,Delhi,Contract,736153,6,PhD,Married,Active,
EMP00050,Lakshmi Sidhu,Lakshmi,Sidhu,Female,1993-07-06,33,2024-12-30,1,Sales,Business Development Executive,G2,MGR023,Delhi,Contract,614160,3,PhD,Married,Active,
EMP00051,Zayan Apte,Zayan,Apte,Female,1979-06-17,47,2024-07-20,2,HR,HR Executive,G3,MGR032,Hyderabad,Contract,936350,6,Diploma,Married,Resigned,2025-12-30
EMP00052,Ishwar Yadav,Ishwar,Yadav,Male,1986-11-15,39,2017-05-18,9,Finance,Financial Analyst,G3,MGR077,Delhi,Contract,846621,11,Diploma,Single,Active,
EMP00053,Amara Oak,Amara,Oak,Female,1986-12-01,39,2021-03-24,5,HR,Talent Acquisition Specialist,G4,MGR092,Hyderabad,Contract,1338639,9,Diploma,Married,Active,
EMP00054,Isaac Memon,Isaac,Memon,Male,1978-09-26,47,2022-06-12,4,Marketing,Digital Marketing Specialist,G4,MGR068,Bangalore,Contract,1290179,4,Master's,Married,Active,
EMP00055,Radhika Dugar,Radhika,Dugar,Female,1978-10-03,47,2017-10-26,8,HR,HR Executive,G2,MGR016,Delhi,Full-Time,582719,10,Bachelor's,Married,Active,
EMP00056,Sudiksha Aggarwal,Sudiksha,Aggarwal,Female,1969-07-06,57,2024-05-03,2,HR,HR Manager,G2,MGR023,Bangalore,Full-Time,594602,6,Bachelor's,Married,Active,
EMP00057,Adya Tella,Adya,Tella,Male,1989-10-28,36,2018-04-11,8,Operations,Operations Executive,G4,MGR002,Chennai,Contract,1053785,12,PhD,Married,Active,
EMP00058,Pranav Tripathi,Pranav,Tripathi,Male,1976-04-29,50,2025-07-21,1,Sales,Sales Executive,G1,MGR063,Pune,Full-Time,405043,5,Bachelor's,Married,Active,
EMP00059,Hitesh Misra,Hitesh,Misra,Male,1970-04-25,56,2021-04-04,5,Sales,Business Development Executive,G5,MGR080,Mumbai,Contract,2329151,6,PhD,Married,Resigned,2025-07-29
EMP00060,Rushil Dua,Rushil,Dua,Female,1978-09-13,47,2021-05-18,5,Marketing,Marketing Executive,G5,MGR013,Mumbai,Full-Time,2276039,10,Diploma,Single,Active,
EMP00061,Kashvi Edwin,Kashvi,Edwin,Male,1972-01-09,54,2015-01-11,11,Sales,Sales Manager,G5,MGR038,Pune,Full-Time,1992738,14,Master's,Married,Active,
EMP00062,Aadi Naik,Aadi,Naik,Male,1976-11-13,49,2023-11-01,2,Operations,Supply Chain Analyst,G2,MGR015,Chennai,Full-Time,611447,6,Bachelor's,Married,Active,
EMP00063,Vrinda Bahl,Vrinda,Bahl,Male,1967-09-05,58,2016-11-10,9,Finance,Finance Manager,G5,MGR037,Hyderabad,Full-Time,2465940,12,Master's,Married,Resigned,2018-10-06
EMP00064,Janani Mohanty,Janani,Mohanty,Female,1984-08-21,41,2015-11-26,10,Marketing,Marketing Executive,G4,MGR042,Chennai,Contract,1385107,12,Diploma,Single,Resigned,2019-12-22
EMP00065,Dalbir Khosla,Dalbir,Khosla,Male,1999-04-22,27,2022-07-16,4,Finance,Finance Manager,G1,MGR023,Hyderabad,Contract,498251,6,Bachelor's,Married,Active,
EMP00066,Farhan Chada,Farhan,Chada,Female,1969-02-03,57,2020-04-09,6,Finance,Financial Analyst,G3,MGR086,Pune,Full-Time,868326,7,PhD,Married,Active,
EMP00067,Vedika Biswas,Vedika,Biswas,Female,2001-06-30,25,2023-07-13,3,Marketing,Marketing Executive,G4,MGR041,Bangalore,Contract,1046168,4,PhD,Single,Active,
EMP00068,Jeremiah Dave,Jeremiah,Dave,Female,1983-07-16,43,2015-08-11,10,HR,Talent Acquisition Specialist,G3,MGR081,Hyderabad,Full-Time,961353,15,Master's,Single,Resigned,2023-09-11
EMP00069,Noah Lanka,Noah,Lanka,Female,1996-04-28,30,2020-06-08,6,IT,Software Engineer,G5,MGR031,Delhi,Full-Time,2338141,9,Diploma,Married,Active,
EMP00070,Pallavi Kakar,Pallavi,Kakar,Male,1985-09-13,40,2025-08-15,0,IT,Data Analyst,G4,MGR092,Bangalore,Contract,1488978,1,PhD,Married,Active,
EMP00071,Sai Muni,Sai,Muni,Male,1982-03-17,44,2017-02-19,9,Marketing,SEO Analyst,G2,MGR036,Hyderabad,Contract,518300,9,Master's,Single,Active,
EMP00072,Mohini Prakash,Mohini,Prakash,Female,2002-07-27,24,2021-08-01,5,Marketing,SEO Analyst,G4,MGR020,Hyderabad,Contract,1453645,3,Master's,Married,Active,
EMP00073,Raksha Varughese,Raksha,Varughese,Female,1973-06-18,53,2025-12-31,0,Operations,Operations Executive,G5,MGR030,Hyderabad,Full-Time,1901574,5,PhD,Married,Active,
EMP00074,Siya Dara,Siya,Dara,Male,1987-03-22,39,2025-10-26,0,IT,Data Analyst,G5,MGR043,Pune,Contract,2118849,0,PhD,Single,Active,
EMP00075,Yug Kar,Yug,Kar,Female,1994-05-16,32,2025-11-16,0,HR,HR Executive,G4,MGR034,Bangalore,Contract,1409744,1,Diploma,Married,Resigned,2025-12-10
EMP00076,Hamsini Bail,Hamsini,Bail,Female,1979-03-17,47,2022-01-11,4,Operations,Operations Manager,G5,MGR080,Pune,Full-Time,1537642,8,Master's,Single,Active,
EMP00077,Victor Kannan,Victor,Kannan,Female,1969-06-01,57,2023-07-12,3,Operations,Supply Chain Analyst,G1,MGR022,Delhi,Contract,416307,3,Diploma,Married,Active,
EMP00078,Abhimanyu Bobal,Abhimanyu,Bobal,Female,1981-01-30,45,2019-03-16,7,Sales,Sales Executive,G2,MGR053,Chennai,Full-Time,639242,8,Bachelor's,Single,Active,
EMP00079,Daniel Karnik,Daniel,Karnik,Female,1992-10-19,33,2022-08-30,3,HR,HR Manager,G5,MGR030,Hyderabad,Contract,1650069,3,Master's,Single,Resigned,2022-12-12
EMP00080,Azad Narayanan,Azad,Narayanan,Female,1977-11-26,48,2022-08-07,3,Marketing,Marketing Executive,G1,MGR045,Chennai,Contract,415796,3,PhD,Married,Active,
EMP00081,Ekavir Varkey,Ekavir,Varkey,Female,1973-12-08,52,2019-04-25,7,Sales,Sales Executive,G2,MGR074,Bangalore,Contract,599972,11,Diploma,Married,Active,
EMP00082,Wazir Mallick,Wazir,Mallick,Male,1992-03-15,34,2023-05-11,3,Sales,Sales Manager,G2,MGR046,Mumbai,Full-Time,659138,3,Master's,Single,Active,
EMP00083,Vedika Kala,Vedika,Kala,Male,1978-11-10,47,2023-11-05,2,Sales,Sales Executive,G5,MGR094,Mumbai,Full-Time,1882584,7,Master's,Married,Active,
EMP00084,Kevin Solanki,Kevin,Solanki,Male,2000-04-13,26,2021-01-18,5,Finance,Finance Manager,G5,MGR035,Mumbai,Contract,2457860,5,Master's,Married,Active,
EMP00085,Xavier Solanki,Xavier,Solanki,Female,1968-05-18,58,2016-07-30,10,HR,Talent Acquisition Specialist,G4,MGR072,Bangalore,Full-Time,1443413,11,Diploma,Married,Active,
EMP00086,Niharika Gupta,Niharika,Gupta,Female,1981-07-14,45,2022-07-18,4,Operations,Supply Chain Analyst,G3,MGR082,Bangalore,Full-Time,899767,8,PhD,Single,Active,
EMP00087,Girindra Chatterjee,Girindra,Chatterjee,Female,1992-05-14,34,2017-06-25,9,Operations,Operations Executive,G4,MGR090,Bangalore,Contract,1476781,9,Bachelor's,Single,Resigned,2024-10-24
EMP00088,Irya Sampath,Irya,Sampath,Female,1987-02-06,39,2016-04-20,10,IT,Data Analyst,G5,MGR050,Hyderabad,Contract,1642254,10,PhD,Single,Resigned,2023-04-18
EMP00089,Unni Bhagat,Unni,Bhagat,Male,2002-05-26,24,2020-06-27,6,Marketing,Digital Marketing Specialist,G3,MGR089,Bangalore,Full-Time,717152,3,PhD,Single,Resigned,2026-03-20
EMP00090,Guneet Bhat,Guneet,Bhat,Male,1995-10-05,30,2019-02-13,7,Marketing,SEO Analyst,G3,MGR051,Bangalore,Full-Time,731745,9,PhD,Single,Active,
EMP00091,Neha Nori,Neha,Nori,Male,1967-04-09,59,2023-10-28,2,Finance,Accountant,G2,MGR027,Pune,Full-Time,648000,4,Bachelor's,Single,Active,
EMP00092,Ikbal Kothari,Ikbal,Kothari,Male,2000-05-18,26,2025-02-05,1,Marketing,Marketing Executive,G3,MGR017,Chennai,Contract,775858,1,Diploma,Single,Active,
EMP00093,Rehaan Gupta,Rehaan,Gupta,Female,2000-06-09,26,2023-11-04,2,HR,Talent Acquisition Specialist,G3,MGR023,Bangalore,Full-Time,708273,5,PhD,Single,Active,
EMP00094,Saumya Dey,Saumya,Dey,Female,1985-02-09,41,2023-09-22,2,Finance,Finance Manager,G5,MGR058,Chennai,Full-Time,1614351,4,Diploma,Married,Active,
EMP00095,Pahal Goswami,Pahal,Goswami,Male,1967-09-24,58,2020-05-15,6,Sales,Sales Manager,G1,MGR092,Hyderabad,Full-Time,428521,8,Master's,Single,Active,
EMP00096,Arya Shere,Arya,Shere,Female,1993-01-02,33,2022-02-06,4,Marketing,SEO Analyst,G3,MGR077,Chennai,Contract,899703,8,PhD,Single,Active,
EMP00097,Zaid Borra,Zaid,Borra,Male,2003-04-04,23,2022-05-05,4,Operations,Supply Chain Analyst,G2,MGR058,Mumbai,Contract,612740,2,PhD,Married,Active,
EMP00098,Saanvi Chaudhari,Saanvi,Chaudhari,Male,1979-01-08,47,2019-10-15,6,Finance,Finance Manager,G3,MGR020,Delhi,Contract,896241,10,Diploma,Single,Active,
EMP00099,Chandresh Zachariah,Chandresh,Zachariah,Male,1998-05-27,28,2023-04-15,3,Finance,Accountant,G5,MGR076,Chennai,Contract,1562894,6,PhD,Married,Resigned,2023-05-07
EMP00100,Girik Khalsa,Girik,Khalsa,Female,2003-12-10,22,2025-04-09,1,Operations,Operations Executive,G3,MGR046,Pune,Full-Time,863813,1,PhD,Single,Active,
EMP00101,Ojas Ray,Ojas,Ray,Female,2002-12-03,23,2021-03-28,5,Finance,Accountant,G3,MGR055,Chennai,Full-Time,818572,2,Master's,Single,Active,
EMP00102,Vedika Srivastava,Vedika,Srivastava,Female,1980-03-30,46,2018-12-08,7,IT,Data Analyst,G2,MGR085,Hyderabad,Full-Time,648457,10,Diploma,Single,Active,
EMP00103,Tanay Rattan,Tanay,Rattan,Male,1981-11-16,44,2019-09-16,6,Sales,Sales Manager,G2,MGR040,Delhi,Contract,597007,7,Diploma,Single,Active,
EMP00104,Daniel Gala,Daniel,Gala,Male,1995-03-27,31,2015-12-01,10,Finance,Financial Analyst,G4,MGR078,Hyderabad,Contract,1254626,10,Bachelor's,Single,Active,
EMP00105,Ladli Agate,Ladli,Agate,Male,1977-09-15,48,2022-08-09,3,Operations,Supply Chain Analyst,G4,MGR086,Bangalore,Full-Time,1276265,7,PhD,Single,Active,
EMP00106,Madhavi Lanka,Madhavi,Lanka,Female,1974-06-23,52,2023-08-10,2,HR,HR Manager,G3,MGR016,Pune,Contract,872030,4,Bachelor's,Single,Active,
EMP00107,Suhani Mangal,Suhani,Mangal,Male,1987-06-11,39,2021-04-07,5,Operations,Operations Manager,G1,MGR095,Pune,Contract,404089,10,PhD,Single,Resigned,2024-11-11
EMP00108,Vidhi Dubey,Vidhi,Dubey,Female,1990-09-21,35,2019-07-15,7,Operations,Supply Chain Analyst,G4,MGR015,Hyderabad,Full-Time,1151789,12,Bachelor's,Married,Active,
EMP00109,Ranveer Minhas,Ranveer,Minhas,Female,1968-12-14,57,2019-11-24,6,IT,Data Analyst,G4,MGR052,Chennai,Full-Time,1308738,8,Master's,Married,Active,
EMP00110,Teerth Bhardwaj,Teerth,Bhardwaj,Male,1968-06-05,58,2020-09-21,5,Operations,Operations Executive,G5,MGR025,Bangalore,Contract,2034723,6,Bachelor's,Single,Active,
EMP00111,Darsh Murthy,Darsh,Murthy,Female,1973-11-07,52,2016-12-11,9,Marketing,Marketing Executive,G1,MGR099,Delhi,Contract,346437,9,PhD,Married,Resigned,2017-12-01
EMP00112,Chandresh Sood,Chandresh,Sood,Female,1971-10-10,54,2019-12-07,6,IT,DevOps Engineer,G4,MGR039,Bangalore,Full-Time,1331027,8,Diploma,Married,Active,
EMP00113,Yadavi Wali,Yadavi,Wali,Male,1967-07-22,59,2019-02-19,7,Finance,Accountant,G1,MGR077,Chennai,Contract,461220,8,Diploma,Married,Resigned,2020-06-22
EMP00114,Dakshesh Trivedi,Dakshesh,Trivedi,Male,1979-06-04,47,2021-10-14,4,Sales,Business Development Executive,G2,MGR058,Pune,Contract,516219,6,Bachelor's,Single,Active,
EMP00115,Faris Grewal,Faris,Grewal,Female,1984-09-17,41,2020-11-16,5,Marketing,SEO Analyst,G2,MGR048,Bangalore,Contract,595393,7,Master's,Single,Active,
EMP00116,Ekapad Bir,Ekapad,Bir,Female,1967-12-16,58,2018-09-12,7,IT,QA Engineer,G4,MGR033,Delhi,Full-Time,1148974,12,Diploma,Single,Resigned,2024-06-09
EMP00117,Wahab Raval,Wahab,Raval,Female,1994-06-06,32,2022-10-31,3,Operations,Operations Manager,G2,MGR091,Pune,Contract,655986,6,PhD,Married,Active,
EMP00118,Jagdish Koshy,Jagdish,Koshy,Male,1993-12-24,32,2022-07-09,4,Sales,Business Development Executive,G3,MGR047,Bangalore,Full-Time,709558,6,Master's,Married,Active,
EMP00119,Balveer Bumb,Balveer,Bumb,Male,1971-12-14,54,2015-11-13,10,Finance,Accountant,G5,MGR070,Delhi,Full-Time,2308320,12,Bachelor's,Married,Active,
EMP00120,Oni Virk,Oni,Virk,Male,2002-04-17,24,2022-10-08,3,Marketing,Marketing Executive,G4,MGR053,Bangalore,Full-Time,1022907,3,Master's,Married,Active,
EMP00121,Diya Lal,Diya,Lal,Male,1978-11-19,47,2025-10-30,0,Sales,Sales Executive,G3,MGR057,Hyderabad,Contract,999064,4,PhD,Single,Active,
EMP00122,Samarth Murthy,Samarth,Murthy,Male,1976-03-20,50,2015-08-02,11,Operations,Operations Manager,G3,MGR014,Delhi,Full-Time,990739,12,Diploma,Single,Active,
EMP00123,William Lanka,William,Lanka,Male,2002-04-12,24,2019-11-27,6,IT,Data Analyst,G4,MGR045,Pune,Contract,1463800,3,PhD,Married,Active,
EMP00124,Meghana Deep,Meghana,Deep,Male,1981-10-26,44,2017-07-08,9,IT,Data Engineer,G1,MGR084,Bangalore,Full-Time,487355,13,Diploma,Married,Resigned,2022-08-15
EMP00125,Tanvi Mutti,Tanvi,Mutti,Female,1996-03-23,30,2024-04-27,2,HR,Talent Acquisition Specialist,G4,MGR079,Pune,Full-Time,1235196,3,Master's,Single,Active,
EMP00126,Elijah Andra,Elijah,Andra,Female,1969-12-27,56,2023-09-15,2,Finance,Accountant,G3,MGR007,Mumbai,Contract,763883,6,PhD,Single,Active,
EMP00127,Tara Chaudhry,Tara,Chaudhry,Female,1991-10-08,34,2021-01-04,5,IT,QA Engineer,G5,MGR092,Mumbai,Contract,1753690,10,Diploma,Married,Active,
EMP00128,Ethan Yogi,Ethan,Yogi,Female,1973-05-27,53,2022-06-14,4,Operations,Operations Executive,G5,MGR009,Chennai,Full-Time,1878120,8,PhD,Single,Active,
EMP00129,Tanay Toor,Tanay,Toor,Female,1976-05-18,50,2023-05-20,3,IT,Data Engineer,G1,MGR031,Delhi,Full-Time,390387,7,Master's,Single,Active,
EMP00130,Alka Deo,Alka,Deo,Female,2001-06-29,25,2022-03-17,4,HR,Talent Acquisition Specialist,G4,MGR062,Delhi,Full-Time,1364584,4,Diploma,Married,Active,
EMP00131,Ikshita Biswas,Ikshita,Biswas,Male,1966-12-19,59,2023-11-15,2,HR,HR Executive,G3,MGR066,Hyderabad,Contract,862569,5,Diploma,Single,Active,
EMP00132,Yash Pingle,Yash,Pingle,Male,2003-11-03,22,2022-05-09,4,Finance,Financial Analyst,G1,MGR056,Hyderabad,Contract,396474,1,Master's,Single,Active,
EMP00133,Bhavani Dugar,Bhavani,Dugar,Female,1981-06-24,45,2025-05-13,1,Marketing,Digital Marketing Specialist,G1,MGR055,Pune,Contract,490600,2,Bachelor's,Married,Active,
EMP00134,Raksha Mittal,Raksha,Mittal,Male,1979-09-17,46,2022-05-31,4,Finance,Financial Analyst,G4,MGR092,Hyderabad,Full-Time,1315947,7,Master's,Married,Active,
EMP00135,Abhiram Mistry,Abhiram,Mistry,Female,1992-07-31,34,2019-11-17,6,Finance,Finance Manager,G1,MGR086,Delhi,Contract,319671,11,Bachelor's,Single,Active,
EMP00136,Hemang Desai,Hemang,Desai,Female,1966-07-25,60,2016-06-01,10,IT,Data Analyst,G3,MGR050,Chennai,Full-Time,889871,10,Bachelor's,Married,Resigned,2020-11-30
EMP00137,Jack Chhabra,Jack,Chhabra,Female,1984-11-30,41,2023-07-23,3,IT,QA Engineer,G2,MGR047,Hyderabad,Contract,638794,7,Master's,Single,Resigned,2025-11-28
EMP00138,Nachiket Magar,Nachiket,Magar,Male,1998-01-01,28,2017-02-01,9,Sales,Business Development Executive,G4,MGR072,Pune,Contract,1478959,7,PhD,Single,Resigned,2021-11-17
EMP00139,Shivansh Oza,Shivansh,Oza,Female,1996-02-18,30,2025-04-11,1,Sales,Sales Executive,G1,MGR010,Hyderabad,Full-Time,335580,6,Diploma,Married,Active,
EMP00140,Samar Lalla,Samar,Lalla,Male,1989-09-03,36,2021-01-29,5,Finance,Financial Analyst,G2,MGR091,Delhi,Full-Time,686596,9,Bachelor's,Single,Resigned,2025-05-18
EMP00141,Vrinda Krishnamurthy,Vrinda,Krishnamurthy,Male,1975-08-15,51,2023-11-12,2,Sales,Sales Executive,G3,MGR074,Bangalore,Contract,990466,6,Bachelor's,Single,Active,
EMP00142,Charan Chanda,Charan,Chanda,Female,1997-02-28,29,2023-01-23,3,Sales,Business Development Executive,G4,MGR053,Chennai,Full-Time,1403263,3,Master's,Single,Active,
EMP00143,Pallavi Malhotra,Pallavi,Malhotra,Female,1970-10-04,55,2024-11-05,1,Marketing,SEO Analyst,G5,MGR099,Mumbai,Contract,1690802,4,Diploma,Single,Active,
EMP00144,Chaitanya Aggarwal,Chaitanya,Aggarwal,Female,1972-05-21,54,2016-10-25,9,Finance,Finance Manager,G2,MGR067,Bangalore,Full-Time,590707,10,Bachelor's,Married,Active,
EMP00145,Gauri De,Gauri,De,Female,1992-07-24,34,2020-12-25,5,IT,QA Engineer,G2,MGR075,Mumbai,Full-Time,655139,6,Master's,Single,Active,
EMP00146,Adweta Edwin,Adweta,Edwin,Male,1968-08-23,57,2015-07-06,11,Operations,Supply Chain Analyst,G3,MGR099,Chennai,Contract,810524,14,Diploma,Married,Resigned,2023-01-10
EMP00147,Prisha Andra,Prisha,Andra,Female,1993-10-18,32,2025-09-23,0,Finance,Financial Analyst,G2,MGR052,Bangalore,Contract,679566,0,Diploma,Single,Active,
EMP00148,Isaac Borra,Isaac,Borra,Female,1985-11-01,40,2017-04-15,9,Finance,Finance Manager,G2,MGR092,Bangalore,Contract,581941,11,Bachelor's,Married,Active,
EMP00149,Manthan Banik,Manthan,Banik,Male,1979-04-26,47,2017-09-17,8,Sales,Sales Executive,G3,MGR032,Mumbai,Full-Time,935717,11,Master's,Married,Resigned,2023-12-29
EMP00150,Manbir Sani,Manbir,Sani,Female,1976-02-20,50,2025-10-18,0,HR,HR Manager,G5,MGR041,Mumbai,Full-Time,2256157,1,PhD,Married,Resigned,2025-12-06
EMP00151,Benjamin Morar,Benjamin,Morar,Female,1966-01-15,60,2016-01-04,10,Sales,Business Development Executive,G4,MGR028,Chennai,Contract,1126211,12,Diploma,Married,Active,
EMP00152,Janya Baral,Janya,Baral,Female,1977-10-26,48,2021-01-07,5,IT,Software Engineer,G4,MGR034,Delhi,Contract,1070220,7,Master's,Single,Active,
EMP00153,Ishita Kade,Ishita,Kade,Male,1981-04-06,45,2021-03-16,5,Finance,Accountant,G4,MGR058,Chennai,Contract,1264375,7,Diploma,Single,Resigned,2023-04-30
EMP00154,Harshil Pandya,Harshil,Pandya,Female,1981-09-28,44,2023-11-30,2,Finance,Finance Manager,G3,MGR026,Chennai,Contract,775637,3,Diploma,Single,Active,
EMP00155,Niharika Dubey,Niharika,Dubey,Female,2001-01-24,25,2020-04-24,6,Marketing,Digital Marketing Specialist,G2,MGR066,Mumbai,Contract,658927,4,Master's,Single,Active,
EMP00156,Warjas Gaba,Warjas,Gaba,Female,1991-08-20,34,2018-10-09,7,Marketing,SEO Analyst,G5,MGR091,Chennai,Contract,2013641,9,Diploma,Married,Active,
EMP00157,Peter Sachar,Peter,Sachar,Male,1983-09-08,42,2021-07-18,5,Finance,Finance Manager,G1,MGR061,Bangalore,Full-Time,456476,8,PhD,Single,Active,
EMP00158,Aryan Gola,Aryan,Gola,Female,1971-08-19,54,2024-03-19,2,Operations,Operations Executive,G1,MGR090,Pune,Full-Time,450095,6,PhD,Married,Active,
EMP00159,Gaurangi Sabharwal,Gaurangi,Sabharwal,Female,1995-12-23,30,2017-04-15,9,Sales,Business Development Executive,G5,MGR061,Delhi,Full-Time,2465236,9,Bachelor's,Married,Resigned,2021-07-05
EMP00160,Amara Dutta,Amara,Dutta,Female,1988-07-28,38,2019-03-24,7,Finance,Accountant,G4,MGR069,Bangalore,Contract,1478215,8,Master's,Married,Active,
EMP00161,Hritik Raja,Hritik,Raja,Male,1977-07-08,49,2021-04-04,5,Finance,Accountant,G3,MGR091,Mumbai,Contract,851521,10,PhD,Married,Active,
EMP00162,Balvan Singhal,Balvan,Singhal,Female,1977-11-29,48,2016-05-14,10,Marketing,SEO Analyst,G5,MGR051,Bangalore,Full-Time,1898138,15,Diploma,Married,Resigned,2020-02-25
EMP00163,Ryan Sharma,Ryan,Sharma,Male,1980-07-15,46,2025-05-12,1,Sales,Business Development Executive,G3,MGR028,Mumbai,Contract,951175,5,Master's,Single,Active,
EMP00164,Inaya Mody,Inaya,Mody,Male,1975-11-17,50,2015-07-27,11,Operations,Supply Chain Analyst,G2,MGR030,Pune,Full-Time,667233,14,Master's,Married,Active,
EMP00165,Vedant Kapoor,Vedant,Kapoor,Male,1965-03-26,61,2025-10-25,0,Marketing,Marketing Executive,G4,MGR061,Hyderabad,Full-Time,1342303,1,Master's,Married,Active,
EMP00166,Arjun Hans,Arjun,Hans,Male,1994-04-06,32,2021-06-09,5,HR,Talent Acquisition Specialist,G1,MGR054,Mumbai,Full-Time,345892,5,PhD,Single,Resigned,2024-10-28
EMP00167,Falguni Mallick,Falguni,Mallick,Female,1966-09-06,59,2015-02-07,11,Finance,Finance Manager,G5,MGR043,Bangalore,Contract,1612512,12,PhD,Single,Resigned,2016-04-13
EMP00168,Arya Panchal,Arya,Panchal,Female,1977-03-29,49,2017-02-28,9,IT,Data Engineer,G2,MGR059,Delhi,Contract,691658,10,Diploma,Married,Active,
EMP00169,Yashodhara Ratta,Yashodhara,Ratta,Male,1972-11-15,53,2021-11-07,4,Operations,Operations Manager,G4,MGR042,Pune,Contract,1270155,5,Bachelor's,Single,Active,
EMP00170,Garima Bala,Garima,Bala,Male,1965-04-22,61,2017-12-04,8,Sales,Sales Executive,G4,MGR035,Bangalore,Contract,1395185,12,Diploma,Married,Active,
EMP00171,Jack Lal,Jack,Lal,Male,1967-10-15,58,2022-06-28,4,IT,DevOps Engineer,G3,MGR052,Delhi,Contract,783737,5,Master's,Married,Active,
EMP00172,Pranav Lanka,Pranav,Lanka,Male,1970-12-29,55,2020-05-12,6,HR,HR Manager,G5,MGR054,Delhi,Contract,1891774,7,Bachelor's,Single,Active,
EMP00173,Balvan Chopra,Balvan,Chopra,Male,1988-07-28,38,2020-01-04,6,Marketing,SEO Analyst,G3,MGR073,Pune,Full-Time,740948,7,Bachelor's,Single,Active,
EMP00174,Radha Pai,Radha,Pai,Female,1970-03-20,56,2022-08-18,3,HR,Talent Acquisition Specialist,G5,MGR012,Chennai,Contract,2012573,6,PhD,Single,Active,
EMP00175,Dipta Sarin,Dipta,Sarin,Female,1990-04-19,36,2015-08-25,10,Marketing,Digital Marketing Specialist,G3,MGR051,Bangalore,Full-Time,711413,10,Diploma,Single,Active,
EMP00176,Yasti D’Alia,Yasti,D’Alia,Male,1989-04-11,37,2015-09-04,10,IT,DevOps Engineer,G1,MGR053,Mumbai,Full-Time,375259,12,PhD,Married,Resigned,2022-03-24
EMP00177,Ranveer Kumar,Ranveer,Kumar,Female,1985-02-13,41,2024-10-01,1,Sales,Sales Manager,G1,MGR085,Chennai,Full-Time,478973,5,Master's,Single,Active,
EMP00178,Chaitanya Sarin,Chaitanya,Sarin,Female,1988-09-21,37,2016-06-05,10,Operations,Operations Executive,G1,MGR003,Bangalore,Contract,498227,12,PhD,Married,Active,
EMP00179,Aarav Venkatesh,Aarav,Venkatesh,Male,1985-08-30,40,2018-11-18,7,HR,HR Manager,G2,MGR098,Pune,Full-Time,690060,8,Diploma,Single,Active,
EMP00180,Ronith Patla,Ronith,Patla,Male,1991-08-24,34,2015-05-18,11,Sales,Business Development Executive,G1,MGR095,Pune,Contract,364155,12,Bachelor's,Single,Active,
EMP00181,Raagini Boase,Raagini,Boase,Male,1971-04-15,55,2020-08-25,5,Finance,Accountant,G5,MGR074,Chennai,Contract,1834394,8,Master's,Single,Resigned,2026-04-19
EMP00182,Ganga Murthy,Ganga,Murthy,Male,1983-07-21,43,2018-05-15,8,Finance,Accountant,G5,MGR076,Delhi,Full-Time,2494595,13,PhD,Married,Active,
EMP00183,Jeet Mital,Jeet,Mital,Female,1993-11-10,32,2022-07-12,4,Sales,Business Development Executive,G3,MGR053,Mumbai,Contract,918274,6,Bachelor's,Married,Active,
EMP00184,Yashica More,Yashica,More,Male,1978-06-29,48,2024-08-13,1,Operations,Operations Executive,G4,MGR008,Chennai,Contract,1479587,1,Bachelor's,Married,Active,
EMP00185,Nilima Narain,Nilima,Narain,Male,1979-10-26,46,2022-04-02,4,IT,DevOps Engineer,G3,MGR069,Delhi,Full-Time,748477,5,Master's,Married,Active,
EMP00186,Neha Merchant,Neha,Merchant,Male,1968-04-07,58,2017-02-09,9,Marketing,SEO Analyst,G5,MGR062,Mumbai,Contract,1727558,12,Diploma,Single,Resigned,2026-07-16
EMP00187,Joshua Handa,Joshua,Handa,Male,1998-07-03,28,2023-06-17,3,Sales,Sales Executive,G5,MGR027,Hyderabad,Full-Time,2237954,5,Master's,Married,Active,
EMP00188,Osha Raghavan,Osha,Raghavan,Female,1978-11-02,47,2017-12-07,8,Finance,Finance Manager,G4,MGR013,Delhi,Contract,1244320,10,Bachelor's,Married,Active,
EMP00189,Owen Mitra,Owen,Mitra,Male,1990-03-27,36,2024-09-09,1,HR,Talent Acquisition Specialist,G2,MGR034,Chennai,Contract,504251,5,Bachelor's,Single,Active,
EMP00190,Nidra Acharya,Nidra,Acharya,Female,1990-07-24,36,2024-05-06,2,HR,HR Manager,G5,MGR088,Bangalore,Contract,2186406,4,PhD,Married,Active,
EMP00191,Daksha Mangat,Daksha,Mangat,Female,1972-08-05,54,2016-07-27,10,Operations,Supply Chain Analyst,G4,MGR070,Delhi,Full-Time,1096494,14,Diploma,Single,Resigned,2020-02-23
EMP00192,Qushi Nagy,Qushi,Nagy,Male,1999-04-15,27,2015-01-27,11,Sales,Sales Executive,G2,MGR091,Mumbai,Full-Time,517817,6,PhD,Married,Active,
EMP00193,Udyati Sathe,Udyati,Sathe,Female,1994-07-29,32,2020-06-21,6,IT,Software Engineer,G5,MGR053,Pune,Full-Time,2078440,8,Master's,Married,Active,
EMP00194,Riya Kala,Riya,Kala,Female,2001-03-01,25,2025-07-16,1,HR,HR Executive,G1,MGR020,Mumbai,Full-Time,437464,3,Master's,Married,Active,
EMP00195,Yasti Solanki,Yasti,Solanki,Female,1968-07-18,58,2019-03-09,7,Sales,Sales Manager,G5,MGR090,Mumbai,Contract,1755021,11,Diploma,Single,Active,
EMP00196,Omkaar Chad,Omkaar,Chad,Female,1989-10-17,36,2020-05-03,6,IT,Software Engineer,G2,MGR064,Hyderabad,Contract,521675,6,Diploma,Single,Active,
EMP00197,Bhanumati Varma,Bhanumati,Varma,Female,1977-02-28,49,2015-07-10,11,IT,Data Engineer,G5,MGR085,Pune,Full-Time,2090882,12,Diploma,Single,Active,
EMP00198,Gautami Chander,Gautami,Chander,Female,1968-06-14,58,2018-05-10,8,HR,Talent Acquisition Specialist,G2,MGR050,Delhi,Contract,648555,9,Bachelor's,Single,Active,
EMP00199,Wahab Mukherjee,Wahab,Mukherjee,Female,1967-05-30,59,2016-02-05,10,Sales,Sales Executive,G1,MGR078,Chennai,Contract,389284,15,Diploma,Married,Active,
EMP00200,Umang Issac,Umang,Issac,Female,1987-01-04,39,2017-07-23,9,Finance,Finance Manager,G4,MGR024,Delhi,Contract,1226412,14,Master's,Single,Active,
EMP00201,Manan Bakshi,Manan,Bakshi,Male,1977-01-08,49,2016-09-23,9,Sales,Business Development Executive,G2,MGR050,Bangalore,Contract,693896,10,Diploma,Single,Resigned,2017-07-07
EMP00202,Yash Soman,Yash,Soman,Female,1981-02-22,45,2023-07-16,3,Finance,Accountant,G2,MGR024,Hyderabad,Contract,522884,3,PhD,Single,Active,
EMP00203,Elijah Shah,Elijah,Shah,Female,1989-11-11,36,2016-01-17,10,Marketing,SEO Analyst,G3,MGR002,Bangalore,Contract,901975,10,Diploma,Single,Active,
EMP00204,Oeshi Hayer,Oeshi,Hayer,Male,1995-09-29,30,2019-04-09,7,HR,HR Executive,G3,MGR035,Hyderabad,Full-Time,857879,9,Bachelor's,Married,Active,
EMP00205,Leena Talwar,Leena,Talwar,Female,1986-09-21,39,2023-10-11,2,IT,Data Engineer,G3,MGR093,Delhi,Contract,829284,2,Bachelor's,Married,Active,
EMP00206,Mugdha Kohli,Mugdha,Kohli,Female,1965-04-21,61,2025-08-22,0,Sales,Sales Manager,G5,MGR043,Hyderabad,Contract,1898343,4,Bachelor's,Married,Active,
EMP00207,Manbir Ahluwalia,Manbir,Ahluwalia,Male,1986-06-28,40,2018-07-10,8,HR,HR Manager,G3,MGR095,Delhi,Contract,852802,10,Bachelor's,Married,Active,
EMP00208,Hredhaan Sandal,Hredhaan,Sandal,Female,1981-05-17,45,2016-04-11,10,Marketing,Marketing Executive,G5,MGR024,Delhi,Full-Time,2072133,15,Bachelor's,Married,Active,
EMP00209,Theodore Goda,Theodore,Goda,Male,2001-09-26,24,2024-07-04,2,Sales,Business Development Executive,G4,MGR082,Bangalore,Full-Time,1072969,3,Bachelor's,Married,Active,
EMP00210,Zarna Shetty,Zarna,Shetty,Male,1985-02-22,41,2021-09-15,4,Sales,Business Development Executive,G4,MGR065,Delhi,Contract,1280162,9,Diploma,Married,Active,
EMP00211,Chandresh Krish,Chandresh,Krish,Male,1969-11-27,56,2023-08-16,2,HR,Talent Acquisition Specialist,G3,MGR083,Chennai,Full-Time,787209,6,PhD,Married,Resigned,2024-02-20
EMP00212,Tanmayi Deol,Tanmayi,Deol,Female,1969-10-02,56,2015-02-13,11,IT,Data Engineer,G2,MGR096,Chennai,Full-Time,633870,16,Master's,Married,Active,
EMP00213,Ucchal Wali,Ucchal,Wali,Male,1980-06-22,46,2015-04-11,11,Sales,Sales Executive,G3,MGR011,Pune,Full-Time,918090,11,Master's,Married,Active,
EMP00214,Edhitha Savant,Edhitha,Savant,Male,1988-05-17,38,2020-06-01,6,Finance,Financial Analyst,G1,MGR093,Delhi,Contract,414862,8,Diploma,Married,Active,
EMP00215,Yamini Sandhu,Yamini,Sandhu,Male,1966-01-06,60,2024-07-10,2,Finance,Finance Manager,G1,MGR022,Delhi,Full-Time,477508,7,Bachelor's,Single,Active,
EMP00216,Sanaya Dutt,Sanaya,Dutt,Female,1985-09-23,40,2017-08-07,8,Sales,Business Development Executive,G2,MGR082,Delhi,Contract,548860,13,Diploma,Single,Active,
EMP00217,Vaishnavi Sengupta,Vaishnavi,Sengupta,Female,1982-06-11,44,2015-01-19,11,Operations,Operations Executive,G2,MGR097,Delhi,Full-Time,572966,11,Diploma,Single,Active,
EMP00218,Aashi Kota,Aashi,Kota,Male,1985-07-11,41,2016-04-11,10,Finance,Finance Manager,G4,MGR082,Bangalore,Contract,1276674,12,PhD,Single,Active,
EMP00219,Aradhana Verma,Aradhana,Verma,Female,1992-09-10,33,2016-12-07,9,Operations,Supply Chain Analyst,G3,MGR087,Mumbai,Contract,744434,10,Bachelor's,Married,Active,
EMP00220,Vedhika Khare,Vedhika,Khare,Female,1996-02-09,30,2016-08-02,10,Marketing,Digital Marketing Specialist,G4,MGR018,Chennai,Contract,1312698,9,Bachelor's,Married,Active,
EMP00221,Anvi Sarraf,Anvi,Sarraf,Male,1989-11-22,36,2016-11-14,9,Sales,Sales Manager,G2,MGR041,Hyderabad,Full-Time,549046,13,Diploma,Married,Active,
EMP00222,Faras Mangal,Faras,Mangal,Female,1990-03-11,36,2020-09-01,5,Operations,Operations Manager,G4,MGR063,Hyderabad,Contract,1358978,9,Bachelor's,Single,Active,
EMP00223,Wahab Magar,Wahab,Magar,Male,1978-02-07,48,2015-05-14,11,Finance,Accountant,G5,MGR022,Hyderabad,Contract,1802692,16,Diploma,Single,Active,
EMP00224,Gautami Nagarajan,Gautami,Nagarajan,Female,1989-04-25,37,2024-03-23,2,IT,DevOps Engineer,G5,MGR055,Pune,Full-Time,1729157,3,Diploma,Married,Active,
EMP00225,Faris Devi,Faris,Devi,Male,1984-09-11,41,2024-09-14,1,IT,Data Analyst,G2,MGR076,Delhi,Contract,693360,4,PhD,Single,Active,
EMP00226,Matthew Kashyap,Matthew,Kashyap,Male,2001-06-29,25,2017-04-27,9,IT,QA Engineer,G3,MGR036,Chennai,Full-Time,979068,4,Master's,Married,Active,
EMP00227,Leela Dua,Leela,Dua,Male,1971-01-31,55,2025-10-18,0,Sales,Sales Executive,G3,MGR090,Mumbai,Full-Time,766525,3,Master's,Single,Active,
EMP00228,Tanish Bhatt,Tanish,Bhatt,Female,1986-12-16,39,2016-08-05,10,Marketing,SEO Analyst,G3,MGR049,Hyderabad,Full-Time,917173,15,Diploma,Married,Active,
EMP00229,Oeshi Reddy,Oeshi,Reddy,Female,1996-03-01,30,2025-07-02,1,Finance,Financial Analyst,G4,MGR075,Pune,Full-Time,1171593,3,Master's,Single,Active,
EMP00230,Ganga Shukla,Ganga,Shukla,Female,1974-10-09,51,2025-11-09,0,Sales,Sales Executive,G4,MGR042,Bangalore,Contract,1140790,4,Bachelor's,Married,Active,
EMP00231,Ojasvi Bhatia,Ojasvi,Bhatia,Male,1967-01-23,59,2016-02-12,10,Operations,Operations Manager,G1,MGR021,Hyderabad,Contract,332568,10,PhD,Single,Resigned,2019-08-20
EMP00232,Osha Ramachandran,Osha,Ramachandran,Male,1994-02-27,32,2018-05-21,8,HR,HR Manager,G1,MGR047,Bangalore,Full-Time,471596,11,Bachelor's,Single,Active,
EMP00233,Anmol Rai,Anmol,Rai,Female,1997-07-26,29,2022-11-04,3,HR,HR Manager,G1,MGR013,Pune,Full-Time,484470,7,Diploma,Single,Active,
EMP00234,Vansha Ahuja,Vansha,Ahuja,Female,1965-06-02,61,2015-02-03,11,Operations,Operations Manager,G1,MGR089,Mumbai,Contract,410707,13,Bachelor's,Married,Active,
EMP00235,Indira Misra,Indira,Misra,Male,1969-08-18,57,2018-07-07,8,Finance,Financial Analyst,G2,MGR100,Mumbai,Full-Time,600328,13,Diploma,Single,Active,
EMP00236,Madhavi Saini,Madhavi,Saini,Male,1993-03-05,33,2023-05-23,3,HR,HR Manager,G5,MGR057,Mumbai,Full-Time,2219916,5,Bachelor's,Single,Active,
EMP00237,Thomas Sura,Thomas,Sura,Female,1980-10-08,45,2025-10-20,0,Sales,Sales Manager,G2,MGR036,Delhi,Full-Time,564955,3,Master's,Single,Active,
EMP00238,Theodore Mahajan,Theodore,Mahajan,Female,1974-03-21,52,2020-10-21,5,Marketing,SEO Analyst,G2,MGR051,Bangalore,Full-Time,696042,5,PhD,Married,Active,
EMP00239,Rajata Sunder,Rajata,Sunder,Female,1993-08-16,32,2021-08-29,4,IT,QA Engineer,G1,MGR041,Mumbai,Contract,394659,8,PhD,Married,Active,
EMP00240,Ayush Ramachandran,Ayush,Ramachandran,Male,1999-03-20,27,2020-04-13,6,IT,Software Engineer,G5,MGR002,Bangalore,Full-Time,1570813,6,Diploma,Married,Active,
EMP00241,Gayathri Ravel,Gayathri,Ravel,Female,1984-01-01,42,2022-11-14,3,Sales,Sales Executive,G5,MGR079,Mumbai,Contract,2063772,3,Master's,Single,Active,
EMP00242,Noah Sibal,Noah,Sibal,Male,2001-04-01,25,2016-09-28,9,Marketing,Digital Marketing Specialist,G4,MGR082,Delhi,Full-Time,1307461,4,PhD,Single,Active,
EMP00243,Joshua Walla,Joshua,Walla,Male,1984-06-28,42,2016-04-20,10,Sales,Business Development Executive,G5,MGR040,Delhi,Full-Time,1557701,11,Diploma,Single,Active,
EMP00244,Avi Ramesh,Avi,Ramesh,Male,1987-04-09,39,2025-09-08,0,Finance,Finance Manager,G5,MGR093,Bangalore,Full-Time,2321021,1,Bachelor's,Married,Active,
EMP00245,Avi Chacko,Avi,Chacko,Male,1999-08-10,27,2025-02-02,1,IT,Data Engineer,G4,MGR068,Pune,Contract,1142596,3,Diploma,Married,Active,
EMP00246,Priya Deshmukh,Priya,Deshmukh,Female,1967-06-28,59,2020-08-08,5,Marketing,Marketing Executive,G3,MGR033,Pune,Full-Time,782475,5,Diploma,Single,Resigned,2024-07-12
EMP00247,Qabil Bedi,Qabil,Bedi,Male,1975-12-21,50,2015-07-08,11,Sales,Sales Manager,G4,MGR020,Mumbai,Full-Time,1482463,14,PhD,Single,Active,
EMP00248,Abha Raghavan,Abha,Raghavan,Female,1997-04-24,29,2018-08-03,8,Finance,Accountant,G5,MGR016,Chennai,Full-Time,1890917,8,Bachelor's,Single,Resigned,2021-05-16
EMP00249,Siddharth Sha,Siddharth,Sha,Male,1985-11-12,40,2024-09-17,1,Finance,Financial Analyst,G3,MGR071,Hyderabad,Full-Time,745290,1,Bachelor's,Married,Active,
EMP00250,Eta Nazareth,Eta,Nazareth,Female,1998-03-06,28,2021-12-25,4,HR,HR Manager,G3,MGR099,Mumbai,Full-Time,958663,7,Diploma,Married,Active,
EMP00251,Ladli Mall,Ladli,Mall,Female,1993-07-12,33,2024-05-31,2,Operations,Operations Executive,G3,MGR098,Delhi,Contract,700766,4,Diploma,Single,Active,
EMP00252,Oviya Krishnan,Oviya,Krishnan,Male,1983-11-01,42,2020-07-08,6,IT,Data Analyst,G3,MGR006,Mumbai,Contract,748772,9,PhD,Single,Active,
EMP00253,Finn Singhal,Finn,Singhal,Male,1993-08-02,33,2024-03-12,2,Sales,Sales Executive,G5,MGR008,Hyderabad,Full-Time,2095403,2,Master's,Married,Resigned,2024-04-11
EMP00254,Charles Palla,Charles,Palla,Female,1996-06-07,30,2024-04-30,2,Operations,Operations Manager,G3,MGR035,Mumbai,Full-Time,937375,3,Bachelor's,Single,Active,
EMP00255,Udarsh Biswas,Udarsh,Biswas,Male,1985-03-02,41,2020-03-23,6,Finance,Financial Analyst,G1,MGR046,Mumbai,Contract,440489,7,PhD,Married,Resigned,2025-10-07
EMP00256,Banjeet Balasubramanian,Banjeet,Balasubramanian,Male,1972-01-27,54,2024-01-21,2,Operations,Operations Manager,G5,MGR028,Bangalore,Full-Time,1542288,4,Bachelor's,Married,Active,
EMP00257,Yug Iyengar,Yug,Iyengar,Male,1995-05-18,31,2018-05-09,8,Finance,Accountant,G1,MGR058,Chennai,Full-Time,406008,10,PhD,Single,Active,
EMP00258,Anmol Dua,Anmol,Dua,Male,1970-06-13,56,2015-02-18,11,IT,Data Analyst,G2,MGR052,Bangalore,Full-Time,551939,14,Master's,Single,Active,
EMP00259,William Date,William,Date,Male,1973-11-14,52,2025-02-13,1,Operations,Operations Manager,G2,MGR043,Pune,Full-Time,524111,2,Diploma,Single,Resigned,2026-02-15
EMP00260,Ishwar Kamdar,Ishwar,Kamdar,Female,2001-11-10,24,2023-02-15,3,Sales,Sales Manager,G1,MGR088,Hyderabad,Full-Time,400330,3,Bachelor's,Single,Active,
EMP00261,Udyati Kunda,Udyati,Kunda,Female,1971-09-02,54,2015-05-22,11,Marketing,SEO Analyst,G5,MGR083,Bangalore,Contract,1757724,12,PhD,Single,Active,
EMP00262,Jyoti Ganesh,Jyoti,Ganesh,Female,1971-02-27,55,2019-09-14,6,HR,Talent Acquisition Specialist,G5,MGR081,Chennai,Full-Time,1761250,9,Master's,Married,Active,
EMP00263,Ishwar Gade,Ishwar,Gade,Female,1980-06-07,46,2025-03-27,1,Marketing,SEO Analyst,G3,MGR035,Mumbai,Full-Time,903623,1,Bachelor's,Single,Resigned,2025-11-23
EMP00264,Hritik Bal,Hritik,Bal,Female,1967-08-18,59,2024-01-26,2,Sales,Business Development Executive,G3,MGR021,Pune,Full-Time,822034,3,Master's,Single,Active,
EMP00265,Devika Prashad,Devika,Prashad,Male,1990-10-29,35,2024-06-29,2,Sales,Sales Manager,G2,MGR031,Chennai,Contract,546163,4,Diploma,Married,Resigned,2025-05-03
EMP00266,Rushil Borra,Rushil,Borra,Male,1990-04-05,36,2025-08-20,0,HR,HR Manager,G5,MGR023,Hyderabad,Full-Time,1824065,2,Diploma,Single,Active,
EMP00267,Xavier Chaudry,Xavier,Chaudry,Male,1988-08-13,38,2020-05-11,6,IT,Data Engineer,G5,MGR017,Bangalore,Full-Time,1711250,8,Diploma,Single,Active,
EMP00268,Charvi Dara,Charvi,Dara,Male,1999-09-27,26,2016-03-30,10,Marketing,Digital Marketing Specialist,G1,MGR091,Delhi,Contract,397934,5,Diploma,Married,Active,
EMP00269,Benjamin Palan,Benjamin,Palan,Male,1972-01-25,54,2023-03-19,3,Sales,Business Development Executive,G4,MGR041,Mumbai,Contract,1340357,6,Bachelor's,Married,Active,
EMP00270,Priya Prabhakar,Priya,Prabhakar,Female,1970-09-18,55,2016-12-28,9,Operations,Operations Executive,G5,MGR099,Chennai,Full-Time,1910623,10,Master's,Single,Active,
EMP00271,Ekapad Toor,Ekapad,Toor,Male,1987-04-05,39,2016-07-30,10,Finance,Finance Manager,G1,MGR045,Bangalore,Full-Time,362389,12,Diploma,Married,Active,
EMP00272,Harita Arora,Harita,Arora,Female,1974-05-29,52,2017-10-19,8,Operations,Operations Executive,G3,MGR014,Delhi,Full-Time,834562,13,PhD,Married,Active,
EMP00273,Osha Suri,Osha,Suri,Male,1983-07-29,43,2020-07-12,6,Sales,Sales Manager,G5,MGR013,Hyderabad,Full-Time,1893580,10,PhD,Single,Active,
EMP00274,Hitesh Sant,Hitesh,Sant,Male,1978-03-25,48,2015-03-24,11,Finance,Financial Analyst,G1,MGR044,Mumbai,Contract,319451,11,Diploma,Single,Active,
EMP00275,Janaki Sharaf,Janaki,Sharaf,Female,1996-08-08,30,2015-05-07,11,Sales,Business Development Executive,G2,MGR056,Mumbai,Full-Time,659204,9,Master's,Single,Resigned,2017-12-12
EMP00276,Radhika Goda,Radhika,Goda,Female,1996-04-10,30,2021-03-19,5,Operations,Supply Chain Analyst,G5,MGR085,Bangalore,Contract,1778150,5,Diploma,Single,Active,
EMP00277,Anamika Yohannan,Anamika,Yohannan,Female,1971-11-22,54,2015-08-12,10,Finance,Accountant,G4,MGR038,Delhi,Contract,1045942,15,Diploma,Single,Active,
EMP00278,Veda Shroff,Veda,Shroff,Female,1968-09-04,57,2020-04-23,6,IT,Data Engineer,G4,MGR063,Delhi,Contract,1246910,8,PhD,Single,Active,
EMP00279,Rajata Loyal,Rajata,Loyal,Female,1981-07-28,45,2017-02-03,9,Sales,Sales Executive,G3,MGR060,Bangalore,Full-Time,930550,12,Diploma,Single,Active,
EMP00280,Ekantika Korpal,Ekantika,Korpal,Male,1968-11-05,57,2022-06-29,4,Finance,Finance Manager,G4,MGR076,Mumbai,Full-Time,1396601,7,PhD,Married,Active,
EMP00281,Gabriel Mallick,Gabriel,Mallick,Male,1986-05-14,40,2018-05-09,8,IT,DevOps Engineer,G1,MGR074,Chennai,Full-Time,431622,13,PhD,Single,Resigned,2025-11-07
EMP00282,Shravya Kohli,Shravya,Kohli,Male,1974-07-04,52,2024-01-25,2,HR,HR Executive,G1,MGR011,Delhi,Contract,410985,2,Bachelor's,Married,Active,
EMP00283,Ucchal Raghavan,Ucchal,Raghavan,Male,1968-11-26,57,2019-05-09,7,Marketing,Digital Marketing Specialist,G5,MGR036,Chennai,Contract,1841968,11,PhD,Single,Active,
EMP00284,Gayathri Balakrishnan,Gayathri,Balakrishnan,Male,1990-06-02,36,2021-08-05,5,Marketing,Marketing Executive,G1,MGR100,Pune,Contract,447504,5,Master's,Married,Active,
EMP00285,Warda Nair,Warda,Nair,Female,1990-08-30,35,2021-10-30,4,Sales,Sales Executive,G2,MGR052,Mumbai,Contract,572198,9,PhD,Married,Active,
EMP00286,Qabil Sura,Qabil,Sura,Male,1998-06-15,28,2020-04-30,6,Finance,Financial Analyst,G1,MGR039,Bangalore,Contract,388569,7,Diploma,Single,Active,
EMP00287,Simon Pant,Simon,Pant,Female,1999-09-21,26,2024-04-05,2,Finance,Financial Analyst,G4,MGR083,Pune,Full-Time,1317183,4,Bachelor's,Married,Active,
EMP00288,Aarna Oak,Aarna,Oak,Female,2001-10-30,24,2015-08-19,10,Marketing,Marketing Executive,G1,MGR091,Chennai,Contract,381559,3,Diploma,Single,Active,
EMP00289,Ati Majumdar,Ati,Majumdar,Male,2002-07-19,24,2015-08-25,10,HR,HR Executive,G4,MGR047,Delhi,Full-Time,1026507,3,Master's,Married,Active,
EMP00290,Advaith Varughese,Advaith,Varughese,Male,1995-07-23,31,2015-05-06,11,HR,HR Manager,G4,MGR058,Mumbai,Contract,1311449,10,Master's,Married,Active,
EMP00291,Rayaan Chada,Rayaan,Chada,Female,1998-08-06,28,2024-04-26,2,Operations,Operations Executive,G3,MGR050,Pune,Full-Time,714391,7,Bachelor's,Single,Active,
EMP00292,Wyatt Ray,Wyatt,Ray,Male,1977-01-26,49,2022-04-22,4,Sales,Business Development Executive,G1,MGR002,Hyderabad,Full-Time,478834,9,Bachelor's,Single,Active,
EMP00293,Vrinda Khosla,Vrinda,Khosla,Female,1996-12-21,29,2025-11-04,0,Operations,Supply Chain Analyst,G3,MGR049,Bangalore,Contract,922196,1,Bachelor's,Married,Active,
EMP00294,Vamakshi Swaminathan,Vamakshi,Swaminathan,Female,1991-03-22,35,2016-02-24,10,IT,QA Engineer,G3,MGR083,Chennai,Contract,994365,14,Diploma,Married,Active,
EMP00295,Sara Badal,Sara,Badal,Female,1993-09-26,32,2018-08-24,7,Finance,Financial Analyst,G3,MGR020,Chennai,Full-Time,798754,10,PhD,Married,Active,
EMP00296,Girik Menon,Girik,Menon,Male,1994-05-27,32,2020-07-30,6,Finance,Financial Analyst,G4,MGR050,Delhi,Full-Time,1212126,9,Bachelor's,Married,Active,
EMP00297,Timothy Ravel,Timothy,Ravel,Male,1995-10-15,30,2020-12-29,5,Operations,Operations Manager,G3,MGR039,Mumbai,Full-Time,965979,7,Diploma,Married,Active,
EMP00298,Yagnesh Mohan,Yagnesh,Mohan,Female,1997-07-13,29,2024-01-24,2,Marketing,Marketing Executive,G3,MGR029,Bangalore,Full-Time,746818,3,PhD,Married,Active,
EMP00299,Jyoti Solanki,Jyoti,Solanki,Female,1985-10-21,40,2024-07-18,2,IT,DevOps Engineer,G1,MGR075,Chennai,Full-Time,466303,6,Bachelor's,Single,Resigned,2025-09-20
EMP00300,Hemangini Sandal,Hemangini,Sandal,Female,1988-10-07,37,2018-05-07,8,Sales,Sales Executive,G2,MGR026,Bangalore,Contract,536009,13,PhD,Single,Active,
EMP00301,Ganga Pandey,Ganga,Pandey,Male,1999-12-11,26,2015-11-28,10,Sales,Sales Manager,G2,MGR082,Pune,Full-Time,582159,5,Master's,Single,Active,
EMP00302,Sudiksha Madan,Sudiksha,Madan,Male,1990-11-07,35,2023-07-29,3,HR,HR Manager,G1,MGR079,Hyderabad,Contract,333922,8,PhD,Married,Active,
EMP00303,Damini Krishnamurthy,Damini,Krishnamurthy,Male,1988-12-11,37,2017-03-27,9,Operations,Operations Manager,G1,MGR097,Chennai,Full-Time,384466,9,Diploma,Single,Active,
EMP00304,Vihaan Dara,Vihaan,Dara,Female,1979-01-01,47,2016-06-12,10,IT,DevOps Engineer,G5,MGR040,Mumbai,Full-Time,2117265,15,Master's,Married,Active,
EMP00305,Reyansh Mutti,Reyansh,Mutti,Female,1984-06-15,42,2024-12-16,1,Operations,Operations Executive,G3,MGR046,Mumbai,Full-Time,956994,3,Diploma,Single,Active,
EMP00306,Jagdish Wason,Jagdish,Wason,Male,1974-06-23,52,2023-03-26,3,IT,QA Engineer,G5,MGR016,Bangalore,Full-Time,1677193,3,Master's,Single,Active,
EMP00307,Qasim Handa,Qasim,Handa,Male,1994-09-11,31,2016-03-18,10,Operations,Operations Executive,G1,MGR015,Hyderabad,Contract,480813,10,Diploma,Married,Active,
EMP00308,Tarak Sule,Tarak,Sule,Male,1974-03-21,52,2022-10-18,3,Operations,Supply Chain Analyst,G1,MGR054,Delhi,Full-Time,378935,3,Master's,Single,Active,
EMP00309,Aradhana Vohra,Aradhana,Vohra,Male,1987-12-13,38,2023-01-23,3,Marketing,Marketing Executive,G3,MGR014,Hyderabad,Full-Time,759775,7,Bachelor's,Married,Active,
EMP00310,Barkha Chaudhry,Barkha,Chaudhry,Male,1981-01-21,45,2022-11-21,3,Sales,Sales Manager,G2,MGR071,Hyderabad,Full-Time,510329,4,Master's,Single,Active,
EMP00311,Rishi Minhas,Rishi,Minhas,Male,1969-12-15,56,2024-05-14,2,Marketing,SEO Analyst,G4,MGR012,Chennai,Full-Time,1078194,5,Master's,Single,Active,
EMP00312,Utkarsh Patel,Utkarsh,Patel,Female,1976-11-06,49,2020-03-16,6,IT,Software Engineer,G2,MGR038,Bangalore,Contract,510340,8,Diploma,Single,Resigned,2021-09-24
EMP00313,Chasmum Atwal,Chasmum,Atwal,Male,1965-06-08,61,2024-07-21,2,HR,Talent Acquisition Specialist,G2,MGR046,Hyderabad,Contract,586156,4,Master's,Married,Active,
EMP00314,Jonathan Mahal,Jonathan,Mahal,Female,1982-12-15,43,2025-10-16,0,Sales,Sales Manager,G4,MGR062,Hyderabad,Full-Time,1361707,5,Bachelor's,Single,Resigned,2025-11-02
EMP00315,Chatura Master,Chatura,Master,Male,1969-08-27,56,2019-09-01,6,Marketing,Digital Marketing Specialist,G5,MGR057,Mumbai,Contract,2211346,9,Diploma,Single,Active,
EMP00316,Jonathan Swaminathan,Jonathan,Swaminathan,Female,1970-01-25,56,2024-12-14,1,Sales,Sales Manager,G1,MGR034,Delhi,Contract,316603,3,Bachelor's,Married,Active,
EMP00317,Harshil Arora,Harshil,Arora,Male,1984-06-01,42,2022-06-03,4,Operations,Operations Executive,G4,MGR085,Delhi,Contract,1181272,6,Diploma,Single,Active,
EMP00318,Bhavani Singh,Bhavani,Singh,Male,1987-09-06,38,2024-07-08,2,Sales,Sales Manager,G2,MGR097,Hyderabad,Contract,519625,5,Master's,Married,Active,
EMP00319,Varenya Sastry,Varenya,Sastry,Male,1989-09-11,36,2022-03-20,4,Sales,Sales Manager,G2,MGR059,Hyderabad,Contract,520664,6,PhD,Married,Active,
EMP00320,Harini Gour,Harini,Gour,Female,1998-06-06,28,2022-04-30,4,IT,Software Engineer,G4,MGR005,Chennai,Full-Time,1216184,7,Master's,Single,Active,
EMP00321,Charan Krishnan,Charan,Krishnan,Female,1980-04-16,46,2019-01-28,7,IT,Data Analyst,G4,MGR072,Chennai,Contract,1174049,12,PhD,Single,Active,
EMP00322,Vanya Comar,Vanya,Comar,Male,1965-02-05,61,2018-10-30,7,Finance,Finance Manager,G3,MGR067,Bangalore,Full-Time,987147,11,Bachelor's,Married,Active,
EMP00323,Dhruv Rattan,Dhruv,Rattan,Female,1969-10-19,56,2017-11-07,8,Marketing,Marketing Executive,G2,MGR051,Mumbai,Contract,531652,9,Master's,Single,Active,
EMP00324,Vyanjana Borah,Vyanjana,Borah,Male,1993-05-29,33,2024-05-23,2,Operations,Supply Chain Analyst,G1,MGR059,Delhi,Full-Time,418097,4,Diploma,Single,Active,
EMP00325,Chatresh Doshi,Chatresh,Doshi,Female,2002-08-18,23,2021-07-24,5,Sales,Business Development Executive,G2,MGR075,Mumbai,Full-Time,681355,2,PhD,Married,Active,
EMP00326,Manthan Modi,Manthan,Modi,Female,1983-10-13,42,2025-12-26,0,Marketing,SEO Analyst,G2,MGR051,Bangalore,Contract,571721,3,Bachelor's,Single,Active,
EMP00327,Frederick Kothari,Frederick,Kothari,Female,2002-10-26,23,2022-11-13,3,Marketing,Digital Marketing Specialist,G5,MGR028,Mumbai,Full-Time,2163311,2,Master's,Married,Resigned,2023-05-16
EMP00328,Omaja Kara,Omaja,Kara,Male,1996-11-13,29,2022-04-16,4,HR,Talent Acquisition Specialist,G5,MGR082,Bangalore,Full-Time,2228038,5,PhD,Married,Active,
EMP00329,Lajita Seshadri,Lajita,Seshadri,Female,2003-01-04,23,2019-09-27,6,IT,QA Engineer,G1,MGR049,Mumbai,Full-Time,306624,2,Bachelor's,Married,Active,
EMP00330,Saanvi Mishra,Saanvi,Mishra,Male,1977-11-09,48,2022-08-31,3,Finance,Accountant,G1,MGR038,Mumbai,Full-Time,481035,6,PhD,Single,Active,
EMP00331,Pushti Mody,Pushti,Mody,Male,1998-04-21,28,2022-04-04,4,Marketing,Digital Marketing Specialist,G2,MGR090,Bangalore,Full-Time,633935,7,PhD,Married,Resigned,2022-10-08
EMP00332,Hardik Johal,Hardik,Johal,Female,1989-10-08,36,2015-08-09,10,IT,Data Engineer,G2,MGR100,Hyderabad,Full-Time,662676,11,Master's,Single,Active,
EMP00333,Siddharth Lalla,Siddharth,Lalla,Male,1978-03-13,48,2020-01-13,6,HR,Talent Acquisition Specialist,G1,MGR023,Delhi,Full-Time,349014,9,Diploma,Married,Active,
EMP00334,Finn Dugar,Finn,Dugar,Female,1970-11-02,55,2016-10-21,9,Marketing,Digital Marketing Specialist,G1,MGR060,Delhi,Full-Time,386655,11,Bachelor's,Married,Active,
EMP00335,Wriddhish Ghose,Wriddhish,Ghose,Female,1987-01-03,39,2023-11-10,2,Marketing,SEO Analyst,G3,MGR091,Bangalore,Full-Time,738210,3,Diploma,Single,Active,
EMP00336,Falan Dugar,Falan,Dugar,Female,1969-02-15,57,2018-12-02,7,HR,HR Executive,G3,MGR047,Bangalore,Full-Time,873574,9,PhD,Single,Active,
EMP00337,Aarnav Rege,Aarnav,Rege,Female,1984-12-28,41,2017-09-11,8,Operations,Supply Chain Analyst,G5,MGR006,Delhi,Contract,1755671,9,Diploma,Married,Active,
EMP00338,Shravya Singhal,Shravya,Singhal,Female,1966-02-09,60,2025-03-21,1,Marketing,Digital Marketing Specialist,G5,MGR066,Hyderabad,Contract,2341814,4,Master's,Single,Active,
EMP00339,Bishakha Bali,Bishakha,Bali,Male,1969-04-22,57,2016-11-16,9,Marketing,SEO Analyst,G1,MGR009,Mumbai,Full-Time,464346,9,Diploma,Single,Active,
EMP00340,Vincent Mani,Vincent,Mani,Female,1994-01-02,32,2024-02-28,2,IT,Data Analyst,G1,MGR092,Bangalore,Full-Time,420383,3,Diploma,Single,Active,
EMP00341,Barkha Setty,Barkha,Setty,Female,1990-01-13,36,2015-10-16,10,Marketing,Marketing Executive,G3,MGR050,Hyderabad,Contract,913716,10,Master's,Single,Active,
EMP00342,Ekavir Kaur,Ekavir,Kaur,Male,1988-12-28,37,2015-01-25,11,Operations,Supply Chain Analyst,G5,MGR097,Delhi,Full-Time,1566309,13,Master's,Single,Active,
EMP00343,Aishani Hora,Aishani,Hora,Female,1992-03-17,34,2015-12-21,10,Finance,Financial Analyst,G4,MGR085,Pune,Contract,1207153,13,Bachelor's,Single,Active,
EMP00344,Pavani Contractor,Pavani,Contractor,Female,1993-06-11,33,2016-08-13,9,Finance,Finance Manager,G3,MGR071,Chennai,Full-Time,705845,10,Diploma,Single,Active,
EMP00345,Umang Dixit,Umang,Dixit,Female,1989-02-04,37,2021-02-20,5,IT,Data Engineer,G2,MGR095,Delhi,Contract,696161,5,PhD,Single,Active,
EMP00346,Amaira Dhar,Amaira,Dhar,Male,1992-09-03,33,2024-05-12,2,Finance,Accountant,G1,MGR086,Chennai,Full-Time,347541,5,PhD,Single,Active,
EMP00347,Ekbal Bhasin,Ekbal,Bhasin,Male,1976-03-31,50,2016-02-07,10,HR,Talent Acquisition Specialist,G5,MGR043,Bangalore,Full-Time,2010856,10,Bachelor's,Single,Active,
EMP00348,Noah Mohanty,Noah,Mohanty,Male,1973-09-06,52,2018-07-25,8,Sales,Sales Manager,G3,MGR089,Chennai,Full-Time,860261,13,Master's,Married,Resigned,2023-08-16
EMP00349,Bhavya Sarna,Bhavya,Sarna,Male,1965-03-21,61,2018-07-06,8,HR,HR Executive,G4,MGR047,Mumbai,Contract,1145059,8,PhD,Married,Active,
EMP00350,Jeet Sidhu,Jeet,Sidhu,Female,1986-11-05,39,2021-03-09,5,IT,Data Analyst,G5,MGR036,Mumbai,Full-Time,1585955,9,Diploma,Single,Resigned,2023-10-09
EMP00351,Neha Magar,Neha,Magar,Male,2001-06-15,25,2021-07-11,5,Marketing,Digital Marketing Specialist,G5,MGR005,Chennai,Contract,1723095,4,PhD,Single,Active,
EMP00352,Xiti Zacharia,Xiti,Zacharia,Male,1999-08-21,26,2021-08-12,4,Operations,Operations Manager,G2,MGR065,Chennai,Full-Time,621818,5,Master's,Single,Active,
EMP00353,Wakeeta Sarma,Wakeeta,Sarma,Male,1998-12-20,27,2020-10-06,5,HR,HR Manager,G2,MGR073,Chennai,Full-Time,546961,6,Master's,Single,Active,
EMP00354,Faris Baral,Faris,Baral,Female,1975-05-25,51,2015-09-15,10,Finance,Financial Analyst,G2,MGR086,Mumbai,Contract,511221,10,PhD,Married,Resigned,2023-01-20
EMP00355,Ekantika Krishna,Ekantika,Krishna,Male,1994-02-03,32,2018-08-20,7,IT,QA Engineer,G3,MGR075,Chennai,Full-Time,838053,9,PhD,Married,Active,
EMP00356,Atharv Chand,Atharv,Chand,Male,1988-03-06,38,2017-10-27,8,Sales,Sales Executive,G5,MGR046,Bangalore,Contract,1925556,9,Diploma,Single,Active,
EMP00357,Veer Bail,Veer,Bail,Male,1968-06-17,58,2020-10-08,5,Operations,Operations Manager,G2,MGR024,Mumbai,Contract,539384,9,Diploma,Single,Active,
EMP00358,Amruta Baria,Amruta,Baria,Female,1997-04-23,29,2016-04-09,10,Sales,Business Development Executive,G4,MGR027,Chennai,Full-Time,1251145,8,PhD,Single,Active,
EMP00359,Parth Singhal,Parth,Singhal,Male,1990-09-23,35,2021-08-23,4,HR,HR Executive,G5,MGR074,Mumbai,Full-Time,1541094,5,Master's,Single,Active,
EMP00360,Zilmil Sathe,Zilmil,Sathe,Female,1991-11-20,34,2025-11-14,0,Marketing,SEO Analyst,G1,MGR094,Delhi,Contract,488625,1,Bachelor's,Married,Active,
EMP00361,Arunima Golla,Arunima,Golla,Female,2003-11-27,22,2020-05-26,6,HR,HR Executive,G4,MGR019,Chennai,Full-Time,1315012,1,Master's,Single,Active,
EMP00362,Rajata Swamy,Rajata,Swamy,Female,1985-05-05,41,2021-09-09,4,Marketing,Marketing Executive,G2,MGR050,Mumbai,Full-Time,599145,4,Bachelor's,Married,Active,
EMP00363,Gavin Singhal,Gavin,Singhal,Male,1972-12-16,53,2020-05-03,6,Marketing,SEO Analyst,G1,MGR065,Pune,Full-Time,439311,6,Bachelor's,Single,Resigned,2023-04-19
EMP00364,Nilima Nath,Nilima,Nath,Female,1988-06-02,38,2019-09-20,6,Finance,Accountant,G5,MGR030,Hyderabad,Contract,1949793,7,Diploma,Married,Active,
EMP00365,Ekani Cheema,Ekani,Cheema,Female,1999-05-10,27,2017-08-10,8,IT,Data Engineer,G5,MGR070,Hyderabad,Contract,2419356,6,Diploma,Single,Active,
EMP00366,Naveen Narayan,Naveen,Narayan,Male,1988-04-25,38,2015-01-30,11,Sales,Business Development Executive,G2,MGR041,Hyderabad,Contract,680293,13,Bachelor's,Married,Active,
EMP00367,Nisha Tandon,Nisha,Tandon,Female,1976-09-21,49,2024-08-02,2,Marketing,Digital Marketing Specialist,G5,MGR079,Bangalore,Contract,1883405,7,PhD,Married,Active,
EMP00368,Bhavya Rattan,Bhavya,Rattan,Female,1976-05-20,50,2018-06-10,8,Marketing,Digital Marketing Specialist,G4,MGR018,Delhi,Full-Time,1385761,10,PhD,Single,Active,
EMP00369,Balhaar Sha,Balhaar,Sha,Female,2000-04-06,26,2018-10-18,7,Marketing,SEO Analyst,G1,MGR050,Delhi,Full-Time,342136,5,Bachelor's,Married,Resigned,2019-07-18
EMP00370,Divya Krishnan,Divya,Krishnan,Female,1968-12-15,57,2015-09-20,10,Finance,Accountant,G3,MGR078,Pune,Contract,741963,12,Master's,Single,Resigned,2021-03-20
EMP00371,Jack Raval,Jack,Raval,Male,1993-09-21,32,2020-07-17,6,Sales,Sales Executive,G2,MGR067,Bangalore,Full-Time,672198,9,Bachelor's,Single,Active,
EMP00372,Yoshita Agarwal,Yoshita,Agarwal,Female,1975-09-25,50,2022-05-06,4,IT,Data Analyst,G1,MGR100,Hyderabad,Contract,372335,6,PhD,Single,Active,
EMP00373,Turvi Sachdev,Turvi,Sachdev,Male,1969-01-17,57,2021-03-01,5,Finance,Finance Manager,G5,MGR075,Bangalore,Contract,2459456,10,Bachelor's,Single,Active,
EMP00374,Chatura Guha,Chatura,Guha,Female,1990-10-16,35,2015-01-20,11,Finance,Accountant,G4,MGR014,Chennai,Full-Time,1265414,13,Master's,Married,Resigned,2023-11-15
EMP00375,Janaki Tara,Janaki,Tara,Female,1989-02-17,37,2024-02-13,2,Marketing,Digital Marketing Specialist,G4,MGR073,Hyderabad,Full-Time,1197698,6,PhD,Married,Resigned,2025-12-30
EMP00376,Charan Jani,Charan,Jani,Male,1986-08-15,39,2016-04-21,10,Finance,Accountant,G4,MGR029,Delhi,Full-Time,1332221,11,PhD,Married,Active,
EMP00377,Amara Deep,Amara,Deep,Male,1996-06-09,30,2024-05-01,2,Finance,Accountant,G3,MGR052,Delhi,Contract,748763,5,Bachelor's,Married,Active,
EMP00378,Bhavna Sarma,Bhavna,Sarma,Male,1990-09-26,35,2018-01-07,8,HR,Talent Acquisition Specialist,G2,MGR095,Mumbai,Full-Time,630809,11,Master's,Single,Active,
EMP00379,Vedhika Dara,Vedhika,Dara,Male,2002-07-08,24,2021-12-08,4,Finance,Accountant,G1,MGR011,Delhi,Contract,331425,3,Diploma,Single,Active,
EMP00380,Ayush Khatri,Ayush,Khatri,Female,1992-11-04,33,2018-07-15,8,Sales,Business Development Executive,G3,MGR024,Chennai,Contract,957323,9,Bachelor's,Single,Active,
EMP00381,Nathan Mukhopadhyay,Nathan,Mukhopadhyay,Female,1986-06-16,40,2025-07-15,1,Marketing,Marketing Executive,G5,MGR051,Delhi,Full-Time,1864158,3,Diploma,Married,Active,
EMP00382,Akshay Reddy,Akshay,Reddy,Male,1965-07-13,61,2022-07-24,4,HR,HR Manager,G5,MGR042,Bangalore,Contract,1605641,5,Master's,Single,Active,
EMP00383,Girik Kar,Girik,Kar,Female,1981-06-01,45,2017-01-23,9,Sales,Sales Manager,G2,MGR090,Bangalore,Contract,609862,9,Master's,Married,Active,
EMP00384,Ishaan Shenoy,Ishaan,Shenoy,Male,1990-11-01,35,2022-09-10,3,HR,HR Executive,G3,MGR072,Hyderabad,Contract,823629,6,Bachelor's,Single,Active,
EMP00385,Jacob Dube,Jacob,Dube,Male,1972-12-03,53,2019-09-23,6,Sales,Sales Executive,G5,MGR093,Bangalore,Contract,2059921,6,Master's,Single,Active,
EMP00386,Wishi Manne,Wishi,Manne,Male,1967-09-11,58,2017-06-01,9,Finance,Financial Analyst,G1,MGR096,Bangalore,Contract,417926,13,Master's,Married,Active,
EMP00387,Yashodhara Mahajan,Yashodhara,Mahajan,Female,1970-06-10,56,2018-12-09,7,Operations,Supply Chain Analyst,G2,MGR074,Delhi,Full-Time,651218,8,Master's,Married,Active,
EMP00388,Ojasvi Subramanian,Ojasvi,Subramanian,Female,1999-10-03,26,2023-04-05,3,Sales,Sales Executive,G4,MGR037,Hyderabad,Full-Time,1321736,5,Master's,Married,Active,
EMP00389,Urmi Kohli,Urmi,Kohli,Female,2003-01-30,23,2025-03-04,1,IT,Software Engineer,G2,MGR030,Bangalore,Contract,590079,1,Master's,Married,Active,
EMP00390,Tanmayi Dhillon,Tanmayi,Dhillon,Female,1977-03-03,49,2024-12-14,1,Sales,Sales Manager,G5,MGR058,Hyderabad,Full-Time,2046240,2,Diploma,Single,Active,
EMP00391,Leela Halder,Leela,Halder,Female,1998-05-15,28,2022-11-10,3,Operations,Operations Executive,G2,MGR051,Pune,Full-Time,543754,7,PhD,Single,Active,
EMP00392,Yashoda Deshpande,Yashoda,Deshpande,Female,1988-07-03,38,2023-07-31,3,IT,Software Engineer,G3,MGR011,Delhi,Contract,781408,7,Bachelor's,Single,Active,
EMP00393,Ekaraj Majumdar,Ekaraj,Majumdar,Female,1993-02-07,33,2016-06-01,10,HR,Talent Acquisition Specialist,G2,MGR005,Delhi,Contract,507489,12,PhD,Married,Resigned,2023-06-23
EMP00394,Harini Tripathi,Harini,Tripathi,Female,1989-08-10,37,2019-12-28,6,HR,Talent Acquisition Specialist,G5,MGR076,Chennai,Contract,1685636,8,PhD,Married,Resigned,2022-04-06
EMP00395,Aarnav Mandal,Aarnav,Mandal,Female,1989-03-17,37,2017-07-19,9,IT,DevOps Engineer,G3,MGR053,Bangalore,Full-Time,891775,9,Diploma,Single,Active,
EMP00396,Chanchal Suri,Chanchal,Suri,Male,1980-06-05,46,2018-03-20,8,Sales,Business Development Executive,G1,MGR063,Hyderabad,Contract,480294,12,PhD,Married,Active,
EMP00397,Manthan Sekhon,Manthan,Sekhon,Male,1989-08-04,37,2019-03-11,7,HR,HR Manager,G5,MGR051,Mumbai,Full-Time,1958339,8,PhD,Married,Active,
EMP00398,Veda Pai,Veda,Pai,Male,1983-12-10,42,2022-01-05,4,HR,Talent Acquisition Specialist,G5,MGR089,Delhi,Contract,2346803,9,Master's,Married,Active,
EMP00399,Gaurangi Purohit,Gaurangi,Purohit,Male,1973-03-08,53,2016-07-13,10,Finance,Accountant,G4,MGR058,Bangalore,Contract,1323868,14,Master's,Single,Active,
EMP00400,Tamanna Nagy,Tamanna,Nagy,Male,1973-05-05,53,2025-11-26,0,IT,Data Engineer,G3,MGR092,Hyderabad,Full-Time,765556,1,Diploma,Single,Active,
EMP00401,Ranbir Khare,Ranbir,Khare,Male,1980-05-03,46,2019-09-18,6,Finance,Financial Analyst,G3,MGR090,Pune,Contract,943104,8,Bachelor's,Single,Active,
EMP00402,Leela Kaur,Leela,Kaur,Female,1968-03-15,58,2021-02-02,5,Sales,Sales Executive,G2,MGR049,Pune,Full-Time,565556,9,PhD,Married,Active,
EMP00403,Nirja Bassi,Nirja,Bassi,Male,1973-12-08,52,2020-03-02,6,Operations,Operations Executive,G5,MGR027,Hyderabad,Contract,2198359,11,Master's,Single,Active,
EMP00404,Eesha Solanki,Eesha,Solanki,Male,1998-05-29,28,2025-07-06,1,Marketing,SEO Analyst,G1,MGR062,Delhi,Contract,366404,6,Master's,Single,Resigned,2026-04-28
EMP00405,Libni Doshi,Libni,Doshi,Male,1970-01-25,56,2017-08-24,8,Operations,Operations Manager,G3,MGR022,Bangalore,Full-Time,707899,11,Bachelor's,Single,Resigned,2026-01-26
EMP00406,Balhaar Date,Balhaar,Date,Female,1995-11-18,30,2021-09-08,4,HR,HR Manager,G1,MGR021,Hyderabad,Full-Time,365201,6,Master's,Single,Active,
EMP00407,Yadavi Narula,Yadavi,Narula,Male,1996-06-17,30,2021-01-05,5,IT,Data Analyst,G4,MGR041,Chennai,Contract,1121988,8,Bachelor's,Single,Active,
EMP00408,Harish Sarraf,Harish,Sarraf,Female,1997-06-30,29,2016-07-05,10,Finance,Accountant,G4,MGR057,Chennai,Contract,1370475,8,PhD,Single,Active,
EMP00409,Harish Vora,Harish,Vora,Female,1979-07-10,47,2023-03-19,3,Sales,Sales Manager,G5,MGR071,Mumbai,Full-Time,2458895,4,Bachelor's,Married,Active,
EMP00410,Tanmayi Aurora,Tanmayi,Aurora,Female,1989-04-18,37,2019-02-12,7,Sales,Sales Executive,G5,MGR094,Mumbai,Full-Time,1897455,9,Master's,Single,Active,
EMP00411,Maanas Rout,Maanas,Rout,Male,1994-07-13,32,2025-11-05,0,Marketing,Digital Marketing Specialist,G2,MGR088,Hyderabad,Full-Time,637381,1,Master's,Married,Active,
EMP00412,Mohammed Borde,Mohammed,Borde,Female,1969-12-15,56,2016-01-30,10,Marketing,SEO Analyst,G1,MGR017,Mumbai,Full-Time,311475,14,Diploma,Married,Active,
EMP00413,Upasna Lanka,Upasna,Lanka,Male,1990-08-13,36,2022-03-13,4,Sales,Business Development Executive,G4,MGR080,Delhi,Contract,1275681,9,Master's,Single,Active,
EMP00414,Hamsini Rao,Hamsini,Rao,Male,1965-08-03,61,2025-06-07,1,HR,Talent Acquisition Specialist,G4,MGR011,Hyderabad,Full-Time,1486750,3,PhD,Married,Active,
EMP00415,Faris Narasimhan,Faris,Narasimhan,Male,2001-12-12,24,2021-12-01,4,Finance,Finance Manager,G1,MGR010,Bangalore,Full-Time,492492,3,Diploma,Single,Active,
EMP00416,Lajita Nadig,Lajita,Nadig,Female,1973-07-02,53,2017-03-02,9,Marketing,SEO Analyst,G2,MGR081,Mumbai,Contract,649429,10,Master's,Married,Active,
EMP00417,Vinaya Banik,Vinaya,Banik,Female,1969-09-02,56,2016-11-14,9,HR,Talent Acquisition Specialist,G4,MGR044,Delhi,Full-Time,1264604,9,PhD,Married,Resigned,2018-01-13
EMP00418,Wahab Mani,Wahab,Mani,Female,2002-11-25,23,2019-03-03,7,Sales,Business Development Executive,G4,MGR093,Bangalore,Full-Time,1433143,2,Bachelor's,Married,Active,
EMP00419,Utkarsh Chana,Utkarsh,Chana,Female,1981-02-24,45,2025-10-13,0,Sales,Sales Manager,G4,MGR093,Pune,Contract,1000102,2,Diploma,Single,Resigned,2026-03-30
EMP00420,Guneet Chaudhry,Guneet,Chaudhry,Female,1965-04-18,61,2018-05-15,8,HR,HR Executive,G3,MGR099,Delhi,Contract,711377,10,Bachelor's,Single,Active,
EMP00421,Sachi Ganesan,Sachi,Ganesan,Female,1972-01-02,54,2016-07-20,10,Finance,Financial Analyst,G5,MGR030,Bangalore,Contract,1761993,11,PhD,Single,Active,
EMP00422,Chandani Balakrishnan,Chandani,Balakrishnan,Female,2000-07-26,26,2020-05-30,6,HR,HR Manager,G5,MGR013,Chennai,Contract,2359324,5,PhD,Single,Active,
EMP00423,Chakradhar Nair,Chakradhar,Nair,Female,1980-08-10,46,2024-11-12,1,Sales,Sales Manager,G1,MGR096,Delhi,Full-Time,359432,4,PhD,Single,Active,
EMP00424,Daksh Memon,Daksh,Memon,Male,1979-04-29,47,2021-01-20,5,Marketing,Marketing Executive,G3,MGR090,Mumbai,Full-Time,963403,6,PhD,Married,Active,
EMP00425,Jagrati Prasad,Jagrati,Prasad,Male,1974-12-18,51,2019-11-05,6,Finance,Financial Analyst,G2,MGR044,Pune,Contract,534652,9,Diploma,Married,Active,
EMP00426,Raagini Dhingra,Raagini,Dhingra,Female,1987-07-06,39,2019-11-15,6,Operations,Operations Executive,G2,MGR072,Mumbai,Contract,626070,9,Bachelor's,Single,Active,
EMP00427,Yash Wali,Yash,Wali,Female,1999-11-05,26,2019-10-28,6,Finance,Finance Manager,G5,MGR015,Delhi,Contract,1593946,5,Master's,Married,Active,
EMP00428,Nisha Gole,Nisha,Gole,Female,1991-08-23,34,2022-05-08,4,IT,Data Engineer,G2,MGR079,Hyderabad,Full-Time,591676,8,Diploma,Single,Active,
EMP00429,Onkar Gill,Onkar,Gill,Female,1971-12-31,54,2023-07-01,3,Operations,Operations Executive,G1,MGR007,Mumbai,Full-Time,493876,7,Diploma,Married,Active,
EMP00430,Farhan Raja,Farhan,Raja,Male,1978-09-09,47,2020-01-18,6,Sales,Sales Executive,G3,MGR095,Chennai,Full-Time,809581,10,Master's,Married,Active,
EMP00431,Wridesh Tank,Wridesh,Tank,Male,1996-03-07,30,2022-11-02,3,Operations,Operations Executive,G4,MGR085,Chennai,Full-Time,1305662,8,Bachelor's,Single,Active,
EMP00432,Luke Kata,Luke,Kata,Female,1967-05-20,59,2020-03-19,6,Operations,Operations Executive,G1,MGR085,Bangalore,Contract,401880,7,Diploma,Married,Resigned,2024-02-19
EMP00433,Aachal Sharaf,Aachal,Sharaf,Female,1975-05-16,51,2025-12-27,0,Sales,Business Development Executive,G1,MGR063,Chennai,Full-Time,382694,3,Bachelor's,Married,Active,
EMP00434,Aadhya Andra,Aadhya,Andra,Male,1966-10-14,59,2017-10-10,8,Marketing,Digital Marketing Specialist,G3,MGR051,Delhi,Full-Time,956865,13,Master's,Married,Active,
EMP00435,Udyati Mani,Udyati,Mani,Female,1975-08-06,51,2025-12-20,0,Marketing,Digital Marketing Specialist,G1,MGR033,Hyderabad,Full-Time,464047,3,Master's,Single,Active,
EMP00436,Nakul Borah,Nakul,Borah,Female,1994-06-21,32,2016-07-16,10,IT,DevOps Engineer,G5,MGR079,Delhi,Full-Time,2210929,10,Bachelor's,Single,Active,
EMP00437,Riya Pai,Riya,Pai,Female,1992-02-27,34,2018-09-10,7,Sales,Business Development Executive,G2,MGR084,Mumbai,Full-Time,554200,7,Master's,Single,Active,
EMP00438,Chandani Samra,Chandani,Samra,Male,1994-06-09,32,2025-06-18,1,Marketing,Marketing Executive,G3,MGR072,Chennai,Full-Time,735554,2,Master's,Single,Active,
EMP00439,Zashil Shan,Zashil,Shan,Female,1983-07-29,43,2025-10-12,0,Sales,Sales Manager,G4,MGR082,Delhi,Contract,1390914,3,Bachelor's,Single,Active,
EMP00440,Chasmum Issac,Chasmum,Issac,Male,1999-03-15,27,2021-11-11,4,Marketing,Digital Marketing Specialist,G5,MGR079,Mumbai,Full-Time,2094587,4,Diploma,Married,Active,
EMP00441,Leena Subramanian,Leena,Subramanian,Female,1971-01-06,55,2020-08-19,5,Marketing,Digital Marketing Specialist,G3,MGR050,Hyderabad,Contract,796456,9,Bachelor's,Single,Active,
EMP00442,Hredhaan Khalsa,Hredhaan,Khalsa,Female,1999-04-19,27,2025-11-12,0,IT,Data Engineer,G4,MGR096,Delhi,Full-Time,1116682,0,Diploma,Single,Resigned,2026-04-09
EMP00443,Jagrati Merchant,Jagrati,Merchant,Female,2003-11-25,22,2021-12-02,4,Sales,Business Development Executive,G3,MGR032,Hyderabad,Contract,939885,1,PhD,Married,Active,
EMP00444,Chakrika Bains,Chakrika,Bains,Male,1988-05-10,38,2016-03-23,10,Sales,Sales Manager,G1,MGR067,Chennai,Contract,364414,13,PhD,Single,Active,
EMP00445,Meghana Maharaj,Meghana,Maharaj,Female,1982-11-09,43,2024-12-01,1,Finance,Financial Analyst,G4,MGR055,Bangalore,Full-Time,1087286,4,Bachelor's,Married,Active,
EMP00446,Abhiram Bawa,Abhiram,Bawa,Female,1969-01-21,57,2023-02-07,3,Marketing,Marketing Executive,G2,MGR090,Chennai,Full-Time,653471,4,PhD,Married,Active,
EMP00447,Watika Mangat,Watika,Mangat,Male,1985-05-09,41,2021-08-14,4,Operations,Operations Executive,G4,MGR033,Bangalore,Full-Time,1047280,5,Diploma,Single,Active,
EMP00448,Victor Pandey,Victor,Pandey,Female,1968-10-29,57,2020-11-15,5,Operations,Operations Manager,G5,MGR021,Hyderabad,Contract,2141804,6,Bachelor's,Married,Active,
EMP00449,Theodore Gupta,Theodore,Gupta,Male,1972-04-10,54,2024-09-28,1,HR,HR Executive,G1,MGR040,Bangalore,Contract,409990,1,Bachelor's,Single,Resigned,2026-01-23
EMP00450,Zashil Devan,Zashil,Devan,Male,1965-02-27,61,2021-12-25,4,Finance,Accountant,G4,MGR064,Chennai,Full-Time,1260900,9,PhD,Single,Active,
EMP00451,Gunbir Baral,Gunbir,Baral,Female,1985-05-10,41,2019-08-07,6,Sales,Sales Executive,G5,MGR001,Mumbai,Contract,2129252,11,Bachelor's,Single,Active,
EMP00452,Dayamai Sastry,Dayamai,Sastry,Male,1994-04-22,32,2018-11-30,7,IT,Data Analyst,G1,MGR074,Chennai,Contract,474849,11,Diploma,Single,Active,
EMP00453,Bahadurjit Patla,Bahadurjit,Patla,Male,1972-03-28,54,2022-07-15,4,Finance,Finance Manager,G5,MGR072,Mumbai,Contract,2100081,7,Master's,Single,Active,
EMP00454,Karan Chana,Karan,Chana,Female,1979-06-26,47,2019-02-18,7,Sales,Sales Executive,G4,MGR071,Pune,Contract,1442137,12,Bachelor's,Single,Active,
EMP00455,Chakrika Narain,Chakrika,Narain,Female,1979-10-08,46,2020-11-28,5,Sales,Business Development Executive,G2,MGR027,Chennai,Full-Time,682407,8,Diploma,Married,Active,
EMP00456,Ojasvi Gill,Ojasvi,Gill,Female,1984-02-27,42,2021-10-29,4,Finance,Financial Analyst,G5,MGR080,Bangalore,Full-Time,2103080,6,PhD,Married,Active,
EMP00457,Sai Deo,Sai,Deo,Male,1992-05-03,34,2017-08-11,8,Operations,Operations Manager,G2,MGR016,Pune,Contract,500414,12,Diploma,Single,Active,
EMP00458,Jasmit Wali,Jasmit,Wali,Female,1983-07-29,43,2015-07-06,11,Finance,Financial Analyst,G5,MGR082,Mumbai,Full-Time,2345197,13,Bachelor's,Married,Active,
EMP00459,Yachana Mahajan,Yachana,Mahajan,Male,1978-10-22,47,2018-05-14,8,Marketing,SEO Analyst,G3,MGR015,Delhi,Contract,703214,8,PhD,Single,Active,
EMP00460,Nitesh Kurian,Nitesh,Kurian,Male,1979-10-30,46,2024-05-08,2,Finance,Finance Manager,G4,MGR061,Pune,Full-Time,1480333,4,Bachelor's,Married,Resigned,2026-05-26
EMP00461,Chakrika Nigam,Chakrika,Nigam,Female,1985-09-30,40,2023-10-17,2,Sales,Business Development Executive,G1,MGR039,Chennai,Contract,436596,4,Diploma,Single,Active,
EMP00462,Ishwar Sidhu,Ishwar,Sidhu,Female,2000-11-12,25,2025-04-10,1,Finance,Accountant,G2,MGR004,Bangalore,Contract,573520,4,Bachelor's,Married,Active,
EMP00463,Faqid Dhaliwal,Faqid,Dhaliwal,Male,2003-10-14,22,2023-10-10,2,Finance,Finance Manager,G3,MGR035,Hyderabad,Full-Time,716582,1,Bachelor's,Married,Active,
EMP00464,Upkaar Ranganathan,Upkaar,Ranganathan,Female,1974-09-12,51,2020-11-20,5,Finance,Accountant,G1,MGR005,Mumbai,Full-Time,398098,10,Diploma,Married,Resigned,2025-08-17
EMP00465,Jasmit Chana,Jasmit,Chana,Male,1973-07-14,53,2018-10-25,7,Sales,Business Development Executive,G5,MGR100,Bangalore,Full-Time,1825434,8,Bachelor's,Single,Active,
EMP00466,Megha Atwal,Megha,Atwal,Female,1982-05-22,44,2023-01-02,3,Marketing,Marketing Executive,G1,MGR006,Delhi,Full-Time,381521,3,PhD,Single,Active,
EMP00467,Aishani Yadav,Aishani,Yadav,Female,1966-01-04,60,2021-06-23,5,Finance,Finance Manager,G2,MGR026,Mumbai,Contract,584116,7,Master's,Married,Active,
EMP00468,Jatin Sha,Jatin,Sha,Female,1971-09-13,54,2016-10-07,9,Finance,Accountant,G1,MGR072,Chennai,Full-Time,463301,11,Master's,Married,Active,
EMP00469,Jyoti Lala,Jyoti,Lala,Female,1990-10-02,35,2017-09-29,8,HR,HR Executive,G3,MGR070,Hyderabad,Full-Time,877596,9,Diploma,Married,Resigned,2024-03-23
EMP00470,Kamya Chokshi,Kamya,Chokshi,Male,1969-10-02,56,2019-04-21,7,IT,Software Engineer,G4,MGR023,Delhi,Contract,1205477,8,Master's,Married,Active,
EMP00471,Vivaan Sinha,Vivaan,Sinha,Male,1996-12-24,29,2023-07-04,3,Operations,Supply Chain Analyst,G1,MGR098,Hyderabad,Full-Time,498113,6,PhD,Single,Active,
EMP00472,Aryan Narang,Aryan,Narang,Female,1986-02-09,40,2017-08-07,8,HR,HR Executive,G5,MGR047,Hyderabad,Full-Time,1770587,13,Master's,Married,Active,
EMP00473,Timothy Bhatnagar,Timothy,Bhatnagar,Male,1986-04-28,40,2016-04-07,10,Finance,Financial Analyst,G4,MGR022,Bangalore,Contract,1443425,13,Bachelor's,Single,Active,
EMP00474,Ucchal Mittal,Ucchal,Mittal,Male,1979-08-15,47,2021-03-27,5,Operations,Operations Executive,G3,MGR060,Hyderabad,Contract,979312,9,Bachelor's,Single,Resigned,2024-09-15
EMP00475,Jackson Dey,Jackson,Dey,Female,1967-12-19,58,2018-10-27,7,HR,Talent Acquisition Specialist,G5,MGR056,Chennai,Contract,1952091,10,Bachelor's,Single,Active,
EMP00476,Chakradev Barad,Chakradev,Barad,Male,1998-03-02,28,2025-06-09,1,Operations,Supply Chain Analyst,G4,MGR076,Chennai,Contract,1059938,5,Diploma,Married,Active,
EMP00477,Daksha Tailor,Daksha,Tailor,Female,1968-02-15,58,2021-09-16,4,IT,QA Engineer,G4,MGR064,Delhi,Full-Time,1171656,4,Bachelor's,Single,Resigned,2022-09-11
EMP00478,Gunbir Keer,Gunbir,Keer,Male,1998-12-17,27,2016-08-23,9,Operations,Operations Executive,G4,MGR038,Hyderabad,Contract,1278531,6,Bachelor's,Married,Active,
EMP00479,Krishna Rama,Krishna,Rama,Female,1984-07-02,42,2023-01-19,3,Finance,Accountant,G5,MGR079,Chennai,Contract,1508513,6,Master's,Single,Active,
EMP00480,Sudiksha Prabhakar,Sudiksha,Prabhakar,Male,1965-01-14,61,2022-11-20,3,Marketing,Digital Marketing Specialist,G1,MGR004,Mumbai,Contract,373979,4,PhD,Married,Active,
EMP00481,Oni Dubey,Oni,Dubey,Female,1982-02-12,44,2019-11-18,6,Marketing,Marketing Executive,G2,MGR018,Mumbai,Contract,624484,9,PhD,Single,Active,
EMP00482,Oeshi Chaudhary,Oeshi,Chaudhary,Male,1971-01-10,55,2015-02-17,11,IT,Software Engineer,G2,MGR063,Delhi,Contract,689094,14,Diploma,Single,Active,
EMP00483,Vrishti Reddy,Vrishti,Reddy,Female,2003-08-02,23,2020-02-11,6,Operations,Supply Chain Analyst,G4,MGR024,Hyderabad,Contract,1326761,2,PhD,Married,Active,
EMP00484,Ati Bali,Ati,Bali,Male,1984-01-21,42,2021-10-12,4,IT,QA Engineer,G4,MGR094,Mumbai,Contract,1443969,6,Master's,Single,Resigned,2024-12-06
EMP00485,Teerth Sawhney,Teerth,Sawhney,Female,1996-08-14,29,2019-02-18,7,IT,QA Engineer,G4,MGR011,Mumbai,Contract,1362019,8,Diploma,Single,Active,
EMP00486,Sai Keer,Sai,Keer,Male,1995-09-08,30,2022-02-08,4,Marketing,SEO Analyst,G3,MGR044,Chennai,Full-Time,727668,8,PhD,Married,Active,
EMP00487,Janani Chaudhary,Janani,Chaudhary,Female,1983-11-20,42,2018-12-16,7,Finance,Financial Analyst,G2,MGR089,Chennai,Contract,509260,10,Master's,Single,Active,
EMP00488,Jhalak Parmer,Jhalak,Parmer,Male,1990-09-12,35,2015-07-31,11,Operations,Operations Manager,G5,MGR037,Hyderabad,Full-Time,1528624,14,Diploma,Married,Active,
EMP00489,Darsh Rao,Darsh,Rao,Female,1977-05-07,49,2024-08-14,1,Finance,Accountant,G1,MGR023,Chennai,Full-Time,458288,1,Master's,Single,Active,
EMP00490,Anya Gupta,Anya,Gupta,Male,1986-10-02,39,2017-01-10,9,Marketing,Marketing Executive,G3,MGR019,Chennai,Full-Time,744250,12,PhD,Married,Active,
EMP00491,Jason Sha,Jason,Sha,Female,1997-07-26,29,2022-02-24,4,HR,HR Executive,G5,MGR045,Pune,Contract,2270033,5,Diploma,Single,Active,
EMP00492,Gavin Kala,Gavin,Kala,Female,1978-07-09,48,2020-05-04,6,Operations,Supply Chain Analyst,G2,MGR088,Delhi,Contract,599562,6,Master's,Single,Active,
EMP00493,Ansh Bedi,Ansh,Bedi,Female,1965-07-14,61,2018-03-28,8,Sales,Sales Manager,G3,MGR088,Pune,Full-Time,978005,8,Master's,Married,Active,
EMP00494,Gauri Kohli,Gauri,Kohli,Female,1980-01-11,46,2018-01-12,8,Finance,Accountant,G3,MGR060,Delhi,Full-Time,905077,11,Bachelor's,Married,Active,
EMP00495,Jeremiah Jha,Jeremiah,Jha,Male,1979-01-20,47,2021-02-21,5,IT,Software Engineer,G1,MGR053,Pune,Full-Time,303135,9,Master's,Single,Active,
EMP00496,Ekapad Johal,Ekapad,Johal,Female,1973-08-30,52,2015-05-20,11,IT,QA Engineer,G1,MGR077,Delhi,Full-Time,314911,15,Diploma,Single,Active,
EMP00497,Tarak Kaul,Tarak,Kaul,Male,1981-11-12,44,2022-05-12,4,Operations,Supply Chain Analyst,G2,MGR090,Mumbai,Contract,529057,5,PhD,Single,Active,
EMP00498,Falguni Divan,Falguni,Divan,Female,1999-07-07,27,2019-10-15,6,Operations,Supply Chain Analyst,G3,MGR021,Pune,Contract,834918,6,PhD,Married,Active,
EMP00499,Aarnav Malhotra,Aarnav,Malhotra,Male,1976-08-01,50,2025-09-19,0,Finance,Accountant,G4,MGR063,Mumbai,Contract,1036384,5,PhD,Single,Active,
EMP00500,Maanav De,Maanav,De,Female,1974-10-19,51,2021-11-19,4,Operations,Operations Executive,G4,MGR034,Pune,Full-Time,1375075,5,Diploma,Married,Active,
EMP00501,Zashil Ghosh,Zashil,Ghosh,Male,1987-04-30,39,2016-09-01,9,Operations,Supply Chain Analyst,G1,MGR086,Hyderabad,Contract,309918,14,Master's,Married,Active,
EMP00502,Imaran Bal,Imaran,Bal,Female,1986-06-13,40,2019-11-22,6,Sales,Business Development Executive,G1,MGR029,Pune,Contract,441591,11,Diploma,Married,Active,
EMP00503,Karan Aurora,Karan,Aurora,Female,1982-12-21,43,2015-08-15,10,Operations,Supply Chain Analyst,G1,MGR069,Bangalore,Full-Time,395775,14,Master's,Single,Active,
EMP00504,Ishita Khanna,Ishita,Khanna,Male,1982-03-27,44,2022-05-30,4,HR,HR Manager,G4,MGR014,Delhi,Contract,1470003,8,Diploma,Married,Active,
EMP00505,Ekiya Babu,Ekiya,Babu,Male,1966-08-08,60,2017-03-01,9,IT,QA Engineer,G2,MGR050,Pune,Contract,628249,9,PhD,Single,Active,
EMP00506,Owen Lanka,Owen,Lanka,Male,1980-02-25,46,2023-11-01,2,Operations,Operations Executive,G4,MGR028,Delhi,Contract,1061964,5,Bachelor's,Single,Resigned,2024-01-21
EMP00507,Jonathan Sama,Jonathan,Sama,Male,1997-12-28,28,2016-08-02,10,Sales,Business Development Executive,G1,MGR080,Pune,Full-Time,423527,7,Bachelor's,Single,Active,
EMP00508,Ishaan Bhatt,Ishaan,Bhatt,Male,1978-10-15,47,2024-03-15,2,IT,DevOps Engineer,G5,MGR076,Pune,Full-Time,1678980,5,PhD,Single,Active,
EMP00509,Vamakshi Sen,Vamakshi,Sen,Male,1984-02-14,42,2018-10-13,7,Operations,Supply Chain Analyst,G4,MGR016,Delhi,Full-Time,1169992,8,Bachelor's,Single,Active,
EMP00510,Janaki Varghese,Janaki,Varghese,Female,1967-11-02,58,2016-05-09,10,Finance,Accountant,G4,MGR090,Bangalore,Full-Time,1088107,15,Bachelor's,Single,Active,
EMP00511,Ikbal Seth,Ikbal,Seth,Female,1999-11-20,26,2016-10-08,9,IT,DevOps Engineer,G1,MGR001,Mumbai,Full-Time,301664,5,Master's,Married,Active,
EMP00512,Yahvi Kant,Yahvi,Kant,Female,1996-01-22,30,2016-06-03,10,HR,HR Executive,G3,MGR058,Hyderabad,Full-Time,974248,9,Diploma,Single,Active,
EMP00513,Caleb Verma,Caleb,Verma,Male,1993-02-18,33,2024-04-08,2,Finance,Financial Analyst,G4,MGR072,Mumbai,Full-Time,1002396,5,Diploma,Married,Resigned,2025-07-20
EMP00514,Tara Balasubramanian,Tara,Balasubramanian,Male,1985-10-28,40,2023-08-22,2,Operations,Supply Chain Analyst,G2,MGR007,Mumbai,Full-Time,572463,3,PhD,Married,Active,
EMP00515,Darsh Srinivas,Darsh,Srinivas,Male,1967-06-05,59,2022-03-26,4,Finance,Financial Analyst,G2,MGR033,Bangalore,Contract,613946,8,Diploma,Single,Resigned,2025-08-24
EMP00516,Pooja Chokshi,Pooja,Chokshi,Male,1972-02-03,54,2023-10-23,2,IT,DevOps Engineer,G5,MGR010,Mumbai,Contract,1621703,3,Master's,Married,Active,
EMP00517,Vritti Sawhney,Vritti,Sawhney,Female,1975-04-28,51,2023-09-26,2,IT,Data Engineer,G2,MGR031,Delhi,Contract,525706,2,PhD,Single,Active,
EMP00518,Ethan Buch,Ethan,Buch,Female,1967-06-10,59,2024-12-26,1,Sales,Sales Executive,G2,MGR059,Mumbai,Contract,659759,1,Bachelor's,Married,Active,
EMP00519,Ekanta Divan,Ekanta,Divan,Female,1977-02-05,49,2017-04-08,9,Finance,Accountant,G1,MGR073,Pune,Contract,481458,13,Diploma,Married,Active,
EMP00520,Dominic Date,Dominic,Date,Male,1999-02-09,27,2018-11-08,7,HR,HR Manager,G5,MGR082,Chennai,Full-Time,1664404,6,Bachelor's,Single,Active,
EMP00521,Anvi Nair,Anvi,Nair,Female,2003-09-05,22,2017-06-05,9,Marketing,Digital Marketing Specialist,G4,MGR002,Delhi,Contract,1146365,1,Bachelor's,Married,Active,
EMP00522,Lakshmi Wali,Lakshmi,Wali,Male,1991-07-19,35,2025-08-11,0,HR,Talent Acquisition Specialist,G1,MGR006,Pune,Contract,409516,0,Diploma,Married,Active,
EMP00523,Chaitaly Setty,Chaitaly,Setty,Female,2001-04-28,25,2023-12-13,2,Operations,Operations Executive,G4,MGR031,Pune,Full-Time,1259672,4,Bachelor's,Single,Active,
EMP00524,Yashasvi Sani,Yashasvi,Sani,Male,1994-01-19,32,2016-01-07,10,IT,DevOps Engineer,G3,MGR091,Hyderabad,Full-Time,784831,11,PhD,Single,Resigned,2017-09-14
EMP00525,Ishwar Kale,Ishwar,Kale,Female,1973-04-19,53,2023-11-10,2,Finance,Finance Manager,G4,MGR082,Pune,Full-Time,1369047,3,Master's,Single,Active,
EMP00526,Qushi Seth,Qushi,Seth,Female,1996-04-24,30,2025-08-11,0,Marketing,SEO Analyst,G5,MGR027,Delhi,Full-Time,2333071,3,Master's,Single,Active,
EMP00527,Vedant Sachdev,Vedant,Sachdev,Female,1967-04-25,59,2016-03-30,10,Sales,Sales Manager,G4,MGR006,Bangalore,Contract,1324604,15,Diploma,Single,Active,
EMP00528,Harinakshi Setty,Harinakshi,Setty,Female,1975-09-15,50,2021-01-19,5,IT,DevOps Engineer,G5,MGR090,Mumbai,Full-Time,2413447,9,Master's,Married,Active,
EMP00529,Mohini Sagar,Mohini,Sagar,Female,1977-06-07,49,2015-08-12,10,IT,Data Engineer,G3,MGR063,Chennai,Full-Time,937193,14,Master's,Married,Active,
EMP00530,Girish Munshi,Girish,Munshi,Male,1973-06-13,53,2025-01-01,1,Sales,Sales Executive,G1,MGR023,Bangalore,Full-Time,402415,4,Bachelor's,Married,Active,
EMP00531,Prisha Munshi,Prisha,Munshi,Male,1987-04-07,39,2016-09-08,9,HR,Talent Acquisition Specialist,G1,MGR054,Delhi,Full-Time,376852,12,Master's,Married,Active,
EMP00532,Aadhya Prasad,Aadhya,Prasad,Male,1978-01-29,48,2017-02-13,9,IT,Software Engineer,G2,MGR083,Bangalore,Contract,636215,10,Master's,Married,Active,
EMP00533,Michael Som,Michael,Som,Female,1985-07-18,41,2018-05-30,8,Marketing,Marketing Executive,G3,MGR034,Mumbai,Contract,790039,10,Master's,Single,Active,
EMP00534,Ekalinga Chand,Ekalinga,Chand,Female,1985-06-14,41,2025-09-21,0,HR,Talent Acquisition Specialist,G2,MGR069,Bangalore,Full-Time,686597,5,Bachelor's,Single,Active,
EMP00535,Frederick Chander,Frederick,Chander,Male,1979-03-16,47,2021-06-11,5,HR,HR Manager,G3,MGR024,Mumbai,Full-Time,893814,10,Master's,Single,Active,
EMP00536,Rachana Char,Rachana,Char,Male,1988-12-09,37,2018-05-20,8,IT,Software Engineer,G4,MGR064,Mumbai,Contract,1488148,8,Bachelor's,Single,Resigned,2024-09-18
EMP00537,Kashish De,Kashish,De,Female,1994-01-13,32,2022-11-29,3,Finance,Financial Analyst,G3,MGR073,Delhi,Contract,777114,3,Diploma,Married,Resigned,2025-04-11
EMP00538,Darpan Narayan,Darpan,Narayan,Male,1995-06-01,31,2021-03-06,5,IT,Data Engineer,G1,MGR080,Mumbai,Contract,405284,7,Diploma,Married,Active,
EMP00539,Jason Roy,Jason,Roy,Male,1991-03-04,35,2020-11-26,5,HR,HR Manager,G2,MGR011,Chennai,Contract,505910,10,PhD,Single,Active,
EMP00540,Irya Sampath,Irya,Sampath,Male,1994-11-29,31,2019-01-18,7,Sales,Sales Executive,G4,MGR050,Bangalore,Full-Time,1193792,10,Master's,Married,Active,
EMP00541,Charan Mani,Charan,Mani,Female,1990-03-02,36,2015-12-25,10,HR,Talent Acquisition Specialist,G4,MGR054,Hyderabad,Contract,1388774,14,PhD,Married,Active,
EMP00542,Devika Pandey,Devika,Pandey,Male,1971-06-12,55,2017-05-01,9,Finance,Financial Analyst,G5,MGR009,Chennai,Contract,1851709,12,Diploma,Married,Active,
EMP00543,Hemang Tripathi,Hemang,Tripathi,Female,1983-08-06,43,2016-12-17,9,Marketing,Digital Marketing Specialist,G5,MGR018,Mumbai,Full-Time,2291930,10,Master's,Married,Active,
EMP00544,Simon Dubey,Simon,Dubey,Female,2002-06-09,24,2021-07-25,5,Finance,Financial Analyst,G5,MGR060,Mumbai,Full-Time,2275795,3,Bachelor's,Married,Active,
EMP00545,Vasatika Kapur,Vasatika,Kapur,Female,1970-07-28,56,2022-05-02,4,Operations,Operations Manager,G4,MGR063,Delhi,Full-Time,1094042,6,Diploma,Married,Active,
EMP00546,Hritik Palla,Hritik,Palla,Male,1991-11-13,34,2023-05-12,3,Finance,Finance Manager,G4,MGR056,Bangalore,Contract,1296523,6,Master's,Single,Active,
EMP00547,Jhalak Contractor,Jhalak,Contractor,Male,1991-02-03,35,2015-08-28,10,HR,HR Manager,G4,MGR089,Mumbai,Contract,1460491,14,Diploma,Married,Active,
EMP00548,Arya Kara,Arya,Kara,Female,1967-03-10,59,2018-04-02,8,Finance,Finance Manager,G1,MGR025,Delhi,Full-Time,434707,10,Bachelor's,Married,Resigned,2025-02-11
EMP00549,Pushti Bal,Pushti,Bal,Female,1977-03-06,49,2022-09-08,3,Operations,Supply Chain Analyst,G3,MGR069,Chennai,Contract,750244,3,Diploma,Single,Active,
EMP00550,Amara Balakrishnan,Amara,Balakrishnan,Female,1999-12-08,26,2020-06-09,6,Sales,Sales Manager,G2,MGR028,Mumbai,Full-Time,526848,5,Diploma,Married,Active,
EMP00551,Pranit Mahajan,Pranit,Mahajan,Male,1970-03-25,56,2024-03-07,2,HR,HR Executive,G4,MGR040,Delhi,Contract,1182562,6,PhD,Married,Active,
EMP00552,Dayamai Nori,Dayamai,Nori,Female,1966-04-17,60,2023-05-08,3,IT,Data Analyst,G2,MGR019,Delhi,Full-Time,681991,5,Bachelor's,Single,Active,
EMP00553,Indali Ahuja,Indali,Ahuja,Male,1984-01-22,42,2022-09-30,3,IT,Software Engineer,G1,MGR097,Hyderabad,Full-Time,426944,6,Diploma,Single,Active,
EMP00554,Pratyush Dhar,Pratyush,Dhar,Male,1986-01-16,40,2016-05-02,10,Finance,Accountant,G1,MGR086,Pune,Full-Time,379074,14,Bachelor's,Single,Active,
EMP00555,Nandini Boase,Nandini,Boase,Female,1966-04-25,60,2016-01-07,10,HR,Talent Acquisition Specialist,G3,MGR046,Mumbai,Full-Time,882366,15,Diploma,Single,Active,
EMP00556,Lucky Balasubramanian,Lucky,Balasubramanian,Male,1988-09-21,37,2017-06-07,9,Operations,Operations Executive,G3,MGR097,Chennai,Full-Time,790058,11,Bachelor's,Married,Active,
EMP00557,Gavin Wali,Gavin,Wali,Male,1984-09-21,41,2022-07-21,4,IT,Data Analyst,G3,MGR055,Mumbai,Full-Time,899027,7,Diploma,Married,Active,
EMP00558,Tanveer Puri,Tanveer,Puri,Male,1988-04-25,38,2016-07-10,10,Sales,Sales Manager,G3,MGR093,Pune,Full-Time,992097,15,PhD,Single,Active,
EMP00559,Oni Setty,Oni,Setty,Female,1991-12-07,34,2023-04-04,3,Finance,Finance Manager,G4,MGR071,Hyderabad,Contract,1118422,7,Bachelor's,Single,Resigned,2024-09-14
EMP00560,Nakul Pingle,Nakul,Pingle,Female,1995-06-19,31,2019-02-14,7,HR,HR Executive,G4,MGR014,Hyderabad,Contract,1352371,8,Diploma,Single,Active,
EMP00561,Devika Nair,Devika,Nair,Female,1996-03-06,30,2021-08-15,4,IT,Data Analyst,G1,MGR026,Bangalore,Full-Time,395344,8,PhD,Single,Active,
EMP00562,Frado Ben,Frado,Ben,Female,1997-07-13,29,2020-08-06,5,Finance,Finance Manager,G5,MGR035,Delhi,Contract,2122487,6,PhD,Married,Resigned,2021-12-02
EMP00563,Nakul Bawa,Nakul,Bawa,Female,1971-08-12,55,2023-08-12,2,Sales,Sales Executive,G1,MGR063,Hyderabad,Full-Time,365716,7,Bachelor's,Single,Active,
EMP00564,Finn Magar,Finn,Magar,Male,2002-03-31,24,2015-10-07,10,Sales,Business Development Executive,G1,MGR049,Chennai,Contract,346948,3,Master's,Single,Active,
EMP00565,Saanvi Samra,Saanvi,Samra,Female,2000-07-24,26,2020-03-23,6,HR,HR Manager,G4,MGR065,Bangalore,Contract,1257032,5,Diploma,Single,Resigned,2024-05-09
EMP00566,Riya Sachdeva,Riya,Sachdeva,Male,1982-03-18,44,2020-01-18,6,Finance,Financial Analyst,G4,MGR005,Pune,Full-Time,1240992,6,Master's,Single,Active,
EMP00567,Anjali Kale,Anjali,Kale,Male,1979-01-07,47,2023-01-10,3,Sales,Sales Manager,G1,MGR087,Hyderabad,Contract,449121,6,Bachelor's,Single,Active,
EMP00568,Yauvani Comar,Yauvani,Comar,Female,1991-07-07,35,2025-11-20,0,Sales,Business Development Executive,G3,MGR042,Pune,Full-Time,849127,3,Diploma,Single,Active,
EMP00569,Hemani Sani,Hemani,Sani,Female,2001-04-25,25,2023-04-28,3,Marketing,Marketing Executive,G3,MGR013,Hyderabad,Contract,899530,4,PhD,Married,Active,
EMP00570,Indrajit Mander,Indrajit,Mander,Male,1976-02-09,50,2017-08-19,8,Operations,Operations Manager,G5,MGR089,Pune,Contract,1589067,13,Master's,Single,Active,
EMP00571,Vidhi Vyas,Vidhi,Vyas,Female,1966-09-05,59,2020-03-02,6,Operations,Operations Manager,G5,MGR054,Bangalore,Full-Time,2039764,11,Diploma,Married,Active,
EMP00572,Darika Bath,Darika,Bath,Female,1979-06-19,47,2021-06-03,5,IT,DevOps Engineer,G1,MGR087,Mumbai,Contract,481105,9,Master's,Single,Active,
EMP00573,Thomas Rana,Thomas,Rana,Female,1984-07-23,42,2017-04-06,9,Sales,Business Development Executive,G1,MGR028,Bangalore,Contract,440465,9,Master's,Married,Active,
EMP00574,Christopher Amble,Christopher,Amble,Male,1997-03-12,29,2024-06-19,2,Marketing,Marketing Executive,G5,MGR035,Pune,Contract,1853200,6,Bachelor's,Married,Active,
EMP00575,Samarth Mitra,Samarth,Mitra,Female,1987-08-22,38,2024-01-07,2,Finance,Financial Analyst,G5,MGR026,Hyderabad,Contract,1828574,5,PhD,Single,Resigned,2024-11-30
EMP00576,Laksh Kumer,Laksh,Kumer,Male,1990-11-17,35,2020-08-06,5,HR,Talent Acquisition Specialist,G4,MGR082,Chennai,Contract,1140475,9,Diploma,Single,Active,
EMP00577,Bimala Narang,Bimala,Narang,Male,1975-10-14,50,2016-09-08,9,Operations,Supply Chain Analyst,G3,MGR053,Bangalore,Full-Time,928269,10,Bachelor's,Married,Active,
EMP00578,Jagdish Amble,Jagdish,Amble,Female,1993-12-24,32,2016-10-19,9,Finance,Finance Manager,G5,MGR052,Mumbai,Full-Time,1747600,11,Bachelor's,Single,Active,
EMP00579,Widisha Sani,Widisha,Sani,Female,1985-10-27,40,2020-06-11,6,Marketing,Digital Marketing Specialist,G4,MGR005,Mumbai,Full-Time,1339173,9,Bachelor's,Single,Active,
EMP00580,Parth Dayal,Parth,Dayal,Female,1994-07-19,32,2021-03-05,5,HR,Talent Acquisition Specialist,G1,MGR063,Pune,Full-Time,489392,9,Master's,Married,Resigned,2024-05-29
EMP00581,Victor Tella,Victor,Tella,Female,1981-04-21,45,2022-07-14,4,Operations,Operations Executive,G4,MGR093,Mumbai,Full-Time,1494488,7,Diploma,Married,Active,
EMP00582,Irya Bora,Irya,Bora,Male,1975-09-06,50,2021-09-22,4,IT,Data Engineer,G3,MGR096,Delhi,Full-Time,904446,5,Bachelor's,Single,Active,
EMP00583,Mekhala Basak,Mekhala,Basak,Male,1977-04-26,49,2019-12-06,6,Sales,Sales Manager,G5,MGR063,Chennai,Contract,1558642,11,Master's,Married,Active,
EMP00584,Rajata Bahl,Rajata,Bahl,Male,1977-06-17,49,2024-11-11,1,HR,HR Manager,G4,MGR048,Bangalore,Full-Time,1375217,4,Diploma,Single,Active,
EMP00585,Tripti Brahmbhatt,Tripti,Brahmbhatt,Male,1976-05-07,50,2021-03-13,5,Sales,Sales Manager,G3,MGR069,Mumbai,Contract,763991,10,Diploma,Married,Resigned,2023-11-10
EMP00586,Pushti Ravel,Pushti,Ravel,Female,1978-07-01,48,2016-01-05,10,HR,HR Manager,G2,MGR057,Delhi,Contract,542002,15,PhD,Single,Active,
EMP00587,Omisha Mann,Omisha,Mann,Male,2001-12-05,24,2023-09-28,2,Sales,Sales Manager,G4,MGR043,Delhi,Contract,1485751,3,Bachelor's,Married,Active,
EMP00588,Ishwar Ravel,Ishwar,Ravel,Female,1983-11-18,42,2021-10-02,4,Operations,Supply Chain Analyst,G3,MGR089,Pune,Full-Time,937639,7,Bachelor's,Married,Active,
EMP00589,Ansh Nair,Ansh,Nair,Male,1965-02-20,61,2019-06-30,7,HR,Talent Acquisition Specialist,G3,MGR074,Pune,Full-Time,864480,10,Bachelor's,Single,Active,
EMP00590,Onveer Sharma,Onveer,Sharma,Female,2000-07-22,26,2025-07-14,1,Finance,Financial Analyst,G4,MGR095,Mumbai,Contract,1457968,2,Master's,Married,Active,
EMP00591,Janaki Chakrabarti,Janaki,Chakrabarti,Female,1981-06-28,45,2017-01-15,9,Sales,Sales Manager,G5,MGR003,Pune,Full-Time,1735391,13,PhD,Single,Active,
EMP00592,Rajeshri Cherian,Rajeshri,Cherian,Male,1967-03-27,59,2019-07-01,7,Marketing,Digital Marketing Specialist,G5,MGR020,Pune,Contract,1772795,10,Diploma,Single,Active,
EMP00593,Yagnesh Sarin,Yagnesh,Sarin,Female,1999-09-10,26,2025-04-26,1,Sales,Business Development Executive,G4,MGR029,Delhi,Full-Time,1062134,4,Master's,Married,Active,
EMP00594,Nandini Viswanathan,Nandini,Viswanathan,Female,1970-11-04,55,2019-11-02,6,HR,Talent Acquisition Specialist,G2,MGR094,Delhi,Full-Time,574178,7,Bachelor's,Married,Active,
EMP00595,Farhan Randhawa,Farhan,Randhawa,Male,1978-01-07,48,2025-12-12,0,Finance,Accountant,G5,MGR032,Bangalore,Contract,1972883,2,Diploma,Married,Active,
EMP00596,Dayita Nori,Dayita,Nori,Female,1996-02-02,30,2019-06-17,7,Operations,Operations Executive,G4,MGR055,Delhi,Contract,1371433,8,Diploma,Single,Active,
EMP00597,Timothy Nath,Timothy,Nath,Male,1986-02-15,40,2025-03-09,1,Finance,Finance Manager,G5,MGR096,Pune,Full-Time,2244033,4,PhD,Married,Resigned,2025-07-17
EMP00598,Faraj Uppal,Faraj,Uppal,Female,1970-12-07,55,2025-11-09,0,Marketing,Marketing Executive,G5,MGR034,Mumbai,Contract,1688085,1,PhD,Single,Active,
EMP00599,Ishaan Wali,Ishaan,Wali,Female,1971-05-13,55,2017-12-02,8,IT,Data Engineer,G1,MGR064,Bangalore,Contract,333520,11,Master's,Married,Active,
EMP00600,Yashvi Hari,Yashvi,Hari,Female,1988-03-11,38,2018-07-06,8,Sales,Sales Executive,G3,MGR098,Mumbai,Contract,957569,8,Bachelor's,Single,Active,
EMP00601,Ikshita Panchal,Ikshita,Panchal,Male,1966-08-11,60,2020-04-10,6,Finance,Accountant,G4,MGR015,Hyderabad,Full-Time,1228814,6,Master's,Married,Active,
EMP00602,Manbir Keer,Manbir,Keer,Male,2002-12-11,23,2023-01-27,3,HR,HR Executive,G3,MGR027,Bangalore,Full-Time,749061,2,Master's,Single,Active,
EMP00603,Harshil Dhingra,Harshil,Dhingra,Male,1988-08-06,38,2023-08-08,2,Marketing,Marketing Executive,G4,MGR010,Mumbai,Contract,1482561,4,Master's,Single,Active,
EMP00604,Aahana Hora,Aahana,Hora,Male,1982-09-07,43,2019-03-11,7,Marketing,Marketing Executive,G3,MGR004,Pune,Contract,780622,9,PhD,Married,Active,
EMP00605,Oscar Dua,Oscar,Dua,Male,1979-10-12,46,2025-11-16,0,IT,QA Engineer,G4,MGR094,Delhi,Full-Time,1170349,0,Diploma,Married,Active,
EMP00606,Faqid Goel,Faqid,Goel,Male,1998-05-14,28,2015-10-17,10,Marketing,SEO Analyst,G4,MGR052,Bangalore,Full-Time,1048523,7,PhD,Single,Active,
EMP00607,Wakeeta Shetty,Wakeeta,Shetty,Male,1972-04-23,54,2019-05-11,7,Sales,Sales Manager,G2,MGR039,Hyderabad,Contract,531615,7,Bachelor's,Married,Active,
EMP00608,Saumya Naidu,Saumya,Naidu,Female,1987-12-31,38,2017-03-29,9,Sales,Sales Manager,G4,MGR035,Chennai,Contract,1249791,14,PhD,Married,Active,
EMP00609,Diya Dora,Diya,Dora,Female,1993-04-17,33,2019-10-11,6,IT,Software Engineer,G5,MGR060,Delhi,Full-Time,1858345,10,Bachelor's,Married,Active,
EMP00610,Ria Bir,Ria,Bir,Male,1978-01-15,48,2020-04-01,6,Sales,Sales Executive,G4,MGR020,Mumbai,Contract,1157492,8,PhD,Married,Active,
EMP00611,Upasna Sathe,Upasna,Sathe,Male,1967-01-09,59,2020-10-03,5,IT,QA Engineer,G4,MGR013,Hyderabad,Contract,1216541,5,Master's,Single,Active,
EMP00612,Chavvi Maharaj,Chavvi,Maharaj,Male,1970-02-10,56,2023-04-22,3,Operations,Operations Manager,G2,MGR051,Pune,Full-Time,547764,8,Master's,Married,Active,
EMP00613,Daksh Pandey,Daksh,Pandey,Female,1998-12-22,27,2022-07-08,4,Sales,Business Development Executive,G3,MGR024,Mumbai,Full-Time,878957,5,Master's,Single,Active,
EMP00614,Yashica Borah,Yashica,Borah,Male,1965-04-06,61,2019-06-06,7,IT,Software Engineer,G2,MGR062,Hyderabad,Contract,671914,11,PhD,Married,Active,
EMP00615,Dayita Shenoy,Dayita,Shenoy,Female,1995-12-25,30,2022-07-22,4,Operations,Supply Chain Analyst,G4,MGR039,Pune,Full-Time,1421863,5,Diploma,Single,Active,
EMP00616,Siya Barad,Siya,Barad,Male,1996-03-22,30,2025-11-19,0,HR,HR Executive,G2,MGR084,Mumbai,Full-Time,626121,4,Bachelor's,Single,Active,
EMP00617,Dakshesh Pillay,Dakshesh,Pillay,Female,1971-08-25,54,2020-04-25,6,Sales,Sales Executive,G1,MGR020,Delhi,Contract,343543,10,PhD,Single,Resigned,2022-10-03
EMP00618,Faraj Chana,Faraj,Chana,Male,1974-01-12,52,2018-04-22,8,Marketing,Digital Marketing Specialist,G1,MGR002,Pune,Contract,387516,8,PhD,Married,Active,
EMP00619,Yashica Rajagopalan,Yashica,Rajagopalan,Female,1986-10-22,39,2020-10-03,5,Marketing,SEO Analyst,G5,MGR087,Hyderabad,Full-Time,2480713,5,Diploma,Married,Active,
EMP00620,Turvi Barman,Turvi,Barman,Male,1977-01-06,49,2025-01-05,1,Operations,Operations Manager,G4,MGR064,Chennai,Contract,1061310,1,PhD,Single,Active,
EMP00621,Shivani Guha,Shivani,Guha,Male,1986-01-19,40,2018-11-09,7,Sales,Sales Executive,G5,MGR076,Delhi,Contract,1730374,10,PhD,Single,Resigned,2021-08-03
EMP00622,Vamakshi Thaker,Vamakshi,Thaker,Female,1983-09-13,42,2024-05-05,2,Operations,Supply Chain Analyst,G3,MGR021,Chennai,Full-Time,947634,4,Diploma,Married,Active,
EMP00623,Matthew Bhatia,Matthew,Bhatia,Male,1972-01-06,54,2021-10-17,4,Sales,Sales Executive,G4,MGR064,Bangalore,Full-Time,1494432,5,Diploma,Single,Active,
EMP00624,Shravya Chauhan,Shravya,Chauhan,Female,1981-01-06,45,2022-08-04,4,HR,HR Executive,G5,MGR009,Bangalore,Contract,1533522,8,Bachelor's,Single,Active,
EMP00625,Hemal Chad,Hemal,Chad,Female,1976-07-26,50,2018-10-25,7,Finance,Accountant,G5,MGR020,Delhi,Full-Time,1780484,12,PhD,Married,Resigned,2023-02-08
EMP00626,Orinder Baral,Orinder,Baral,Male,1969-10-01,56,2023-10-07,2,Marketing,SEO Analyst,G1,MGR006,Chennai,Full-Time,447448,3,Diploma,Single,Resigned,2024-10-25
EMP00627,Raksha Sarna,Raksha,Sarna,Male,1997-09-03,28,2018-04-11,8,Operations,Operations Manager,G5,MGR094,Pune,Full-Time,2022600,7,Master's,Married,Active,
EMP00628,Nathan Patla,Nathan,Patla,Male,2003-01-25,23,2017-04-06,9,Sales,Sales Manager,G1,MGR061,Bangalore,Contract,364308,2,Bachelor's,Single,Active,
EMP00629,Kashish Mandal,Kashish,Mandal,Female,1981-03-06,45,2022-01-22,4,Operations,Operations Executive,G2,MGR097,Chennai,Contract,697448,7,Bachelor's,Married,Active,
EMP00630,Lila Rege,Lila,Rege,Female,1985-07-31,41,2025-09-03,0,Marketing,SEO Analyst,G3,MGR057,Mumbai,Full-Time,715604,4,Diploma,Single,Active,
EMP00631,Hamsini Ben,Hamsini,Ben,Female,1999-08-25,26,2016-11-04,9,Sales,Sales Executive,G4,MGR005,Delhi,Full-Time,1398035,5,Diploma,Married,Active,
EMP00632,Gaurika Bhatti,Gaurika,Bhatti,Female,1997-05-14,29,2023-05-01,3,Finance,Financial Analyst,G1,MGR068,Chennai,Full-Time,373342,6,PhD,Single,Resigned,2024-09-24
EMP00633,Girindra Raju,Girindra,Raju,Female,1996-04-15,30,2018-11-15,7,Operations,Operations Manager,G2,MGR011,Pune,Contract,579044,9,Bachelor's,Married,Active,
EMP00634,Bhanumati Krishnan,Bhanumati,Krishnan,Female,1988-05-21,38,2018-10-27,7,Operations,Operations Executive,G1,MGR070,Chennai,Contract,307311,12,Master's,Married,Resigned,2024-12-22
EMP00635,Mason Nath,Mason,Nath,Male,1997-11-01,28,2015-09-03,10,Finance,Financial Analyst,G5,MGR016,Pune,Full-Time,1871692,7,Master's,Single,Active,
EMP00636,Finn Dhaliwal,Finn,Dhaliwal,Male,2001-02-16,25,2023-05-13,3,Marketing,SEO Analyst,G5,MGR077,Mumbai,Contract,2385517,4,Master's,Single,Active,
EMP00637,Inaya Mukherjee,Inaya,Mukherjee,Male,1969-09-21,56,2018-09-04,7,Marketing,SEO Analyst,G2,MGR059,Pune,Full-Time,594704,11,PhD,Single,Active,
EMP00638,Manya Dayal,Manya,Dayal,Female,1970-11-01,55,2020-05-04,6,HR,HR Manager,G1,MGR087,Chennai,Contract,396808,11,PhD,Married,Active,
EMP00639,Frado Mukherjee,Frado,Mukherjee,Female,1984-09-28,41,2022-09-23,3,Sales,Business Development Executive,G4,MGR021,Mumbai,Full-Time,1431914,8,PhD,Single,Resigned,2025-02-07
EMP00640,Krisha Narasimhan,Krisha,Narasimhan,Male,1996-02-26,30,2017-05-20,9,Sales,Sales Manager,G1,MGR021,Chennai,Contract,495689,9,PhD,Single,Active,
EMP00641,Joshua Vyas,Joshua,Vyas,Female,1966-10-22,59,2020-11-11,5,HR,HR Executive,G3,MGR048,Bangalore,Contract,859868,10,Diploma,Single,Active,
EMP00642,Girik Sampath,Girik,Sampath,Female,1967-03-09,59,2025-07-04,1,Finance,Financial Analyst,G2,MGR095,Hyderabad,Full-Time,547992,4,Master's,Single,Resigned,2026-08-02
EMP00643,Janaki Badami,Janaki,Badami,Female,1986-08-02,40,2021-06-05,5,Finance,Finance Manager,G4,MGR044,Hyderabad,Contract,1472009,5,Bachelor's,Single,Active,
EMP00644,Janani More,Janani,More,Female,1999-03-03,27,2020-01-17,6,Operations,Operations Manager,G2,MGR042,Pune,Contract,690805,6,Bachelor's,Married,Active,
EMP00645,Pranit Kala,Pranit,Kala,Male,1995-01-28,31,2024-12-24,1,Sales,Business Development Executive,G3,MGR022,Delhi,Full-Time,746415,2,Master's,Single,Active,
EMP00646,Harita Sunder,Harita,Sunder,Male,1973-08-19,52,2025-09-17,0,Marketing,SEO Analyst,G5,MGR007,Chennai,Full-Time,2294417,2,Diploma,Single,Active,
EMP00647,Rehaan Kara,Rehaan,Kara,Male,1965-11-07,60,2018-01-31,8,HR,HR Executive,G5,MGR011,Chennai,Contract,1965808,11,Diploma,Married,Resigned,2020-06-03
EMP00648,Mohammed Brahmbhatt,Mohammed,Brahmbhatt,Male,1980-04-01,46,2019-11-26,6,HR,HR Manager,G1,MGR041,Hyderabad,Contract,438386,11,Diploma,Single,Active,
EMP00649,Chakrika Chaudhuri,Chakrika,Chaudhuri,Female,1971-06-18,55,2017-01-18,9,Finance,Accountant,G2,MGR053,Delhi,Full-Time,580424,9,Master's,Single,Active,
EMP00650,Yashica Zacharia,Yashica,Zacharia,Male,1978-05-15,48,2019-05-17,7,IT,Data Engineer,G2,MGR042,Bangalore,Contract,608219,10,Diploma,Single,Active,
EMP00651,Baljiwan Nayar,Baljiwan,Nayar,Male,1987-02-11,39,2020-09-14,5,Marketing,Digital Marketing Specialist,G1,MGR008,Bangalore,Contract,370592,8,PhD,Single,Active,
EMP00652,Karan Puri,Karan,Puri,Female,1993-06-02,33,2017-08-15,8,IT,Data Engineer,G5,MGR087,Pune,Full-Time,2114646,10,Bachelor's,Married,Active,
EMP00653,Mitesh Gaba,Mitesh,Gaba,Female,1968-10-06,57,2024-06-28,2,Operations,Supply Chain Analyst,G2,MGR048,Chennai,Full-Time,537320,2,PhD,Married,Active,
EMP00654,Pratyush Gandhi,Pratyush,Gandhi,Female,2002-03-16,24,2021-12-17,4,Finance,Finance Manager,G2,MGR008,Hyderabad,Contract,500142,3,Master's,Married,Resigned,2025-09-06
EMP00655,Caleb Roy,Caleb,Roy,Male,1991-04-02,35,2024-06-05,2,Marketing,Digital Marketing Specialist,G1,MGR095,Chennai,Full-Time,342314,6,Diploma,Married,Active,
EMP00656,Janya Khanna,Janya,Khanna,Male,1997-07-11,29,2021-03-29,5,Finance,Financial Analyst,G2,MGR065,Bangalore,Contract,660024,8,Master's,Married,Active,
EMP00657,Sachi Mane,Sachi,Mane,Female,1980-04-29,46,2017-05-12,9,Sales,Business Development Executive,G3,MGR089,Mumbai,Full-Time,708322,9,PhD,Single,Resigned,2024-12-30
EMP00658,Vivaan Walla,Vivaan,Walla,Male,1983-07-15,43,2021-03-26,5,Operations,Supply Chain Analyst,G4,MGR051,Chennai,Full-Time,1399751,6,Diploma,Single,Resigned,2023-04-08
EMP00659,Dayamai Singh,Dayamai,Singh,Female,1995-02-27,31,2016-05-20,10,Finance,Financial Analyst,G5,MGR050,Mumbai,Full-Time,1875354,10,PhD,Married,Resigned,2019-09-07
EMP00660,Jhalak Sastry,Jhalak,Sastry,Female,1965-06-03,61,2017-06-26,9,Operations,Operations Executive,G3,MGR025,Pune,Contract,887601,9,Bachelor's,Married,Resigned,2025-05-03
EMP00661,Baghyawati Raja,Baghyawati,Raja,Male,1977-08-05,49,2020-07-11,6,Operations,Supply Chain Analyst,G5,MGR001,Mumbai,Contract,1719242,7,Master's,Married,Active,
EMP00662,Yadavi Wable,Yadavi,Wable,Male,1994-08-07,32,2023-04-15,3,Marketing,SEO Analyst,G5,MGR023,Pune,Full-Time,2092592,4,Bachelor's,Married,Resigned,2025-01-24
EMP00663,Neel Iyengar,Neel,Iyengar,Male,1988-06-19,38,2023-03-05,3,Finance,Accountant,G1,MGR087,Chennai,Contract,481662,4,PhD,Single,Resigned,2026-07-31
EMP00664,Lakshit Krishna,Lakshit,Krishna,Male,2003-04-21,23,2025-07-12,1,Finance,Financial Analyst,G4,MGR016,Delhi,Contract,1143673,2,Master's,Single,Resigned,2025-08-01
EMP00665,Vasana Prabhu,Vasana,Prabhu,Male,1967-02-09,59,2018-02-12,8,Sales,Business Development Executive,G4,MGR001,Hyderabad,Full-Time,1165801,10,Diploma,Single,Resigned,2022-10-31
EMP00666,Harshil Varty,Harshil,Varty,Male,1995-12-07,30,2019-10-02,6,IT,Data Analyst,G2,MGR043,Bangalore,Full-Time,543117,8,Diploma,Single,Active,
EMP00667,Jeet Mane,Jeet,Mane,Male,1991-08-01,35,2023-12-10,2,Operations,Operations Manager,G3,MGR014,Hyderabad,Full-Time,829579,5,Diploma,Married,Active,
EMP00668,Fiyaz Dyal,Fiyaz,Dyal,Male,1968-04-09,58,2023-09-13,2,Marketing,SEO Analyst,G4,MGR013,Delhi,Contract,1400607,5,Diploma,Single,Resigned,2024-11-09
EMP00669,Shivani Varghese,Shivani,Varghese,Male,1981-12-06,44,2018-07-07,8,Operations,Operations Executive,G2,MGR057,Pune,Contract,516253,8,PhD,Single,Active,
EMP00670,Manan Sarkar,Manan,Sarkar,Male,1990-02-01,36,2015-08-02,11,Finance,Financial Analyst,G4,MGR080,Hyderabad,Full-Time,1050242,15,Diploma,Married,Active,
EMP00671,Gavin Kapadia,Gavin,Kapadia,Female,1992-10-27,33,2021-12-11,4,IT,Data Engineer,G1,MGR067,Bangalore,Full-Time,419033,7,Diploma,Single,Active,
EMP00672,Shravya Palla,Shravya,Palla,Male,1991-08-06,35,2023-11-08,2,HR,Talent Acquisition Specialist,G2,MGR066,Bangalore,Contract,667081,4,PhD,Married,Active,
EMP00673,Avi Sachdeva,Avi,Sachdeva,Male,2000-10-02,25,2015-06-30,11,IT,Data Analyst,G3,MGR066,Delhi,Contract,928509,4,Bachelor's,Single,Active,
EMP00674,Chatresh Randhawa,Chatresh,Randhawa,Female,1978-01-21,48,2019-02-19,7,IT,QA Engineer,G5,MGR087,Mumbai,Full-Time,2189624,10,Diploma,Married,Active,
EMP00675,Yadavi Prakash,Yadavi,Prakash,Male,1993-09-25,32,2025-03-10,1,HR,HR Executive,G3,MGR086,Hyderabad,Contract,799276,6,Master's,Married,Active,
EMP00676,Warinder Raju,Warinder,Raju,Female,1979-09-29,46,2016-10-26,9,IT,DevOps Engineer,G1,MGR029,Pune,Full-Time,430005,11,PhD,Single,Active,
EMP00677,Finn Prasad,Finn,Prasad,Female,2001-03-19,25,2023-04-20,3,Sales,Sales Executive,G4,MGR001,Bangalore,Full-Time,1096597,4,Master's,Single,Active,
EMP00678,Udarsh Bala,Udarsh,Bala,Male,1978-01-13,48,2019-12-09,6,HR,Talent Acquisition Specialist,G5,MGR098,Bangalore,Full-Time,2457044,9,Bachelor's,Single,Active,
EMP00679,Eiravati Chaudhary,Eiravati,Chaudhary,Male,1976-10-02,49,2023-01-23,3,HR,HR Manager,G5,MGR023,Mumbai,Full-Time,1757912,6,Master's,Single,Active,
EMP00680,Gautami Dhingra,Gautami,Dhingra,Male,1981-12-31,44,2022-05-06,4,IT,Data Engineer,G2,MGR059,Mumbai,Contract,579972,7,Bachelor's,Married,Resigned,2022-12-05
EMP00681,Balvan Mangat,Balvan,Mangat,Male,1970-04-26,56,2016-08-14,9,HR,HR Executive,G2,MGR049,Delhi,Contract,639606,10,PhD,Single,Resigned,2024-08-27
EMP00682,Liam Singh,Liam,Singh,Male,2003-05-01,23,2021-01-02,5,Finance,Accountant,G3,MGR007,Delhi,Contract,829589,2,PhD,Single,Active,
EMP00683,Saumya Ahluwalia,Saumya,Ahluwalia,Female,2000-06-25,26,2022-06-10,4,Marketing,Marketing Executive,G2,MGR050,Delhi,Contract,633330,5,PhD,Single,Active,
EMP00684,Fariq Bahl,Fariq,Bahl,Female,1988-07-28,38,2022-10-15,3,Sales,Business Development Executive,G4,MGR035,Chennai,Contract,1248385,6,Diploma,Single,Active,
EMP00685,Aahana Kale,Aahana,Kale,Male,1985-04-12,41,2024-09-05,1,HR,HR Manager,G2,MGR055,Hyderabad,Full-Time,580215,1,Master's,Single,Active,
EMP00686,Mason Wable,Mason,Wable,Male,1978-03-28,48,2019-12-26,6,Marketing,Digital Marketing Specialist,G2,MGR006,Hyderabad,Contract,653082,8,PhD,Married,Active,
EMP00687,Pallavi Choudhry,Pallavi,Choudhry,Female,2001-02-02,25,2020-07-30,6,Finance,Financial Analyst,G4,MGR023,Hyderabad,Full-Time,1012959,4,Diploma,Married,Resigned,2023-01-11
EMP00688,Wazir Mitra,Wazir,Mitra,Female,2002-10-19,23,2020-08-17,5,Marketing,SEO Analyst,G1,MGR030,Pune,Full-Time,372463,2,Master's,Single,Active,
EMP00689,Jairaj Batta,Jairaj,Batta,Female,1973-10-27,52,2022-07-28,4,Finance,Financial Analyst,G3,MGR025,Delhi,Full-Time,843898,8,Master's,Single,Active,
EMP00690,William Saini,William,Saini,Female,2001-11-20,24,2018-11-20,7,Sales,Sales Manager,G5,MGR084,Pune,Contract,2294617,3,Bachelor's,Married,Active,
EMP00691,Tanvi Bhatnagar,Tanvi,Bhatnagar,Male,1986-04-14,40,2017-08-15,8,Marketing,SEO Analyst,G5,MGR060,Delhi,Contract,2294423,9,Diploma,Married,Active,
EMP00692,Indrajit Tata,Indrajit,Tata,Female,1999-07-19,27,2025-07-25,1,Operations,Operations Manager,G2,MGR058,Chennai,Full-Time,614997,5,Bachelor's,Single,Active,
EMP00693,Amol Varma,Amol,Varma,Male,1987-06-03,39,2024-02-02,2,Operations,Operations Manager,G3,MGR054,Hyderabad,Contract,818222,3,Master's,Married,Active,
EMP00694,Wyatt Dhawan,Wyatt,Dhawan,Male,1971-03-30,55,2016-09-21,9,Finance,Finance Manager,G5,MGR078,Chennai,Contract,2458138,10,Bachelor's,Married,Active,
EMP00695,Bishakha Sanghvi,Bishakha,Sanghvi,Female,1973-06-13,53,2020-04-28,6,IT,Data Engineer,G5,MGR082,Bangalore,Full-Time,1973469,11,Diploma,Single,Active,
EMP00696,Aarav Pandit,Aarav,Pandit,Female,1966-03-16,60,2017-02-03,9,HR,HR Executive,G4,MGR027,Mumbai,Contract,1148802,14,Diploma,Married,Active,
EMP00697,Wridesh Saha,Wridesh,Saha,Male,1972-09-16,53,2018-08-31,7,Sales,Sales Manager,G2,MGR017,Chennai,Contract,529030,11,Diploma,Married,Resigned,2020-04-03
EMP00698,Frederick Viswanathan,Frederick,Viswanathan,Male,1970-10-30,55,2024-10-05,1,HR,HR Manager,G4,MGR091,Delhi,Contract,1428813,3,Master's,Single,Active,
EMP00699,Jalsa Bir,Jalsa,Bir,Female,1977-05-10,49,2017-04-06,9,IT,Data Analyst,G4,MGR052,Chennai,Full-Time,1033538,9,Master's,Married,Active,
EMP00700,Yashica Tripathi,Yashica,Tripathi,Male,1998-01-27,28,2016-01-09,10,Finance,Finance Manager,G4,MGR090,Delhi,Contract,1181813,7,Bachelor's,Married,Active,
EMP00701,Anmol Ramakrishnan,Anmol,Ramakrishnan,Female,1985-07-16,41,2019-04-25,7,Operations,Operations Executive,G5,MGR051,Delhi,Full-Time,1600174,11,Bachelor's,Married,Resigned,2023-04-24
EMP00702,Caleb Ram,Caleb,Ram,Female,1994-11-27,31,2025-04-11,1,IT,Data Analyst,G4,MGR098,Chennai,Full-Time,1215628,6,Diploma,Single,Active,
EMP00703,Kashvi Kulkarni,Kashvi,Kulkarni,Female,1983-05-26,43,2020-01-22,6,HR,HR Manager,G2,MGR006,Hyderabad,Full-Time,632661,6,PhD,Married,Active,
EMP00704,Amol Parikh,Amol,Parikh,Female,2003-05-22,23,2017-03-07,9,Sales,Sales Executive,G1,MGR015,Delhi,Full-Time,365694,2,PhD,Married,Active,
EMP00705,Ekansh Pai,Ekansh,Pai,Male,1989-08-08,37,2022-05-15,4,HR,Talent Acquisition Specialist,G4,MGR061,Bangalore,Full-Time,1073534,7,Diploma,Single,Active,
EMP00706,Wridesh Chawla,Wridesh,Chawla,Male,1988-12-25,37,2023-04-25,3,Sales,Sales Executive,G1,MGR098,Pune,Contract,476001,7,PhD,Married,Active,
EMP00707,Gaurangi Deol,Gaurangi,Deol,Male,1995-04-13,31,2020-12-20,5,HR,HR Manager,G1,MGR067,Delhi,Full-Time,466406,5,Master's,Married,Active,
EMP00708,Chaitanya Pandey,Chaitanya,Pandey,Male,1967-03-09,59,2023-08-30,2,Sales,Sales Executive,G2,MGR031,Mumbai,Full-Time,598210,5,PhD,Single,Resigned,2025-12-25
EMP00709,Hamsini Gill,Hamsini,Gill,Female,2001-10-22,24,2017-02-26,9,Operations,Supply Chain Analyst,G1,MGR013,Delhi,Full-Time,357820,3,Diploma,Married,Active,
EMP00710,Ucchal Srinivas,Ucchal,Srinivas,Female,1979-06-23,47,2021-04-21,5,Operations,Operations Executive,G5,MGR070,Hyderabad,Contract,1717180,7,Bachelor's,Single,Active,
EMP00711,Qabil Deshmukh,Qabil,Deshmukh,Female,1972-10-15,53,2015-03-03,11,Sales,Business Development Executive,G3,MGR050,Mumbai,Contract,706281,15,Diploma,Married,Active,
EMP00712,Dev Shankar,Dev,Shankar,Female,1966-12-21,59,2015-10-03,10,HR,HR Manager,G3,MGR014,Delhi,Full-Time,961921,14,Diploma,Married,Resigned,2016-05-19
EMP00713,Chaaya Jaggi,Chaaya,Jaggi,Female,1995-05-30,31,2025-05-14,1,Operations,Operations Executive,G3,MGR082,Delhi,Contract,791923,3,Diploma,Married,Active,
EMP00714,Caleb Iyengar,Caleb,Iyengar,Female,1982-02-25,44,2020-09-24,5,Operations,Supply Chain Analyst,G2,MGR076,Delhi,Full-Time,631968,8,Diploma,Single,Active,
EMP00715,Benjamin Mutti,Benjamin,Mutti,Female,1998-12-20,27,2017-09-24,8,Marketing,Marketing Executive,G1,MGR048,Hyderabad,Contract,336059,6,Bachelor's,Married,Active,
EMP00716,Dayita Varma,Dayita,Varma,Male,1975-09-06,50,2025-05-10,1,Operations,Supply Chain Analyst,G4,MGR043,Mumbai,Contract,1387582,3,Diploma,Married,Active,
EMP00717,Mitali Solanki,Mitali,Solanki,Female,1998-09-02,27,2015-04-08,11,HR,Talent Acquisition Specialist,G3,MGR032,Mumbai,Full-Time,879688,6,Bachelor's,Married,Active,
EMP00718,Zehaan Bansal,Zehaan,Bansal,Male,1984-11-04,41,2022-01-23,4,IT,Software Engineer,G4,MGR025,Pune,Full-Time,1036692,7,Bachelor's,Single,Active,
EMP00719,Rayaan Mangal,Rayaan,Mangal,Male,1975-08-08,51,2020-09-09,5,IT,DevOps Engineer,G4,MGR022,Delhi,Full-Time,1163296,6,PhD,Single,Active,
EMP00720,Ishanvi Batta,Ishanvi,Batta,Female,1977-10-20,48,2021-06-19,5,Sales,Business Development Executive,G2,MGR062,Pune,Contract,571266,7,PhD,Single,Active,
EMP00721,Garima Mahajan,Garima,Mahajan,Female,1987-09-01,38,2021-11-01,4,Operations,Operations Manager,G2,MGR003,Hyderabad,Contract,626353,8,Master's,Single,Active,
EMP00722,Jeet Pillai,Jeet,Pillai,Male,1976-07-17,50,2019-04-08,7,Sales,Sales Manager,G4,MGR049,Chennai,Contract,1148491,11,Master's,Single,Active,
EMP00723,Rajeshri Ratta,Rajeshri,Ratta,Male,1971-12-11,54,2025-04-10,1,HR,HR Executive,G1,MGR094,Delhi,Contract,431255,3,PhD,Married,Resigned,2026-03-17
EMP00724,Libni Nori,Libni,Nori,Female,1982-03-25,44,2020-06-28,6,Finance,Finance Manager,G5,MGR053,Pune,Full-Time,1574694,6,Bachelor's,Single,Active,
EMP00725,Rachit Taneja,Rachit,Taneja,Female,1999-08-07,27,2025-03-29,1,Operations,Operations Manager,G5,MGR063,Delhi,Contract,2243575,6,PhD,Married,Active,
EMP00726,Widisha Pillai,Widisha,Pillai,Male,1986-06-07,40,2015-05-22,11,Finance,Finance Manager,G1,MGR086,Delhi,Full-Time,482837,16,PhD,Single,Active,
EMP00727,Zilmil Loke,Zilmil,Loke,Male,1965-07-22,61,2016-04-23,10,IT,DevOps Engineer,G4,MGR076,Pune,Full-Time,1370183,15,Bachelor's,Married,Active,
EMP00728,Fitan Samra,Fitan,Samra,Female,1987-06-17,39,2025-11-07,0,Marketing,SEO Analyst,G4,MGR040,Delhi,Contract,1307274,3,Diploma,Married,Active,
EMP00729,Farhan Sani,Farhan,Sani,Female,1998-08-03,28,2017-05-08,9,Operations,Operations Manager,G3,MGR022,Hyderabad,Full-Time,703366,7,Diploma,Married,Active,
EMP00730,Pranit Memon,Pranit,Memon,Female,1997-11-19,28,2019-11-01,6,HR,HR Executive,G3,MGR091,Mumbai,Full-Time,797727,7,Bachelor's,Single,Active,
EMP00731,Ekani Chauhan,Ekani,Chauhan,Male,1973-04-30,53,2017-04-03,9,IT,Data Analyst,G2,MGR053,Hyderabad,Full-Time,567987,11,Bachelor's,Single,Active,
EMP00732,Fariq Narang,Fariq,Narang,Female,1970-08-05,56,2018-02-07,8,IT,Data Engineer,G1,MGR031,Hyderabad,Contract,453523,10,Diploma,Single,Active,
EMP00733,Chakrika Mohan,Chakrika,Mohan,Male,1994-11-05,31,2021-07-13,5,IT,Software Engineer,G2,MGR001,Hyderabad,Contract,636926,8,PhD,Married,Active,
EMP00734,Sanaya Sandhu,Sanaya,Sandhu,Female,1981-08-19,44,2022-08-24,3,Finance,Financial Analyst,G2,MGR086,Hyderabad,Contract,594689,4,Diploma,Married,Resigned,2023-05-09
EMP00735,Sachi Panchal,Sachi,Panchal,Male,1965-02-20,61,2020-02-15,6,Operations,Operations Manager,G2,MGR078,Pune,Contract,506731,6,Master's,Married,Active,
EMP00736,Sanya Basak,Sanya,Basak,Female,1988-02-06,38,2019-08-20,6,Operations,Operations Executive,G1,MGR042,Pune,Contract,467267,10,Master's,Married,Active,
EMP00737,Ira Saran,Ira,Saran,Female,1982-12-14,43,2023-04-16,3,Marketing,Marketing Executive,G3,MGR061,Delhi,Full-Time,924351,4,Master's,Single,Active,
EMP00738,Anvi Bhandari,Anvi,Bhandari,Male,1970-09-26,55,2020-08-01,6,IT,Data Engineer,G5,MGR060,Mumbai,Contract,2417279,9,PhD,Single,Active,
EMP00739,Falan Ravi,Falan,Ravi,Male,1998-10-16,27,2025-08-03,1,Operations,Supply Chain Analyst,G1,MGR056,Delhi,Full-Time,327648,3,Master's,Married,Active,
EMP00740,Januja Varghese,Januja,Varghese,Male,1997-04-05,29,2017-11-21,8,Operations,Operations Manager,G1,MGR018,Chennai,Contract,474450,8,Master's,Single,Resigned,2020-08-11
EMP00741,Azaan Dhar,Azaan,Dhar,Male,1993-11-21,32,2018-11-06,7,Sales,Business Development Executive,G4,MGR083,Chennai,Contract,1342842,11,Bachelor's,Married,Active,
EMP00742,Raksha Banerjee,Raksha,Banerjee,Male,1969-12-30,56,2016-01-01,10,Finance,Finance Manager,G5,MGR025,Delhi,Full-Time,2482736,12,Master's,Single,Resigned,2018-02-23
EMP00743,Ekalinga Keer,Ekalinga,Keer,Female,1990-11-18,35,2023-04-07,3,IT,Data Engineer,G1,MGR069,Mumbai,Contract,454680,4,Master's,Married,Active,
EMP00744,Jeevika Pathak,Jeevika,Pathak,Male,1988-04-25,38,2022-06-11,4,Marketing,SEO Analyst,G2,MGR051,Pune,Contract,527940,8,Bachelor's,Married,Active,
EMP00745,Leela Bali,Leela,Bali,Female,1995-07-03,31,2020-02-10,6,HR,Talent Acquisition Specialist,G3,MGR096,Delhi,Full-Time,776478,9,Master's,Married,Active,
EMP00746,Mitesh Sengupta,Mitesh,Sengupta,Male,1977-04-08,49,2024-07-04,2,Operations,Supply Chain Analyst,G4,MGR028,Hyderabad,Contract,1330866,5,Diploma,Married,Active,
EMP00747,Kamala Prabhu,Kamala,Prabhu,Male,2003-01-16,23,2023-03-20,3,HR,Talent Acquisition Specialist,G1,MGR063,Delhi,Contract,346929,2,Bachelor's,Single,Active,
EMP00748,Sachi Bose,Sachi,Bose,Female,1983-12-14,42,2022-08-08,3,Sales,Sales Manager,G4,MGR010,Chennai,Contract,1205029,7,Bachelor's,Married,Active,
EMP00749,Laksh Wagle,Laksh,Wagle,Female,1998-09-30,27,2023-11-16,2,Marketing,Marketing Executive,G3,MGR084,Mumbai,Full-Time,939878,4,PhD,Married,Resigned,2025-06-08
EMP00750,Mitali Murthy,Mitali,Murthy,Male,1974-10-14,51,2024-01-08,2,Operations,Operations Executive,G1,MGR093,Chennai,Full-Time,394955,5,PhD,Married,Active,
EMP00751,Arya Krish,Arya,Krish,Male,1967-07-12,59,2016-01-29,10,Finance,Financial Analyst,G2,MGR016,Chennai,Contract,513755,10,PhD,Single,Active,
EMP00752,Ishaan Bal,Ishaan,Bal,Female,1975-12-29,50,2015-05-20,11,IT,Data Analyst,G4,MGR039,Delhi,Full-Time,1256180,15,PhD,Single,Active,
EMP00753,Quincy Tata,Quincy,Tata,Female,1977-05-07,49,2022-02-03,4,Operations,Operations Manager,G3,MGR016,Pune,Full-Time,706083,8,PhD,Single,Active,
EMP00754,Zarna Ram,Zarna,Ram,Female,1977-04-12,49,2022-10-12,3,Operations,Operations Executive,G5,MGR050,Hyderabad,Contract,1689893,3,Bachelor's,Single,Active,
EMP00755,Jacob Lala,Jacob,Lala,Male,1983-03-08,43,2024-02-12,2,Operations,Operations Executive,G4,MGR069,Chennai,Contract,1291535,7,Diploma,Single,Resigned,2025-03-22
EMP00756,Sanaya Kala,Sanaya,Kala,Male,1973-02-08,53,2024-08-31,1,Marketing,SEO Analyst,G2,MGR072,Hyderabad,Contract,501395,4,Diploma,Single,Active,
EMP00757,Bhavika Swaminathan,Bhavika,Swaminathan,Male,1968-12-09,57,2021-04-22,5,Finance,Accountant,G1,MGR065,Bangalore,Contract,332693,8,Bachelor's,Married,Resigned,2023-01-03
EMP00758,Jason Deshmukh,Jason,Deshmukh,Male,1976-02-21,50,2018-05-16,8,IT,QA Engineer,G3,MGR057,Mumbai,Contract,980023,12,Master's,Single,Active,
EMP00759,Ethan Seth,Ethan,Seth,Male,1975-08-21,50,2015-05-31,11,HR,HR Executive,G3,MGR018,Chennai,Full-Time,812833,11,Master's,Married,Active,
EMP00760,Orinder Saxena,Orinder,Saxena,Female,1968-05-03,58,2021-03-02,5,Finance,Financial Analyst,G4,MGR021,Hyderabad,Contract,1340666,8,Master's,Married,Resigned,2021-11-29
EMP00761,Ekaja Palan,Ekaja,Palan,Male,1989-01-15,37,2017-04-14,9,IT,Data Engineer,G2,MGR048,Chennai,Full-Time,687287,10,Bachelor's,Married,Resigned,2018-05-22
EMP00762,Bina Mital,Bina,Mital,Female,1981-12-31,44,2015-04-17,11,Marketing,Marketing Executive,G1,MGR016,Chennai,Full-Time,370811,16,PhD,Single,Active,
EMP00763,Nakul Ghosh,Nakul,Ghosh,Male,1981-04-11,45,2025-03-13,1,Finance,Financial Analyst,G2,MGR036,Pune,Full-Time,559183,1,Bachelor's,Married,Resigned,2025-12-18
EMP00764,Yashoda Kapur,Yashoda,Kapur,Male,1972-11-19,53,2020-11-26,5,Operations,Operations Manager,G5,MGR063,Pune,Contract,2361240,10,Master's,Married,Active,
EMP00765,Jairaj Iyer,Jairaj,Iyer,Male,1972-08-29,53,2018-07-26,8,Sales,Sales Executive,G3,MGR071,Chennai,Contract,978754,8,Bachelor's,Married,Active,
EMP00766,Liam Khalsa,Liam,Khalsa,Male,1994-07-01,32,2016-06-01,10,HR,HR Manager,G5,MGR035,Pune,Contract,2271146,10,PhD,Married,Active,
EMP00767,Wakeeta Bal,Wakeeta,Bal,Female,2000-10-26,25,2020-04-03,6,Marketing,Digital Marketing Specialist,G3,MGR067,Delhi,Full-Time,924272,4,Diploma,Married,Active,
EMP00768,Jalsa Pillay,Jalsa,Pillay,Female,2002-12-01,23,2016-01-05,10,Operations,Operations Executive,G1,MGR031,Pune,Full-Time,491352,2,Diploma,Single,Active,
EMP00769,Unni Dayal,Unni,Dayal,Female,2001-04-05,25,2024-10-21,1,IT,DevOps Engineer,G5,MGR094,Mumbai,Contract,2477735,4,Diploma,Married,Active,
EMP00770,Gabriel Bhatti,Gabriel,Bhatti,Male,2002-04-18,24,2023-05-14,3,IT,DevOps Engineer,G5,MGR045,Mumbai,Full-Time,2286083,3,PhD,Single,Active,
EMP00771,Dayamai Rao,Dayamai,Rao,Male,1972-11-04,53,2015-11-04,10,Finance,Accountant,G5,MGR007,Hyderabad,Contract,1870453,13,Bachelor's,Married,Resigned,2023-12-26
EMP00772,Nirja Rout,Nirja,Rout,Female,1995-06-18,31,2017-10-20,8,Marketing,Marketing Executive,G3,MGR062,Bangalore,Contract,856855,10,Diploma,Married,Active,
EMP00773,Ethan Dass,Ethan,Dass,Female,1993-11-04,32,2020-10-12,5,IT,DevOps Engineer,G5,MGR063,Pune,Contract,2389561,8,PhD,Married,Active,
EMP00774,Edhitha Borah,Edhitha,Borah,Male,1965-03-26,61,2018-12-03,7,Operations,Operations Executive,G4,MGR002,Pune,Contract,1185877,12,Bachelor's,Single,Active,
EMP00775,Shivani Shukla,Shivani,Shukla,Male,1983-06-05,43,2016-05-22,10,Sales,Sales Executive,G2,MGR033,Mumbai,Contract,672132,10,Master's,Married,Active,
EMP00776,Zansi Padmanabhan,Zansi,Padmanabhan,Male,1989-01-23,37,2024-02-07,2,Finance,Accountant,G4,MGR057,Mumbai,Full-Time,1344079,2,PhD,Single,Active,
EMP00777,Kabir Gopal,Kabir,Gopal,Male,1969-12-19,56,2017-02-15,9,Finance,Accountant,G2,MGR054,Delhi,Contract,603427,10,Bachelor's,Single,Resigned,2019-04-27
EMP00778,Rachita Thakkar,Rachita,Thakkar,Female,1970-05-01,56,2019-09-21,6,Sales,Business Development Executive,G4,MGR088,Delhi,Full-Time,1419336,7,PhD,Married,Active,
EMP00779,Christopher Dash,Christopher,Dash,Male,2000-07-23,26,2015-03-28,11,HR,HR Executive,G3,MGR002,Delhi,Full-Time,962144,5,Master's,Married,Resigned,2024-01-19
EMP00780,Michael Modi,Michael,Modi,Male,1984-06-26,42,2020-05-20,6,Finance,Financial Analyst,G4,MGR098,Hyderabad,Full-Time,1043313,6,Bachelor's,Single,Active,
EMP00781,Nitesh Edwin,Nitesh,Edwin,Male,2003-10-07,22,2017-12-15,8,Operations,Operations Executive,G4,MGR061,Delhi,Full-Time,1104025,1,Bachelor's,Single,Resigned,2023-06-11
EMP00782,Umang Pal,Umang,Pal,Male,1975-04-17,51,2016-05-08,10,HR,HR Manager,G1,MGR025,Mumbai,Contract,371791,11,Bachelor's,Single,Resigned,2025-03-06
EMP00783,Bhanumati Brar,Bhanumati,Brar,Female,1983-04-10,43,2020-11-20,5,Finance,Finance Manager,G2,MGR044,Hyderabad,Contract,558137,10,PhD,Single,Active,
EMP00784,Zashil Hegde,Zashil,Hegde,Female,1981-04-23,45,2018-02-23,8,Finance,Finance Manager,G4,MGR041,Pune,Full-Time,1129482,13,Diploma,Single,Active,
EMP00785,Anvi Dass,Anvi,Dass,Female,1974-07-06,52,2018-03-14,8,Sales,Sales Manager,G5,MGR056,Mumbai,Contract,1605656,11,Master's,Married,Active,
EMP00786,Chavvi Walla,Chavvi,Walla,Male,1995-01-04,31,2015-02-25,11,Operations,Supply Chain Analyst,G2,MGR047,Delhi,Contract,586825,10,Master's,Single,Active,
EMP00787,Girik Thakkar,Girik,Thakkar,Male,1991-03-19,35,2019-04-23,7,IT,Software Engineer,G2,MGR096,Chennai,Full-Time,665035,8,Bachelor's,Single,Active,
EMP00788,Om Dube,Om,Dube,Male,1968-05-11,58,2025-07-24,1,Marketing,SEO Analyst,G3,MGR093,Hyderabad,Full-Time,858060,2,Bachelor's,Single,Active,
EMP00789,Onveer Nazareth,Onveer,Nazareth,Female,1989-09-11,36,2022-12-24,3,Finance,Finance Manager,G3,MGR058,Delhi,Full-Time,891895,7,Diploma,Married,Active,
EMP00790,Benjamin Balakrishnan,Benjamin,Balakrishnan,Male,1972-06-28,54,2021-09-20,4,Finance,Finance Manager,G2,MGR006,Chennai,Full-Time,575931,5,PhD,Married,Active,
EMP00791,Finn Bath,Finn,Bath,Male,1972-06-04,54,2019-11-29,6,Marketing,Digital Marketing Specialist,G5,MGR050,Hyderabad,Contract,2317230,7,Bachelor's,Single,Active,
EMP00792,Alka Kade,Alka,Kade,Male,1991-07-25,35,2022-10-24,3,IT,QA Engineer,G4,MGR091,Delhi,Contract,1264145,4,Bachelor's,Married,Active,
EMP00793,Omaja Balasubramanian,Omaja,Balasubramanian,Male,1972-09-04,53,2017-07-06,9,IT,QA Engineer,G2,MGR006,Delhi,Full-Time,576504,11,Bachelor's,Married,Resigned,2025-12-25
EMP00794,Bimala Mittal,Bimala,Mittal,Male,1993-10-26,32,2025-12-28,0,HR,HR Executive,G5,MGR001,Delhi,Contract,1621828,2,Master's,Married,Active,
EMP00795,Vasudha Konda,Vasudha,Konda,Female,1997-05-23,29,2016-07-01,10,Sales,Business Development Executive,G3,MGR008,Delhi,Full-Time,870202,8,Bachelor's,Married,Active,
EMP00796,Nidra Mishra,Nidra,Mishra,Male,1989-02-08,37,2022-05-16,4,Marketing,Marketing Executive,G4,MGR084,Bangalore,Full-Time,1495796,5,Bachelor's,Married,Active,
EMP00797,Sudiksha Bora,Sudiksha,Bora,Female,1971-12-26,54,2020-01-02,6,HR,Talent Acquisition Specialist,G4,MGR019,Hyderabad,Full-Time,1193273,6,Bachelor's,Married,Active,
EMP00798,Darpan Dugar,Darpan,Dugar,Male,1973-06-22,53,2021-05-22,5,Sales,Business Development Executive,G2,MGR037,Pune,Contract,669755,9,Bachelor's,Married,Active,
EMP00799,Ria Sagar,Ria,Sagar,Male,1968-02-12,58,2016-08-10,9,IT,DevOps Engineer,G2,MGR083,Hyderabad,Full-Time,619281,11,Bachelor's,Single,Active,
EMP00800,Veda Shetty,Veda,Shetty,Female,1982-03-24,44,2015-03-26,11,IT,Software Engineer,G1,MGR032,Pune,Contract,334649,11,Diploma,Single,Resigned,2018-09-13
EMP00801,Harini Dhawan,Harini,Dhawan,Male,1989-05-01,37,2023-04-04,3,Finance,Finance Manager,G1,MGR018,Hyderabad,Contract,353037,4,Master's,Married,Active,
EMP00802,Dhriti Nagar,Dhriti,Nagar,Male,1967-07-05,59,2021-02-04,5,Operations,Operations Manager,G5,MGR003,Pune,Full-Time,1629054,7,Master's,Single,Active,
EMP00803,Hemani Rastogi,Hemani,Rastogi,Female,1971-05-13,55,2015-01-05,11,HR,HR Executive,G2,MGR050,Mumbai,Contract,611970,13,Master's,Single,Resigned,2017-03-27
EMP00804,Kamala Varma,Kamala,Varma,Female,1995-10-22,30,2024-11-30,1,Operations,Operations Executive,G4,MGR015,Mumbai,Full-Time,1088897,6,Master's,Single,Active,
EMP00805,Hitesh Nagar,Hitesh,Nagar,Male,1981-03-04,45,2025-05-09,1,IT,Software Engineer,G5,MGR023,Hyderabad,Contract,1658442,6,Bachelor's,Married,Active,
EMP00806,Wyatt Shukla,Wyatt,Shukla,Female,1993-01-10,33,2024-03-02,2,Finance,Financial Analyst,G1,MGR064,Delhi,Contract,371065,5,Diploma,Single,Resigned,2024-09-08
EMP00807,Amara Sengupta,Amara,Sengupta,Male,1999-11-22,26,2022-05-10,4,HR,HR Manager,G2,MGR058,Delhi,Contract,602393,5,Diploma,Married,Resigned,2023-05-30
EMP00808,Lohit Chatterjee,Lohit,Chatterjee,Female,1971-06-29,55,2016-01-06,10,Finance,Accountant,G2,MGR046,Bangalore,Contract,600930,15,PhD,Married,Active,
EMP00809,Chandresh Mannan,Chandresh,Mannan,Female,1971-03-15,55,2023-12-30,2,Operations,Operations Executive,G4,MGR071,Hyderabad,Contract,1219498,7,Bachelor's,Married,Active,
EMP00810,Leena Sahota,Leena,Sahota,Female,1988-08-21,37,2021-06-24,5,Operations,Supply Chain Analyst,G2,MGR012,Mumbai,Contract,684311,5,Bachelor's,Single,Active,
EMP00811,Yuvraj Dutta,Yuvraj,Dutta,Female,1970-12-29,55,2025-04-30,1,IT,Software Engineer,G3,MGR100,Mumbai,Contract,889193,2,Bachelor's,Married,Active,
EMP00812,Falak Munshi,Falak,Munshi,Male,1967-07-05,59,2023-05-18,3,HR,HR Executive,G2,MGR094,Pune,Contract,598949,8,Diploma,Single,Active,
EMP00813,Ranveer Dutta,Ranveer,Dutta,Male,1986-05-23,40,2024-05-23,2,Marketing,Marketing Executive,G1,MGR047,Mumbai,Full-Time,338505,2,Diploma,Single,Active,
EMP00814,Wishi Varma,Wishi,Varma,Female,1971-09-19,54,2023-08-02,3,HR,HR Manager,G2,MGR068,Delhi,Contract,696111,4,PhD,Married,Active,
EMP00815,Unni Tara,Unni,Tara,Male,1977-11-12,48,2016-03-31,10,HR,HR Executive,G1,MGR097,Mumbai,Full-Time,458380,12,PhD,Married,Active,
EMP00816,Darika Tank,Darika,Tank,Female,1989-11-10,36,2022-12-23,3,Finance,Finance Manager,G5,MGR091,Mumbai,Contract,1820899,5,Master's,Single,Active,
EMP00817,Arin Chana,Arin,Chana,Male,1998-05-03,28,2017-05-17,9,Sales,Business Development Executive,G1,MGR051,Mumbai,Full-Time,357385,7,PhD,Married,Active,
EMP00818,Maya Tiwari,Maya,Tiwari,Female,2002-02-09,24,2019-04-08,7,HR,HR Executive,G3,MGR025,Bangalore,Full-Time,922414,3,Diploma,Married,Active,
EMP00819,Tanvi Khosla,Tanvi,Khosla,Female,1966-04-05,60,2017-09-08,8,Finance,Accountant,G5,MGR009,Mumbai,Full-Time,1611636,12,Bachelor's,Single,Active,
EMP00820,Tanveer Pandit,Tanveer,Pandit,Male,1975-10-13,50,2018-01-07,8,IT,QA Engineer,G5,MGR073,Hyderabad,Full-Time,1547054,10,Master's,Single,Resigned,2018-11-05
EMP00821,Chandresh Manda,Chandresh,Manda,Male,1980-12-31,45,2023-06-06,3,Finance,Financial Analyst,G5,MGR041,Hyderabad,Contract,1704350,3,Diploma,Married,Active,
EMP00822,Warda Singhal,Warda,Singhal,Male,1987-07-12,39,2024-01-21,2,HR,HR Executive,G5,MGR049,Hyderabad,Full-Time,2334739,2,Bachelor's,Single,Active,
EMP00823,Bhavika Yadav,Bhavika,Yadav,Male,1993-01-29,33,2016-01-18,10,Operations,Operations Executive,G2,MGR084,Mumbai,Full-Time,678640,11,Master's,Married,Active,
EMP00824,Abhiram Chokshi,Abhiram,Chokshi,Female,1978-01-18,48,2019-01-15,7,Marketing,Digital Marketing Specialist,G1,MGR100,Delhi,Contract,486846,11,Bachelor's,Single,Resigned,2022-09-14
EMP00825,Krish Lalla,Krish,Lalla,Female,1969-05-15,57,2024-01-10,2,IT,Data Analyst,G3,MGR012,Hyderabad,Full-Time,986856,5,Master's,Single,Resigned,2025-07-31
EMP00826,Neha Pau,Neha,Pau,Male,1968-01-22,58,2018-02-21,8,Marketing,Digital Marketing Specialist,G3,MGR010,Mumbai,Contract,746781,10,PhD,Married,Active,
EMP00827,Chakradev Rattan,Chakradev,Rattan,Female,1994-03-04,32,2025-05-13,1,HR,HR Executive,G5,MGR006,Bangalore,Contract,2011976,3,PhD,Single,Active,
EMP00828,Charan Hayer,Charan,Hayer,Female,1981-10-06,44,2015-12-08,10,Operations,Operations Manager,G5,MGR034,Delhi,Full-Time,1971955,12,Diploma,Single,Active,
EMP00829,Janani Mani,Janani,Mani,Male,1971-12-08,54,2024-07-26,2,IT,Data Engineer,G4,MGR073,Hyderabad,Full-Time,1082945,3,PhD,Married,Active,
EMP00830,Ethan Raju,Ethan,Raju,Female,1985-11-24,40,2020-04-02,6,Operations,Supply Chain Analyst,G4,MGR011,Mumbai,Full-Time,1057209,8,PhD,Single,Active,
EMP00831,Yamini Seshadri,Yamini,Seshadri,Male,1979-03-27,47,2018-11-03,7,Marketing,Digital Marketing Specialist,G2,MGR095,Hyderabad,Full-Time,684101,12,PhD,Single,Active,
EMP00832,Ati Dani,Ati,Dani,Female,1971-07-13,55,2022-03-07,4,HR,HR Manager,G5,MGR077,Hyderabad,Full-Time,1532844,6,PhD,Married,Active,
EMP00833,Kabir Chatterjee,Kabir,Chatterjee,Male,2003-12-09,22,2015-04-04,11,Operations,Operations Manager,G3,MGR082,Mumbai,Full-Time,832157,1,Diploma,Married,Active,
EMP00834,Meera Prakash,Meera,Prakash,Female,1996-12-12,29,2020-01-24,6,Sales,Business Development Executive,G2,MGR034,Mumbai,Full-Time,675543,8,PhD,Married,Resigned,2022-12-12
EMP00835,Jasmit Dhawan,Jasmit,Dhawan,Female,1972-05-19,54,2017-03-24,9,Finance,Financial Analyst,G4,MGR069,Delhi,Full-Time,1249298,12,Master's,Married,Active,
EMP00836,Rushil Upadhyay,Rushil,Upadhyay,Male,1968-06-28,58,2023-02-08,3,Operations,Supply Chain Analyst,G5,MGR042,Delhi,Contract,1651642,5,Bachelor's,Married,Resigned,2024-10-23
EMP00837,Xiti Baria,Xiti,Baria,Female,2003-10-09,22,2018-07-20,8,IT,DevOps Engineer,G3,MGR093,Pune,Contract,972992,1,PhD,Single,Active,
EMP00838,Chakradev Barad,Chakradev,Barad,Male,1983-11-07,42,2022-10-23,3,Marketing,Marketing Executive,G5,MGR028,Bangalore,Full-Time,1895896,8,Diploma,Married,Active,
EMP00839,Laksh Nath,Laksh,Nath,Male,1978-07-19,48,2025-01-20,1,Finance,Finance Manager,G1,MGR064,Delhi,Contract,483321,5,PhD,Married,Active,
EMP00840,Urvi Venkataraman,Urvi,Venkataraman,Female,1988-06-20,38,2025-12-03,0,Finance,Accountant,G2,MGR055,Bangalore,Full-Time,620277,4,Bachelor's,Married,Active,
EMP00841,Tanmayi Dixit,Tanmayi,Dixit,Female,1993-06-12,33,2018-03-06,8,Operations,Supply Chain Analyst,G1,MGR014,Pune,Full-Time,322969,9,PhD,Single,Active,
EMP00842,Yutika Dey,Yutika,Dey,Male,1993-06-02,33,2019-12-25,6,Marketing,SEO Analyst,G1,MGR038,Hyderabad,Full-Time,475036,9,PhD,Married,Active,
EMP00843,Falak Nagar,Falak,Nagar,Female,1970-08-01,56,2018-12-07,7,Sales,Sales Manager,G4,MGR048,Mumbai,Contract,1003987,9,Master's,Married,Active,
EMP00844,Nicholas Ramaswamy,Nicholas,Ramaswamy,Female,1995-03-16,31,2017-09-16,8,IT,DevOps Engineer,G1,MGR004,Mumbai,Contract,304071,10,Master's,Married,Active,
EMP00845,Chandani Nayar,Chandani,Nayar,Female,1975-11-07,50,2021-03-26,5,Sales,Sales Executive,G5,MGR051,Pune,Contract,2175738,7,PhD,Single,Active,
EMP00846,Yashica Upadhyay,Yashica,Upadhyay,Female,1988-03-16,38,2016-10-10,9,Sales,Sales Executive,G1,MGR017,Chennai,Full-Time,486128,9,PhD,Married,Active,
EMP00847,Vrishti Mistry,Vrishti,Mistry,Male,1979-06-19,47,2017-04-14,9,IT,Software Engineer,G1,MGR002,Delhi,Full-Time,414667,13,Diploma,Married,Active,
EMP00848,Vaishnavi Badal,Vaishnavi,Badal,Male,1985-05-09,41,2022-02-11,4,Operations,Operations Manager,G2,MGR084,Mumbai,Contract,562841,9,Bachelor's,Married,Active,
EMP00849,Jyoti Narula,Jyoti,Narula,Male,1977-05-03,49,2015-12-06,10,HR,Talent Acquisition Specialist,G1,MGR075,Pune,Full-Time,467349,11,Diploma,Single,Active,
EMP00850,Imaran Saha,Imaran,Saha,Female,1973-02-07,53,2016-01-16,10,IT,DevOps Engineer,G3,MGR051,Pune,Contract,809037,13,PhD,Single,Active,
EMP00851,Darika Bala,Darika,Bala,Male,1974-06-08,52,2022-09-16,3,Sales,Sales Manager,G3,MGR021,Mumbai,Contract,936390,4,Bachelor's,Single,Active,
EMP00852,Urvi Lanka,Urvi,Lanka,Female,1980-07-22,46,2020-06-05,6,Marketing,SEO Analyst,G5,MGR021,Chennai,Contract,1505258,10,Bachelor's,Single,Active,
EMP00853,Vedant Behl,Vedant,Behl,Male,1974-09-14,51,2024-09-20,1,Finance,Accountant,G2,MGR042,Mumbai,Full-Time,507732,5,Bachelor's,Married,Active,
EMP00854,Varsha Garde,Varsha,Garde,Male,1969-02-15,57,2018-11-28,7,Operations,Supply Chain Analyst,G3,MGR096,Hyderabad,Contract,944865,10,PhD,Single,Active,
EMP00855,Lajita Divan,Lajita,Divan,Male,1995-10-27,30,2024-06-27,2,Operations,Operations Manager,G4,MGR075,Chennai,Contract,1053946,4,Bachelor's,Married,Active,
EMP00856,Xavier Balay,Xavier,Balay,Female,1984-01-04,42,2021-09-08,4,Operations,Operations Manager,G3,MGR078,Hyderabad,Contract,756391,9,Master's,Married,Resigned,2026-07-22
EMP00857,Imaran Halder,Imaran,Halder,Male,1985-02-28,41,2016-11-16,9,IT,QA Engineer,G3,MGR038,Chennai,Contract,914857,12,Diploma,Single,Active,
EMP00858,Anirudh Sastry,Anirudh,Sastry,Female,1984-04-06,42,2023-11-14,2,HR,HR Manager,G2,MGR028,Delhi,Contract,519042,3,Bachelor's,Married,Active,
EMP00859,Dipta Sahota,Dipta,Sahota,Female,1995-11-16,30,2015-02-14,11,Operations,Operations Manager,G2,MGR073,Bangalore,Full-Time,621995,9,Diploma,Married,Active,
EMP00860,Max Sachar,Max,Sachar,Male,1988-08-26,37,2017-06-09,9,IT,QA Engineer,G3,MGR074,Delhi,Contract,739229,14,Master's,Married,Active,
EMP00861,Samar Roy,Samar,Roy,Male,2001-01-03,25,2020-07-16,6,Sales,Sales Executive,G3,MGR016,Pune,Contract,920849,4,Master's,Married,Active,
EMP00862,Yachana Sinha,Yachana,Sinha,Male,1977-10-15,48,2015-03-15,11,Operations,Supply Chain Analyst,G1,MGR037,Mumbai,Contract,421050,16,Diploma,Married,Active,
EMP00863,David Devi,David,Devi,Male,1986-01-29,40,2016-01-25,10,Sales,Business Development Executive,G3,MGR041,Bangalore,Contract,844008,11,Master's,Married,Active,
EMP00864,Zilmil Johal,Zilmil,Johal,Female,1978-05-22,48,2022-10-23,3,Sales,Sales Manager,G1,MGR080,Pune,Full-Time,398017,8,Diploma,Single,Active,
EMP00865,Ekta Sridhar,Ekta,Sridhar,Female,2003-08-22,22,2022-09-17,3,Operations,Operations Manager,G2,MGR012,Mumbai,Contract,544614,1,Diploma,Single,Active,
EMP00866,Krisha Murthy,Krisha,Murthy,Male,1969-12-21,56,2015-07-16,11,Finance,Accountant,G3,MGR089,Chennai,Contract,872663,13,Bachelor's,Single,Active,
EMP00867,Oscar Sharaf,Oscar,Sharaf,Male,1970-09-01,55,2018-07-31,8,HR,Talent Acquisition Specialist,G4,MGR058,Delhi,Full-Time,1333920,13,Bachelor's,Married,Active,
EMP00868,Hema Pandya,Hema,Pandya,Female,1979-06-11,47,2023-08-31,2,Operations,Operations Manager,G2,MGR034,Bangalore,Full-Time,524064,3,Bachelor's,Single,Active,
EMP00869,Aishani Sule,Aishani,Sule,Male,1987-03-10,39,2015-09-04,10,HR,HR Executive,G2,MGR050,Mumbai,Contract,622722,10,Master's,Single,Active,
EMP00870,Rehaan Koshy,Rehaan,Koshy,Female,1999-02-11,27,2025-08-04,1,Finance,Finance Manager,G4,MGR020,Chennai,Full-Time,1343560,4,Bachelor's,Married,Active,
EMP00871,Arya Misra,Arya,Misra,Female,2003-12-06,22,2021-12-16,4,Marketing,Marketing Executive,G4,MGR009,Bangalore,Contract,1098541,1,Master's,Single,Active,
EMP00872,Umang Mishra,Umang,Mishra,Male,1998-06-03,28,2016-03-27,10,HR,HR Executive,G4,MGR035,Pune,Contract,1098057,7,PhD,Married,Active,
EMP00873,Bhavya Johal,Bhavya,Johal,Male,1980-11-24,45,2019-11-03,6,HR,HR Executive,G4,MGR056,Chennai,Contract,1263292,7,PhD,Married,Active,
EMP00874,Vrinda Nadig,Vrinda,Nadig,Male,1994-02-05,32,2019-04-16,7,Operations,Operations Manager,G2,MGR025,Hyderabad,Full-Time,577071,8,Master's,Married,Active,
EMP00875,Varsha Palla,Varsha,Palla,Male,1995-07-23,31,2015-07-24,11,Operations,Operations Executive,G1,MGR015,Pune,Full-Time,357561,10,Master's,Single,Active,
EMP00876,Anusha Mani,Anusha,Mani,Male,1977-05-11,49,2017-07-16,9,Marketing,SEO Analyst,G4,MGR051,Pune,Full-Time,1205472,13,PhD,Single,Active,
EMP00877,Jairaj Raghavan,Jairaj,Raghavan,Male,1980-08-05,46,2022-02-21,4,Finance,Finance Manager,G5,MGR094,Pune,Full-Time,1801967,6,PhD,Married,Resigned,2025-06-30
EMP00878,Hemani Dhingra,Hemani,Dhingra,Male,1972-08-21,53,2018-07-14,8,Operations,Operations Executive,G2,MGR043,Hyderabad,Full-Time,549111,12,PhD,Married,Active,
EMP00879,Bina Basak,Bina,Basak,Male,1976-11-01,49,2024-11-18,1,IT,Data Analyst,G1,MGR046,Hyderabad,Full-Time,455714,5,Bachelor's,Married,Active,
EMP00880,Bhavna Brar,Bhavna,Brar,Male,1990-06-13,36,2022-08-17,3,Finance,Accountant,G5,MGR022,Mumbai,Full-Time,2027587,7,Master's,Married,Active,
EMP00881,Hiral Sathe,Hiral,Sathe,Female,1989-06-24,37,2017-11-20,8,Operations,Operations Manager,G3,MGR059,Pune,Contract,890992,10,Master's,Married,Active,
EMP00882,Aahana Srinivas,Aahana,Srinivas,Male,1971-08-21,54,2025-12-22,0,Sales,Sales Executive,G2,MGR064,Pune,Full-Time,593636,3,PhD,Married,Active,
EMP00883,Tanish Jaggi,Tanish,Jaggi,Male,1973-09-11,52,2025-04-28,1,Sales,Business Development Executive,G1,MGR081,Delhi,Contract,371807,1,Bachelor's,Married,Resigned,2026-06-20
EMP00884,Anika Magar,Anika,Magar,Female,1979-11-10,46,2019-05-21,7,Marketing,Digital Marketing Specialist,G3,MGR025,Pune,Contract,862174,11,Diploma,Married,Active,
EMP00885,Laksh Chopra,Laksh,Chopra,Female,1977-12-09,48,2016-03-27,10,IT,DevOps Engineer,G2,MGR088,Mumbai,Contract,622242,15,Bachelor's,Married,Active,
EMP00886,Wriddhish Kibe,Wriddhish,Kibe,Male,2000-11-16,25,2018-04-22,8,IT,DevOps Engineer,G1,MGR037,Chennai,Full-Time,356970,4,PhD,Married,Active,
EMP00887,Chandresh Wali,Chandresh,Wali,Female,1994-08-14,31,2024-05-09,2,IT,Software Engineer,G3,MGR045,Bangalore,Full-Time,772204,2,Master's,Single,Resigned,2025-04-24
EMP00888,Viraj Ben,Viraj,Ben,Male,1984-05-19,42,2021-07-25,5,IT,Data Engineer,G2,MGR061,Bangalore,Full-Time,508424,8,PhD,Married,Active,
EMP00889,Harish Sachdev,Harish,Sachdev,Male,1976-09-20,49,2025-04-27,1,Finance,Finance Manager,G3,MGR073,Hyderabad,Contract,790860,5,Bachelor's,Single,Active,
EMP00890,Ganga Sodhi,Ganga,Sodhi,Female,1989-11-12,36,2017-03-28,9,Finance,Financial Analyst,G1,MGR073,Delhi,Contract,377944,13,Bachelor's,Married,Active,
EMP00891,Harish Devan,Harish,Devan,Female,1969-04-23,57,2016-07-21,10,Marketing,Digital Marketing Specialist,G3,MGR088,Delhi,Contract,964144,15,Master's,Married,Active,
EMP00892,Abdul Dugar,Abdul,Dugar,Female,1985-09-10,40,2015-04-24,11,Marketing,Marketing Executive,G4,MGR097,Mumbai,Contract,1046362,16,Master's,Single,Active,
EMP00893,Niharika Soni,Niharika,Soni,Female,1967-05-28,59,2023-06-21,3,Sales,Sales Executive,G4,MGR001,Hyderabad,Contract,1351314,7,Diploma,Single,Active,
EMP00894,Vansha Iyengar,Vansha,Iyengar,Male,1979-12-17,46,2021-08-31,4,IT,Data Engineer,G5,MGR089,Bangalore,Full-Time,2004855,4,Diploma,Single,Active,
EMP00895,Bhavna Nagi,Bhavna,Nagi,Female,1971-02-13,55,2017-07-04,9,Operations,Supply Chain Analyst,G2,MGR081,Bangalore,Full-Time,578877,13,Bachelor's,Single,Active,
EMP00896,Bhavika Bhargava,Bhavika,Bhargava,Male,1992-02-01,34,2024-11-13,1,IT,QA Engineer,G1,MGR027,Pune,Contract,364803,5,PhD,Married,Active,
EMP00897,Gaurav Kata,Gaurav,Kata,Male,1978-06-15,48,2019-07-16,7,Sales,Sales Executive,G2,MGR034,Chennai,Contract,643319,8,Diploma,Married,Active,
EMP00898,Baljiwan Gill,Baljiwan,Gill,Male,1973-04-16,53,2016-08-03,10,Operations,Supply Chain Analyst,G2,MGR066,Delhi,Full-Time,544767,11,PhD,Married,Active,
EMP00899,Omisha Goda,Omisha,Goda,Male,1991-05-31,35,2020-07-12,6,Finance,Finance Manager,G3,MGR050,Delhi,Full-Time,905095,9,PhD,Married,Active,
EMP00900,Balhaar Ranganathan,Balhaar,Ranganathan,Female,1985-07-03,41,2016-05-07,10,Marketing,Digital Marketing Specialist,G1,MGR039,Pune,Contract,452184,10,Master's,Single,Active,
EMP00901,Warhi Grewal,Warhi,Grewal,Female,1977-06-03,49,2015-02-07,11,HR,HR Manager,G5,MGR065,Mumbai,Contract,2397412,11,PhD,Single,Active,
EMP00902,Bimala Barad,Bimala,Barad,Male,1980-10-13,45,2022-05-10,4,Operations,Supply Chain Analyst,G3,MGR092,Mumbai,Contract,940900,6,PhD,Single,Resigned,2022-05-24
EMP00903,Chanchal Chhabra,Chanchal,Chhabra,Female,1981-11-21,44,2025-10-17,0,Sales,Business Development Executive,G2,MGR091,Chennai,Contract,651005,2,Master's,Married,Active,
EMP00904,Gautami Mane,Gautami,Mane,Female,1968-01-13,58,2015-07-04,11,IT,Data Analyst,G2,MGR086,Pune,Contract,525307,15,Master's,Single,Resigned,2023-03-27
EMP00905,Wakeeta Desai,Wakeeta,Desai,Male,1969-09-24,56,2025-02-02,1,HR,Talent Acquisition Specialist,G4,MGR054,Pune,Full-Time,1396264,1,Master's,Single,Active,
EMP00906,Yamini Sidhu,Yamini,Sidhu,Male,1984-10-22,41,2023-07-24,3,Finance,Finance Manager,G1,MGR042,Pune,Contract,345630,6,Bachelor's,Single,Active,
EMP00907,Anjali Hans,Anjali,Hans,Female,1984-08-17,41,2022-08-12,3,Finance,Accountant,G2,MGR021,Hyderabad,Full-Time,694551,3,Diploma,Single,Active,
EMP00908,Isaiah Narayanan,Isaiah,Narayanan,Male,1965-03-27,61,2019-01-12,7,Sales,Business Development Executive,G5,MGR010,Bangalore,Full-Time,2406484,12,PhD,Single,Active,
EMP00909,Nicholas Shanker,Nicholas,Shanker,Female,1987-06-20,39,2018-12-13,7,Finance,Finance Manager,G5,MGR018,Pune,Contract,2394877,7,PhD,Single,Active,
EMP00910,Aarini Grewal,Aarini,Grewal,Male,2000-02-05,26,2020-10-19,5,Finance,Accountant,G1,MGR030,Pune,Contract,430734,5,Bachelor's,Married,Resigned,2020-12-01
EMP00911,Geetika Merchant,Geetika,Merchant,Female,1982-07-07,44,2022-11-20,3,Finance,Accountant,G2,MGR010,Chennai,Full-Time,575515,8,Master's,Married,Active,
EMP00912,Reyansh Gill,Reyansh,Gill,Male,1991-02-22,35,2020-04-13,6,Finance,Finance Manager,G1,MGR044,Hyderabad,Contract,308460,9,Master's,Single,Active,
EMP00913,Nidra Sane,Nidra,Sane,Female,1998-12-22,27,2022-06-10,4,IT,Data Analyst,G4,MGR073,Chennai,Full-Time,1038226,6,Diploma,Married,Active,
EMP00914,Yutika Narang,Yutika,Narang,Male,1989-09-26,36,2020-05-15,6,HR,HR Manager,G1,MGR005,Hyderabad,Full-Time,327279,9,Master's,Married,Active,
EMP00915,Gabriel Rattan,Gabriel,Rattan,Male,1965-12-18,60,2025-06-11,1,IT,Software Engineer,G2,MGR078,Hyderabad,Full-Time,640033,5,PhD,Single,Active,
EMP00916,Girish Goyal,Girish,Goyal,Female,1996-03-13,30,2016-05-27,10,Sales,Business Development Executive,G4,MGR018,Pune,Contract,1288119,9,Master's,Married,Active,
EMP00917,Logan Sood,Logan,Sood,Female,1967-08-08,59,2017-09-02,8,HR,HR Executive,G5,MGR030,Hyderabad,Full-Time,1510537,8,Bachelor's,Single,Active,
EMP00918,Ekiya Kothari,Ekiya,Kothari,Male,1984-09-03,41,2017-01-09,9,Finance,Accountant,G3,MGR078,Delhi,Full-Time,883326,12,Bachelor's,Married,Active,
EMP00919,Abeer Lal,Abeer,Lal,Male,1994-06-15,32,2015-11-11,10,IT,Data Engineer,G5,MGR064,Delhi,Contract,1715860,11,PhD,Married,Resigned,2022-05-21
EMP00920,Warinder Sekhon,Warinder,Sekhon,Female,2003-12-25,22,2022-05-01,4,HR,Talent Acquisition Specialist,G3,MGR090,Chennai,Full-Time,867173,1,Master's,Married,Active,
EMP00921,Amara Narayan,Amara,Narayan,Female,1977-07-20,49,2015-11-18,10,HR,HR Executive,G5,MGR040,Delhi,Full-Time,1741734,14,Master's,Single,Active,
EMP00922,Chasmum Apte,Chasmum,Apte,Male,1996-04-29,30,2019-12-09,6,Operations,Operations Manager,G1,MGR064,Pune,Contract,305580,9,PhD,Married,Active,
EMP00923,Advika Parsa,Advika,Parsa,Male,1967-09-06,58,2018-02-17,8,Marketing,Digital Marketing Specialist,G4,MGR049,Hyderabad,Contract,1009882,12,Bachelor's,Single,Active,
EMP00924,Warinder Bhatia,Warinder,Bhatia,Female,1988-11-20,37,2015-08-03,11,Operations,Operations Manager,G1,MGR098,Bangalore,Full-Time,441963,13,Master's,Married,Active,
EMP00925,Jagat Shroff,Jagat,Shroff,Male,1998-12-20,27,2015-04-23,11,Finance,Finance Manager,G5,MGR055,Delhi,Full-Time,1955161,6,PhD,Married,Resigned,2020-07-11
EMP00926,Nathaniel Ravi,Nathaniel,Ravi,Female,1984-01-06,42,2021-06-03,5,Operations,Supply Chain Analyst,G5,MGR021,Hyderabad,Contract,1772735,5,Bachelor's,Single,Active,
EMP00927,Yadavi Mukhopadhyay,Yadavi,Mukhopadhyay,Female,1968-11-02,57,2017-10-20,8,Marketing,Digital Marketing Specialist,G3,MGR051,Pune,Contract,999411,9,Master's,Married,Active,
EMP00928,Jacob Merchant,Jacob,Merchant,Male,1970-07-30,56,2018-06-11,8,Marketing,SEO Analyst,G3,MGR023,Hyderabad,Contract,838683,12,PhD,Single,Active,
EMP00929,Jhalak Kant,Jhalak,Kant,Female,1986-07-17,40,2022-02-25,4,Marketing,Marketing Executive,G4,MGR075,Pune,Contract,1030715,4,Master's,Single,Active,
EMP00930,Theodore Deol,Theodore,Deol,Female,1999-05-12,27,2023-10-28,2,Finance,Financial Analyst,G4,MGR030,Delhi,Full-Time,1066701,3,Diploma,Single,Active,
EMP00931,Vanya Dua,Vanya,Dua,Male,1973-04-07,53,2022-09-04,3,Marketing,Digital Marketing Specialist,G5,MGR006,Chennai,Full-Time,1832749,8,Master's,Married,Active,
EMP00932,Suhani Prakash,Suhani,Prakash,Female,1989-03-30,37,2023-01-21,3,IT,QA Engineer,G2,MGR014,Pune,Contract,591679,6,Diploma,Single,Active,
EMP00933,Ojasvi Sinha,Ojasvi,Sinha,Female,2002-03-12,24,2024-03-23,2,Operations,Operations Manager,G1,MGR055,Bangalore,Full-Time,468266,3,Master's,Married,Active,
EMP00934,Tejas Kota,Tejas,Kota,Female,1994-04-01,32,2019-03-15,7,Sales,Sales Manager,G5,MGR021,Bangalore,Full-Time,1532670,11,Bachelor's,Single,Active,
EMP00935,Finn Vora,Finn,Vora,Male,2001-03-31,25,2018-07-06,8,Marketing,SEO Analyst,G5,MGR075,Delhi,Contract,2321524,4,PhD,Single,Active,
EMP00936,Sanya Wable,Sanya,Wable,Male,1982-02-04,44,2023-07-21,3,Operations,Operations Executive,G1,MGR073,Chennai,Contract,358872,5,Diploma,Single,Active,
EMP00937,Janaki Brahmbhatt,Janaki,Brahmbhatt,Female,1979-03-21,47,2018-01-07,8,HR,Talent Acquisition Specialist,G3,MGR043,Mumbai,Contract,827941,9,PhD,Married,Active,
EMP00938,Isaac Bhatia,Isaac,Bhatia,Male,1996-02-03,30,2017-09-14,8,Sales,Business Development Executive,G4,MGR011,Bangalore,Full-Time,1189729,9,PhD,Single,Active,
EMP00939,Yashasvi Jain,Yashasvi,Jain,Female,1975-04-23,51,2021-05-21,5,HR,Talent Acquisition Specialist,G2,MGR087,Chennai,Full-Time,606854,9,Master's,Married,Active,
EMP00940,Mason Gala,Mason,Gala,Male,1968-08-28,57,2019-08-01,7,Sales,Business Development Executive,G2,MGR064,Delhi,Full-Time,650998,12,PhD,Single,Active,
EMP00941,Falak Venkatesh,Falak,Venkatesh,Female,1976-10-25,49,2023-08-02,3,Marketing,SEO Analyst,G4,MGR013,Mumbai,Full-Time,1389469,6,Diploma,Single,Resigned,2025-06-18
EMP00942,Jackson Jha,Jackson,Jha,Male,1988-02-06,38,2024-09-20,1,Marketing,Digital Marketing Specialist,G4,MGR017,Hyderabad,Full-Time,1185790,3,Diploma,Married,Resigned,2026-03-30
EMP00943,Vrinda Chand,Vrinda,Chand,Female,1991-07-14,35,2021-10-29,4,Marketing,Marketing Executive,G1,MGR095,Bangalore,Contract,319333,4,PhD,Married,Active,
EMP00944,Yashvi Sehgal,Yashvi,Sehgal,Female,1996-05-28,30,2016-07-05,10,Operations,Operations Executive,G5,MGR066,Pune,Full-Time,2460854,9,Master's,Married,Active,
EMP00945,Christopher Setty,Christopher,Setty,Female,1972-12-05,53,2020-09-14,5,Operations,Supply Chain Analyst,G3,MGR030,Bangalore,Contract,750802,10,Diploma,Married,Active,
EMP00946,Kevin Varghese,Kevin,Varghese,Female,1979-04-17,47,2023-06-29,3,HR,HR Executive,G1,MGR094,Mumbai,Contract,492577,7,Master's,Married,Active,
EMP00947,Ojasvi Shan,Ojasvi,Shan,Female,1972-06-06,54,2016-04-30,10,Finance,Financial Analyst,G4,MGR029,Mumbai,Contract,1230118,15,Diploma,Single,Active,
EMP00948,Dalbir Shere,Dalbir,Shere,Male,1969-04-22,57,2017-04-27,9,Marketing,SEO Analyst,G2,MGR077,Pune,Full-Time,507169,13,PhD,Single,Active,
EMP00949,Darika Bains,Darika,Bains,Female,1990-08-15,35,2019-10-13,6,Operations,Operations Manager,G5,MGR059,Bangalore,Full-Time,1632307,8,PhD,Married,Active,
EMP00950,Meghana Kumar,Meghana,Kumar,Male,2003-10-13,22,2016-07-14,10,Finance,Finance Manager,G1,MGR011,Delhi,Full-Time,392725,1,Master's,Single,Active,
EMP00951,Aarush Kamdar,Aarush,Kamdar,Female,1985-05-05,41,2022-01-27,4,Operations,Supply Chain Analyst,G1,MGR089,Bangalore,Full-Time,485285,9,Diploma,Married,Active,
EMP00952,Elijah Bath,Elijah,Bath,Male,1993-06-18,33,2022-01-13,4,IT,Data Analyst,G2,MGR049,Mumbai,Full-Time,653706,6,PhD,Single,Active,
EMP00953,Pallavi Padmanabhan,Pallavi,Padmanabhan,Male,1997-11-27,28,2020-07-27,6,Finance,Accountant,G2,MGR012,Chennai,Full-Time,666401,7,PhD,Single,Active,
EMP00954,Devansh Bhasin,Devansh,Bhasin,Male,1996-11-06,29,2016-12-30,9,IT,DevOps Engineer,G3,MGR081,Chennai,Full-Time,899381,8,Master's,Married,Active,
EMP00955,Ekapad Sodhi,Ekapad,Sodhi,Male,1978-06-18,48,2024-06-05,2,HR,HR Manager,G4,MGR081,Hyderabad,Contract,1257017,5,PhD,Married,Active,
EMP00956,Azad Mangat,Azad,Mangat,Male,1998-11-13,27,2023-07-27,3,Finance,Financial Analyst,G4,MGR032,Delhi,Contract,1170601,6,Bachelor's,Married,Resigned,2025-04-22
EMP00957,Pranit Deshmukh,Pranit,Deshmukh,Male,1980-08-04,46,2022-10-25,3,Sales,Business Development Executive,G2,MGR063,Chennai,Contract,626809,3,Diploma,Married,Active,
EMP00958,Osha Prasad,Osha,Prasad,Male,2003-03-05,23,2023-10-12,2,Sales,Sales Executive,G5,MGR042,Bangalore,Contract,2309289,2,PhD,Married,Active,
EMP00959,Lavanya Sen,Lavanya,Sen,Female,1967-06-15,59,2018-01-04,8,Sales,Business Development Executive,G2,MGR082,Pune,Contract,589087,12,PhD,Single,Active,
EMP00960,Krishna Prashad,Krishna,Prashad,Male,1989-01-17,37,2017-04-24,9,Operations,Operations Executive,G5,MGR043,Mumbai,Full-Time,2140419,14,PhD,Single,Active,
EMP00961,Faris Zacharia,Faris,Zacharia,Female,1980-10-27,45,2023-08-07,2,Marketing,Marketing Executive,G1,MGR027,Bangalore,Full-Time,435960,5,PhD,Single,Active,
EMP00962,Kiaan Pall,Kiaan,Pall,Male,1981-10-09,44,2018-09-19,7,Sales,Sales Executive,G5,MGR032,Pune,Full-Time,2268956,12,Diploma,Married,Active,
EMP00963,Jagat Gokhale,Jagat,Gokhale,Male,1972-01-16,54,2018-03-05,8,Finance,Accountant,G2,MGR099,Delhi,Full-Time,665558,11,Master's,Single,Active,
EMP00964,Maya Wadhwa,Maya,Wadhwa,Female,1994-05-25,32,2019-06-30,7,HR,Talent Acquisition Specialist,G3,MGR010,Pune,Contract,744520,8,Diploma,Single,Active,
EMP00965,Joshua Kapoor,Joshua,Kapoor,Female,1973-09-19,52,2024-04-28,2,Marketing,Digital Marketing Specialist,G3,MGR066,Delhi,Full-Time,922902,3,Master's,Married,Active,
EMP00966,Aarush Bajaj,Aarush,Bajaj,Female,1994-06-06,32,2021-06-18,5,Sales,Sales Manager,G3,MGR012,Mumbai,Contract,925199,9,Master's,Married,Active,
EMP00967,Chanchal Sheth,Chanchal,Sheth,Male,1982-02-26,44,2015-03-12,11,Sales,Business Development Executive,G4,MGR048,Chennai,Full-Time,1498837,11,Bachelor's,Single,Active,
EMP00968,Panini Wali,Panini,Wali,Male,1985-01-21,41,2019-02-23,7,Sales,Business Development Executive,G1,MGR040,Bangalore,Full-Time,468511,7,Diploma,Single,Active,
EMP00969,Ladli Karpe,Ladli,Karpe,Male,2003-10-18,22,2025-07-25,1,Sales,Business Development Executive,G2,MGR019,Hyderabad,Contract,521990,1,Bachelor's,Single,Active,
EMP00970,Yug Sharma,Yug,Sharma,Female,1983-06-23,43,2018-06-29,8,Operations,Operations Manager,G2,MGR042,Delhi,Contract,509570,8,Master's,Single,Active,
EMP00971,Hiral Dubey,Hiral,Dubey,Female,1989-06-22,37,2020-08-09,5,Finance,Finance Manager,G2,MGR060,Delhi,Contract,584367,7,Diploma,Single,Active,
EMP00972,Anya Gulati,Anya,Gulati,Male,1981-11-08,44,2016-06-05,10,IT,Data Analyst,G5,MGR016,Mumbai,Full-Time,2284490,15,Diploma,Single,Resigned,2018-05-07
EMP00973,Azad Saini,Azad,Saini,Female,1972-08-29,53,2022-01-08,4,Marketing,Digital Marketing Specialist,G2,MGR071,Hyderabad,Contract,696344,5,Master's,Single,Active,
EMP00974,Amol Khosla,Amol,Khosla,Female,1997-04-18,29,2025-05-04,1,Operations,Operations Manager,G5,MGR079,Bangalore,Full-Time,1838046,2,Master's,Single,Active,
EMP00975,Samuel Bhavsar,Samuel,Bhavsar,Female,1988-04-19,38,2021-10-12,4,Finance,Financial Analyst,G4,MGR043,Delhi,Full-Time,1110424,9,PhD,Single,Active,
EMP00976,Harrison Bandi,Harrison,Bandi,Male,1971-09-30,54,2020-04-11,6,IT,Software Engineer,G3,MGR026,Delhi,Full-Time,798395,11,PhD,Married,Active,
EMP00977,Sanya Bava,Sanya,Bava,Female,1991-09-01,34,2016-10-02,9,IT,Data Engineer,G5,MGR029,Bangalore,Full-Time,2426252,12,Master's,Married,Active,
EMP00978,Yash Basu,Yash,Basu,Female,1991-03-21,35,2023-03-07,3,Finance,Financial Analyst,G5,MGR052,Bangalore,Full-Time,2304246,8,Bachelor's,Single,Active,
EMP00979,Neelima Sarna,Neelima,Sarna,Female,1972-12-31,53,2017-12-12,8,Marketing,Marketing Executive,G2,MGR076,Delhi,Contract,636922,13,Master's,Married,Active,
EMP00980,Vivaan Zacharia,Vivaan,Zacharia,Male,2000-02-21,26,2017-08-07,8,HR,HR Executive,G5,MGR019,Mumbai,Contract,1653607,5,Master's,Single,Resigned,2021-04-18
EMP00981,Daksh Dey,Daksh,Dey,Male,1971-02-23,55,2020-09-26,5,Sales,Sales Manager,G4,MGR039,Chennai,Full-Time,1171489,9,PhD,Married,Active,
EMP00982,Yahvi Mann,Yahvi,Mann,Female,1980-12-04,45,2018-06-30,8,Marketing,Digital Marketing Specialist,G5,MGR078,Mumbai,Full-Time,1581998,10,Master's,Single,Active,
EMP00983,Vivaan Nagar,Vivaan,Nagar,Female,1986-12-26,39,2022-10-18,3,Finance,Finance Manager,G1,MGR056,Delhi,Contract,446251,8,Diploma,Married,Resigned,2025-04-02
EMP00984,Ekani Khalsa,Ekani,Khalsa,Female,1997-09-05,28,2019-10-04,6,HR,Talent Acquisition Specialist,G5,MGR025,Hyderabad,Contract,2418861,7,Diploma,Single,Active,
EMP00985,Chasmum Dhar,Chasmum,Dhar,Male,1965-04-02,61,2021-07-29,5,Finance,Financial Analyst,G1,MGR033,Chennai,Full-Time,396696,5,Master's,Single,Active,
EMP00986,Timothy Sachdev,Timothy,Sachdev,Female,1982-11-13,43,2015-06-29,11,Operations,Supply Chain Analyst,G3,MGR081,Pune,Full-Time,843746,11,PhD,Married,Active,
EMP00987,Charita Maharaj,Charita,Maharaj,Male,1966-09-18,59,2019-02-22,7,IT,QA Engineer,G2,MGR095,Mumbai,Full-Time,684979,9,PhD,Single,Active,
EMP00988,Darsh Gill,Darsh,Gill,Male,1979-02-05,47,2016-02-04,10,Marketing,Digital Marketing Specialist,G2,MGR079,Delhi,Full-Time,671731,11,Master's,Single,Resigned,2023-05-12
EMP00989,Warhi Batta,Warhi,Batta,Female,1988-02-29,38,2015-02-28,11,Operations,Operations Manager,G4,MGR086,Delhi,Full-Time,1439204,12,Bachelor's,Single,Active,
EMP00990,Hemangini Raj,Hemangini,Raj,Male,1972-09-28,53,2019-12-22,6,IT,Data Engineer,G5,MGR089,Chennai,Contract,1708334,7,Diploma,Married,Active,
EMP00991,Eiravati Saha,Eiravati,Saha,Female,1970-04-13,56,2018-10-30,7,Sales,Business Development Executive,G1,MGR060,Pune,Full-Time,448423,7,Bachelor's,Single,Active,
EMP00992,Nilima Dixit,Nilima,Dixit,Male,1999-05-24,27,2016-11-24,9,IT,Data Analyst,G3,MGR011,Delhi,Full-Time,941355,6,Bachelor's,Single,Active,
EMP00993,Charita Puri,Charita,Puri,Female,1996-08-31,29,2018-03-21,8,HR,HR Manager,G2,MGR041,Hyderabad,Full-Time,648121,8,Master's,Single,Active,
EMP00994,Qarin Yogi,Qarin,Yogi,Female,1976-08-20,49,2022-10-28,3,Sales,Sales Manager,G1,MGR046,Chennai,Contract,428420,8,PhD,Single,Active,
EMP00995,Urvashi Khosla,Urvashi,Khosla,Female,1971-12-27,54,2021-01-12,5,Marketing,Marketing Executive,G4,MGR083,Delhi,Contract,1181886,9,Master's,Married,Active,
EMP00996,Umang Mital,Umang,Mital,Male,1976-08-01,50,2017-06-12,9,Sales,Sales Manager,G1,MGR067,Delhi,Full-Time,330224,12,Bachelor's,Married,Active,
EMP00997,Maanas Sheth,Maanas,Sheth,Female,1990-04-16,36,2019-03-28,7,Operations,Supply Chain Analyst,G1,MGR090,Pune,Contract,384507,9,Bachelor's,Married,Active,
EMP00998,Dalbir Sachar,Dalbir,Sachar,Female,1994-01-23,32,2025-02-15,1,IT,Data Analyst,G3,MGR021,Hyderabad,Full-Time,860576,5,PhD,Married,Active,
EMP00999,Omaja Wagle,Omaja,Wagle,Female,1997-10-15,28,2019-06-24,7,Sales,Sales Executive,G3,MGR077,Bangalore,Contract,895672,7,Master's,Single,Resigned,2020-08-13
EMP01000,Lipika Kibe,Lipika,Kibe,Male,1999-03-27,27,2025-06-25,1,Marketing,Marketing Executive,G4,MGR100,Bangalore,Contract,1223291,2,Diploma,Single,Active,
EMP01001,Aadhya Jani,Aadhya,Jani,Female,1991-10-10,34,2025-10-28,0,Operations,Supply Chain Analyst,G2,MGR097,Mumbai,Full-Time,648894,5,Diploma,Single,Active,
EMP01002,Ganga Brar,Ganga,Brar,Male,2000-12-14,25,2018-11-18,7,Sales,Sales Manager,G2,MGR001,Delhi,Full-Time,620740,4,Bachelor's,Married,Active,
EMP01003,Shivani Prabhakar,Shivani,Prabhakar,Male,1975-08-06,51,2024-08-14,1,HR,HR Manager,G1,MGR032,Mumbai,Contract,489827,2,PhD,Single,Active,
EMP01004,George Wason,George,Wason,Female,1989-08-31,36,2022-09-14,3,Sales,Business Development Executive,G2,MGR086,Hyderabad,Contract,623812,4,Diploma,Married,Active,
EMP01005,Rayaan Behl,Rayaan,Behl,Male,1982-12-09,43,2023-09-03,2,Finance,Financial Analyst,G4,MGR051,Chennai,Full-Time,1312967,4,PhD,Single,Active,
EMP01006,Amrita Purohit,Amrita,Purohit,Male,1999-06-12,27,2017-08-21,8,Finance,Financial Analyst,G3,MGR001,Chennai,Contract,962907,6,Bachelor's,Single,Active,
EMP01007,Balveer Bora,Balveer,Bora,Male,1974-06-23,52,2018-05-21,8,Sales,Sales Executive,G3,MGR084,Mumbai,Contract,901361,11,Master's,Married,Active,
EMP01008,Raghav Kalla,Raghav,Kalla,Female,1966-07-25,60,2017-12-05,8,Sales,Sales Executive,G2,MGR088,Chennai,Full-Time,604389,12,Diploma,Married,Active,
EMP01009,Varenya Joshi,Varenya,Joshi,Male,1994-06-03,32,2024-09-02,1,Sales,Sales Executive,G2,MGR017,Chennai,Contract,583630,1,Diploma,Married,Active,
EMP01010,Gaurangi Mitter,Gaurangi,Mitter,Female,1983-12-14,42,2023-08-26,2,IT,Data Engineer,G4,MGR095,Delhi,Full-Time,1135606,6,PhD,Married,Active,
EMP01011,Alexander Kakar,Alexander,Kakar,Female,2002-11-13,23,2020-12-31,5,Finance,Accountant,G2,MGR069,Hyderabad,Full-Time,611166,2,Diploma,Married,Resigned,2022-08-13
EMP01012,Jacob Srinivas,Jacob,Srinivas,Female,1973-11-12,52,2020-10-10,5,Marketing,SEO Analyst,G4,MGR007,Hyderabad,Contract,1228006,7,Diploma,Married,Active,
EMP01013,Xavier Jayaraman,Xavier,Jayaraman,Male,1991-11-20,34,2022-09-12,3,Finance,Financial Analyst,G4,MGR087,Bangalore,Full-Time,1176927,4,Master's,Single,Active,
EMP01014,Mekhala Khatri,Mekhala,Khatri,Female,1965-10-15,60,2020-01-04,6,Finance,Financial Analyst,G1,MGR015,Bangalore,Full-Time,456179,6,PhD,Single,Active,
EMP01015,Ekanta Mandal,Ekanta,Mandal,Male,1970-08-28,55,2023-02-24,3,HR,Talent Acquisition Specialist,G4,MGR036,Bangalore,Contract,1226020,3,Bachelor's,Married,Active,
EMP01016,Lajita Shukla,Lajita,Shukla,Female,1981-09-21,44,2015-06-06,11,HR,Talent Acquisition Specialist,G1,MGR066,Delhi,Full-Time,400116,13,Master's,Married,Active,
EMP01017,Jagrati Morar,Jagrati,Morar,Male,1998-07-02,28,2017-11-18,8,Operations,Supply Chain Analyst,G1,MGR015,Mumbai,Contract,413622,7,Bachelor's,Single,Active,
EMP01018,Advika Parsa,Advika,Parsa,Female,1974-08-27,51,2023-07-13,3,Sales,Sales Manager,G2,MGR065,Delhi,Full-Time,572575,8,PhD,Single,Active,
EMP01019,Yochana Tank,Yochana,Tank,Female,1965-03-24,61,2019-07-26,7,HR,HR Executive,G4,MGR017,Bangalore,Contract,1344568,9,Master's,Single,Active,
EMP01020,Unnati Chaudhari,Unnati,Chaudhari,Male,1996-10-21,29,2018-08-22,7,HR,HR Executive,G5,MGR094,Delhi,Contract,1801813,8,PhD,Married,Active,
EMP01021,Upasna Nagarajan,Upasna,Nagarajan,Female,1990-01-06,36,2015-02-21,11,Finance,Financial Analyst,G3,MGR057,Mumbai,Contract,881595,14,Bachelor's,Single,Active,
EMP01022,Samar Prabhakar,Samar,Prabhakar,Female,1983-01-28,43,2015-05-13,11,Operations,Supply Chain Analyst,G1,MGR063,Chennai,Contract,465513,13,Bachelor's,Married,Active,
EMP01023,Dhriti Sachdev,Dhriti,Sachdev,Female,1985-04-03,41,2022-07-25,4,Sales,Sales Executive,G2,MGR075,Mumbai,Contract,663804,7,PhD,Married,Resigned,2022-10-04
EMP01024,Timothy Dhingra,Timothy,Dhingra,Male,1998-09-15,27,2025-11-30,0,Finance,Finance Manager,G4,MGR049,Chennai,Full-Time,1123060,1,Diploma,Single,Active,
EMP01025,Amol Lal,Amol,Lal,Male,1969-12-18,56,2021-05-26,5,Finance,Accountant,G2,MGR052,Chennai,Contract,692534,6,Bachelor's,Married,Resigned,2026-02-08
EMP01026,Omisha Merchant,Omisha,Merchant,Female,1979-05-01,47,2023-08-22,2,Finance,Finance Manager,G1,MGR088,Delhi,Contract,474125,7,PhD,Single,Resigned,2024-04-14
EMP01027,Rohan Narayan,Rohan,Narayan,Female,1998-12-13,27,2020-03-15,6,Finance,Financial Analyst,G2,MGR052,Bangalore,Full-Time,546563,6,Master's,Married,Active,
EMP01028,Victor Raghavan,Victor,Raghavan,Male,1982-03-13,44,2021-07-04,5,Operations,Operations Manager,G4,MGR025,Delhi,Full-Time,1215112,5,Bachelor's,Single,Active,
EMP01029,Yatan Tata,Yatan,Tata,Male,1991-11-24,34,2021-05-26,5,Operations,Operations Manager,G1,MGR079,Mumbai,Full-Time,385202,10,PhD,Single,Resigned,2026-01-30
EMP01030,Geetika Kurian,Geetika,Kurian,Male,1998-04-30,28,2021-09-29,4,Operations,Operations Manager,G5,MGR025,Mumbai,Contract,2036174,7,Bachelor's,Single,Active,
EMP01031,Vrinda Swaminathan,Vrinda,Swaminathan,Male,1979-06-24,47,2016-06-27,10,Finance,Accountant,G1,MGR074,Hyderabad,Contract,354265,12,PhD,Single,Active,
EMP01032,Triveni Ganguly,Triveni,Ganguly,Female,1987-06-10,39,2022-03-12,4,IT,QA Engineer,G3,MGR032,Hyderabad,Full-Time,783501,4,Diploma,Married,Resigned,2025-03-10
EMP01033,Omkaar Dey,Omkaar,Dey,Female,2003-09-04,22,2019-04-28,7,IT,DevOps Engineer,G3,MGR016,Delhi,Full-Time,981721,1,PhD,Single,Active,
EMP01034,Vrinda Gour,Vrinda,Gour,Female,2002-02-26,24,2024-03-22,2,Operations,Operations Executive,G3,MGR092,Chennai,Contract,909416,3,Diploma,Single,Active,
EMP01035,Daniel Viswanathan,Daniel,Viswanathan,Female,1999-01-01,27,2024-04-03,2,Marketing,Marketing Executive,G2,MGR053,Delhi,Contract,596066,2,Bachelor's,Married,Active,
EMP01036,Bahadurjit Borde,Bahadurjit,Borde,Male,1979-10-22,46,2022-03-14,4,Operations,Operations Executive,G4,MGR091,Hyderabad,Full-Time,1471437,7,Master's,Married,Active,
EMP01037,Chanakya Ahuja,Chanakya,Ahuja,Female,2000-04-27,26,2020-01-19,6,Operations,Operations Manager,G5,MGR077,Pune,Full-Time,1788671,5,Master's,Single,Active,
EMP01038,Nitara Devan,Nitara,Devan,Female,1990-04-13,36,2019-01-25,7,Operations,Operations Manager,G3,MGR073,Delhi,Contract,782996,7,PhD,Married,Active,
EMP01039,Vihaan Bir,Vihaan,Bir,Male,1971-07-29,55,2021-10-24,4,Finance,Financial Analyst,G3,MGR004,Mumbai,Contract,819494,5,Diploma,Married,Active,
EMP01040,Matthew Andra,Matthew,Andra,Female,1986-05-25,40,2021-12-08,4,HR,HR Manager,G2,MGR065,Bangalore,Contract,653914,6,PhD,Single,Resigned,2023-10-18
EMP01041,Yashasvi Shah,Yashasvi,Shah,Female,1972-11-13,53,2020-06-05,6,Sales,Sales Executive,G1,MGR029,Bangalore,Full-Time,389749,7,Bachelor's,Married,Active,
EMP01042,Kashvi Bhasin,Kashvi,Bhasin,Male,1994-02-27,32,2017-03-17,9,Finance,Financial Analyst,G4,MGR082,Pune,Full-Time,1298533,10,Master's,Single,Active,
EMP01043,Vasudha Sura,Vasudha,Sura,Male,1979-10-13,46,2020-09-09,5,IT,Data Engineer,G5,MGR095,Chennai,Full-Time,2060730,5,PhD,Single,Active,
EMP01044,Amol Ahuja,Amol,Ahuja,Male,1995-12-10,30,2025-07-02,1,Operations,Operations Executive,G2,MGR092,Hyderabad,Full-Time,680784,6,Master's,Married,Active,
EMP01045,Nisha Arora,Nisha,Arora,Male,1997-11-23,28,2024-04-25,2,IT,Data Analyst,G5,MGR008,Mumbai,Full-Time,1817467,6,PhD,Married,Active,
EMP01046,Anay Wagle,Anay,Wagle,Male,1979-04-22,47,2023-11-10,2,Operations,Operations Executive,G2,MGR015,Hyderabad,Full-Time,625383,5,Bachelor's,Single,Active,
EMP01047,Anvi Wason,Anvi,Wason,Male,1991-11-03,34,2020-06-18,6,Finance,Finance Manager,G1,MGR056,Pune,Contract,452492,10,Bachelor's,Married,Resigned,2022-11-25
EMP01048,Anay Thakkar,Anay,Thakkar,Female,1998-11-06,27,2019-07-26,7,Marketing,Digital Marketing Specialist,G4,MGR023,Bangalore,Contract,1330892,6,Master's,Married,Active,
EMP01049,Qushi Gola,Qushi,Gola,Male,1980-04-21,46,2018-02-01,8,Operations,Supply Chain Analyst,G5,MGR081,Hyderabad,Full-Time,1823804,10,PhD,Single,Active,
EMP01050,Hredhaan Char,Hredhaan,Char,Female,1987-03-29,39,2016-10-30,9,HR,HR Executive,G4,MGR039,Pune,Contract,1352833,12,Bachelor's,Single,Active,
EMP01051,Manthan Khosla,Manthan,Khosla,Male,1974-07-26,52,2018-06-12,8,Marketing,Digital Marketing Specialist,G3,MGR061,Pune,Contract,978082,13,Bachelor's,Single,Active,
EMP01052,Rehaan Vyas,Rehaan,Vyas,Male,1999-05-19,27,2019-06-11,7,HR,HR Executive,G5,MGR021,Bangalore,Contract,2194776,6,PhD,Married,Active,
EMP01053,Zayyan Pandya,Zayyan,Pandya,Female,1986-03-04,40,2025-06-24,1,Finance,Financial Analyst,G2,MGR043,Delhi,Contract,580276,4,PhD,Married,Active,
EMP01054,Amara Ranganathan,Amara,Ranganathan,Female,1999-03-19,27,2019-09-05,6,IT,DevOps Engineer,G1,MGR046,Delhi,Full-Time,407161,6,Master's,Single,Active,
EMP01055,Farhan Prakash,Farhan,Prakash,Male,1974-05-11,52,2022-06-04,4,Operations,Operations Manager,G3,MGR004,Bangalore,Contract,895808,7,Master's,Single,Active,
EMP01056,Nidra Sharaf,Nidra,Sharaf,Female,2003-06-02,23,2018-01-27,8,IT,Software Engineer,G2,MGR042,Delhi,Contract,542052,2,PhD,Single,Active,
EMP01057,Yagnesh Kara,Yagnesh,Kara,Female,1995-11-08,30,2025-10-06,0,Operations,Operations Manager,G2,MGR078,Chennai,Contract,573437,0,Diploma,Single,Active,
EMP01058,Charita Buch,Charita,Buch,Female,1989-02-16,37,2019-02-22,7,Sales,Sales Manager,G1,MGR018,Delhi,Full-Time,423690,8,PhD,Single,Resigned,2024-09-14
EMP01059,Azad Chander,Azad,Chander,Female,1990-10-02,35,2017-03-30,9,Marketing,Marketing Executive,G4,MGR042,Chennai,Contract,1128569,11,Master's,Single,Active,
EMP01060,Nidra Raghavan,Nidra,Raghavan,Male,2000-04-03,26,2022-11-04,3,Operations,Supply Chain Analyst,G3,MGR099,Hyderabad,Full-Time,889388,5,Master's,Married,Active,
EMP01061,Krishna Soni,Krishna,Soni,Female,1979-12-10,46,2017-03-26,9,Operations,Supply Chain Analyst,G3,MGR078,Delhi,Full-Time,833881,14,Diploma,Married,Active,
EMP01062,Daksh Andra,Daksh,Andra,Female,2000-10-20,25,2015-07-16,11,Marketing,Marketing Executive,G5,MGR003,Chennai,Contract,1891616,4,Master's,Married,Active,
EMP01063,Onveer Butala,Onveer,Butala,Female,1993-06-16,33,2015-10-02,10,Operations,Operations Executive,G5,MGR072,Pune,Full-Time,1596619,12,Diploma,Married,Active,
EMP01064,Xalak Saraf,Xalak,Saraf,Male,1998-09-24,27,2015-10-27,10,Operations,Operations Manager,G3,MGR058,Delhi,Full-Time,944168,6,Master's,Single,Active,
EMP01065,Garima Chandran,Garima,Chandran,Female,1985-05-15,41,2020-12-01,5,Operations,Supply Chain Analyst,G4,MGR003,Hyderabad,Contract,1466300,5,PhD,Single,Active,
EMP01066,Brijesh Karpe,Brijesh,Karpe,Female,1984-02-29,42,2016-09-08,9,Finance,Accountant,G5,MGR099,Bangalore,Contract,2207304,11,Bachelor's,Married,Resigned,2020-04-13
EMP01067,Vaishnavi Madan,Vaishnavi,Madan,Male,1973-06-22,53,2023-09-02,2,HR,HR Executive,G3,MGR013,Pune,Full-Time,795203,5,Master's,Single,Active,
EMP01068,Chakradhar Borde,Chakradhar,Borde,Female,1975-04-29,51,2022-05-19,4,HR,HR Executive,G3,MGR055,Bangalore,Full-Time,785610,8,Master's,Single,Active,
EMP01069,Avni Bali,Avni,Bali,Female,1970-07-11,56,2024-05-09,2,Sales,Sales Executive,G4,MGR096,Delhi,Full-Time,1454837,4,Diploma,Married,Active,
EMP01070,Praneel Murty,Praneel,Murty,Male,1974-03-24,52,2023-08-24,2,Sales,Business Development Executive,G1,MGR023,Chennai,Full-Time,324340,2,Bachelor's,Single,Resigned,2023-09-17
EMP01071,Sarthak Dhawan,Sarthak,Dhawan,Female,1998-08-18,27,2018-07-21,8,Sales,Sales Executive,G2,MGR065,Bangalore,Contract,523800,6,Diploma,Married,Active,
EMP01072,Mitali Bose,Mitali,Bose,Female,2001-01-15,25,2019-09-17,6,Sales,Sales Executive,G3,MGR040,Pune,Contract,888949,4,Master's,Single,Resigned,2022-04-03
EMP01073,Nicholas Khosla,Nicholas,Khosla,Male,1994-03-06,32,2022-03-21,4,Sales,Sales Manager,G1,MGR094,Delhi,Contract,372015,7,Bachelor's,Single,Active,
EMP01074,Lopa Zachariah,Lopa,Zachariah,Male,1970-09-28,55,2020-10-25,5,HR,HR Executive,G4,MGR005,Pune,Full-Time,1399658,6,Master's,Married,Active,
EMP01075,Garima Rajagopalan,Garima,Rajagopalan,Female,1972-09-25,53,2016-12-16,9,Marketing,Marketing Executive,G2,MGR015,Mumbai,Full-Time,595700,11,Bachelor's,Married,Active,
EMP01076,Logan Brar,Logan,Brar,Female,2002-09-29,23,2017-12-22,8,Marketing,Digital Marketing Specialist,G1,MGR043,Pune,Contract,306771,2,Bachelor's,Married,Active,
EMP01077,Xiti Pal,Xiti,Pal,Female,1999-03-16,27,2021-09-17,4,Operations,Supply Chain Analyst,G2,MGR013,Pune,Contract,541463,6,Diploma,Married,Resigned,2022-03-02
EMP01078,Guneet Sarkar,Guneet,Sarkar,Male,1986-05-04,40,2020-03-17,6,Sales,Business Development Executive,G4,MGR078,Delhi,Full-Time,1070467,10,PhD,Married,Resigned,2022-03-08
EMP01079,Faqid Oak,Faqid,Oak,Female,1970-10-02,55,2018-08-15,7,Operations,Supply Chain Analyst,G3,MGR062,Hyderabad,Full-Time,750540,10,Bachelor's,Single,Active,
EMP01080,Mekhala Narain,Mekhala,Narain,Male,1975-02-13,51,2022-05-24,4,IT,Software Engineer,G4,MGR079,Pune,Full-Time,1148006,6,Master's,Single,Active,
EMP01081,Ayushman Mahajan,Ayushman,Mahajan,Female,1979-09-29,46,2022-12-20,3,Sales,Business Development Executive,G5,MGR067,Chennai,Contract,2045172,5,Master's,Married,Active,
EMP01082,Shravya Swaminathan,Shravya,Swaminathan,Male,1990-12-28,35,2023-04-05,3,IT,DevOps Engineer,G1,MGR024,Pune,Full-Time,351877,3,Diploma,Single,Active,
EMP01083,Vedant Parekh,Vedant,Parekh,Female,1965-07-11,61,2021-06-01,5,Sales,Sales Manager,G3,MGR081,Chennai,Contract,798434,6,Bachelor's,Married,Active,
EMP01084,Keya Sankaran,Keya,Sankaran,Female,1970-04-15,56,2023-05-10,3,Finance,Finance Manager,G5,MGR044,Bangalore,Full-Time,2468764,4,Master's,Married,Active,
EMP01085,Quincy Rai,Quincy,Rai,Female,1994-10-02,31,2016-01-31,10,Operations,Operations Manager,G5,MGR009,Bangalore,Contract,1775632,10,Diploma,Single,Active,
EMP01086,Frederick Merchant,Frederick,Merchant,Female,2002-03-27,24,2016-03-31,10,IT,QA Engineer,G3,MGR045,Bangalore,Contract,766217,3,Diploma,Single,Active,
EMP01087,Yatin Borah,Yatin,Borah,Male,1971-05-11,55,2024-06-02,2,Operations,Operations Executive,G1,MGR094,Delhi,Contract,352082,7,Bachelor's,Single,Active,
EMP01088,Fitan Loyal,Fitan,Loyal,Female,1989-03-14,37,2017-08-01,9,Operations,Supply Chain Analyst,G2,MGR021,Pune,Full-Time,598165,14,Bachelor's,Single,Active,
EMP01089,Mitesh Rai,Mitesh,Rai,Female,2003-07-03,23,2017-04-08,9,Finance,Accountant,G4,MGR050,Chennai,Contract,1155449,2,PhD,Married,Active,
EMP01090,Mitesh Ramachandran,Mitesh,Ramachandran,Female,1965-01-06,61,2015-11-03,10,Finance,Finance Manager,G5,MGR040,Mumbai,Full-Time,2200574,15,PhD,Single,Active,
EMP01091,Edhitha Patel,Edhitha,Patel,Male,1999-04-20,27,2025-11-25,0,HR,HR Manager,G2,MGR054,Hyderabad,Full-Time,669367,0,Master's,Single,Active,
EMP01092,Hredhaan Chand,Hredhaan,Chand,Female,1971-04-20,55,2025-01-04,1,Sales,Sales Executive,G5,MGR087,Mumbai,Full-Time,2490213,3,Bachelor's,Married,Active,
EMP01093,Abdul Morar,Abdul,Morar,Male,1993-07-25,33,2016-04-25,10,Marketing,Digital Marketing Specialist,G5,MGR099,Delhi,Contract,1607596,10,PhD,Married,Active,
EMP01094,Sai Parsa,Sai,Parsa,Female,1971-11-23,54,2015-10-16,10,Operations,Operations Manager,G3,MGR049,Bangalore,Full-Time,721480,14,PhD,Married,Active,
EMP01095,Anamika Chaudry,Anamika,Chaudry,Female,1999-01-09,27,2018-04-07,8,HR,Talent Acquisition Specialist,G1,MGR094,Chennai,Contract,323218,6,PhD,Married,Active,
EMP01096,Kevin Chahal,Kevin,Chahal,Male,2003-10-23,22,2023-08-20,2,Finance,Finance Manager,G3,MGR082,Chennai,Contract,831947,1,Master's,Married,Active,
EMP01097,Rachit Sankar,Rachit,Sankar,Male,1996-12-27,29,2024-01-15,2,Sales,Sales Executive,G5,MGR029,Chennai,Contract,2019020,3,Diploma,Married,Active,
EMP01098,Saumya Vala,Saumya,Vala,Female,1992-03-18,34,2020-10-26,5,Operations,Operations Manager,G1,MGR014,Chennai,Full-Time,457722,6,Diploma,Single,Resigned,2024-04-15
EMP01099,Harshil Bal,Harshil,Bal,Male,1981-03-07,45,2021-07-04,5,Operations,Supply Chain Analyst,G5,MGR051,Delhi,Full-Time,1942320,9,PhD,Married,Active,
EMP01100,Gaurav Pandya,Gaurav,Pandya,Male,1982-11-20,43,2024-02-13,2,Operations,Supply Chain Analyst,G4,MGR004,Mumbai,Full-Time,1350784,6,Master's,Single,Active,
EMP01101,Girik Nair,Girik,Nair,Female,2000-12-21,25,2015-04-27,11,Operations,Operations Manager,G3,MGR088,Bangalore,Contract,888003,4,Master's,Married,Active,
EMP01102,Lekha Arora,Lekha,Arora,Female,1985-07-22,41,2022-11-03,3,Operations,Operations Manager,G2,MGR072,Chennai,Contract,554887,3,Master's,Single,Active,
EMP01103,Bishakha Sachdev,Bishakha,Sachdev,Male,1979-12-22,46,2018-12-11,7,Marketing,SEO Analyst,G2,MGR040,Pune,Full-Time,582977,11,PhD,Married,Active,
EMP01104,Lipika Chad,Lipika,Chad,Male,1998-12-09,27,2019-04-17,7,HR,HR Manager,G4,MGR044,Hyderabad,Contract,1183812,6,Bachelor's,Married,Active,
EMP01105,Xavier Verma,Xavier,Verma,Male,1991-02-06,35,2018-06-25,8,Marketing,SEO Analyst,G5,MGR097,Chennai,Full-Time,1810592,9,Diploma,Single,Active,
EMP01106,Omkaar Rai,Omkaar,Rai,Female,2003-03-25,23,2017-12-14,8,HR,Talent Acquisition Specialist,G3,MGR046,Hyderabad,Full-Time,979355,2,Diploma,Married,Active,
EMP01107,Omkaar Dewan,Omkaar,Dewan,Male,1979-07-12,47,2017-07-09,9,Sales,Sales Executive,G2,MGR020,Delhi,Contract,643651,10,PhD,Single,Active,
EMP01108,Amruta Mitra,Amruta,Mitra,Male,1976-01-03,50,2024-10-24,1,HR,HR Manager,G2,MGR002,Bangalore,Full-Time,538109,2,PhD,Married,Active,
EMP01109,Amrita Tailor,Amrita,Tailor,Male,1983-07-01,43,2017-02-01,9,Marketing,SEO Analyst,G4,MGR074,Hyderabad,Contract,1328862,12,Master's,Married,Active,
EMP01110,Madhav Bhatnagar,Madhav,Bhatnagar,Male,1979-05-13,47,2021-01-22,5,Finance,Accountant,G2,MGR090,Mumbai,Full-Time,584321,5,PhD,Married,Active,
EMP01111,Oliver Saran,Oliver,Saran,Male,1997-04-21,29,2018-11-27,7,Operations,Supply Chain Analyst,G5,MGR029,Hyderabad,Contract,2360962,8,Diploma,Married,Active,
EMP01112,Anya Sama,Anya,Sama,Female,1991-07-07,35,2019-11-22,6,IT,Data Analyst,G1,MGR058,Chennai,Full-Time,446789,11,PhD,Single,Active,
EMP01113,Chandani Sule,Chandani,Sule,Female,1967-12-08,58,2025-09-15,0,Operations,Operations Manager,G5,MGR094,Pune,Contract,1764253,2,Bachelor's,Married,Active,
EMP01114,Faraj Patel,Faraj,Patel,Female,1978-11-25,47,2021-01-14,5,Operations,Supply Chain Analyst,G3,MGR030,Chennai,Contract,873294,10,Master's,Single,Resigned,2023-03-07
EMP01115,Yatin Tandon,Yatin,Tandon,Male,1996-12-11,29,2023-06-18,3,Finance,Finance Manager,G1,MGR079,Pune,Contract,318615,3,Bachelor's,Single,Resigned,2025-12-26
EMP01116,Rohan Shankar,Rohan,Shankar,Male,2002-06-28,24,2017-01-12,9,IT,DevOps Engineer,G1,MGR012,Pune,Contract,386976,3,PhD,Married,Active,
EMP01117,Hredhaan Deshmukh,Hredhaan,Deshmukh,Female,1971-03-20,55,2024-07-02,2,Finance,Accountant,G1,MGR046,Mumbai,Contract,381578,7,PhD,Single,Active,
EMP01118,Daksha Ahuja,Daksha,Ahuja,Female,1973-12-31,52,2017-07-17,9,Finance,Finance Manager,G1,MGR058,Pune,Contract,389055,13,Diploma,Single,Active,
EMP01119,Meghana Natarajan,Meghana,Natarajan,Male,1972-07-23,54,2015-01-08,11,Marketing,Marketing Executive,G1,MGR050,Bangalore,Full-Time,385684,14,Master's,Single,Resigned,2025-07-27
EMP01120,Lajita Narayan,Lajita,Narayan,Male,1993-07-21,33,2021-12-18,4,Sales,Sales Executive,G5,MGR045,Pune,Full-Time,1728981,4,Master's,Single,Resigned,2025-09-15
EMP01121,Gaurika Sani,Gaurika,Sani,Male,1987-10-05,38,2016-09-01,9,Sales,Sales Executive,G5,MGR069,Pune,Contract,1540657,12,Diploma,Married,Active,
EMP01122,Laban Mital,Laban,Mital,Male,1969-06-22,57,2020-07-31,6,HR,Talent Acquisition Specialist,G2,MGR044,Hyderabad,Contract,660744,7,Diploma,Single,Active,
EMP01123,Ekani Iyer,Ekani,Iyer,Female,1971-05-06,55,2017-09-07,8,Sales,Sales Executive,G4,MGR046,Pune,Contract,1021805,12,Diploma,Single,Active,
EMP01124,Varenya Murthy,Varenya,Murthy,Female,1988-08-27,37,2021-04-25,5,Marketing,SEO Analyst,G5,MGR051,Chennai,Full-Time,2047013,7,Master's,Single,Active,
EMP01125,Peter Rao,Peter,Rao,Male,1978-02-21,48,2025-08-03,1,Operations,Operations Manager,G4,MGR049,Pune,Contract,1228138,2,PhD,Single,Active,
EMP01126,Eiravati Manne,Eiravati,Manne,Female,1992-05-07,34,2019-05-12,7,Finance,Financial Analyst,G3,MGR068,Pune,Full-Time,728896,7,Master's,Single,Active,
EMP01127,Vritti Kibe,Vritti,Kibe,Male,1988-12-19,37,2015-04-25,11,IT,Data Engineer,G4,MGR046,Chennai,Full-Time,1098691,14,Bachelor's,Married,Active,
EMP01128,Eshana Puri,Eshana,Puri,Male,1974-08-16,52,2016-02-09,10,Sales,Sales Executive,G2,MGR041,Pune,Full-Time,686754,11,Bachelor's,Single,Active,
EMP01129,Avni Ramaswamy,Avni,Ramaswamy,Female,1974-03-30,52,2025-02-04,1,Operations,Operations Executive,G3,MGR031,Delhi,Contract,702484,5,PhD,Single,Active,
EMP01130,Janya Comar,Janya,Comar,Female,1967-01-04,59,2016-09-30,9,HR,Talent Acquisition Specialist,G2,MGR086,Bangalore,Contract,662991,12,Master's,Single,Resigned,2026-05-04
EMP01131,Ryan Gole,Ryan,Gole,Female,1983-05-11,43,2022-09-28,3,IT,DevOps Engineer,G4,MGR036,Mumbai,Contract,1197725,4,Diploma,Married,Active,
EMP01132,Avi Shenoy,Avi,Shenoy,Female,1970-10-13,55,2022-06-08,4,Operations,Operations Executive,G1,MGR015,Pune,Full-Time,467142,6,Diploma,Single,Active,
EMP01133,Shaurya Sarma,Shaurya,Sarma,Male,1998-03-14,28,2017-11-16,8,Operations,Supply Chain Analyst,G4,MGR069,Bangalore,Contract,1149320,7,Master's,Single,Active,
EMP01134,Bishakha Biswas,Bishakha,Biswas,Female,2001-11-30,24,2024-12-06,1,HR,HR Executive,G5,MGR064,Mumbai,Full-Time,2387571,1,Diploma,Married,Active,
EMP01135,Nilima Tata,Nilima,Tata,Male,1975-04-05,51,2015-06-05,11,Sales,Sales Executive,G1,MGR089,Pune,Full-Time,499895,12,Master's,Married,Active,
EMP01136,Liam Mitter,Liam,Mitter,Female,1991-10-13,34,2023-08-17,2,IT,QA Engineer,G2,MGR093,Bangalore,Full-Time,555163,6,Diploma,Single,Active,
EMP01137,Wyatt Krishnan,Wyatt,Krishnan,Female,1972-11-15,53,2018-12-05,7,Sales,Sales Executive,G1,MGR049,Mumbai,Contract,402580,9,Diploma,Single,Active,
EMP01138,Mitesh Sampath,Mitesh,Sampath,Male,1980-01-26,46,2022-05-19,4,Operations,Operations Manager,G1,MGR009,Mumbai,Contract,415482,4,Bachelor's,Single,Active,
EMP01139,Krishna Borah,Krishna,Borah,Female,1967-07-19,59,2016-04-01,10,Operations,Operations Executive,G4,MGR069,Pune,Full-Time,1271605,14,Master's,Single,Active,
EMP01140,Saumya Srinivas,Saumya,Srinivas,Male,1995-09-12,30,2017-08-15,8,IT,DevOps Engineer,G1,MGR008,Hyderabad,Full-Time,447511,9,Diploma,Single,Active,
EMP01141,Nandini Warrior,Nandini,Warrior,Female,1990-08-21,35,2022-03-26,4,Sales,Sales Manager,G5,MGR058,Delhi,Full-Time,1905554,9,Master's,Married,Resigned,2026-07-16
EMP01142,Omya Bansal,Omya,Bansal,Female,1986-06-30,40,2025-04-23,1,HR,HR Manager,G5,MGR047,Mumbai,Full-Time,2422164,6,Bachelor's,Married,Resigned,2026-01-27
EMP01143,Frederick Chopra,Frederick,Chopra,Male,1981-07-06,45,2023-04-20,3,IT,DevOps Engineer,G3,MGR006,Hyderabad,Contract,775488,4,Bachelor's,Married,Active,
EMP01144,Yuvraj Pant,Yuvraj,Pant,Female,1974-05-03,52,2025-07-24,1,Sales,Sales Manager,G4,MGR094,Hyderabad,Contract,1241477,5,PhD,Married,Active,
EMP01145,Ojas Basu,Ojas,Basu,Female,1970-12-21,55,2023-02-10,3,Marketing,Marketing Executive,G2,MGR092,Mumbai,Full-Time,556874,8,Master's,Married,Active,
EMP01146,Mugdha Narula,Mugdha,Narula,Female,1981-10-24,44,2022-03-22,4,Finance,Accountant,G4,MGR061,Pune,Contract,1074098,6,PhD,Single,Active,
EMP01147,Qushi Cherian,Qushi,Cherian,Female,1989-09-30,36,2024-12-24,1,HR,Talent Acquisition Specialist,G4,MGR067,Hyderabad,Full-Time,1491321,3,Diploma,Single,Active,
EMP01148,Advaith Chaudhari,Advaith,Chaudhari,Male,1977-04-06,49,2023-05-14,3,Operations,Supply Chain Analyst,G2,MGR052,Chennai,Full-Time,668096,7,PhD,Married,Active,
EMP01149,Aarna Kapadia,Aarna,Kapadia,Male,1999-03-18,27,2025-06-11,1,Sales,Sales Manager,G5,MGR098,Chennai,Full-Time,2478342,4,Diploma,Single,Active,
EMP01150,Yashvi Venkataraman,Yashvi,Venkataraman,Male,1979-11-15,46,2024-07-24,2,IT,Data Engineer,G3,MGR096,Mumbai,Full-Time,806434,5,Diploma,Married,Active,
EMP01151,Timothy Sehgal,Timothy,Sehgal,Female,1991-03-05,35,2025-02-21,1,Sales,Sales Manager,G3,MGR038,Bangalore,Full-Time,791864,5,Bachelor's,Single,Active,
EMP01152,Kavya Raman,Kavya,Raman,Male,1988-11-17,37,2025-03-17,1,Marketing,Digital Marketing Specialist,G2,MGR071,Delhi,Contract,647236,6,Bachelor's,Single,Active,
EMP01153,Ubika Tella,Ubika,Tella,Male,1984-12-16,41,2016-02-02,10,IT,Data Analyst,G4,MGR049,Hyderabad,Full-Time,1247890,11,Master's,Married,Active,
EMP01154,Matthew Pai,Matthew,Pai,Male,1985-01-25,41,2025-01-09,1,IT,DevOps Engineer,G5,MGR044,Pune,Contract,1860530,1,Bachelor's,Single,Active,
EMP01155,Aryan Subramanian,Aryan,Subramanian,Female,1971-09-16,54,2016-03-30,10,Operations,Operations Executive,G3,MGR092,Pune,Contract,853275,13,PhD,Single,Active,
EMP01156,Henry Merchant,Henry,Merchant,Female,1972-08-01,54,2019-02-04,7,Finance,Accountant,G5,MGR067,Pune,Contract,1793859,7,Bachelor's,Single,Active,
EMP01157,Ojasvi Chada,Ojasvi,Chada,Female,1976-10-20,49,2020-01-13,6,Sales,Sales Manager,G1,MGR096,Delhi,Contract,371522,11,Master's,Single,Active,
EMP01158,Jack Dhar,Jack,Dhar,Male,1997-12-15,28,2021-06-07,5,IT,Data Engineer,G4,MGR061,Hyderabad,Contract,1104670,6,Master's,Married,Active,
EMP01159,Ijaya Muni,Ijaya,Muni,Female,1983-04-08,43,2022-12-07,3,Finance,Accountant,G3,MGR071,Mumbai,Contract,837147,6,Master's,Single,Resigned,2024-05-22
EMP01160,Tamanna Jhaveri,Tamanna,Jhaveri,Male,2001-02-17,25,2022-06-21,4,Finance,Finance Manager,G1,MGR017,Pune,Full-Time,306031,4,Bachelor's,Married,Active,
EMP01161,Vasudha Pall,Vasudha,Pall,Male,1999-12-10,26,2015-12-24,10,IT,Software Engineer,G1,MGR044,Chennai,Full-Time,493069,5,PhD,Married,Active,
EMP01162,Vamakshi Chatterjee,Vamakshi,Chatterjee,Male,1992-06-24,34,2016-05-14,10,IT,Data Analyst,G2,MGR011,Mumbai,Full-Time,695576,11,Diploma,Married,Active,
EMP01163,Raksha Sethi,Raksha,Sethi,Male,1974-06-07,52,2015-07-24,11,Operations,Operations Executive,G4,MGR081,Chennai,Full-Time,1167984,16,Bachelor's,Married,Active,
EMP01164,Eiravati Bhavsar,Eiravati,Bhavsar,Male,1986-01-18,40,2018-03-25,8,Operations,Supply Chain Analyst,G5,MGR008,Hyderabad,Full-Time,2407026,13,Diploma,Single,Active,
EMP01165,Charita Basu,Charita,Basu,Male,1976-10-23,49,2016-08-12,9,Marketing,SEO Analyst,G2,MGR016,Delhi,Full-Time,683492,11,Bachelor's,Married,Active,
EMP01166,Ishwar Bajaj,Ishwar,Bajaj,Male,1972-04-15,54,2019-06-05,7,Operations,Supply Chain Analyst,G3,MGR065,Delhi,Contract,916154,11,PhD,Married,Active,
EMP01167,Hemal Chopra,Hemal,Chopra,Male,1988-10-19,37,2015-01-29,11,Operations,Supply Chain Analyst,G3,MGR097,Mumbai,Full-Time,847560,14,Diploma,Married,Active,
EMP01168,Nitesh Kohli,Nitesh,Kohli,Male,1992-10-21,33,2023-06-23,3,Sales,Sales Executive,G4,MGR096,Delhi,Full-Time,1006290,6,Master's,Single,Active,
EMP01169,Zaitra Ghosh,Zaitra,Ghosh,Female,1985-03-22,41,2019-01-06,7,Operations,Operations Manager,G3,MGR039,Hyderabad,Contract,961984,9,Bachelor's,Single,Active,
EMP01170,Nathaniel Narayanan,Nathaniel,Narayanan,Male,1995-12-29,30,2018-12-16,7,Sales,Sales Manager,G4,MGR052,Hyderabad,Contract,1170062,9,Bachelor's,Single,Active,
EMP01171,Pooja Shere,Pooja,Shere,Female,1983-10-28,42,2025-08-25,0,IT,Data Analyst,G3,MGR081,Mumbai,Contract,899993,3,Diploma,Married,Active,
EMP01172,Vincent Ravel,Vincent,Ravel,Male,1971-10-11,54,2021-08-25,4,HR,HR Executive,G1,MGR051,Hyderabad,Full-Time,304296,9,Master's,Single,Active,
EMP01173,Qarin Grewal,Qarin,Grewal,Female,1972-02-07,54,2018-05-28,8,Marketing,Digital Marketing Specialist,G2,MGR063,Chennai,Contract,549793,8,PhD,Single,Active,
EMP01174,Rachana Randhawa,Rachana,Randhawa,Male,1980-11-07,45,2025-10-13,0,IT,Software Engineer,G3,MGR078,Bangalore,Full-Time,949928,1,PhD,Single,Active,
EMP01175,Ayush Hora,Ayush,Hora,Male,1978-10-26,47,2022-01-30,4,HR,HR Manager,G3,MGR079,Pune,Full-Time,924918,8,Master's,Married,Active,
EMP01176,Shivani Sanghvi,Shivani,Sanghvi,Male,1981-07-30,45,2021-05-04,5,Sales,Sales Executive,G1,MGR048,Hyderabad,Full-Time,417198,5,Master's,Single,Resigned,2024-08-24
EMP01177,Aayush Kala,Aayush,Kala,Female,1993-06-08,33,2025-04-08,1,Sales,Sales Manager,G5,MGR074,Bangalore,Full-Time,1857309,4,Master's,Single,Active,
EMP01178,Samesh Mallick,Samesh,Mallick,Male,2001-06-26,25,2024-03-11,2,HR,HR Manager,G5,MGR003,Bangalore,Full-Time,1992571,4,Bachelor's,Married,Active,
EMP01179,Dev Chaudry,Dev,Chaudry,Female,1985-10-03,40,2021-10-04,4,Operations,Operations Manager,G1,MGR050,Mumbai,Contract,417829,6,Master's,Single,Active,
EMP01180,Rachit Pau,Rachit,Pau,Male,1993-05-26,33,2015-01-13,11,Finance,Financial Analyst,G5,MGR072,Mumbai,Contract,2005993,12,PhD,Married,Active,
EMP01181,Eshana Hegde,Eshana,Hegde,Male,2001-12-20,24,2024-02-03,2,Operations,Operations Executive,G5,MGR016,Bangalore,Full-Time,2134473,3,Master's,Single,Active,
EMP01182,Tanvi Comar,Tanvi,Comar,Female,1996-06-06,30,2024-03-06,2,IT,Data Engineer,G3,MGR019,Bangalore,Full-Time,807080,2,PhD,Single,Active,
EMP01183,Adweta Suri,Adweta,Suri,Male,1985-01-14,41,2022-01-07,4,Sales,Business Development Executive,G2,MGR057,Bangalore,Full-Time,655672,4,PhD,Married,Active,
EMP01184,Dhriti Rama,Dhriti,Rama,Female,1977-10-10,48,2016-10-29,9,Marketing,Marketing Executive,G3,MGR016,Pune,Contract,708889,9,PhD,Married,Active,
EMP01185,Manya Comar,Manya,Comar,Female,1989-09-05,36,2015-04-15,11,Operations,Operations Manager,G3,MGR023,Bangalore,Full-Time,907375,15,Master's,Married,Active,
EMP01186,Ijaya Pandey,Ijaya,Pandey,Male,1987-12-15,38,2015-08-17,10,Operations,Supply Chain Analyst,G2,MGR009,Pune,Full-Time,630200,14,Diploma,Single,Resigned,2023-06-01
EMP01187,Orinder Mishra,Orinder,Mishra,Male,1969-02-14,57,2023-06-19,3,Finance,Financial Analyst,G3,MGR053,Bangalore,Full-Time,742550,5,PhD,Single,Active,
EMP01188,Frado Desai,Frado,Desai,Female,1996-02-28,30,2016-09-26,9,Marketing,Marketing Executive,G2,MGR021,Pune,Contract,617571,9,Bachelor's,Single,Active,
EMP01189,Dhriti Dalal,Dhriti,Dalal,Male,1967-05-10,59,2022-03-18,4,Operations,Operations Executive,G4,MGR006,Mumbai,Full-Time,1022227,4,Bachelor's,Married,Active,
EMP01190,William Mody,William,Mody,Female,1965-11-12,60,2020-09-20,5,Finance,Financial Analyst,G1,MGR092,Delhi,Contract,475542,8,Diploma,Single,Active,
EMP01191,Jackson Goswami,Jackson,Goswami,Male,1974-05-15,52,2017-07-29,9,Marketing,Digital Marketing Specialist,G1,MGR090,Pune,Contract,391588,9,Bachelor's,Married,Active,
EMP01192,Kashvi Dhaliwal,Kashvi,Dhaliwal,Male,1993-02-26,33,2023-05-07,3,Marketing,Digital Marketing Specialist,G3,MGR048,Chennai,Contract,991641,5,Bachelor's,Married,Active,
EMP01193,Yasti Rama,Yasti,Rama,Female,1976-09-05,49,2019-05-28,7,IT,Data Engineer,G4,MGR058,Chennai,Contract,1015108,10,Bachelor's,Single,Active,
EMP01194,Omya Devi,Omya,Devi,Male,1998-04-28,28,2025-06-18,1,HR,HR Executive,G5,MGR096,Bangalore,Full-Time,2271440,4,Master's,Married,Active,
EMP01195,Leela Sampath,Leela,Sampath,Male,1990-06-06,36,2024-12-25,1,Finance,Accountant,G5,MGR040,Pune,Full-Time,1524969,4,Master's,Single,Active,
EMP01196,Quincy Sur,Quincy,Sur,Female,1997-04-18,29,2018-09-02,7,Sales,Sales Manager,G5,MGR022,Hyderabad,Contract,2290478,8,Master's,Single,Active,
EMP01197,Oscar Ganesan,Oscar,Ganesan,Male,1965-01-05,61,2024-07-24,2,IT,QA Engineer,G1,MGR036,Pune,Contract,302939,6,PhD,Single,Active,
EMP01198,Vrishti Mani,Vrishti,Mani,Female,1974-08-29,51,2022-03-30,4,HR,HR Manager,G3,MGR036,Hyderabad,Full-Time,739898,9,Diploma,Single,Active,
EMP01199,Logan Grover,Logan,Grover,Female,1985-07-01,41,2025-06-06,1,HR,HR Executive,G1,MGR023,Pune,Full-Time,424912,3,Bachelor's,Married,Resigned,2026-02-05
EMP01200,Shravya Bera,Shravya,Bera,Female,1977-02-11,49,2015-04-03,11,Operations,Supply Chain Analyst,G4,MGR094,Delhi,Full-Time,1033178,15,Diploma,Married,Active,
EMP01201,Jagrati Andra,Jagrati,Andra,Male,1966-09-01,59,2020-07-30,6,Sales,Sales Manager,G4,MGR002,Chennai,Full-Time,1091762,9,Master's,Married,Active,
EMP01202,Vedhika Deshpande,Vedhika,Deshpande,Male,2000-12-22,25,2017-12-30,8,IT,Data Engineer,G2,MGR089,Hyderabad,Full-Time,561556,4,Diploma,Married,Active,
EMP01203,Robert Rajagopalan,Robert,Rajagopalan,Female,2000-07-11,26,2017-08-06,9,Operations,Supply Chain Analyst,G1,MGR047,Pune,Contract,375108,5,PhD,Single,Active,
EMP01204,Yashasvi Talwar,Yashasvi,Talwar,Female,1997-07-30,29,2021-03-06,5,Marketing,Marketing Executive,G3,MGR053,Mumbai,Contract,881816,7,PhD,Married,Active,
EMP01205,Nilima Swamy,Nilima,Swamy,Male,2001-07-11,25,2022-07-18,4,Sales,Business Development Executive,G5,MGR047,Hyderabad,Full-Time,1927636,4,Master's,Single,Active,
EMP01206,Ojasvi Sawhney,Ojasvi,Sawhney,Female,1993-12-15,32,2020-03-26,6,Sales,Business Development Executive,G2,MGR044,Chennai,Full-Time,511208,6,Master's,Single,Resigned,2024-05-22
EMP01207,Oliver Butala,Oliver,Butala,Male,2001-08-13,24,2023-11-20,2,HR,Talent Acquisition Specialist,G4,MGR054,Pune,Full-Time,1042857,3,Diploma,Single,Active,
EMP01208,Azaan Kannan,Azaan,Kannan,Male,1998-03-08,28,2017-07-17,9,Operations,Supply Chain Analyst,G3,MGR015,Bangalore,Contract,956471,7,PhD,Married,Active,
EMP01209,Brinda Bali,Brinda,Bali,Female,1998-08-21,27,2019-07-30,7,Operations,Operations Executive,G2,MGR083,Hyderabad,Full-Time,667895,6,Diploma,Single,Active,
EMP01210,Anvi Kar,Anvi,Kar,Male,1996-03-04,30,2025-08-27,0,Finance,Accountant,G4,MGR027,Chennai,Full-Time,1158784,5,Diploma,Single,Active,
EMP01211,Bhavya Ganguly,Bhavya,Ganguly,Male,1974-04-16,52,2017-01-30,9,Operations,Operations Executive,G1,MGR058,Pune,Contract,366436,13,PhD,Single,Active,
EMP01212,Tanvi Tandon,Tanvi,Tandon,Female,1980-05-24,46,2019-05-08,7,Finance,Accountant,G3,MGR080,Chennai,Contract,924669,12,Diploma,Married,Resigned,2024-01-09
EMP01213,Yasti Chowdhury,Yasti,Chowdhury,Female,1979-05-04,47,2018-12-10,7,IT,Data Engineer,G4,MGR050,Chennai,Full-Time,1451503,11,Master's,Married,Resigned,2023-10-24
EMP01214,Ishaan Loyal,Ishaan,Loyal,Female,1966-09-26,59,2025-10-18,0,Sales,Sales Executive,G4,MGR070,Pune,Full-Time,1132202,0,Diploma,Married,Active,
EMP01215,Jeevika Barman,Jeevika,Barman,Female,1975-10-30,50,2021-10-08,4,Sales,Sales Executive,G3,MGR071,Delhi,Contract,862431,4,PhD,Single,Active,
EMP01216,Ridhi Kamdar,Ridhi,Kamdar,Male,1991-08-15,34,2024-09-03,1,Operations,Operations Executive,G5,MGR009,Chennai,Full-Time,1966018,3,Master's,Married,Active,
EMP01217,Pavani Chaudry,Pavani,Chaudry,Male,1976-05-11,50,2021-07-26,5,IT,QA Engineer,G4,MGR058,Bangalore,Full-Time,1091183,6,Master's,Married,Active,
EMP01218,Yug Mishra,Yug,Mishra,Male,2002-07-25,24,2015-11-11,10,HR,HR Manager,G4,MGR001,Hyderabad,Full-Time,1130570,3,Diploma,Married,Active,
EMP01219,Bachittar Sengupta,Bachittar,Sengupta,Female,2003-10-30,22,2022-08-29,3,Marketing,Digital Marketing Specialist,G2,MGR057,Delhi,Full-Time,687125,1,Bachelor's,Single,Active,
EMP01220,Adya Pall,Adya,Pall,Male,1984-08-26,41,2020-07-25,6,Finance,Finance Manager,G4,MGR091,Chennai,Contract,1010767,11,Diploma,Married,Active,
EMP01221,Gagan Sarna,Gagan,Sarna,Female,1984-07-28,42,2021-04-01,5,Operations,Operations Manager,G1,MGR012,Bangalore,Contract,317085,10,PhD,Single,Resigned,2022-03-31
EMP01222,Warjas Kadakia,Warjas,Kadakia,Male,1970-06-06,56,2015-04-09,11,HR,HR Executive,G5,MGR086,Mumbai,Contract,1695864,13,Master's,Married,Active,
EMP01223,Indali Sangha,Indali,Sangha,Male,1991-02-11,35,2019-08-20,6,IT,QA Engineer,G1,MGR026,Mumbai,Contract,360882,11,PhD,Single,Active,
EMP01224,Noah Dewan,Noah,Dewan,Male,1970-01-22,56,2020-11-18,5,Operations,Operations Manager,G5,MGR002,Bangalore,Full-Time,2056289,6,Bachelor's,Married,Active,
EMP01225,Samuel Jhaveri,Samuel,Jhaveri,Male,1994-10-15,31,2020-04-28,6,Sales,Sales Manager,G2,MGR023,Hyderabad,Full-Time,525964,8,Bachelor's,Single,Resigned,2020-10-29
EMP01226,Indali Walia,Indali,Walia,Male,1986-06-06,40,2020-10-03,5,IT,QA Engineer,G2,MGR081,Hyderabad,Contract,564767,8,Master's,Married,Active,
EMP01227,Avni Yohannan,Avni,Yohannan,Female,1966-12-05,59,2024-10-06,1,Finance,Financial Analyst,G1,MGR086,Delhi,Contract,350490,5,PhD,Single,Active,
EMP01228,Om Naik,Om,Naik,Male,1986-07-03,40,2021-11-23,4,Marketing,Digital Marketing Specialist,G2,MGR077,Chennai,Contract,563265,7,Diploma,Married,Active,
EMP01229,Brinda Mann,Brinda,Mann,Female,1967-12-23,58,2021-04-19,5,IT,Data Analyst,G1,MGR036,Hyderabad,Contract,396867,7,Master's,Married,Active,
EMP01230,Amara Varkey,Amara,Varkey,Female,1978-10-28,47,2024-08-04,2,Sales,Business Development Executive,G4,MGR097,Delhi,Full-Time,1202424,7,Master's,Single,Active,
EMP01231,Girish Deshmukh,Girish,Deshmukh,Female,1988-11-24,37,2020-10-18,5,Marketing,SEO Analyst,G1,MGR081,Bangalore,Contract,365953,7,Bachelor's,Married,Resigned,2024-04-18
EMP01232,Daniel Malhotra,Daniel,Malhotra,Female,1975-09-28,50,2021-05-07,5,HR,HR Manager,G3,MGR043,Chennai,Contract,800582,7,Master's,Married,Active,
EMP01233,Jonathan Deo,Jonathan,Deo,Male,1999-06-20,27,2021-11-16,4,HR,Talent Acquisition Specialist,G3,MGR088,Delhi,Contract,799596,6,Master's,Single,Active,
EMP01234,Zaid Dhingra,Zaid,Dhingra,Male,1970-04-05,56,2023-02-15,3,Operations,Operations Manager,G2,MGR077,Delhi,Contract,553931,3,PhD,Married,Active,
EMP01235,Ekanta Kota,Ekanta,Kota,Female,1997-03-02,29,2018-01-13,8,Marketing,Digital Marketing Specialist,G5,MGR019,Bangalore,Full-Time,1857983,8,Diploma,Married,Active,
EMP01236,Maya Suri,Maya,Suri,Female,1965-02-23,61,2015-09-30,10,HR,HR Manager,G4,MGR071,Chennai,Contract,1238425,12,PhD,Single,Active,
EMP01237,Lucky Luthra,Lucky,Luthra,Female,1993-03-05,33,2020-06-28,6,Marketing,Marketing Executive,G4,MGR050,Bangalore,Full-Time,1229204,8,Bachelor's,Single,Active,
EMP01238,Oeshi Prashad,Oeshi,Prashad,Male,1966-11-04,59,2024-07-02,2,IT,Data Engineer,G1,MGR069,Bangalore,Full-Time,443783,4,PhD,Single,Active,
EMP01239,Siya Borra,Siya,Borra,Male,1965-06-11,61,2016-04-01,10,Finance,Finance Manager,G3,MGR056,Mumbai,Full-Time,848996,14,Master's,Married,Active,
EMP01240,Girik Rau,Girik,Rau,Male,1966-01-12,60,2021-03-17,5,Marketing,Digital Marketing Specialist,G2,MGR050,Mumbai,Full-Time,545047,9,Diploma,Married,Active,
EMP01241,Yutika Mall,Yutika,Mall,Male,1969-04-17,57,2017-10-05,8,Sales,Sales Executive,G2,MGR079,Mumbai,Full-Time,620456,10,Master's,Single,Active,
EMP01242,Jyoti Sha,Jyoti,Sha,Female,1984-07-10,42,2021-07-02,5,Marketing,Digital Marketing Specialist,G4,MGR030,Pune,Full-Time,1111876,9,PhD,Married,Active,
EMP01243,Vinaya Narang,Vinaya,Narang,Female,2003-02-27,23,2021-11-24,4,Sales,Sales Executive,G5,MGR035,Mumbai,Contract,2302219,2,Master's,Married,Active,
EMP01244,Aarnav Chander,Aarnav,Chander,Female,2002-08-08,24,2019-12-17,6,Marketing,Marketing Executive,G3,MGR091,Pune,Contract,775767,3,PhD,Single,Active,
EMP01245,Tara Parmar,Tara,Parmar,Female,1983-03-05,43,2018-01-27,8,HR,Talent Acquisition Specialist,G3,MGR049,Chennai,Contract,821055,13,Bachelor's,Single,Active,
EMP01246,Dev Warrior,Dev,Warrior,Male,1982-06-12,44,2021-05-30,5,Finance,Financial Analyst,G4,MGR063,Hyderabad,Contract,1010744,5,Diploma,Married,Active,
EMP01247,Mitali Kamdar,Mitali,Kamdar,Male,1977-01-27,49,2019-02-10,7,Finance,Financial Analyst,G2,MGR029,Chennai,Full-Time,544182,10,PhD,Married,Active,
EMP01248,Pushti Kakar,Pushti,Kakar,Male,1969-01-14,57,2022-12-06,3,HR,HR Executive,G5,MGR071,Pune,Contract,2229088,7,Master's,Married,Active,
EMP01249,Warda Loyal,Warda,Loyal,Male,2003-07-06,23,2019-11-21,6,Finance,Accountant,G2,MGR040,Mumbai,Full-Time,607338,2,Diploma,Single,Active,
EMP01250,Ekantika Mander,Ekantika,Mander,Male,1977-12-06,48,2021-02-22,5,Sales,Sales Manager,G2,MGR003,Mumbai,Full-Time,561930,7,Diploma,Married,Active,
EMP01251,Geetika De,Geetika,De,Male,1988-12-14,37,2016-05-23,10,Sales,Business Development Executive,G3,MGR020,Chennai,Full-Time,793807,11,Diploma,Married,Resigned,2026-01-08
EMP01252,Vedhika Oza,Vedhika,Oza,Female,1988-01-10,38,2024-02-14,2,IT,QA Engineer,G5,MGR008,Hyderabad,Full-Time,2438305,6,Diploma,Married,Active,
EMP01253,Chanakya Batra,Chanakya,Batra,Male,1975-11-08,50,2024-08-30,1,Marketing,Digital Marketing Specialist,G5,MGR036,Hyderabad,Full-Time,2321200,5,Bachelor's,Single,Active,
EMP01254,Hardik Sharaf,Hardik,Sharaf,Male,1993-09-18,32,2021-10-18,4,IT,Software Engineer,G4,MGR001,Bangalore,Contract,1071252,7,PhD,Married,Active,
EMP01255,Amol Dash,Amol,Dash,Female,1988-07-21,38,2020-03-26,6,Operations,Supply Chain Analyst,G3,MGR097,Bangalore,Contract,912440,10,PhD,Single,Active,
EMP01256,Nakul Sastry,Nakul,Sastry,Male,1968-04-17,58,2021-09-22,4,Finance,Financial Analyst,G1,MGR053,Hyderabad,Contract,458438,8,Master's,Single,Active,
EMP01257,Tanmayi Acharya,Tanmayi,Acharya,Male,1998-08-29,27,2015-03-07,11,HR,HR Manager,G2,MGR076,Delhi,Full-Time,617949,6,Master's,Married,Active,
EMP01258,Priya Jain,Priya,Jain,Male,1975-03-10,51,2025-02-18,1,Sales,Sales Manager,G4,MGR060,Delhi,Contract,1209316,5,Bachelor's,Married,Active,
EMP01259,Kevin Mittal,Kevin,Mittal,Male,1976-01-04,50,2025-08-17,0,HR,Talent Acquisition Specialist,G1,MGR048,Pune,Contract,377442,4,PhD,Married,Active,
EMP01260,Nathan Mahal,Nathan,Mahal,Female,1980-11-30,45,2024-03-17,2,Marketing,SEO Analyst,G4,MGR062,Pune,Contract,1021246,6,Bachelor's,Married,Resigned,2024-08-08
EMP01261,Jalsa Krishna,Jalsa,Krishna,Male,1965-07-01,61,2016-02-19,10,HR,Talent Acquisition Specialist,G5,MGR008,Pune,Full-Time,1782705,12,Master's,Single,Active,
EMP01262,Fitan Prabhu,Fitan,Prabhu,Female,2000-10-26,25,2021-11-15,4,Sales,Sales Manager,G5,MGR037,Bangalore,Full-Time,1842406,4,Diploma,Married,Active,
EMP01263,Noah Ben,Noah,Ben,Female,1999-04-04,27,2020-10-06,5,IT,QA Engineer,G5,MGR009,Mumbai,Contract,2030524,6,PhD,Married,Active,
EMP01264,Meghana Mody,Meghana,Mody,Male,1969-03-07,57,2021-12-01,4,Sales,Sales Manager,G4,MGR006,Pune,Contract,1115467,8,Bachelor's,Single,Active,
EMP01265,Vivaan Sanghvi,Vivaan,Sanghvi,Male,1983-09-25,42,2023-12-19,2,HR,HR Manager,G5,MGR033,Mumbai,Full-Time,2095787,4,Bachelor's,Single,Active,
EMP01266,Gavin Chandran,Gavin,Chandran,Female,2000-04-21,26,2015-09-28,10,HR,HR Manager,G2,MGR064,Pune,Full-Time,676321,5,Master's,Married,Resigned,2015-10-04
EMP01267,Tanay Sood,Tanay,Sood,Female,1990-11-20,35,2021-04-06,5,Marketing,SEO Analyst,G3,MGR068,Mumbai,Contract,871197,5,Bachelor's,Single,Active,
EMP01268,Faras Deo,Faras,Deo,Female,1986-09-07,39,2018-01-19,8,Finance,Finance Manager,G3,MGR093,Hyderabad,Full-Time,961553,11,Master's,Married,Active,
EMP01269,Upkaar Venkataraman,Upkaar,Venkataraman,Male,1989-11-24,36,2017-07-04,9,HR,HR Executive,G4,MGR020,Pune,Contract,1474572,9,PhD,Married,Active,
EMP01270,Sai Andra,Sai,Andra,Female,1968-08-22,57,2017-09-20,8,HR,Talent Acquisition Specialist,G4,MGR085,Pune,Contract,1497282,9,PhD,Married,Active,
EMP01271,Abhiram Oza,Abhiram,Oza,Male,1983-08-01,43,2020-04-22,6,IT,Data Engineer,G3,MGR040,Mumbai,Contract,761984,9,PhD,Single,Active,
EMP01272,Jai Sami,Jai,Sami,Male,1977-11-07,48,2017-09-23,8,Marketing,Marketing Executive,G3,MGR077,Bangalore,Contract,783462,12,Diploma,Single,Active,
EMP01273,Kevin Sridhar,Kevin,Sridhar,Male,1971-09-25,54,2021-01-22,5,Sales,Sales Manager,G1,MGR083,Mumbai,Full-Time,482814,5,PhD,Single,Active,
EMP01274,Ekavir Karnik,Ekavir,Karnik,Female,2002-11-04,23,2019-02-11,7,Operations,Supply Chain Analyst,G3,MGR012,Pune,Full-Time,999891,2,Master's,Single,Active,
EMP01275,Leela Chakraborty,Leela,Chakraborty,Male,1966-10-10,59,2021-11-21,4,IT,Data Analyst,G2,MGR063,Pune,Contract,602462,9,Master's,Single,Active,
EMP01276,Harsh Chauhan,Harsh,Chauhan,Female,1971-03-22,55,2015-09-24,10,Sales,Business Development Executive,G3,MGR083,Delhi,Full-Time,782519,12,Bachelor's,Married,Active,
EMP01277,Dhriti Pillai,Dhriti,Pillai,Female,1994-10-31,31,2016-10-28,9,Operations,Operations Manager,G4,MGR066,Bangalore,Contract,1188089,10,PhD,Married,Active,
EMP01278,Chandani Devan,Chandani,Devan,Male,2000-08-18,25,2024-07-01,2,Finance,Finance Manager,G3,MGR031,Hyderabad,Full-Time,810387,4,Diploma,Single,Active,
EMP01279,Lavanya Deol,Lavanya,Deol,Male,1971-08-17,55,2016-03-17,10,Sales,Sales Executive,G2,MGR010,Bangalore,Contract,689469,10,Bachelor's,Married,Active,
EMP01280,Luke Biswas,Luke,Biswas,Male,1993-11-26,32,2022-06-30,4,Operations,Supply Chain Analyst,G5,MGR091,Mumbai,Contract,1817242,6,Diploma,Married,Active,
EMP01281,Abhiram Gala,Abhiram,Gala,Male,1980-06-24,46,2015-09-28,10,IT,Software Engineer,G3,MGR024,Hyderabad,Contract,904241,15,Master's,Married,Active,
EMP01282,Ria Panchal,Ria,Panchal,Female,1998-06-07,28,2025-11-03,0,Operations,Operations Manager,G3,MGR090,Mumbai,Full-Time,997045,5,Master's,Married,Active,
EMP01283,Tanay Doshi,Tanay,Doshi,Female,1971-08-25,54,2015-06-22,11,HR,HR Executive,G5,MGR064,Bangalore,Full-Time,2133257,12,PhD,Single,Active,
EMP01284,Nisha Savant,Nisha,Savant,Female,1996-11-29,29,2018-11-05,7,Marketing,Digital Marketing Specialist,G3,MGR014,Hyderabad,Full-Time,701435,7,Bachelor's,Married,Active,
EMP01285,Teerth Chadha,Teerth,Chadha,Female,1988-10-24,37,2019-05-20,7,Marketing,SEO Analyst,G5,MGR079,Mumbai,Contract,2471587,11,PhD,Married,Active,
EMP01286,Harish Dey,Harish,Dey,Female,1966-12-31,59,2018-03-11,8,Finance,Accountant,G4,MGR081,Pune,Contract,1308973,12,PhD,Single,Resigned,2024-08-03
EMP01287,Jatin Rajagopalan,Jatin,Rajagopalan,Male,1985-02-25,41,2017-12-20,8,Finance,Finance Manager,G1,MGR086,Chennai,Contract,360154,12,Master's,Single,Active,
EMP01288,Indali Sanghvi,Indali,Sanghvi,Male,1974-12-13,51,2025-09-04,0,Sales,Sales Executive,G4,MGR056,Pune,Full-Time,1001179,4,PhD,Single,Active,
EMP01289,Divya Dey,Divya,Dey,Female,1999-06-29,27,2021-09-24,4,Operations,Operations Executive,G4,MGR028,Chennai,Contract,1304179,4,Bachelor's,Married,Active,
EMP01290,Yug Malhotra,Yug,Malhotra,Female,1972-12-13,53,2021-02-10,5,Operations,Operations Executive,G1,MGR055,Pune,Contract,479590,6,Bachelor's,Married,Active,
EMP01291,Frado Kothari,Frado,Kothari,Male,1998-08-14,27,2023-03-14,3,Finance,Accountant,G3,MGR054,Mumbai,Contract,834790,3,Bachelor's,Married,Active,
EMP01292,Bhavani Bala,Bhavani,Bala,Female,1978-11-19,47,2021-01-30,5,Operations,Supply Chain Analyst,G1,MGR020,Pune,Full-Time,319982,8,Diploma,Married,Resigned,2023-08-25
EMP01293,Samesh Vasa,Samesh,Vasa,Male,1999-04-25,27,2020-01-23,6,Finance,Accountant,G5,MGR100,Chennai,Contract,2303208,6,Diploma,Married,Active,
EMP01294,Yashodhara Gulati,Yashodhara,Gulati,Female,2000-03-27,26,2015-12-08,10,Finance,Accountant,G3,MGR050,Mumbai,Contract,792483,5,Diploma,Single,Active,
EMP01295,Manya Merchant,Manya,Merchant,Female,1972-03-12,54,2020-11-08,5,Operations,Supply Chain Analyst,G2,MGR097,Delhi,Contract,625485,6,Master's,Married,Active,
EMP01296,Chatura Khatri,Chatura,Khatri,Female,1969-08-24,56,2024-01-20,2,Marketing,Digital Marketing Specialist,G2,MGR025,Chennai,Contract,543915,2,Diploma,Single,Active,
EMP01297,Warda Raju,Warda,Raju,Female,1990-01-03,36,2023-08-24,2,Sales,Sales Manager,G3,MGR026,Pune,Full-Time,893394,6,Bachelor's,Single,Active,
EMP01298,Isaiah Khosla,Isaiah,Khosla,Male,1994-10-24,31,2025-06-22,1,Finance,Finance Manager,G3,MGR096,Pune,Contract,917859,5,Diploma,Single,Active,
EMP01299,Xalak Bobal,Xalak,Bobal,Male,1991-08-06,35,2016-07-10,10,Sales,Sales Manager,G5,MGR093,Bangalore,Full-Time,2078399,10,Diploma,Married,Active,
EMP01300,Advik Patel,Advik,Patel,Female,1978-03-01,48,2015-06-09,11,IT,Software Engineer,G3,MGR090,Bangalore,Contract,771785,13,Master's,Married,Active,
EMP01301,Edhitha Deo,Edhitha,Deo,Male,1988-10-26,37,2019-01-30,7,IT,DevOps Engineer,G3,MGR053,Pune,Full-Time,857192,8,Master's,Single,Active,
EMP01302,Lila Salvi,Lila,Salvi,Male,1988-07-19,38,2021-10-05,4,Marketing,Marketing Executive,G3,MGR013,Bangalore,Contract,759440,4,Diploma,Single,Active,
EMP01303,Jasmit Gera,Jasmit,Gera,Male,1975-05-22,51,2015-07-21,11,Finance,Financial Analyst,G5,MGR070,Pune,Contract,2291507,12,Master's,Single,Resigned,2023-07-25
EMP01304,Elijah Badal,Elijah,Badal,Male,1978-12-29,47,2025-04-21,1,Sales,Sales Executive,G3,MGR095,Pune,Full-Time,841058,5,Diploma,Single,Active,
EMP01305,Ekansh Atwal,Ekansh,Atwal,Female,1966-11-28,59,2020-04-05,6,Finance,Financial Analyst,G5,MGR034,Mumbai,Full-Time,1612083,7,Master's,Single,Active,
EMP01306,Adweta Kale,Adweta,Kale,Male,1993-04-19,33,2024-02-09,2,IT,DevOps Engineer,G2,MGR091,Mumbai,Full-Time,691037,3,Bachelor's,Married,Active,
EMP01307,Balveer Bhasin,Balveer,Bhasin,Female,1990-11-14,35,2023-11-29,2,Operations,Operations Executive,G4,MGR031,Pune,Contract,1287081,3,PhD,Single,Active,
EMP01308,Mitali Toor,Mitali,Toor,Female,1980-06-11,46,2016-07-11,10,Sales,Business Development Executive,G4,MGR075,Bangalore,Contract,1477493,13,Diploma,Married,Active,
EMP01309,Bhavini Thaker,Bhavini,Thaker,Female,1965-01-24,61,2025-12-19,0,IT,DevOps Engineer,G5,MGR096,Bangalore,Full-Time,1700450,3,Bachelor's,Single,Resigned,2026-05-29
EMP01310,Pallavi Ratti,Pallavi,Ratti,Male,1970-12-11,55,2022-12-22,3,IT,Data Analyst,G2,MGR006,Delhi,Full-Time,695265,6,Bachelor's,Single,Active,
EMP01311,Fitan Yadav,Fitan,Yadav,Male,1990-10-10,35,2015-01-12,11,Operations,Operations Executive,G1,MGR002,Hyderabad,Full-Time,482510,11,Bachelor's,Married,Active,
EMP01312,Michael Mall,Michael,Mall,Male,2003-12-22,22,2019-02-19,7,Finance,Financial Analyst,G4,MGR067,Delhi,Contract,1345778,1,Bachelor's,Single,Active,
EMP01313,Fiyaz Mukherjee,Fiyaz,Mukherjee,Female,1973-06-08,53,2024-10-03,1,Operations,Supply Chain Analyst,G2,MGR063,Bangalore,Contract,628427,2,Master's,Single,Active,
EMP01314,Farhan Vaidya,Farhan,Vaidya,Male,1967-10-04,58,2023-10-06,2,IT,DevOps Engineer,G5,MGR027,Hyderabad,Full-Time,1803114,6,Bachelor's,Married,Active,
EMP01315,Samar Dugal,Samar,Dugal,Female,1999-07-02,27,2015-02-26,11,Sales,Business Development Executive,G1,MGR059,Bangalore,Contract,453743,6,Bachelor's,Married,Active,
EMP01316,Eta Raman,Eta,Raman,Female,2002-08-28,23,2020-05-07,6,Sales,Sales Manager,G2,MGR029,Hyderabad,Full-Time,625920,2,Bachelor's,Married,Active,
EMP01317,Dominic Mukherjee,Dominic,Mukherjee,Male,1969-12-05,56,2018-01-01,8,Operations,Operations Manager,G5,MGR089,Pune,Contract,1767188,9,Master's,Married,Active,
EMP01318,Rajeshri Khare,Rajeshri,Khare,Male,1975-10-28,50,2025-01-29,1,Finance,Financial Analyst,G2,MGR086,Chennai,Full-Time,698636,3,PhD,Single,Active,
EMP01319,Dalbir Konda,Dalbir,Konda,Male,1979-09-08,46,2023-08-14,2,Operations,Supply Chain Analyst,G4,MGR044,Pune,Contract,1297769,3,Bachelor's,Single,Active,
EMP01320,Gabriel Saraf,Gabriel,Saraf,Female,1976-04-08,50,2022-10-21,3,Finance,Finance Manager,G2,MGR052,Delhi,Contract,664848,7,PhD,Married,Active,
EMP01321,Jack Setty,Jack,Setty,Male,1979-07-27,47,2015-07-07,11,Finance,Financial Analyst,G4,MGR031,Chennai,Contract,1397896,13,Bachelor's,Married,Resigned,2025-12-05
EMP01322,Christopher More,Christopher,More,Male,1995-12-10,30,2015-11-09,10,IT,QA Engineer,G2,MGR053,Pune,Full-Time,560635,9,PhD,Single,Active,
EMP01323,Parth Dar,Parth,Dar,Female,1997-03-24,29,2016-07-09,10,HR,Talent Acquisition Specialist,G2,MGR048,Pune,Full-Time,557270,8,Diploma,Married,Active,
EMP01324,Advik Devan,Advik,Devan,Female,1993-11-05,32,2021-08-08,4,Sales,Sales Executive,G1,MGR031,Chennai,Full-Time,389342,5,Master's,Single,Active,
EMP01325,Advay Gade,Advay,Gade,Female,1989-04-09,37,2016-11-15,9,Operations,Supply Chain Analyst,G1,MGR028,Hyderabad,Contract,428332,14,Diploma,Single,Resigned,2025-04-26
EMP01326,Idika Virk,Idika,Virk,Female,1965-01-02,61,2019-10-16,6,Operations,Operations Manager,G3,MGR072,Delhi,Full-Time,937164,9,Diploma,Single,Active,
EMP01327,Zansi Lad,Zansi,Lad,Male,1972-09-20,53,2024-03-22,2,HR,HR Executive,G1,MGR023,Mumbai,Full-Time,492004,6,Bachelor's,Married,Active,
EMP01328,Ojas Prabhu,Ojas,Prabhu,Female,1975-02-14,51,2021-12-08,4,HR,HR Executive,G1,MGR093,Mumbai,Contract,490249,9,Master's,Married,Active,
EMP01329,Jonathan Luthra,Jonathan,Luthra,Male,2002-05-25,24,2025-02-08,1,HR,HR Manager,G4,MGR022,Bangalore,Full-Time,1003996,1,Bachelor's,Married,Active,
EMP01330,Jacob Balan,Jacob,Balan,Male,1974-07-02,52,2015-10-27,10,HR,HR Manager,G1,MGR030,Delhi,Full-Time,413932,11,Master's,Married,Active,
EMP01331,Gautami Sanghvi,Gautami,Sanghvi,Male,1985-02-22,41,2019-10-07,6,HR,Talent Acquisition Specialist,G4,MGR041,Bangalore,Full-Time,1146368,7,Bachelor's,Married,Active,
EMP01332,Anita Viswanathan,Anita,Viswanathan,Female,1969-01-31,57,2024-10-22,1,Marketing,Marketing Executive,G2,MGR030,Delhi,Full-Time,514101,3,PhD,Married,Resigned,2024-12-10
EMP01333,Adya Bose,Adya,Bose,Male,1967-05-16,59,2020-10-22,5,HR,Talent Acquisition Specialist,G2,MGR031,Pune,Full-Time,533142,6,Diploma,Married,Active,
EMP01334,Watika Shah,Watika,Shah,Male,1976-08-25,49,2017-12-05,8,Finance,Finance Manager,G2,MGR006,Hyderabad,Contract,546742,9,Bachelor's,Single,Active,
EMP01335,Yasti Parsa,Yasti,Parsa,Male,1988-03-27,38,2016-08-28,9,Marketing,Digital Marketing Specialist,G1,MGR093,Delhi,Full-Time,410656,10,PhD,Single,Active,
EMP01336,Christopher Tata,Christopher,Tata,Female,1966-05-06,60,2015-05-16,11,IT,Software Engineer,G1,MGR004,Pune,Contract,489553,16,Diploma,Single,Active,
EMP01337,Ojas Pillai,Ojas,Pillai,Female,2001-02-16,25,2016-02-07,10,Sales,Business Development Executive,G3,MGR081,Delhi,Full-Time,730014,4,Master's,Married,Active,
EMP01338,Nakul Kumer,Nakul,Kumer,Male,2000-08-25,25,2025-04-02,1,Marketing,SEO Analyst,G3,MGR034,Mumbai,Full-Time,853164,4,Bachelor's,Married,Active,
EMP01339,Harshil D’Alia,Harshil,D’Alia,Male,1971-10-04,54,2016-12-20,9,Finance,Finance Manager,G5,MGR006,Bangalore,Contract,2326602,13,Diploma,Married,Active,
EMP01340,Vedant Upadhyay,Vedant,Upadhyay,Male,1991-11-18,34,2015-07-20,11,IT,Data Engineer,G2,MGR045,Delhi,Contract,599063,13,Master's,Married,Active,
EMP01341,Aarnav Basu,Aarnav,Basu,Female,1981-12-11,44,2021-04-25,5,IT,Data Analyst,G4,MGR035,Chennai,Full-Time,1078262,7,Master's,Single,Active,
EMP01342,Advik Konda,Advik,Konda,Male,2000-03-21,26,2021-06-20,5,Sales,Business Development Executive,G1,MGR092,Pune,Contract,444845,5,PhD,Single,Active,
EMP01343,Chakradhar Sodhi,Chakradhar,Sodhi,Female,1992-09-22,33,2018-12-25,7,IT,QA Engineer,G5,MGR017,Pune,Full-Time,1693741,12,Diploma,Single,Resigned,2022-01-28
EMP01344,Leela Doctor,Leela,Doctor,Female,2002-06-14,24,2020-12-05,5,IT,QA Engineer,G5,MGR001,Bangalore,Contract,2274379,3,Bachelor's,Married,Active,
EMP01345,Praneel Banik,Praneel,Banik,Male,1988-02-18,38,2017-03-05,9,Sales,Business Development Executive,G2,MGR083,Pune,Contract,638496,11,Bachelor's,Single,Active,
EMP01346,Oni Kapur,Oni,Kapur,Male,1996-04-01,30,2019-06-27,7,Marketing,SEO Analyst,G3,MGR067,Chennai,Contract,789585,7,Master's,Single,Active,
EMP01347,Ekanta Kothari,Ekanta,Kothari,Female,1998-12-08,27,2023-01-15,3,HR,HR Manager,G5,MGR028,Pune,Contract,1951819,6,Diploma,Married,Resigned,2024-10-22
EMP01348,Ekaja Madan,Ekaja,Madan,Female,1978-01-30,48,2025-08-08,0,Operations,Operations Manager,G2,MGR097,Bangalore,Contract,592976,1,Bachelor's,Married,Active,
EMP01349,Faras Pradhan,Faras,Pradhan,Female,1980-04-01,46,2021-02-04,5,Operations,Operations Executive,G3,MGR094,Pune,Full-Time,800491,8,PhD,Married,Active,
EMP01350,Jagdish Thakkar,Jagdish,Thakkar,Female,2003-09-19,22,2018-04-05,8,Marketing,SEO Analyst,G5,MGR003,Mumbai,Full-Time,2029757,1,Bachelor's,Single,Active,
EMP01351,Charles Gola,Charles,Gola,Female,1979-11-16,46,2023-02-19,3,HR,HR Manager,G5,MGR090,Pune,Contract,2372156,4,Master's,Single,Resigned,2024-01-31
EMP01352,Zaitra Batra,Zaitra,Batra,Female,1975-09-18,50,2017-04-18,9,HR,HR Executive,G3,MGR068,Bangalore,Contract,801884,10,PhD,Single,Active,
EMP01353,Nandini Biswas,Nandini,Biswas,Male,1969-01-15,57,2016-01-23,10,Operations,Supply Chain Analyst,G4,MGR060,Delhi,Full-Time,1275886,10,Diploma,Single,Active,
EMP01354,Udyati Mandal,Udyati,Mandal,Male,1993-04-20,33,2022-08-12,3,HR,HR Manager,G2,MGR052,Delhi,Contract,535312,4,Diploma,Married,Resigned,2025-11-25
EMP01355,Deepa Narang,Deepa,Narang,Male,1968-10-06,57,2025-04-18,1,Marketing,SEO Analyst,G4,MGR042,Hyderabad,Full-Time,1397619,6,PhD,Single,Active,
EMP01356,Gabriel Shan,Gabriel,Shan,Male,1974-05-13,52,2024-03-14,2,IT,Software Engineer,G5,MGR043,Hyderabad,Full-Time,1611931,2,Bachelor's,Single,Active,
EMP01357,Abhiram Pillay,Abhiram,Pillay,Female,1979-12-23,46,2020-04-18,6,Operations,Supply Chain Analyst,G4,MGR094,Bangalore,Full-Time,1138352,6,Diploma,Single,Active,
EMP01358,Sai Manne,Sai,Manne,Female,1971-01-04,55,2024-12-07,1,IT,Software Engineer,G3,MGR016,Chennai,Contract,737178,6,Master's,Single,Active,
EMP01359,Daksha Kibe,Daksha,Kibe,Female,1980-05-20,46,2024-05-25,2,IT,QA Engineer,G2,MGR053,Mumbai,Full-Time,698317,4,Bachelor's,Single,Active,
EMP01360,Ucchal Pillay,Ucchal,Pillay,Female,1977-05-03,49,2018-10-04,7,Finance,Financial Analyst,G1,MGR033,Pune,Contract,324176,9,PhD,Single,Active,
EMP01361,Wakeeta Hayre,Wakeeta,Hayre,Male,1999-11-26,26,2023-11-19,2,Finance,Accountant,G4,MGR051,Hyderabad,Contract,1490519,5,Diploma,Single,Active,
EMP01362,Yatan Dora,Yatan,Dora,Female,2000-01-02,26,2024-06-29,2,IT,Software Engineer,G2,MGR067,Mumbai,Contract,514519,4,PhD,Single,Active,
EMP01363,Abeer Rout,Abeer,Rout,Male,1982-04-30,44,2016-09-22,9,Operations,Operations Manager,G1,MGR096,Mumbai,Full-Time,383985,11,Bachelor's,Married,Resigned,2017-02-17
EMP01364,Viraj Pal,Viraj,Pal,Female,1967-05-03,59,2024-03-02,2,Sales,Business Development Executive,G5,MGR056,Chennai,Full-Time,1692312,7,PhD,Married,Active,
EMP01365,Aditya Nayak,Aditya,Nayak,Male,1992-11-12,33,2017-05-13,9,Marketing,Digital Marketing Specialist,G3,MGR015,Mumbai,Contract,721150,12,Diploma,Married,Active,
EMP01366,Aarav Puri,Aarav,Puri,Female,1978-05-22,48,2017-08-30,8,Sales,Business Development Executive,G5,MGR068,Mumbai,Contract,2272442,10,Bachelor's,Single,Active,
EMP01367,Damyanti Chawla,Damyanti,Chawla,Male,1967-05-25,59,2016-02-24,10,Operations,Operations Manager,G4,MGR089,Pune,Full-Time,1362339,10,Master's,Single,Active,
EMP01368,Samesh Wagle,Samesh,Wagle,Female,1990-10-02,35,2017-01-14,9,IT,DevOps Engineer,G3,MGR052,Chennai,Contract,786822,10,PhD,Married,Active,
EMP01369,Wazir Saini,Wazir,Saini,Female,1969-01-08,57,2024-12-20,1,Marketing,Digital Marketing Specialist,G2,MGR047,Chennai,Contract,640316,6,Bachelor's,Single,Active,
EMP01370,Vyanjana Bhasin,Vyanjana,Bhasin,Male,1978-03-17,48,2015-03-29,11,Marketing,Digital Marketing Specialist,G5,MGR025,Mumbai,Full-Time,2148841,13,Bachelor's,Single,Active,
EMP01371,Lucky Mammen,Lucky,Mammen,Male,1999-10-28,26,2025-11-13,0,Sales,Sales Manager,G5,MGR008,Hyderabad,Full-Time,2087043,3,PhD,Single,Active,
EMP01372,Girik Bassi,Girik,Bassi,Male,1985-07-05,41,2023-07-26,3,Sales,Sales Executive,G4,MGR096,Mumbai,Contract,1091181,8,Bachelor's,Single,Active,
EMP01373,Vincent Venkatesh,Vincent,Venkatesh,Female,1994-03-02,32,2017-09-26,8,Marketing,Marketing Executive,G5,MGR003,Bangalore,Full-Time,2293784,8,PhD,Single,Resigned,2024-10-05
EMP01374,Kashish Shanker,Kashish,Shanker,Female,1980-04-24,46,2015-05-03,11,Marketing,Marketing Executive,G4,MGR098,Bangalore,Full-Time,1309598,11,Master's,Single,Active,
EMP01375,Frado Chandran,Frado,Chandran,Female,1990-09-13,35,2019-03-30,7,Finance,Financial Analyst,G1,MGR002,Chennai,Contract,356788,12,Diploma,Single,Active,
EMP01376,Yashasvi Deol,Yashasvi,Deol,Female,1990-08-21,35,2018-10-11,7,IT,Data Engineer,G2,MGR052,Chennai,Full-Time,570004,12,Master's,Married,Active,
EMP01377,Meera Borde,Meera,Borde,Male,2003-05-04,23,2015-05-01,11,HR,HR Manager,G2,MGR001,Delhi,Contract,500256,2,PhD,Married,Active,
EMP01378,David Saran,David,Saran,Male,1970-03-29,56,2024-05-07,2,Sales,Business Development Executive,G2,MGR011,Delhi,Full-Time,519675,5,Master's,Single,Active,
EMP01379,Kalpit Khalsa,Kalpit,Khalsa,Male,1981-10-31,44,2020-12-01,5,IT,QA Engineer,G3,MGR038,Delhi,Full-Time,741997,9,Diploma,Married,Active,
EMP01380,Bishakha Lal,Bishakha,Lal,Male,2003-09-16,22,2022-01-22,4,Marketing,Marketing Executive,G5,MGR057,Delhi,Contract,2495542,1,Bachelor's,Single,Active,
EMP01381,Divya Ramaswamy,Divya,Ramaswamy,Male,1993-08-06,33,2018-02-20,8,Finance,Accountant,G4,MGR057,Chennai,Contract,1231027,8,Bachelor's,Single,Active,
EMP01382,Eta Nadkarni,Eta,Nadkarni,Female,1971-04-09,55,2023-02-21,3,Sales,Sales Manager,G2,MGR018,Bangalore,Full-Time,656319,6,Diploma,Married,Active,
EMP01383,Sneha Magar,Sneha,Magar,Female,1982-04-01,44,2025-05-08,1,IT,Data Analyst,G5,MGR078,Pune,Contract,2233248,1,PhD,Married,Active,
EMP01384,Vivaan Borde,Vivaan,Borde,Male,1973-11-26,52,2017-04-10,9,Sales,Sales Executive,G1,MGR041,Bangalore,Full-Time,334777,10,Master's,Married,Active,
EMP01385,Samaksh Deshpande,Samaksh,Deshpande,Male,1985-10-29,40,2015-02-13,11,HR,HR Executive,G1,MGR078,Mumbai,Full-Time,320603,14,Diploma,Single,Active,
EMP01386,Ikbal Dugal,Ikbal,Dugal,Male,2002-01-06,24,2020-10-03,5,Operations,Operations Manager,G2,MGR064,Chennai,Contract,622612,3,Diploma,Single,Active,
EMP01387,Hitesh Gala,Hitesh,Gala,Male,1994-12-17,31,2021-02-11,5,Finance,Financial Analyst,G3,MGR093,Mumbai,Contract,725786,10,Bachelor's,Married,Active,
EMP01388,Shivani Shukla,Shivani,Shukla,Male,2001-09-02,24,2016-01-23,10,Sales,Sales Manager,G3,MGR031,Hyderabad,Full-Time,727734,3,Diploma,Married,Active,
EMP01389,Dipta Ray,Dipta,Ray,Male,1971-05-12,55,2025-02-24,1,Sales,Business Development Executive,G4,MGR066,Mumbai,Full-Time,1349844,6,Diploma,Single,Active,
EMP01390,Jai Wason,Jai,Wason,Female,2001-10-24,24,2021-08-09,4,Marketing,Marketing Executive,G1,MGR025,Bangalore,Contract,464696,3,Master's,Married,Active,
EMP01391,Ishita Johal,Ishita,Johal,Female,1975-06-29,51,2023-07-02,3,Sales,Sales Executive,G5,MGR015,Chennai,Full-Time,1754834,4,Master's,Married,Active,
EMP01392,Siya Morar,Siya,Morar,Male,1990-09-05,35,2023-06-01,3,Sales,Business Development Executive,G1,MGR090,Chennai,Contract,429191,3,Diploma,Married,Active,
EMP01393,Ubika Lanka,Ubika,Lanka,Male,1983-01-24,43,2024-08-27,1,Sales,Sales Executive,G4,MGR100,Mumbai,Full-Time,1271726,5,Diploma,Married,Active,
EMP01394,Jagdish Chana,Jagdish,Chana,Male,1994-07-23,32,2024-06-05,2,HR,HR Executive,G2,MGR045,Bangalore,Full-Time,664934,7,PhD,Married,Active,
EMP01395,Nakul Modi,Nakul,Modi,Female,1989-03-08,37,2020-01-07,6,IT,Data Engineer,G4,MGR020,Delhi,Full-Time,1298546,11,Bachelor's,Single,Resigned,2026-01-04
EMP01396,Banjeet Kale,Banjeet,Kale,Male,1979-09-08,46,2021-05-14,5,Sales,Sales Manager,G5,MGR072,Chennai,Contract,1541350,7,PhD,Married,Active,
EMP01397,Falak Divan,Falak,Divan,Male,1972-02-08,54,2016-06-03,10,IT,Data Engineer,G1,MGR089,Delhi,Full-Time,458640,10,PhD,Married,Active,
EMP01398,Gavin Kothari,Gavin,Kothari,Female,1994-01-31,32,2016-06-16,10,Finance,Finance Manager,G3,MGR071,Delhi,Full-Time,968543,11,Diploma,Married,Active,
EMP01399,Ishani Randhawa,Ishani,Randhawa,Female,2001-05-07,25,2023-06-04,3,IT,DevOps Engineer,G1,MGR023,Mumbai,Contract,393569,4,PhD,Married,Active,
EMP01400,Yochana Bawa,Yochana,Bawa,Male,1966-03-06,60,2025-06-22,1,Marketing,Digital Marketing Specialist,G3,MGR100,Pune,Full-Time,899464,6,PhD,Married,Active,
EMP01401,Chandani Lad,Chandani,Lad,Female,1982-04-01,44,2021-01-28,5,HR,Talent Acquisition Specialist,G5,MGR056,Chennai,Contract,2459780,8,Bachelor's,Married,Active,
EMP01402,Owen Balasubramanian,Owen,Balasubramanian,Male,1987-02-27,39,2023-05-30,3,IT,QA Engineer,G3,MGR001,Hyderabad,Full-Time,974929,3,Bachelor's,Married,Active,
EMP01403,Nidhi Sethi,Nidhi,Sethi,Female,1966-05-05,60,2022-06-10,4,Finance,Financial Analyst,G4,MGR080,Bangalore,Contract,1381518,7,Diploma,Single,Active,
EMP01404,Zaid Chandra,Zaid,Chandra,Male,1977-07-17,49,2025-02-02,1,Marketing,Marketing Executive,G3,MGR035,Bangalore,Full-Time,896361,2,PhD,Married,Active,
EMP01405,Turvi Chaudry,Turvi,Chaudry,Male,1971-04-19,55,2018-12-16,7,Marketing,Digital Marketing Specialist,G2,MGR032,Delhi,Full-Time,667326,10,Master's,Married,Active,
EMP01406,Logan Dara,Logan,Dara,Male,2003-11-11,22,2025-07-19,1,HR,Talent Acquisition Specialist,G5,MGR014,Bangalore,Contract,2479932,1,Master's,Single,Active,
EMP01407,Advik Bhatia,Advik,Bhatia,Female,1973-05-16,53,2020-12-23,5,Finance,Finance Manager,G4,MGR044,Hyderabad,Full-Time,1093270,5,Bachelor's,Married,Resigned,2022-11-13
EMP01408,Kalpit Hora,Kalpit,Hora,Male,2003-12-14,22,2022-10-16,3,HR,HR Manager,G5,MGR088,Bangalore,Full-Time,2137468,1,Diploma,Married,Active,
EMP01409,Nandini Pradhan,Nandini,Pradhan,Male,1993-12-21,32,2020-06-28,6,Marketing,Digital Marketing Specialist,G4,MGR072,Bangalore,Full-Time,1497851,6,Master's,Married,Active,
EMP01410,Frado Lad,Frado,Lad,Female,2002-01-01,24,2017-12-07,8,HR,HR Executive,G2,MGR081,Chennai,Full-Time,580378,3,Diploma,Single,Resigned,2019-03-17
EMP01411,Anthony Bhattacharyya,Anthony,Bhattacharyya,Female,1972-05-24,54,2015-07-12,11,HR,Talent Acquisition Specialist,G3,MGR035,Pune,Full-Time,823741,16,Bachelor's,Married,Active,
EMP01412,Rudra Sawhney,Rudra,Sawhney,Female,1978-03-05,48,2020-02-02,6,IT,Data Engineer,G3,MGR014,Mumbai,Full-Time,806061,7,Bachelor's,Married,Active,
EMP01413,Kabir Chanda,Kabir,Chanda,Male,1975-09-07,50,2023-12-16,2,Sales,Sales Manager,G3,MGR003,Chennai,Contract,724008,7,Diploma,Married,Resigned,2025-05-14
EMP01414,Jason Basak,Jason,Basak,Male,1966-07-31,60,2023-09-15,2,Finance,Accountant,G4,MGR079,Chennai,Full-Time,1200766,4,PhD,Single,Active,
EMP01415,Triya Bedi,Triya,Bedi,Male,1998-12-29,27,2020-05-11,6,IT,Data Engineer,G3,MGR031,Chennai,Contract,768039,6,Bachelor's,Single,Resigned,2021-10-14
EMP01416,Rachita Rana,Rachita,Rana,Female,1983-09-01,42,2015-08-28,10,Finance,Finance Manager,G5,MGR097,Hyderabad,Contract,1935696,12,Master's,Single,Active,
EMP01417,Watika Balan,Watika,Balan,Female,1987-11-21,38,2018-10-13,7,Operations,Supply Chain Analyst,G3,MGR081,Bangalore,Contract,983823,9,Master's,Married,Active,
EMP01418,Lavanya Sandhu,Lavanya,Sandhu,Male,1978-08-30,47,2025-09-28,0,Marketing,Marketing Executive,G1,MGR055,Bangalore,Full-Time,481713,0,Diploma,Single,Active,
EMP01419,Orinder Pandya,Orinder,Pandya,Female,1981-09-17,44,2022-03-03,4,HR,Talent Acquisition Specialist,G2,MGR031,Mumbai,Full-Time,519070,4,Master's,Single,Active,
EMP01420,Tanish Grover,Tanish,Grover,Female,1980-04-01,46,2020-05-22,6,IT,QA Engineer,G2,MGR082,Hyderabad,Full-Time,666046,7,Master's,Married,Active,
EMP01421,Anvi Mammen,Anvi,Mammen,Female,1982-04-23,44,2021-07-30,5,Marketing,SEO Analyst,G4,MGR064,Delhi,Full-Time,1075535,5,PhD,Married,Active,
EMP01422,Sanaya Dixit,Sanaya,Dixit,Female,1993-11-07,32,2019-08-20,6,HR,Talent Acquisition Specialist,G1,MGR047,Chennai,Full-Time,334009,9,Master's,Single,Resigned,2019-12-05
EMP01423,Yatan Merchant,Yatan,Merchant,Male,1988-08-03,38,2017-06-13,9,HR,Talent Acquisition Specialist,G5,MGR014,Delhi,Full-Time,2346965,13,Diploma,Single,Active,
EMP01424,Wishi Sabharwal,Wishi,Sabharwal,Male,2002-09-25,23,2022-03-27,4,IT,Data Engineer,G5,MGR008,Hyderabad,Full-Time,1597102,2,Bachelor's,Married,Active,
EMP01425,Varenya Bhat,Varenya,Bhat,Male,1974-02-24,52,2023-01-18,3,Marketing,Digital Marketing Specialist,G3,MGR069,Mumbai,Contract,712701,6,Diploma,Married,Active,
EMP01426,Gagan Mammen,Gagan,Mammen,Male,1980-09-14,45,2020-05-20,6,Sales,Sales Manager,G3,MGR072,Delhi,Contract,890414,11,Bachelor's,Married,Active,
EMP01427,Leela Devan,Leela,Devan,Male,1979-08-07,47,2016-08-06,10,Marketing,Marketing Executive,G5,MGR100,Delhi,Contract,2356338,15,Bachelor's,Single,Active,
EMP01428,Oni Iyengar,Oni,Iyengar,Male,1997-03-22,29,2019-12-06,6,IT,DevOps Engineer,G2,MGR059,Delhi,Full-Time,516599,7,PhD,Single,Resigned,2025-05-24
EMP01429,Zaid Bahl,Zaid,Bahl,Male,2002-08-02,24,2025-05-21,1,IT,Data Engineer,G2,MGR020,Chennai,Full-Time,545231,3,Bachelor's,Single,Active,
EMP01430,Lavanya Parmer,Lavanya,Parmer,Female,1994-06-26,32,2024-07-29,2,Marketing,Marketing Executive,G3,MGR071,Chennai,Full-Time,823874,4,Bachelor's,Married,Active,
EMP01431,Varsha Sundaram,Varsha,Sundaram,Male,2000-05-29,26,2021-06-23,5,Marketing,Marketing Executive,G3,MGR040,Bangalore,Contract,991474,5,PhD,Married,Active,
EMP01432,Hemangini Thakkar,Hemangini,Thakkar,Female,1974-10-26,51,2016-10-23,9,Sales,Sales Manager,G2,MGR074,Bangalore,Contract,505127,12,PhD,Single,Active,
EMP01433,Ekanta Rama,Ekanta,Rama,Female,1992-01-29,34,2024-04-01,2,Marketing,Digital Marketing Specialist,G1,MGR074,Mumbai,Contract,348967,2,Bachelor's,Single,Active,
EMP01434,Anamika Gole,Anamika,Gole,Female,1999-01-30,27,2020-11-28,5,Sales,Business Development Executive,G1,MGR063,Delhi,Contract,356160,6,Bachelor's,Single,Active,
EMP01435,Atharv Nagar,Atharv,Nagar,Male,1971-01-17,55,2023-11-24,2,Finance,Financial Analyst,G1,MGR025,Mumbai,Full-Time,443649,4,Master's,Married,Active,
EMP01436,Theodore Balan,Theodore,Balan,Female,1988-04-07,38,2020-08-24,5,Marketing,SEO Analyst,G4,MGR088,Mumbai,Contract,1183140,7,Master's,Single,Active,
EMP01437,Avni Bhardwaj,Avni,Bhardwaj,Female,1967-09-25,58,2023-12-16,2,IT,Data Analyst,G1,MGR039,Mumbai,Contract,372910,2,Diploma,Married,Active,
EMP01438,Urmi Wagle,Urmi,Wagle,Male,1980-07-24,46,2024-05-13,2,HR,HR Executive,G5,MGR012,Pune,Full-Time,2442187,2,Bachelor's,Married,Active,
EMP01439,Ishita Kaul,Ishita,Kaul,Male,1978-08-01,48,2017-03-25,9,Sales,Sales Manager,G5,MGR008,Chennai,Full-Time,1702219,10,PhD,Married,Active,
EMP01440,Nathaniel Chaudhry,Nathaniel,Chaudhry,Female,1969-03-03,57,2021-10-29,4,IT,Data Analyst,G4,MGR082,Mumbai,Full-Time,1025384,8,Bachelor's,Single,Active,
EMP01441,Yug Khosla,Yug,Khosla,Female,1983-05-26,43,2020-03-26,6,Operations,Operations Executive,G1,MGR078,Delhi,Full-Time,330190,6,Diploma,Married,Active,
EMP01442,Amaira Walla,Amaira,Walla,Male,1973-02-08,53,2015-06-21,11,IT,QA Engineer,G1,MGR018,Delhi,Contract,417044,13,PhD,Single,Active,
EMP01443,Daksh Kanda,Daksh,Kanda,Male,1966-08-30,59,2018-04-17,8,Marketing,Marketing Executive,G4,MGR044,Mumbai,Full-Time,1199378,9,PhD,Married,Active,
EMP01444,Lipika Pant,Lipika,Pant,Male,1971-09-18,54,2023-07-28,3,Finance,Accountant,G1,MGR037,Pune,Contract,323619,3,Bachelor's,Married,Resigned,2024-04-22
EMP01445,Patrick Khalsa,Patrick,Khalsa,Female,1971-01-15,55,2016-09-06,9,Marketing,Digital Marketing Specialist,G4,MGR003,Chennai,Full-Time,1067532,10,Master's,Married,Active,
EMP01446,Eesha Parmer,Eesha,Parmer,Male,2001-05-10,25,2023-04-28,3,Operations,Supply Chain Analyst,G1,MGR092,Delhi,Contract,356260,4,PhD,Single,Active,
EMP01447,Ayaan Pandey,Ayaan,Pandey,Male,1985-05-09,41,2016-04-30,10,HR,HR Manager,G2,MGR046,Chennai,Contract,611112,13,Master's,Married,Active,
EMP01448,Lucky Guha,Lucky,Guha,Male,1974-07-06,52,2024-06-28,2,IT,Data Engineer,G1,MGR100,Mumbai,Full-Time,494680,6,PhD,Single,Active,
EMP01449,Waida More,Waida,More,Female,1992-07-21,34,2016-10-25,9,Sales,Sales Executive,G5,MGR036,Pune,Full-Time,2018895,12,Diploma,Married,Active,
EMP01450,Parth Swaminathan,Parth,Swaminathan,Male,1984-05-06,42,2019-10-12,6,Marketing,Marketing Executive,G4,MGR017,Mumbai,Contract,1119643,9,Diploma,Married,Active,
EMP01451,Baljiwan Chana,Baljiwan,Chana,Male,2002-02-18,24,2024-11-07,1,Operations,Supply Chain Analyst,G1,MGR090,Delhi,Contract,358153,3,Bachelor's,Single,Active,
EMP01452,Daksh Kaul,Daksh,Kaul,Female,1983-03-12,43,2025-09-23,0,Sales,Business Development Executive,G4,MGR055,Bangalore,Full-Time,1193234,3,PhD,Married,Active,
EMP01453,Theodore Bahri,Theodore,Bahri,Female,2002-11-02,23,2016-12-07,9,HR,HR Manager,G4,MGR014,Mumbai,Contract,1441229,2,PhD,Single,Active,
EMP01454,Vanya Acharya,Vanya,Acharya,Male,1999-07-03,27,2016-04-30,10,Marketing,Marketing Executive,G1,MGR004,Delhi,Contract,354321,6,Bachelor's,Single,Active,
EMP01455,Garima Jaggi,Garima,Jaggi,Female,1999-04-01,27,2025-07-30,1,IT,DevOps Engineer,G2,MGR067,Pune,Full-Time,611098,3,Diploma,Married,Active,
EMP01456,Kalpit Oak,Kalpit,Oak,Male,1991-08-04,35,2015-05-05,11,Operations,Operations Executive,G3,MGR060,Pune,Full-Time,731877,14,Diploma,Married,Active,
EMP01457,Peter Naik,Peter,Naik,Male,1967-06-02,59,2020-03-07,6,Operations,Operations Executive,G3,MGR007,Bangalore,Contract,741789,10,Master's,Married,Active,
EMP01458,Daniel Bains,Daniel,Bains,Female,1972-11-06,53,2016-04-12,10,Operations,Operations Executive,G1,MGR073,Hyderabad,Full-Time,304569,14,Master's,Married,Active,
EMP01459,Manbir Dhar,Manbir,Dhar,Female,1991-09-29,34,2017-11-05,8,Sales,Sales Executive,G2,MGR072,Pune,Contract,531587,13,Bachelor's,Married,Active,
EMP01460,Indrajit Vora,Indrajit,Vora,Female,1976-05-28,50,2024-05-26,2,Sales,Sales Manager,G4,MGR020,Pune,Contract,1431590,3,Diploma,Single,Active,
EMP01461,Janya Bora,Janya,Bora,Female,1965-11-07,60,2015-05-12,11,IT,Data Engineer,G4,MGR055,Pune,Contract,1217476,14,Diploma,Single,Active,
EMP01462,Kashvi Randhawa,Kashvi,Randhawa,Male,1985-01-18,41,2021-08-07,4,Sales,Business Development Executive,G4,MGR033,Pune,Full-Time,1065181,5,Master's,Single,Active,
EMP01463,Harrison Nayar,Harrison,Nayar,Male,2001-10-22,24,2023-01-07,3,Marketing,SEO Analyst,G3,MGR041,Mumbai,Full-Time,701586,3,Bachelor's,Single,Active,
EMP01464,Chasmum Naidu,Chasmum,Naidu,Male,2001-03-28,25,2021-08-12,4,Finance,Finance Manager,G5,MGR064,Hyderabad,Contract,2361627,4,Bachelor's,Single,Active,
EMP01465,Laban Dugar,Laban,Dugar,Female,1995-09-26,30,2016-05-07,10,Sales,Sales Manager,G5,MGR096,Bangalore,Full-Time,2083576,9,PhD,Single,Active,
EMP01466,Rajeshri Sur,Rajeshri,Sur,Female,1977-11-10,48,2025-09-06,0,IT,DevOps Engineer,G4,MGR035,Mumbai,Full-Time,1299377,4,Master's,Married,Active,
EMP01467,Edhitha Ghosh,Edhitha,Ghosh,Female,1991-02-23,35,2021-05-17,5,IT,QA Engineer,G4,MGR002,Pune,Contract,1423107,7,PhD,Single,Active,
EMP01468,Ishanvi Kapoor,Ishanvi,Kapoor,Female,1967-04-16,59,2020-10-12,5,Sales,Business Development Executive,G2,MGR012,Hyderabad,Full-Time,527706,9,Diploma,Married,Active,
EMP01469,Parth Radhakrishnan,Parth,Radhakrishnan,Male,1975-07-21,51,2019-02-21,7,Operations,Supply Chain Analyst,G5,MGR066,Chennai,Contract,2099326,12,Diploma,Single,Resigned,2021-10-01
EMP01470,Chaitaly Datta,Chaitaly,Datta,Male,1997-10-15,28,2024-05-18,2,Marketing,SEO Analyst,G5,MGR085,Chennai,Full-Time,1803842,2,PhD,Married,Active,
EMP01471,Peter Agarwal,Peter,Agarwal,Male,1972-03-18,54,2023-07-02,3,IT,DevOps Engineer,G3,MGR066,Delhi,Full-Time,973650,6,PhD,Married,Active,
EMP01472,Mahika Bali,Mahika,Bali,Male,1989-03-08,37,2016-12-07,9,IT,Software Engineer,G3,MGR006,Hyderabad,Contract,983165,13,PhD,Single,Active,
EMP01473,Qabil Nadkarni,Qabil,Nadkarni,Male,2002-10-11,23,2017-02-12,9,Sales,Business Development Executive,G1,MGR077,Hyderabad,Full-Time,378526,2,Diploma,Single,Active,
EMP01474,Timothy Chawla,Timothy,Chawla,Female,1995-04-02,31,2024-03-01,2,Marketing,Digital Marketing Specialist,G2,MGR086,Hyderabad,Full-Time,657260,3,PhD,Married,Active,
EMP01475,Watika Dhaliwal,Watika,Dhaliwal,Male,1976-12-25,49,2015-06-26,11,Marketing,Digital Marketing Specialist,G2,MGR016,Bangalore,Full-Time,687008,11,PhD,Single,Active,
EMP01476,Garima Brahmbhatt,Garima,Brahmbhatt,Male,1987-03-06,39,2025-02-01,1,Marketing,SEO Analyst,G2,MGR063,Bangalore,Full-Time,546407,5,PhD,Married,Active,
EMP01477,Wazir Palan,Wazir,Palan,Female,1991-01-24,35,2023-12-13,2,Operations,Supply Chain Analyst,G4,MGR038,Delhi,Full-Time,1095276,6,PhD,Married,Active,
EMP01478,Ekaja Ganesh,Ekaja,Ganesh,Female,1982-03-20,44,2021-02-17,5,HR,Talent Acquisition Specialist,G3,MGR004,Bangalore,Contract,925081,10,Master's,Single,Active,
EMP01479,Gaurang Nayak,Gaurang,Nayak,Male,1971-11-11,54,2021-04-16,5,Finance,Accountant,G4,MGR021,Bangalore,Full-Time,1074626,9,PhD,Married,Active,
EMP01480,Sanya Apte,Sanya,Apte,Male,1965-01-06,61,2020-08-20,5,Marketing,Marketing Executive,G3,MGR052,Chennai,Full-Time,980295,5,Diploma,Married,Active,
EMP01481,Alka Kadakia,Alka,Kadakia,Female,1982-09-23,43,2020-05-18,6,HR,Talent Acquisition Specialist,G4,MGR074,Pune,Contract,1315591,11,Diploma,Single,Active,
EMP01482,Zaid Bir,Zaid,Bir,Male,2002-03-21,24,2016-04-07,10,Marketing,SEO Analyst,G2,MGR085,Chennai,Full-Time,593781,3,PhD,Single,Active,
EMP01483,Inaya Kunda,Inaya,Kunda,Female,1997-04-14,29,2019-07-28,7,IT,Data Engineer,G2,MGR006,Bangalore,Contract,565175,8,Diploma,Married,Active,
EMP01484,Hritik Agarwal,Hritik,Agarwal,Male,1972-06-05,54,2019-01-15,7,Finance,Financial Analyst,G4,MGR034,Pune,Full-Time,1075835,7,Master's,Single,Resigned,2019-06-13
EMP01485,Libni Sarma,Libni,Sarma,Female,1977-04-10,49,2015-04-26,11,Marketing,Digital Marketing Specialist,G4,MGR009,Hyderabad,Contract,1443090,11,Bachelor's,Married,Active,
EMP01486,Oni Ganesan,Oni,Ganesan,Male,1989-07-11,37,2021-01-25,5,Operations,Operations Executive,G4,MGR071,Mumbai,Full-Time,1242076,7,Diploma,Married,Active,
EMP01487,Odika Tailor,Odika,Tailor,Male,2000-04-25,26,2017-07-16,9,Finance,Finance Manager,G2,MGR081,Hyderabad,Contract,603420,5,PhD,Single,Active,
EMP01488,Kritika Panchal,Kritika,Panchal,Female,1996-03-30,30,2021-12-08,4,Marketing,Digital Marketing Specialist,G3,MGR049,Chennai,Contract,965668,4,Master's,Married,Active,
EMP01489,Keya Chaudhuri,Keya,Chaudhuri,Female,2001-01-17,25,2022-05-26,4,IT,Software Engineer,G1,MGR018,Delhi,Full-Time,460877,4,PhD,Married,Active,
EMP01490,Varenya Kar,Varenya,Kar,Female,1996-03-02,30,2015-07-02,11,Finance,Accountant,G1,MGR011,Hyderabad,Full-Time,424382,9,PhD,Single,Active,
EMP01491,Nicholas Seth,Nicholas,Seth,Male,1983-06-06,43,2025-12-11,0,Operations,Supply Chain Analyst,G2,MGR066,Chennai,Contract,526216,0,Master's,Single,Active,
EMP01492,Ethan Bandi,Ethan,Bandi,Male,1967-03-17,59,2015-04-12,11,Marketing,SEO Analyst,G5,MGR018,Bangalore,Contract,1815760,16,Diploma,Married,Resigned,2020-04-17
EMP01493,Anmol Nagar,Anmol,Nagar,Female,1995-08-12,31,2024-09-13,1,Finance,Finance Manager,G5,MGR056,Hyderabad,Contract,2143186,6,Diploma,Married,Active,
EMP01494,Advika Cheema,Advika,Cheema,Female,1972-04-05,54,2015-02-28,11,Finance,Financial Analyst,G4,MGR047,Hyderabad,Contract,1453602,12,Diploma,Married,Active,
EMP01495,Ethan Oommen,Ethan,Oommen,Female,1999-06-15,27,2018-07-30,8,HR,HR Executive,G5,MGR078,Pune,Contract,2344381,6,Bachelor's,Married,Active,
EMP01496,Onkar Prashad,Onkar,Prashad,Female,1982-02-07,44,2023-10-14,2,HR,Talent Acquisition Specialist,G2,MGR044,Delhi,Contract,609768,7,Diploma,Married,Active,
EMP01497,Naveen Borde,Naveen,Borde,Female,1975-04-09,51,2025-05-18,1,IT,Software Engineer,G4,MGR024,Pune,Full-Time,1084024,2,Master's,Single,Resigned,2026-07-16
EMP01498,Girik Nigam,Girik,Nigam,Female,1984-03-17,42,2025-10-24,0,Sales,Business Development Executive,G4,MGR052,Mumbai,Contract,1162852,4,Diploma,Married,Active,
EMP01499,Vasudha Balasubramanian,Vasudha,Balasubramanian,Male,1972-12-07,53,2018-02-24,8,Operations,Operations Executive,G1,MGR065,Bangalore,Contract,397651,9,Diploma,Single,Active,
EMP01500,Raagini Gala,Raagini,Gala,Female,1986-08-02,40,2022-12-22,3,Sales,Business Development Executive,G2,MGR011,Mumbai,Contract,551349,5,Diploma,Married,Active,
EMP01501,Radha Dugar,Radha,Dugar,Female,2000-07-20,26,2017-12-13,8,HR,Talent Acquisition Specialist,G4,MGR019,Delhi,Full-Time,1039919,5,Diploma,Single,Active,
EMP01502,Chatresh Chaudhuri,Chatresh,Chaudhuri,Male,1997-12-28,28,2023-07-09,3,Sales,Sales Manager,G2,MGR045,Delhi,Contract,612743,6,Diploma,Married,Active,
EMP01503,Garima Jha,Garima,Jha,Male,1981-07-13,45,2017-12-20,8,Marketing,Marketing Executive,G3,MGR016,Delhi,Full-Time,767065,12,Master's,Married,Active,
EMP01504,Ranveer Rout,Ranveer,Rout,Female,1967-02-12,59,2015-05-09,11,Operations,Operations Manager,G3,MGR084,Bangalore,Contract,860171,12,PhD,Married,Active,
EMP01505,Alka Manda,Alka,Manda,Male,2002-12-05,23,2024-11-13,1,IT,Software Engineer,G2,MGR020,Delhi,Contract,550737,1,PhD,Single,Active,
EMP01506,Chameli Khanna,Chameli,Khanna,Female,1999-04-12,27,2017-04-24,9,HR,Talent Acquisition Specialist,G3,MGR063,Mumbai,Full-Time,787219,6,PhD,Single,Active,
EMP01507,Gopal Bawa,Gopal,Bawa,Female,1980-11-11,45,2023-01-04,3,IT,QA Engineer,G1,MGR078,Hyderabad,Full-Time,317634,8,Master's,Married,Active,
EMP01508,Maya Swaminathan,Maya,Swaminathan,Male,1966-06-28,60,2019-05-03,7,Marketing,Marketing Executive,G3,MGR065,Mumbai,Contract,985904,10,Bachelor's,Married,Active,
EMP01509,Mitesh Bhagat,Mitesh,Bhagat,Female,1965-07-13,61,2015-05-27,11,Operations,Supply Chain Analyst,G1,MGR009,Delhi,Contract,434926,13,PhD,Married,Active,
EMP01510,Jalsa Aggarwal,Jalsa,Aggarwal,Male,2002-10-18,23,2019-10-07,6,Finance,Accountant,G3,MGR033,Delhi,Contract,833222,2,Master's,Married,Active,
EMP01511,Prisha Chahal,Prisha,Chahal,Male,2001-10-04,24,2020-12-31,5,Finance,Finance Manager,G1,MGR078,Chennai,Full-Time,424547,3,Diploma,Single,Active,
EMP01512,Chaitaly Srinivasan,Chaitaly,Srinivasan,Female,1975-10-23,50,2022-03-21,4,Marketing,Marketing Executive,G2,MGR059,Chennai,Contract,640674,4,PhD,Married,Resigned,2023-12-01
EMP01513,Gunbir Bal,Gunbir,Bal,Male,1999-04-15,27,2022-09-29,3,Marketing,Marketing Executive,G3,MGR062,Chennai,Full-Time,864889,6,Diploma,Married,Active,
EMP01514,Samuel Garde,Samuel,Garde,Male,1976-05-21,50,2019-03-24,7,HR,HR Executive,G1,MGR077,Chennai,Contract,491076,11,Bachelor's,Married,Active,
EMP01515,Bishakha Bumb,Bishakha,Bumb,Male,2002-04-22,24,2021-03-30,5,Operations,Operations Executive,G5,MGR021,Chennai,Full-Time,1971366,3,Diploma,Single,Resigned,2025-04-09
EMP01516,Jack Morar,Jack,Morar,Female,1966-05-08,60,2019-05-25,7,HR,Talent Acquisition Specialist,G2,MGR067,Chennai,Full-Time,545194,8,Bachelor's,Single,Active,
EMP01517,Mitali Sinha,Mitali,Sinha,Male,2001-08-12,24,2016-04-24,10,IT,Data Analyst,G2,MGR001,Pune,Full-Time,546066,3,PhD,Married,Active,
EMP01518,Vrinda Lanka,Vrinda,Lanka,Male,1967-01-13,59,2025-03-16,1,IT,QA Engineer,G5,MGR072,Delhi,Contract,2204090,2,Diploma,Single,Active,
EMP01519,Gavin Ram,Gavin,Ram,Female,1973-06-30,53,2019-03-07,7,Sales,Sales Executive,G3,MGR093,Mumbai,Contract,732354,9,Bachelor's,Single,Active,
EMP01520,Qasim Prabhakar,Qasim,Prabhakar,Male,2000-04-07,26,2020-05-30,6,Finance,Financial Analyst,G5,MGR018,Mumbai,Contract,2172676,5,PhD,Married,Active,
EMP01521,Lakshmi Pingle,Lakshmi,Pingle,Male,1966-07-26,60,2015-01-15,11,HR,Talent Acquisition Specialist,G1,MGR097,Hyderabad,Full-Time,419811,12,Master's,Married,Resigned,2018-03-19
EMP01522,Sanaya Basu,Sanaya,Basu,Female,1984-08-17,41,2024-05-09,2,IT,Data Engineer,G1,MGR006,Hyderabad,Contract,480625,6,PhD,Married,Active,
EMP01523,Adya Sarraf,Adya,Sarraf,Male,1994-01-14,32,2019-05-29,7,Finance,Financial Analyst,G1,MGR012,Delhi,Full-Time,485849,10,Diploma,Married,Active,
EMP01524,Udyati Lall,Udyati,Lall,Male,1982-11-22,43,2021-11-20,4,Marketing,Digital Marketing Specialist,G5,MGR006,Chennai,Full-Time,1992236,8,Bachelor's,Married,Active,
EMP01525,Upkaar Luthra,Upkaar,Luthra,Male,1978-03-14,48,2021-03-19,5,HR,HR Manager,G5,MGR073,Chennai,Contract,2260863,8,PhD,Married,Active,
EMP01526,David Dora,David,Dora,Male,1989-03-22,37,2019-11-11,6,Marketing,SEO Analyst,G5,MGR082,Chennai,Full-Time,2441313,11,PhD,Single,Active,
EMP01527,Gunbir Chada,Gunbir,Chada,Female,2001-01-05,25,2021-08-19,4,Sales,Sales Executive,G3,MGR010,Chennai,Contract,937782,4,Diploma,Single,Active,
EMP01528,Hemangini Sachdev,Hemangini,Sachdev,Male,1970-12-15,55,2019-11-03,6,Operations,Operations Manager,G4,MGR081,Chennai,Full-Time,1445262,8,Diploma,Married,Resigned,2026-04-10
EMP01529,Utkarsh Bhat,Utkarsh,Bhat,Male,1999-02-21,27,2025-08-01,1,Marketing,Digital Marketing Specialist,G2,MGR060,Bangalore,Contract,519094,6,Master's,Single,Active,
EMP01530,Lila Virk,Lila,Virk,Female,1978-01-17,48,2022-12-02,3,IT,Data Analyst,G4,MGR050,Chennai,Full-Time,1155607,8,Diploma,Single,Active,
EMP01531,Omya Wason,Omya,Wason,Female,1971-03-08,55,2019-11-20,6,Finance,Accountant,G2,MGR078,Hyderabad,Contract,536939,9,Diploma,Married,Active,
EMP01532,Vaishnavi Keer,Vaishnavi,Keer,Female,1997-05-05,29,2023-03-15,3,Finance,Financial Analyst,G2,MGR071,Bangalore,Contract,527586,8,PhD,Single,Active,
EMP01533,Vamakshi Mistry,Vamakshi,Mistry,Male,1965-02-17,61,2024-06-22,2,Marketing,Marketing Executive,G2,MGR064,Pune,Full-Time,596251,5,Diploma,Married,Active,
EMP01534,Farhan Rana,Farhan,Rana,Female,1983-05-24,43,2018-01-31,8,IT,DevOps Engineer,G2,MGR018,Bangalore,Contract,555383,9,Bachelor's,Married,Resigned,2018-09-03
EMP01535,Yadavi Varughese,Yadavi,Varughese,Female,1965-03-24,61,2015-08-28,10,IT,DevOps Engineer,G5,MGR067,Mumbai,Full-Time,2183618,11,PhD,Single,Active,
EMP01536,Manan Dara,Manan,Dara,Female,1968-04-02,58,2019-05-15,7,Marketing,Digital Marketing Specialist,G1,MGR009,Pune,Contract,426214,8,Diploma,Single,Active,
EMP01537,Saumya Ghose,Saumya,Ghose,Female,1965-01-17,61,2021-11-05,4,HR,HR Manager,G1,MGR012,Bangalore,Full-Time,472212,7,Diploma,Single,Active,
EMP01538,Oliver Kakar,Oliver,Kakar,Male,2001-08-24,24,2024-09-01,1,Sales,Sales Executive,G5,MGR026,Pune,Full-Time,1642778,2,Diploma,Married,Active,
EMP01539,Reyansh Date,Reyansh,Date,Male,1965-03-17,61,2025-09-24,0,Sales,Sales Manager,G1,MGR074,Bangalore,Contract,432167,2,Bachelor's,Single,Active,
EMP01540,Brijesh Sampath,Brijesh,Sampath,Female,1983-07-15,43,2021-08-26,4,Marketing,SEO Analyst,G2,MGR045,Mumbai,Contract,608036,8,PhD,Single,Active,
EMP01541,Farhan Saran,Farhan,Saran,Male,1993-01-04,33,2023-11-23,2,Operations,Supply Chain Analyst,G2,MGR026,Bangalore,Full-Time,624291,7,Diploma,Single,Active,
EMP01542,Saksham Divan,Saksham,Divan,Male,1971-11-24,54,2018-12-11,7,Marketing,SEO Analyst,G5,MGR029,Delhi,Full-Time,1922871,12,PhD,Married,Active,
EMP01543,Aarna Nagarajan,Aarna,Nagarajan,Female,1984-08-22,41,2017-11-14,8,Marketing,Marketing Executive,G3,MGR054,Chennai,Full-Time,779368,9,Master's,Married,Active,
EMP01544,Ekalinga Chahal,Ekalinga,Chahal,Female,1985-02-01,41,2017-03-04,9,Marketing,SEO Analyst,G2,MGR033,Bangalore,Full-Time,688153,13,Master's,Single,Active,
EMP01545,Lipika Ranganathan,Lipika,Ranganathan,Male,1982-03-01,44,2025-04-30,1,Operations,Operations Manager,G4,MGR018,Chennai,Full-Time,1479725,2,Master's,Single,Active,
EMP01546,Eshana Majumdar,Eshana,Majumdar,Female,1977-05-31,49,2022-11-26,3,IT,DevOps Engineer,G3,MGR080,Bangalore,Contract,935397,8,Master's,Married,Active,
EMP01547,Zinal Shanker,Zinal,Shanker,Male,1997-09-16,28,2024-03-31,2,IT,QA Engineer,G1,MGR043,Bangalore,Full-Time,441778,2,PhD,Married,Active,
EMP01548,Advik Virk,Advik,Virk,Male,1975-06-24,51,2016-02-13,10,IT,Software Engineer,G4,MGR065,Hyderabad,Full-Time,1408372,11,Diploma,Single,Active,
EMP01549,Oni Chowdhury,Oni,Chowdhury,Female,1996-08-02,30,2025-07-27,1,Sales,Business Development Executive,G4,MGR088,Delhi,Full-Time,1028302,2,Diploma,Married,Active,
EMP01550,Oeshi Doctor,Oeshi,Doctor,Female,1975-06-28,51,2018-07-14,8,Finance,Finance Manager,G1,MGR023,Pune,Full-Time,478936,9,Bachelor's,Married,Resigned,2019-10-17
EMP01551,Harish Cherian,Harish,Cherian,Female,1967-09-03,58,2015-02-13,11,HR,HR Manager,G1,MGR041,Pune,Contract,320693,13,Bachelor's,Married,Resigned,2024-09-09
EMP01552,Harrison Mangal,Harrison,Mangal,Female,1984-09-29,41,2022-02-08,4,Marketing,Digital Marketing Specialist,G1,MGR037,Pune,Contract,414835,4,PhD,Single,Active,
EMP01553,Hemangini Roy,Hemangini,Roy,Female,1991-09-09,34,2021-03-05,5,IT,Data Engineer,G5,MGR047,Delhi,Full-Time,2206815,8,Diploma,Single,Active,
EMP01554,Aishani Rajagopal,Aishani,Rajagopal,Female,1977-11-30,48,2025-09-26,0,Operations,Supply Chain Analyst,G2,MGR099,Delhi,Full-Time,579708,0,Diploma,Single,Active,
EMP01555,Vedika Solanki,Vedika,Solanki,Male,1966-05-30,60,2024-11-06,1,HR,HR Manager,G1,MGR079,Delhi,Contract,432771,5,Diploma,Married,Active,
EMP01556,Baljiwan Gera,Baljiwan,Gera,Male,1974-12-07,51,2022-05-02,4,Finance,Finance Manager,G5,MGR023,Chennai,Contract,2435232,7,Bachelor's,Married,Active,
EMP01557,Anya Rau,Anya,Rau,Female,1971-07-29,55,2015-07-07,11,Finance,Financial Analyst,G1,MGR008,Hyderabad,Contract,308718,16,Diploma,Single,Active,
EMP01558,Maanas Ratti,Maanas,Ratti,Female,2001-12-22,24,2021-02-20,5,IT,Software Engineer,G5,MGR092,Hyderabad,Contract,1905649,3,Diploma,Single,Resigned,2021-06-20
EMP01559,Meghana Narula,Meghana,Narula,Female,1996-02-24,30,2022-08-18,3,HR,Talent Acquisition Specialist,G2,MGR025,Chennai,Contract,673594,8,Master's,Single,Active,
EMP01560,Wazir Bawa,Wazir,Bawa,Female,1987-01-06,39,2020-02-21,6,Sales,Sales Executive,G3,MGR002,Mumbai,Full-Time,872014,8,Master's,Single,Active,
EMP01561,Vaishnavi Luthra,Vaishnavi,Luthra,Male,1982-01-09,44,2018-07-06,8,Finance,Accountant,G4,MGR037,Pune,Contract,1096282,11,Master's,Single,Active,
EMP01562,Kashish Bahri,Kashish,Bahri,Male,1994-09-03,31,2025-08-15,0,Marketing,SEO Analyst,G2,MGR029,Bangalore,Contract,557366,0,Diploma,Single,Active,
EMP01563,Geetika Mitter,Geetika,Mitter,Male,1990-08-18,35,2015-06-13,11,Operations,Operations Manager,G1,MGR032,Pune,Contract,393367,13,Master's,Single,Active,
EMP01564,Deepa Mand,Deepa,Mand,Male,1968-12-19,57,2019-04-22,7,Sales,Sales Manager,G2,MGR079,Pune,Contract,535672,10,PhD,Married,Active,
EMP01565,Vyanjana Chaudhari,Vyanjana,Chaudhari,Female,1979-07-03,47,2024-08-12,1,Marketing,Marketing Executive,G1,MGR076,Delhi,Contract,344824,5,Bachelor's,Married,Active,
EMP01566,Vedant Desai,Vedant,Desai,Male,1983-10-20,42,2022-07-11,4,HR,HR Executive,G2,MGR048,Bangalore,Full-Time,619950,5,Master's,Married,Resigned,2023-10-20
EMP01567,Saanvi Nagi,Saanvi,Nagi,Male,1996-03-04,30,2021-09-06,4,HR,HR Executive,G4,MGR012,Bangalore,Full-Time,1060049,7,Diploma,Single,Active,
EMP01568,Amruta Saha,Amruta,Saha,Male,1969-06-10,57,2022-04-04,4,Marketing,SEO Analyst,G2,MGR046,Chennai,Full-Time,517701,6,PhD,Single,Active,
EMP01569,Gaurav Guha,Gaurav,Guha,Male,1984-06-16,42,2016-03-11,10,IT,QA Engineer,G4,MGR069,Bangalore,Contract,1110853,12,Diploma,Married,Active,
EMP01570,Riya Kakar,Riya,Kakar,Female,1995-12-19,30,2025-11-28,0,Sales,Sales Executive,G1,MGR072,Chennai,Full-Time,400065,0,Master's,Single,Active,
EMP01571,Niharika Sundaram,Niharika,Sundaram,Male,1968-01-06,58,2021-02-20,5,Sales,Business Development Executive,G2,MGR075,Hyderabad,Full-Time,633305,7,Master's,Married,Resigned,2025-07-13
EMP01572,Kashvi Bhalla,Kashvi,Bhalla,Female,2003-11-10,22,2015-08-07,11,Operations,Operations Executive,G5,MGR022,Delhi,Contract,1644810,1,Diploma,Single,Active,
EMP01573,Yutika Dutt,Yutika,Dutt,Male,1992-08-03,34,2018-04-21,8,Marketing,Marketing Executive,G2,MGR085,Mumbai,Full-Time,535460,13,Diploma,Married,Active,
EMP01574,Dominic Mukhopadhyay,Dominic,Mukhopadhyay,Female,1994-05-17,32,2017-05-15,9,Operations,Operations Executive,G5,MGR015,Pune,Contract,2284096,11,Bachelor's,Single,Active,
EMP01575,Yashawini Raval,Yashawini,Raval,Male,1970-09-22,55,2015-05-28,11,Operations,Operations Executive,G1,MGR092,Delhi,Full-Time,372613,15,Bachelor's,Single,Active,
EMP01576,Krishna Viswanathan,Krishna,Viswanathan,Female,1981-02-10,45,2024-07-15,2,HR,Talent Acquisition Specialist,G1,MGR048,Delhi,Full-Time,363884,4,Bachelor's,Single,Active,
EMP01577,Ayush Ghose,Ayush,Ghose,Male,1983-04-07,43,2017-11-04,8,Sales,Sales Executive,G1,MGR008,Bangalore,Full-Time,478829,13,PhD,Married,Active,
EMP01578,Reyansh Iyer,Reyansh,Iyer,Male,1992-05-31,34,2021-01-09,5,HR,HR Executive,G1,MGR003,Delhi,Full-Time,479250,9,Diploma,Married,Active,
EMP01579,Dalbir Krish,Dalbir,Krish,Male,1986-01-26,40,2018-05-07,8,Sales,Business Development Executive,G1,MGR075,Delhi,Full-Time,341712,9,Diploma,Married,Active,
EMP01580,Bachittar Shan,Bachittar,Shan,Female,1968-01-01,58,2021-12-14,4,Sales,Sales Manager,G2,MGR073,Pune,Full-Time,539540,7,PhD,Married,Active,
EMP01581,Chandresh Patel,Chandresh,Patel,Male,1981-06-17,45,2019-07-21,7,Marketing,Digital Marketing Specialist,G4,MGR051,Hyderabad,Full-Time,1441154,7,Bachelor's,Married,Resigned,2025-07-18
EMP01582,Rushil Mahal,Rushil,Mahal,Male,1990-08-02,36,2020-09-28,5,Sales,Sales Manager,G3,MGR039,Chennai,Contract,731690,8,Master's,Single,Active,
EMP01583,Jyoti Shetty,Jyoti,Shetty,Female,1982-07-25,44,2025-12-26,0,HR,Talent Acquisition Specialist,G3,MGR092,Mumbai,Contract,798862,5,Diploma,Married,Active,
EMP01584,Yashasvi Ranganathan,Yashasvi,Ranganathan,Female,1972-07-03,54,2020-02-02,6,HR,HR Executive,G2,MGR018,Hyderabad,Full-Time,601014,10,Master's,Single,Active,
EMP01585,Jatin Balasubramanian,Jatin,Balasubramanian,Female,1994-11-07,31,2016-07-16,10,Operations,Operations Manager,G5,MGR042,Bangalore,Full-Time,2229207,10,Diploma,Married,Resigned,2020-08-27
EMP01586,Kashish Suresh,Kashish,Suresh,Male,1998-03-11,28,2021-12-25,4,Sales,Sales Executive,G2,MGR040,Delhi,Full-Time,689885,5,PhD,Married,Active,
EMP01587,Sanaya Goel,Sanaya,Goel,Female,2001-02-10,25,2017-09-07,8,HR,Talent Acquisition Specialist,G3,MGR024,Bangalore,Full-Time,941661,4,Bachelor's,Single,Active,
EMP01588,Urvi Palla,Urvi,Palla,Male,2001-07-27,25,2015-05-23,11,Operations,Operations Executive,G1,MGR091,Bangalore,Contract,320626,4,Diploma,Married,Resigned,2021-03-31
EMP01589,Nihal Kuruvilla,Nihal,Kuruvilla,Female,1981-08-03,45,2024-09-07,1,Sales,Business Development Executive,G4,MGR089,Chennai,Contract,1480319,6,Master's,Married,Active,
EMP01590,Gautam Mane,Gautam,Mane,Female,1997-05-18,29,2023-08-29,2,Operations,Operations Manager,G2,MGR031,Hyderabad,Contract,594500,6,PhD,Married,Active,
EMP01591,Ayaan Raju,Ayaan,Raju,Female,2001-03-13,25,2015-09-18,10,Sales,Sales Executive,G3,MGR011,Mumbai,Contract,766308,4,Master's,Single,Active,
EMP01592,Chandran Gaba,Chandran,Gaba,Male,1990-09-09,35,2018-09-22,7,Marketing,Digital Marketing Specialist,G5,MGR044,Mumbai,Contract,1591790,7,Bachelor's,Married,Active,
EMP01593,Tanish Kant,Tanish,Kant,Female,1990-10-29,35,2019-04-11,7,Sales,Sales Manager,G4,MGR015,Mumbai,Full-Time,1095275,8,Master's,Single,Active,
EMP01594,Umang Jhaveri,Umang,Jhaveri,Male,1976-12-02,49,2017-01-13,9,Sales,Sales Executive,G3,MGR086,Bangalore,Full-Time,727598,11,Bachelor's,Married,Active,
EMP01595,Amruta Rout,Amruta,Rout,Female,1999-11-05,26,2018-07-21,8,Finance,Accountant,G1,MGR073,Hyderabad,Full-Time,418700,5,Bachelor's,Single,Resigned,2022-12-01
EMP01596,Anmol Andra,Anmol,Andra,Male,1966-05-07,60,2020-12-27,5,Operations,Supply Chain Analyst,G1,MGR068,Bangalore,Full-Time,429940,5,Diploma,Single,Active,
EMP01597,Urvi Deo,Urvi,Deo,Female,1969-02-22,57,2025-04-10,1,Marketing,Digital Marketing Specialist,G3,MGR027,Bangalore,Contract,782008,2,PhD,Married,Active,
EMP01598,Oscar Anand,Oscar,Anand,Female,1967-03-08,59,2016-04-05,10,Sales,Sales Executive,G2,MGR087,Pune,Contract,669896,12,Bachelor's,Single,Resigned,2020-01-25
EMP01599,Zayyan Mody,Zayyan,Mody,Female,1985-04-27,41,2016-06-24,10,Marketing,Digital Marketing Specialist,G4,MGR042,Hyderabad,Full-Time,1357547,13,PhD,Single,Active,
EMP01600,Anvi Sampath,Anvi,Sampath,Male,1993-12-19,32,2024-04-12,2,IT,Data Engineer,G2,MGR069,Pune,Full-Time,615167,3,Master's,Single,Active,
EMP01601,Krisha Palla,Krisha,Palla,Male,1986-09-15,39,2024-08-08,1,Operations,Operations Executive,G2,MGR040,Mumbai,Contract,517226,1,Bachelor's,Single,Active,
EMP01602,Tripti Krishnan,Tripti,Krishnan,Female,1975-03-04,51,2025-11-07,0,Marketing,SEO Analyst,G1,MGR098,Hyderabad,Full-Time,357046,4,Bachelor's,Single,Active,
EMP01603,Tejas Shukla,Tejas,Shukla,Male,1981-12-17,44,2021-12-24,4,Finance,Financial Analyst,G2,MGR100,Hyderabad,Full-Time,635816,7,Bachelor's,Married,Active,
EMP01604,Chasmum Verma,Chasmum,Verma,Female,1970-09-26,55,2023-01-24,3,Finance,Finance Manager,G3,MGR031,Mumbai,Full-Time,811782,5,PhD,Single,Active,
EMP01605,Mekhala Chaudry,Mekhala,Chaudry,Male,1988-06-04,38,2021-10-07,4,Marketing,Marketing Executive,G1,MGR047,Hyderabad,Full-Time,375321,7,Bachelor's,Single,Active,
EMP01606,Abhimanyu Vaidya,Abhimanyu,Vaidya,Female,1968-11-28,57,2020-09-08,5,Finance,Accountant,G4,MGR012,Pune,Contract,1208192,8,Bachelor's,Married,Active,
EMP01607,Kavya Mandal,Kavya,Mandal,Male,1999-04-18,27,2020-09-02,5,HR,HR Executive,G4,MGR013,Pune,Contract,1020224,5,Bachelor's,Married,Active,
EMP01608,Chanchal Chokshi,Chanchal,Chokshi,Male,1990-01-16,36,2022-08-08,3,Marketing,SEO Analyst,G2,MGR012,Hyderabad,Contract,685096,5,Master's,Married,Active,
EMP01609,Vasatika Bhatt,Vasatika,Bhatt,Female,1984-11-08,41,2023-06-15,3,Finance,Accountant,G2,MGR028,Delhi,Full-Time,555003,8,Bachelor's,Single,Active,
EMP01610,Gayathri Malhotra,Gayathri,Malhotra,Female,1976-05-20,50,2016-09-22,9,Finance,Finance Manager,G5,MGR092,Delhi,Full-Time,1661777,11,Master's,Married,Active,
EMP01611,Ekta Malhotra,Ekta,Malhotra,Male,2001-10-31,24,2024-12-18,1,Marketing,Digital Marketing Specialist,G2,MGR084,Pune,Contract,597410,1,PhD,Single,Active,
EMP01612,Advika Misra,Advika,Misra,Male,1988-11-05,37,2015-08-16,10,Finance,Financial Analyst,G4,MGR014,Mumbai,Full-Time,1144587,12,Master's,Single,Resigned,2018-10-29
EMP01613,Mason Varughese,Mason,Varughese,Female,1999-08-22,26,2016-05-14,10,Operations,Supply Chain Analyst,G3,MGR002,Delhi,Full-Time,777855,5,PhD,Single,Active,
EMP01614,Wridesh Bhandari,Wridesh,Bhandari,Male,1987-10-27,38,2023-10-19,2,Finance,Finance Manager,G4,MGR074,Delhi,Contract,1120187,4,PhD,Single,Active,
EMP01615,Netra Nagarajan,Netra,Nagarajan,Female,2000-06-21,26,2020-05-04,6,IT,Data Engineer,G3,MGR073,Pune,Full-Time,831820,5,Diploma,Married,Active,
EMP01616,Logan Bal,Logan,Bal,Female,1968-03-25,58,2015-11-14,10,Marketing,SEO Analyst,G3,MGR055,Bangalore,Full-Time,872987,12,Diploma,Married,Active,
EMP01617,Widisha Merchant,Widisha,Merchant,Male,1991-07-05,35,2018-08-07,7,Sales,Business Development Executive,G4,MGR024,Pune,Contract,1187565,8,Bachelor's,Single,Active,
EMP01618,Aashi Sahota,Aashi,Sahota,Female,1972-02-07,54,2022-06-23,4,IT,Software Engineer,G5,MGR084,Hyderabad,Full-Time,2408986,9,Diploma,Single,Active,
EMP01619,Nidhi Rama,Nidhi,Rama,Male,1990-08-22,35,2017-09-24,8,Operations,Operations Manager,G5,MGR060,Chennai,Contract,1923135,13,Diploma,Married,Active,
EMP01620,Balendra Gupta,Balendra,Gupta,Male,1984-02-16,42,2020-07-02,6,Sales,Sales Executive,G1,MGR099,Mumbai,Full-Time,457795,9,PhD,Single,Active,
EMP01621,Hemal Kapadia,Hemal,Kapadia,Female,1996-03-13,30,2021-06-20,5,Marketing,SEO Analyst,G5,MGR084,Chennai,Contract,1998235,7,Bachelor's,Single,Resigned,2026-01-06
EMP01622,Vamakshi Parmer,Vamakshi,Parmer,Female,1974-02-09,52,2016-04-17,10,Marketing,Marketing Executive,G4,MGR040,Mumbai,Full-Time,1172394,13,Master's,Single,Active,
EMP01623,Yashica Mital,Yashica,Mital,Male,1967-01-19,59,2016-10-11,9,IT,QA Engineer,G1,MGR004,Bangalore,Contract,392267,10,Master's,Married,Active,
EMP01624,Onkar Golla,Onkar,Golla,Female,2000-11-12,25,2025-05-03,1,Finance,Financial Analyst,G1,MGR007,Pune,Full-Time,486375,4,PhD,Married,Active,
EMP01625,Chaaya Chatterjee,Chaaya,Chatterjee,Female,1987-04-09,39,2019-07-01,7,Finance,Finance Manager,G4,MGR058,Bangalore,Full-Time,1310947,7,Bachelor's,Married,Resigned,2023-07-02
EMP01626,Kabir Kuruvilla,Kabir,Kuruvilla,Female,1995-12-25,30,2015-05-19,11,Finance,Financial Analyst,G1,MGR053,Mumbai,Contract,306043,9,Bachelor's,Married,Active,
EMP01627,Qadim Nayak,Qadim,Nayak,Female,1977-03-21,49,2021-05-03,5,Sales,Business Development Executive,G2,MGR057,Pune,Full-Time,621740,5,Master's,Single,Active,
EMP01628,Gaurav Kapadia,Gaurav,Kapadia,Female,1974-12-29,51,2018-08-08,7,HR,HR Executive,G3,MGR093,Pune,Full-Time,944292,9,Master's,Single,Active,
EMP01629,Isha Kapoor,Isha,Kapoor,Male,1985-10-03,40,2019-08-21,6,Operations,Operations Executive,G4,MGR031,Pune,Contract,1157134,9,Master's,Married,Active,
EMP01630,Damyanti Salvi,Damyanti,Salvi,Female,1977-08-21,48,2019-08-23,6,Operations,Operations Manager,G2,MGR043,Bangalore,Contract,578259,8,Master's,Married,Active,
EMP01631,Garima Prabhu,Garima,Prabhu,Female,1992-06-14,34,2016-05-11,10,Sales,Business Development Executive,G5,MGR032,Chennai,Full-Time,2117703,11,Master's,Married,Active,
EMP01632,Abha Menon,Abha,Menon,Female,1983-05-23,43,2017-12-16,8,IT,QA Engineer,G5,MGR019,Mumbai,Full-Time,1679660,8,Master's,Married,Active,
EMP01633,Ubika Dalal,Ubika,Dalal,Female,1997-06-16,29,2025-06-27,1,HR,Talent Acquisition Specialist,G5,MGR099,Chennai,Contract,2173757,6,Bachelor's,Single,Active,
EMP01634,Upma Bera,Upma,Bera,Male,1999-02-07,27,2021-05-27,5,Sales,Sales Executive,G1,MGR023,Pune,Contract,481212,5,PhD,Married,Active,
EMP01635,Ekavir Sodhi,Ekavir,Sodhi,Female,1973-08-24,52,2018-03-21,8,Operations,Supply Chain Analyst,G4,MGR044,Hyderabad,Full-Time,1194271,11,Diploma,Single,Active,
EMP01636,Robert Tella,Robert,Tella,Female,1977-06-24,49,2021-05-10,5,Sales,Sales Manager,G4,MGR009,Mumbai,Full-Time,1487011,6,Diploma,Single,Active,
EMP01637,Jagdish Raj,Jagdish,Raj,Female,1969-10-14,56,2016-07-12,10,IT,Data Analyst,G4,MGR051,Bangalore,Contract,1174754,12,Master's,Married,Active,
EMP01638,Chanchal Sachdev,Chanchal,Sachdev,Female,1965-02-07,61,2021-03-24,5,Sales,Sales Executive,G5,MGR028,Pune,Contract,2139090,8,Master's,Single,Active,
EMP01639,Chatura Dora,Chatura,Dora,Female,1982-10-16,43,2019-05-08,7,HR,HR Executive,G1,MGR070,Chennai,Contract,358411,10,Bachelor's,Married,Resigned,2020-07-07
EMP01640,Sai Oommen,Sai,Oommen,Male,2002-03-07,24,2019-07-27,7,HR,Talent Acquisition Specialist,G2,MGR032,Mumbai,Contract,508778,3,Master's,Single,Active,
EMP01641,Nimrat Shankar,Nimrat,Shankar,Male,1994-06-06,32,2016-03-17,10,IT,Data Engineer,G2,MGR058,Delhi,Contract,673876,11,PhD,Single,Active,
EMP01642,Luke Mutti,Luke,Mutti,Female,1996-11-19,29,2022-12-09,3,HR,Talent Acquisition Specialist,G3,MGR097,Chennai,Full-Time,899978,3,Diploma,Married,Active,
EMP01643,Pranit Buch,Pranit,Buch,Female,1967-11-22,58,2020-03-22,6,Finance,Accountant,G1,MGR027,Bangalore,Full-Time,379193,8,Bachelor's,Married,Resigned,2024-05-14
EMP01644,Gaurangi Goel,Gaurangi,Goel,Male,1972-04-07,54,2024-02-21,2,Marketing,SEO Analyst,G3,MGR051,Bangalore,Full-Time,921314,7,Master's,Single,Active,
EMP01645,Dhriti Bhardwaj,Dhriti,Bhardwaj,Male,1988-05-04,38,2016-09-19,9,Marketing,Marketing Executive,G1,MGR003,Mumbai,Contract,335728,10,Diploma,Single,Active,
EMP01646,Aayush Seth,Aayush,Seth,Male,1975-04-22,51,2015-03-31,11,HR,HR Executive,G3,MGR060,Hyderabad,Full-Time,914062,11,PhD,Married,Active,
EMP01647,Anusha Kadakia,Anusha,Kadakia,Male,1984-08-17,41,2024-08-06,1,Sales,Sales Executive,G4,MGR079,Bangalore,Contract,1319643,2,Diploma,Single,Active,
EMP01648,Om Dutt,Om,Dutt,Female,1974-06-13,52,2015-08-18,10,IT,Data Analyst,G2,MGR075,Chennai,Contract,692601,14,Bachelor's,Single,Active,
EMP01649,Vrishti Chakrabarti,Vrishti,Chakrabarti,Female,1997-02-25,29,2025-04-17,1,HR,HR Executive,G2,MGR038,Hyderabad,Full-Time,641605,6,Diploma,Single,Active,
EMP01650,Kai Saraf,Kai,Saraf,Male,1972-05-01,54,2022-06-04,4,HR,HR Manager,G1,MGR008,Hyderabad,Contract,397858,7,PhD,Single,Active,
EMP01651,Pushti Raval,Pushti,Raval,Female,1993-10-22,32,2022-02-18,4,Operations,Operations Manager,G3,MGR053,Pune,Full-Time,836550,8,Diploma,Married,Active,
EMP01652,Pushti Sood,Pushti,Sood,Male,1989-01-30,37,2024-10-13,1,Sales,Sales Executive,G4,MGR019,Bangalore,Full-Time,1329736,2,Bachelor's,Married,Active,
EMP01653,Leela Agrawal,Leela,Agrawal,Female,1982-04-14,44,2019-06-03,7,Marketing,Digital Marketing Specialist,G3,MGR093,Delhi,Full-Time,965883,10,PhD,Single,Active,
EMP01654,Baljiwan Walla,Baljiwan,Walla,Female,1990-09-21,35,2023-08-18,2,IT,Data Analyst,G1,MGR011,Pune,Full-Time,334076,4,PhD,Single,Active,
EMP01655,Ryan Prakash,Ryan,Prakash,Female,1995-11-18,30,2021-03-14,5,Sales,Business Development Executive,G5,MGR086,Pune,Contract,1552425,8,PhD,Married,Active,
EMP01656,Akshay Nagy,Akshay,Nagy,Male,1991-11-02,34,2016-09-10,9,Finance,Accountant,G5,MGR080,Bangalore,Contract,2149515,12,Master's,Single,Active,
EMP01657,Rayaan Badami,Rayaan,Badami,Male,1972-11-15,53,2016-08-05,10,Sales,Sales Manager,G3,MGR029,Chennai,Contract,830953,13,Bachelor's,Single,Active,
EMP01658,Aayush Kothari,Aayush,Kothari,Female,1971-09-18,54,2016-08-14,9,IT,DevOps Engineer,G2,MGR087,Bangalore,Contract,598797,14,PhD,Single,Resigned,2020-06-19
EMP01659,Hemangini Muni,Hemangini,Muni,Male,1996-01-22,30,2021-01-19,5,HR,HR Executive,G3,MGR039,Hyderabad,Full-Time,854364,9,PhD,Married,Active,
EMP01660,Kai Chauhan,Kai,Chauhan,Female,1965-12-07,60,2024-01-08,2,HR,HR Executive,G3,MGR099,Chennai,Contract,897930,3,Master's,Single,Active,
EMP01661,Leela Thakur,Leela,Thakur,Female,1987-04-16,39,2017-11-20,8,Marketing,SEO Analyst,G2,MGR055,Delhi,Full-Time,604139,11,Master's,Married,Active,
EMP01662,Damini Ganesh,Damini,Ganesh,Male,1985-04-17,41,2025-05-01,1,Sales,Sales Manager,G3,MGR021,Bangalore,Full-Time,789389,4,PhD,Single,Resigned,2025-06-20
EMP01663,Chakradev Misra,Chakradev,Misra,Female,1989-05-07,37,2015-12-09,10,HR,Talent Acquisition Specialist,G2,MGR084,Bangalore,Full-Time,507281,15,Master's,Single,Active,
EMP01664,Bina Shah,Bina,Shah,Female,1974-10-18,51,2015-06-22,11,HR,Talent Acquisition Specialist,G3,MGR097,Delhi,Contract,865572,14,PhD,Single,Active,
EMP01665,Zinal Viswanathan,Zinal,Viswanathan,Male,1993-12-20,32,2019-08-01,7,HR,Talent Acquisition Specialist,G3,MGR006,Hyderabad,Contract,794311,8,Master's,Married,Active,
EMP01666,Geetika Saraf,Geetika,Saraf,Male,1993-12-29,32,2022-07-02,4,Marketing,Digital Marketing Specialist,G1,MGR027,Delhi,Full-Time,350995,6,Diploma,Single,Active,
EMP01667,Krish Oommen,Krish,Oommen,Male,1996-08-06,30,2024-08-05,1,HR,HR Executive,G1,MGR020,Pune,Full-Time,346341,6,Master's,Married,Active,
EMP01668,Vrishti Parmer,Vrishti,Parmer,Male,1996-11-26,29,2019-03-06,7,Marketing,Marketing Executive,G4,MGR054,Chennai,Contract,1284919,8,Master's,Single,Active,
EMP01669,Raghav Gala,Raghav,Gala,Male,1988-10-24,37,2018-08-31,7,Finance,Finance Manager,G5,MGR050,Bangalore,Contract,1561328,9,Diploma,Single,Active,
EMP01670,Netra Bahl,Netra,Bahl,Male,1990-07-28,36,2025-05-29,1,Marketing,Digital Marketing Specialist,G4,MGR068,Hyderabad,Full-Time,1334643,2,Master's,Married,Active,
EMP01671,Vedant Kapur,Vedant,Kapur,Female,1982-11-30,43,2023-05-26,3,Finance,Finance Manager,G1,MGR056,Delhi,Full-Time,456183,6,Master's,Single,Active,
EMP01672,Karan Kakar,Karan,Kakar,Male,1997-01-25,29,2025-06-06,1,Sales,Sales Executive,G2,MGR025,Mumbai,Full-Time,519687,5,Diploma,Single,Active,
EMP01673,Anthony Thaman,Anthony,Thaman,Female,1988-11-10,37,2017-06-07,9,IT,Data Engineer,G4,MGR066,Chennai,Full-Time,1491604,11,PhD,Married,Active,
EMP01674,Omkaar Dasgupta,Omkaar,Dasgupta,Female,1991-05-20,35,2021-11-01,4,Marketing,SEO Analyst,G3,MGR013,Delhi,Full-Time,976219,9,Bachelor's,Single,Active,
EMP01675,Jeevika Barad,Jeevika,Barad,Male,1967-07-24,59,2017-06-17,9,Sales,Sales Manager,G4,MGR095,Delhi,Full-Time,1010976,9,Diploma,Single,Active,
EMP01676,Keya Kumer,Keya,Kumer,Male,1998-07-22,28,2016-10-22,9,Marketing,Digital Marketing Specialist,G2,MGR051,Mumbai,Full-Time,642598,7,Master's,Single,Active,
EMP01677,Chanakya Bava,Chanakya,Bava,Male,1977-02-13,49,2017-09-27,8,Marketing,Marketing Executive,G5,MGR001,Bangalore,Full-Time,2244262,12,Bachelor's,Single,Active,
EMP01678,Hritik Bahri,Hritik,Bahri,Female,1988-12-14,37,2022-10-27,3,Sales,Sales Executive,G4,MGR056,Mumbai,Full-Time,1396511,8,Bachelor's,Married,Active,
EMP01679,Chanakya D’Alia,Chanakya,D’Alia,Male,1974-08-16,52,2024-02-19,2,Sales,Sales Manager,G1,MGR044,Delhi,Full-Time,432555,5,PhD,Single,Active,
EMP01680,Omaja Sawhney,Omaja,Sawhney,Male,1976-02-13,50,2019-11-13,6,Marketing,Digital Marketing Specialist,G1,MGR010,Mumbai,Full-Time,300215,11,Bachelor's,Single,Resigned,2023-02-06
EMP01681,Jatin Krishnan,Jatin,Krishnan,Male,1969-06-13,57,2022-07-19,4,Marketing,SEO Analyst,G2,MGR024,Hyderabad,Full-Time,591574,7,PhD,Married,Active,
EMP01682,Urvi Dua,Urvi,Dua,Male,1983-03-20,43,2025-09-07,0,Sales,Sales Manager,G4,MGR084,Pune,Contract,1049792,0,Master's,Single,Active,
EMP01683,Samesh Andra,Samesh,Andra,Male,2003-05-31,23,2022-05-03,4,Finance,Accountant,G1,MGR017,Hyderabad,Contract,462835,2,Diploma,Married,Resigned,2024-11-23
EMP01684,Osha Chaudhuri,Osha,Chaudhuri,Male,1980-10-21,45,2025-11-16,0,Marketing,Digital Marketing Specialist,G5,MGR069,Delhi,Full-Time,2394675,5,Master's,Married,Active,
EMP01685,Zinal Madan,Zinal,Madan,Male,1997-12-11,28,2022-07-30,4,IT,Data Analyst,G4,MGR048,Delhi,Contract,1197588,7,PhD,Single,Active,
EMP01686,Laksh Sahota,Laksh,Sahota,Female,1990-10-13,35,2024-04-20,2,IT,Data Analyst,G3,MGR027,Bangalore,Full-Time,934994,3,Master's,Single,Active,
EMP01687,Henry Vaidya,Henry,Vaidya,Female,1993-03-08,33,2022-02-19,4,IT,DevOps Engineer,G3,MGR075,Chennai,Full-Time,771567,7,Master's,Married,Active,
EMP01688,Jacob Mandal,Jacob,Mandal,Female,1983-12-24,42,2021-08-14,4,Finance,Accountant,G4,MGR080,Hyderabad,Contract,1300990,4,Diploma,Married,Active,
EMP01689,Ishaan Cherian,Ishaan,Cherian,Female,1976-06-08,50,2021-04-09,5,Finance,Finance Manager,G5,MGR074,Bangalore,Contract,2391927,6,Diploma,Single,Active,
EMP01690,Widisha Issac,Widisha,Issac,Female,1970-01-18,56,2019-08-11,6,Sales,Sales Executive,G3,MGR067,Delhi,Contract,940299,8,PhD,Single,Resigned,2024-10-15
EMP01691,Ryan Lall,Ryan,Lall,Female,1999-10-30,26,2021-07-21,5,Marketing,Marketing Executive,G3,MGR041,Pune,Full-Time,852051,5,PhD,Single,Active,
EMP01692,Saksham Parmar,Saksham,Parmar,Male,1970-04-22,56,2024-05-16,2,IT,Data Analyst,G4,MGR059,Pune,Contract,1073159,6,Master's,Single,Active,
EMP01693,Nimrat Merchant,Nimrat,Merchant,Male,1977-02-19,49,2020-12-29,5,Finance,Financial Analyst,G5,MGR099,Mumbai,Full-Time,1609444,9,Bachelor's,Single,Active,
EMP01694,Naveen Baral,Naveen,Baral,Female,1994-11-29,31,2024-02-20,2,Marketing,SEO Analyst,G2,MGR077,Delhi,Contract,662228,6,Diploma,Married,Active,
EMP01695,Watika Johal,Watika,Johal,Male,1965-08-27,60,2016-09-03,9,Sales,Sales Manager,G1,MGR001,Mumbai,Full-Time,312384,12,PhD,Married,Active,
EMP01696,Vasana Narayanan,Vasana,Narayanan,Female,1993-12-08,32,2017-04-12,9,IT,Data Engineer,G4,MGR013,Chennai,Contract,1153503,11,Bachelor's,Married,Resigned,2021-04-08
EMP01697,Aarnav Arya,Aarnav,Arya,Female,1984-05-18,42,2020-01-13,6,Marketing,Marketing Executive,G5,MGR062,Delhi,Full-Time,2298144,10,Diploma,Married,Active,
EMP01698,Gaurav Choudhry,Gaurav,Choudhry,Male,1966-05-27,60,2016-04-07,10,Operations,Operations Executive,G4,MGR089,Pune,Full-Time,1195224,14,Master's,Married,Active,
EMP01699,Wakeeta Dixit,Wakeeta,Dixit,Female,1970-11-25,55,2021-09-29,4,Marketing,Marketing Executive,G4,MGR036,Delhi,Contract,1253728,8,PhD,Married,Active,
EMP01700,Gautam Vaidya,Gautam,Vaidya,Male,1981-12-13,44,2016-08-03,10,HR,HR Executive,G3,MGR079,Chennai,Contract,880456,12,Bachelor's,Married,Resigned,2017-11-12
EMP01701,Harrison Kunda,Harrison,Kunda,Male,1973-04-07,53,2025-07-12,1,HR,HR Executive,G5,MGR043,Mumbai,Full-Time,1508298,6,Master's,Married,Active,
EMP01702,Vihaan Shan,Vihaan,Shan,Female,1987-05-20,39,2018-06-12,8,Sales,Sales Manager,G3,MGR037,Delhi,Contract,983736,12,Bachelor's,Married,Active,
EMP01703,Chaman Lalla,Chaman,Lalla,Male,2003-01-17,23,2024-03-29,2,HR,Talent Acquisition Specialist,G2,MGR001,Hyderabad,Full-Time,581930,2,Master's,Married,Active,
EMP01704,Ucchal Bedi,Ucchal,Bedi,Male,1969-07-24,57,2016-11-11,9,Operations,Supply Chain Analyst,G1,MGR095,Mumbai,Contract,300871,13,Bachelor's,Single,Resigned,2018-07-24
EMP01705,Owen Baral,Owen,Baral,Male,1997-03-03,29,2023-09-27,2,Sales,Sales Executive,G2,MGR060,Hyderabad,Full-Time,666017,4,Master's,Single,Active,
EMP01706,Bina Parsa,Bina,Parsa,Female,1996-12-15,29,2022-07-28,4,Finance,Finance Manager,G3,MGR024,Chennai,Contract,789637,8,Master's,Single,Active,
EMP01707,Dhriti Sandhu,Dhriti,Sandhu,Female,1969-07-20,57,2019-07-22,7,IT,QA Engineer,G3,MGR048,Chennai,Full-Time,956509,7,Diploma,Single,Active,
EMP01708,Jack Chandran,Jack,Chandran,Male,1988-09-25,37,2024-07-20,2,Operations,Operations Executive,G3,MGR077,Pune,Contract,861750,5,PhD,Married,Active,
EMP01709,Chakradev Andra,Chakradev,Andra,Male,1999-04-21,27,2019-02-08,7,Operations,Operations Executive,G3,MGR039,Hyderabad,Contract,774001,6,PhD,Single,Active,
EMP01710,Lakshit Garde,Lakshit,Garde,Female,1996-07-03,30,2024-01-14,2,Marketing,Digital Marketing Specialist,G2,MGR038,Chennai,Full-Time,568146,6,Master's,Single,Active,
EMP01711,Falguni Parmar,Falguni,Parmar,Male,1974-12-21,51,2017-03-10,9,IT,QA Engineer,G2,MGR011,Pune,Full-Time,610437,9,Bachelor's,Married,Resigned,2024-08-19
EMP01712,Amrita Chander,Amrita,Chander,Female,1987-09-13,38,2020-12-31,5,HR,Talent Acquisition Specialist,G1,MGR023,Hyderabad,Contract,392438,6,Diploma,Married,Active,
EMP01713,Kashish Oommen,Kashish,Oommen,Female,1973-04-02,53,2018-07-18,8,Operations,Operations Executive,G3,MGR016,Hyderabad,Contract,795178,11,Master's,Single,Resigned,2020-02-06
EMP01714,Ishaan Rattan,Ishaan,Rattan,Male,1986-08-26,39,2024-02-09,2,Marketing,Marketing Executive,G1,MGR073,Pune,Contract,434187,4,PhD,Single,Active,
EMP01715,Mugdha Shan,Mugdha,Shan,Female,1987-04-11,39,2015-12-25,10,Operations,Operations Manager,G4,MGR049,Mumbai,Contract,1389182,13,Diploma,Married,Active,
EMP01716,Anita Rajan,Anita,Rajan,Female,1971-02-16,55,2021-08-04,5,Marketing,SEO Analyst,G3,MGR081,Hyderabad,Contract,897169,5,Diploma,Single,Active,
EMP01717,Vanya Sama,Vanya,Sama,Male,1967-03-02,59,2020-12-20,5,Marketing,SEO Analyst,G3,MGR030,Chennai,Full-Time,951496,10,Bachelor's,Married,Active,
EMP01718,Ojas Chowdhury,Ojas,Chowdhury,Male,1989-03-28,37,2021-08-31,4,Sales,Business Development Executive,G5,MGR037,Mumbai,Contract,1804621,4,Master's,Married,Active,
EMP01719,Kevin Bhargava,Kevin,Bhargava,Female,1991-02-23,35,2019-02-27,7,Sales,Sales Executive,G5,MGR048,Hyderabad,Contract,2455083,9,Master's,Single,Resigned,2026-05-04
EMP01720,Nathaniel Chawla,Nathaniel,Chawla,Male,2002-10-18,23,2021-08-23,4,IT,Data Analyst,G2,MGR057,Delhi,Contract,518732,2,Diploma,Single,Active,
EMP01721,Omaja Subramanian,Omaja,Subramanian,Male,1993-09-05,32,2021-10-28,4,Sales,Sales Executive,G4,MGR043,Chennai,Contract,1007543,8,Master's,Single,Active,
EMP01722,Raksha Golla,Raksha,Golla,Male,1984-02-01,42,2020-07-26,6,HR,Talent Acquisition Specialist,G4,MGR014,Pune,Full-Time,1274396,9,Diploma,Single,Active,
EMP01723,Ladli Parmer,Ladli,Parmer,Female,1998-09-25,27,2019-11-15,6,Marketing,Marketing Executive,G1,MGR032,Chennai,Contract,451551,6,Diploma,Married,Resigned,2025-01-26
EMP01724,Ayush De,Ayush,De,Female,1990-11-10,35,2015-02-16,11,IT,QA Engineer,G5,MGR022,Pune,Contract,2160891,12,Diploma,Married,Active,
EMP01725,Vasudha Sura,Vasudha,Sura,Female,1983-12-22,42,2021-07-24,5,HR,HR Executive,G3,MGR081,Delhi,Contract,746887,6,Diploma,Married,Resigned,2022-07-09
EMP01726,Nisha Sastry,Nisha,Sastry,Male,1999-06-28,27,2024-05-17,2,Operations,Operations Manager,G2,MGR087,Hyderabad,Full-Time,533170,4,Diploma,Single,Active,
EMP01727,Chakradhar Bhatnagar,Chakradhar,Bhatnagar,Male,1965-06-20,61,2017-10-15,8,Marketing,Marketing Executive,G5,MGR040,Mumbai,Contract,1997350,12,Diploma,Single,Active,
EMP01728,Advika Murthy,Advika,Murthy,Male,1990-09-30,35,2015-08-30,10,Operations,Supply Chain Analyst,G3,MGR013,Chennai,Full-Time,980500,13,Master's,Married,Active,
EMP01729,Advik Vohra,Advik,Vohra,Male,1978-06-06,48,2017-05-19,9,Operations,Operations Manager,G2,MGR009,Bangalore,Contract,604978,13,PhD,Married,Active,
EMP01730,Udarsh Nigam,Udarsh,Nigam,Female,1968-07-16,58,2017-06-07,9,Operations,Operations Manager,G5,MGR077,Hyderabad,Full-Time,2255629,11,Master's,Single,Active,
EMP01731,Zilmil Virk,Zilmil,Virk,Male,1996-08-05,30,2015-01-30,11,Operations,Operations Manager,G5,MGR097,Hyderabad,Full-Time,1837386,9,Master's,Married,Active,
EMP01732,Girish Sant,Girish,Sant,Male,1994-03-10,32,2018-10-01,7,Sales,Sales Manager,G2,MGR063,Chennai,Full-Time,653297,7,Master's,Single,Active,
EMP01733,Yuvraj Subramaniam,Yuvraj,Subramaniam,Female,1976-01-16,50,2019-05-29,7,Operations,Supply Chain Analyst,G1,MGR018,Chennai,Full-Time,473021,7,PhD,Single,Active,
EMP01734,Hiral Rajan,Hiral,Rajan,Male,1989-06-08,37,2021-09-01,4,Sales,Business Development Executive,G4,MGR001,Bangalore,Full-Time,1214884,7,Bachelor's,Single,Active,
EMP01735,Manthan Bhagat,Manthan,Bhagat,Female,1976-07-03,50,2015-10-09,10,Operations,Supply Chain Analyst,G4,MGR005,Pune,Contract,1040130,11,Bachelor's,Married,Active,
EMP01736,Advay Dugar,Advay,Dugar,Female,1983-05-17,43,2024-04-15,2,Finance,Accountant,G3,MGR005,Mumbai,Full-Time,765242,4,PhD,Single,Active,
EMP01737,Yashasvi Singh,Yashasvi,Singh,Male,1986-10-30,39,2019-09-16,6,HR,HR Manager,G2,MGR014,Bangalore,Contract,633460,9,PhD,Single,Active,
EMP01738,Warhi Gandhi,Warhi,Gandhi,Male,1991-07-22,35,2018-07-22,8,HR,HR Executive,G5,MGR074,Pune,Contract,1931763,8,PhD,Married,Active,
EMP01739,Falan Swamy,Falan,Swamy,Male,1990-07-22,36,2016-12-12,9,HR,Talent Acquisition Specialist,G5,MGR036,Chennai,Contract,2300620,12,Master's,Married,Active,
EMP01740,Ekani Khosla,Ekani,Khosla,Male,2002-04-14,24,2024-04-28,2,Finance,Finance Manager,G4,MGR063,Pune,Contract,1071190,3,Bachelor's,Single,Active,
EMP01741,Ganga Mall,Ganga,Mall,Female,2001-02-27,25,2021-03-14,5,Marketing,Marketing Executive,G1,MGR050,Bangalore,Full-Time,498589,4,Master's,Single,Active,
EMP01742,Chandresh Tripathi,Chandresh,Tripathi,Male,1987-10-03,38,2020-07-14,6,HR,Talent Acquisition Specialist,G4,MGR084,Delhi,Contract,1232357,10,Bachelor's,Single,Active,
EMP01743,Udant Radhakrishnan,Udant,Radhakrishnan,Female,1999-02-19,27,2020-04-29,6,Sales,Sales Executive,G3,MGR030,Delhi,Full-Time,749436,6,Diploma,Single,Resigned,2023-10-03
EMP01744,Wahab Brar,Wahab,Brar,Female,1973-08-29,52,2020-09-30,5,Operations,Operations Manager,G1,MGR070,Mumbai,Contract,348834,10,Master's,Married,Active,
EMP01745,Tripti Sawhney,Tripti,Sawhney,Male,1976-10-02,49,2015-10-05,10,Operations,Operations Executive,G2,MGR079,Pune,Contract,522280,15,PhD,Single,Active,
EMP01746,Sara Chakrabarti,Sara,Chakrabarti,Female,1967-12-23,58,2015-03-22,11,IT,DevOps Engineer,G5,MGR091,Bangalore,Full-Time,2379614,15,Bachelor's,Single,Active,
EMP01747,Wishi Sekhon,Wishi,Sekhon,Male,2002-09-09,23,2021-03-06,5,Operations,Operations Executive,G1,MGR062,Delhi,Contract,462892,2,Bachelor's,Single,Active,
EMP01748,Diya Dani,Diya,Dani,Female,1966-04-07,60,2021-08-02,5,Operations,Supply Chain Analyst,G5,MGR020,Delhi,Contract,1997726,8,PhD,Single,Active,
EMP01749,Widisha Badami,Widisha,Badami,Female,1968-07-04,58,2020-07-24,6,Finance,Accountant,G2,MGR002,Bangalore,Full-Time,575920,8,PhD,Single,Active,
EMP01750,Harshil Raval,Harshil,Raval,Male,1966-08-04,60,2017-02-27,9,Finance,Financial Analyst,G5,MGR013,Delhi,Contract,1952587,9,Diploma,Married,Active,
EMP01751,Nitara Banik,Nitara,Banik,Female,1985-02-15,41,2022-10-15,3,Operations,Operations Executive,G1,MGR100,Pune,Full-Time,339700,4,Master's,Single,Active,
EMP01752,Aadi Chand,Aadi,Chand,Female,1997-05-13,29,2016-07-09,10,IT,QA Engineer,G3,MGR053,Chennai,Full-Time,803071,8,Master's,Married,Active,
EMP01753,Daksha Trivedi,Daksha,Trivedi,Female,1966-05-07,60,2015-09-03,10,IT,DevOps Engineer,G2,MGR043,Chennai,Full-Time,535798,12,PhD,Single,Active,
EMP01754,Samuel Shan,Samuel,Shan,Male,1973-07-02,53,2023-06-10,3,IT,DevOps Engineer,G2,MGR012,Pune,Full-Time,542007,5,PhD,Single,Active,
EMP01755,Harita Patla,Harita,Patla,Female,1968-05-23,58,2022-05-07,4,Sales,Sales Manager,G2,MGR016,Pune,Contract,548663,4,Master's,Married,Active,
EMP01756,Chatura Kapoor,Chatura,Kapoor,Female,1969-12-23,56,2021-05-21,5,HR,Talent Acquisition Specialist,G1,MGR001,Hyderabad,Contract,424246,7,Bachelor's,Married,Active,
EMP01757,Suhani Narula,Suhani,Narula,Male,2002-01-04,24,2017-07-12,9,Finance,Financial Analyst,G2,MGR047,Mumbai,Full-Time,548147,3,PhD,Single,Active,
EMP01758,Urvashi Patla,Urvashi,Patla,Male,1974-08-19,51,2025-03-21,1,Marketing,Digital Marketing Specialist,G1,MGR094,Delhi,Full-Time,337202,5,Master's,Married,Active,
EMP01759,Sneha Comar,Sneha,Comar,Female,2000-10-15,25,2024-06-13,2,Sales,Sales Executive,G4,MGR003,Mumbai,Full-Time,1323498,2,Master's,Married,Active,
EMP01760,Gunbir Kapadia,Gunbir,Kapadia,Male,1986-02-05,40,2019-08-03,7,IT,DevOps Engineer,G5,MGR039,Delhi,Full-Time,2358092,12,Master's,Married,Active,
EMP01761,Aarnav Om,Aarnav,Om,Female,1991-03-19,35,2021-01-21,5,Finance,Accountant,G4,MGR017,Pune,Full-Time,1019427,8,Diploma,Married,Resigned,2024-01-29
EMP01762,Bishakha Vig,Bishakha,Vig,Male,1972-08-29,53,2024-01-13,2,Sales,Business Development Executive,G4,MGR090,Bangalore,Contract,1397120,6,PhD,Married,Active,
EMP01763,Kashvi Cherian,Kashvi,Cherian,Female,1970-09-11,55,2017-05-26,9,Sales,Sales Manager,G1,MGR065,Chennai,Contract,302535,12,PhD,Married,Active,
EMP01764,Chakradev Gala,Chakradev,Gala,Male,1984-08-30,41,2024-03-16,2,Operations,Supply Chain Analyst,G1,MGR015,Chennai,Full-Time,447994,4,Master's,Single,Active,
EMP01765,Waida Dey,Waida,Dey,Female,1966-12-16,59,2015-07-26,11,Sales,Business Development Executive,G5,MGR099,Mumbai,Contract,2478625,14,Bachelor's,Single,Active,
EMP01766,Nimrat Chhabra,Nimrat,Chhabra,Male,1977-07-01,49,2021-01-22,5,Finance,Finance Manager,G4,MGR058,Pune,Full-Time,1141777,8,Bachelor's,Married,Active,
EMP01767,Aachal Hayre,Aachal,Hayre,Female,1973-05-30,53,2016-08-29,9,Operations,Operations Executive,G2,MGR022,Mumbai,Contract,517280,9,Diploma,Married,Resigned,2019-11-07
EMP01768,Jai Ramaswamy,Jai,Ramaswamy,Male,1974-05-04,52,2023-07-16,3,HR,HR Executive,G1,MGR003,Chennai,Contract,305405,3,Master's,Married,Active,
EMP01769,Tanveer Shankar,Tanveer,Shankar,Male,1992-06-18,34,2015-01-20,11,IT,QA Engineer,G5,MGR099,Chennai,Full-Time,2099509,13,Master's,Single,Active,
EMP01770,Rayaan Nigam,Rayaan,Nigam,Male,1966-01-15,60,2021-07-02,5,IT,DevOps Engineer,G5,MGR095,Delhi,Full-Time,2289544,9,Bachelor's,Married,Active,
EMP01771,Hritik Sachdeva,Hritik,Sachdeva,Female,1998-04-17,28,2024-04-29,2,Marketing,SEO Analyst,G5,MGR099,Chennai,Contract,2490978,5,Diploma,Married,Active,
EMP01772,Chakradhar Dasgupta,Chakradhar,Dasgupta,Female,1978-06-20,48,2021-02-03,5,IT,QA Engineer,G4,MGR034,Hyderabad,Full-Time,1251673,6,Diploma,Single,Resigned,2024-12-03
EMP01773,Tanvi Thaman,Tanvi,Thaman,Female,1995-09-12,30,2017-06-16,9,HR,HR Manager,G1,MGR093,Mumbai,Contract,325370,9,Diploma,Single,Active,
EMP01774,Krish Tara,Krish,Tara,Female,1996-02-23,30,2017-11-27,8,Finance,Finance Manager,G2,MGR074,Bangalore,Full-Time,699027,9,Bachelor's,Married,Active,
EMP01775,Aayush Wali,Aayush,Wali,Male,1968-01-26,58,2019-01-26,7,HR,HR Manager,G2,MGR053,Hyderabad,Full-Time,572806,8,Master's,Married,Resigned,2025-05-01
EMP01776,Chanakya Sant,Chanakya,Sant,Female,1977-09-17,48,2021-07-11,5,Operations,Operations Manager,G4,MGR057,Mumbai,Full-Time,1226462,10,Diploma,Single,Active,
EMP01777,Vasudha Trivedi,Vasudha,Trivedi,Male,2001-05-04,25,2016-07-24,10,Operations,Supply Chain Analyst,G1,MGR065,Mumbai,Full-Time,480543,4,Bachelor's,Married,Active,
EMP01778,Peter Ghose,Peter,Ghose,Female,1965-01-19,61,2016-09-03,9,Sales,Sales Executive,G1,MGR045,Chennai,Full-Time,439166,10,Master's,Married,Resigned,2018-11-09
EMP01779,Hemang Ram,Hemang,Ram,Female,1975-03-15,51,2023-11-09,2,Finance,Finance Manager,G2,MGR040,Mumbai,Full-Time,607894,5,PhD,Single,Active,
EMP01780,Ekanta Thaman,Ekanta,Thaman,Male,1972-02-26,54,2021-12-13,4,IT,QA Engineer,G2,MGR090,Bangalore,Full-Time,644614,5,Diploma,Married,Resigned,2025-03-22
EMP01781,Omya Kothari,Omya,Kothari,Male,2000-04-09,26,2022-01-30,4,Finance,Financial Analyst,G5,MGR037,Delhi,Contract,1518768,5,Diploma,Single,Active,
EMP01782,Anusha Rao,Anusha,Rao,Male,1974-10-30,51,2015-08-15,10,Finance,Financial Analyst,G4,MGR007,Pune,Full-Time,1012337,10,Bachelor's,Single,Active,
EMP01783,Hemal Menon,Hemal,Menon,Male,1969-01-10,57,2023-02-11,3,Operations,Operations Executive,G2,MGR073,Delhi,Contract,533332,6,Master's,Single,Active,
EMP01784,Sneha Deol,Sneha,Deol,Female,1988-11-18,37,2023-01-08,3,Finance,Accountant,G4,MGR055,Hyderabad,Contract,1385576,5,Master's,Married,Active,
EMP01785,Lakshit Sachar,Lakshit,Sachar,Male,1978-09-14,47,2022-05-07,4,HR,HR Executive,G4,MGR029,Delhi,Contract,1219656,5,Diploma,Single,Active,
EMP01786,Yauvani Mistry,Yauvani,Mistry,Female,1975-08-13,51,2015-01-29,11,Finance,Financial Analyst,G2,MGR040,Hyderabad,Full-Time,691860,16,Bachelor's,Married,Active,
EMP01787,Dipta Kalla,Dipta,Kalla,Female,1968-09-23,57,2020-07-04,6,Sales,Business Development Executive,G2,MGR041,Pune,Full-Time,542777,10,Bachelor's,Married,Active,
EMP01788,Sai Kadakia,Sai,Kadakia,Male,1987-11-07,38,2019-05-25,7,Sales,Business Development Executive,G4,MGR045,Delhi,Contract,1490181,7,Bachelor's,Married,Resigned,2024-09-14
EMP01789,Bina Pai,Bina,Pai,Female,1983-05-04,43,2024-07-23,2,Marketing,Digital Marketing Specialist,G5,MGR035,Chennai,Contract,2397852,3,PhD,Single,Active,
EMP01790,Kevin Gokhale,Kevin,Gokhale,Male,1993-09-02,32,2017-04-30,9,Finance,Accountant,G1,MGR014,Chennai,Contract,408208,11,PhD,Married,Resigned,2025-11-25
EMP01791,Ekantika D’Alia,Ekantika,D’Alia,Male,1975-07-23,51,2018-07-06,8,Finance,Accountant,G3,MGR040,Delhi,Contract,728126,12,Bachelor's,Single,Active,
EMP01792,Indira Srinivasan,Indira,Srinivasan,Female,2000-06-19,26,2022-02-22,4,Sales,Sales Manager,G5,MGR097,Bangalore,Full-Time,2274116,5,Master's,Single,Active,
EMP01793,Omisha Walla,Omisha,Walla,Female,1994-08-09,32,2022-10-01,3,Finance,Financial Analyst,G1,MGR013,Delhi,Contract,332433,5,Diploma,Single,Active,
EMP01794,Bhavika Sami,Bhavika,Sami,Male,2003-06-14,23,2022-07-01,4,Sales,Sales Executive,G3,MGR044,Delhi,Contract,818146,2,Bachelor's,Single,Active,
EMP01795,Agastya Virk,Agastya,Virk,Female,1991-04-27,35,2023-12-27,2,Sales,Business Development Executive,G1,MGR052,Bangalore,Full-Time,406208,7,Diploma,Single,Resigned,2024-06-09
EMP01796,Aryan Raj,Aryan,Raj,Male,1969-02-01,57,2016-10-21,9,Finance,Financial Analyst,G2,MGR096,Bangalore,Full-Time,672100,10,Bachelor's,Single,Active,
EMP01797,Maanav Bera,Maanav,Bera,Female,1967-04-15,59,2018-06-27,8,Marketing,SEO Analyst,G5,MGR001,Mumbai,Contract,1944474,9,Diploma,Married,Active,
EMP01798,Daksh Iyengar,Daksh,Iyengar,Male,1974-02-02,52,2016-10-30,9,IT,Data Analyst,G1,MGR058,Chennai,Full-Time,455890,11,Diploma,Married,Active,
EMP01799,Amara Dyal,Amara,Dyal,Male,1974-06-01,52,2018-05-04,8,Sales,Sales Executive,G2,MGR097,Delhi,Contract,528033,10,PhD,Married,Active,
EMP01800,Bhavini Krishna,Bhavini,Krishna,Male,1993-04-11,33,2023-07-01,3,Sales,Sales Executive,G3,MGR093,Chennai,Contract,726701,4,Master's,Married,Active,
EMP01801,Madhav Bhatia,Madhav,Bhatia,Female,2003-11-28,22,2019-02-02,7,IT,Software Engineer,G1,MGR057,Bangalore,Full-Time,354010,1,Bachelor's,Single,Active,
EMP01802,Chakrika Jani,Chakrika,Jani,Male,1990-01-14,36,2020-12-04,5,Operations,Operations Manager,G5,MGR001,Hyderabad,Full-Time,2280850,10,Diploma,Single,Active,
EMP01803,Bachittar Parmer,Bachittar,Parmer,Female,1969-09-30,56,2019-10-14,6,IT,QA Engineer,G5,MGR100,Chennai,Contract,1616463,6,Bachelor's,Single,Active,
EMP01804,Sneha Chaudry,Sneha,Chaudry,Female,1976-04-10,50,2020-05-24,6,Sales,Sales Executive,G5,MGR063,Bangalore,Full-Time,1707581,7,PhD,Married,Active,
EMP01805,Udarsh Ramachandran,Udarsh,Ramachandran,Male,1965-04-25,61,2017-01-15,9,Finance,Finance Manager,G1,MGR093,Delhi,Contract,476615,13,PhD,Single,Active,
EMP01806,Wazir Vaidya,Wazir,Vaidya,Female,1995-01-07,31,2024-09-25,1,Finance,Accountant,G2,MGR051,Mumbai,Full-Time,555911,1,PhD,Single,Active,
EMP01807,Bhavna Batta,Bhavna,Batta,Female,1992-01-10,34,2022-07-02,4,Sales,Business Development Executive,G3,MGR034,Hyderabad,Contract,939019,6,PhD,Married,Active,
EMP01808,Lakshmi Ram,Lakshmi,Ram,Female,1967-12-23,58,2019-11-25,6,Marketing,SEO Analyst,G1,MGR074,Bangalore,Full-Time,364463,8,Master's,Single,Active,
EMP01809,Omaja Munshi,Omaja,Munshi,Female,1978-05-18,48,2024-03-26,2,HR,HR Manager,G1,MGR062,Pune,Full-Time,301156,6,Master's,Single,Resigned,2026-07-31
EMP01810,Chatura Arya,Chatura,Arya,Female,2000-01-26,26,2016-10-03,9,Finance,Accountant,G1,MGR069,Mumbai,Full-Time,462530,5,Master's,Single,Active,
EMP01811,Zayan Jain,Zayan,Jain,Male,1978-07-10,48,2025-03-28,1,IT,DevOps Engineer,G5,MGR010,Pune,Contract,2348684,4,Diploma,Single,Active,
EMP01812,Saanvi Kar,Saanvi,Kar,Male,1981-11-30,44,2020-05-04,6,Operations,Operations Manager,G5,MGR090,Bangalore,Contract,1906988,7,Bachelor's,Married,Active,
EMP01813,Jhalak Hegde,Jhalak,Hegde,Male,1969-03-12,57,2015-01-13,11,Finance,Accountant,G1,MGR036,Hyderabad,Contract,499505,16,Bachelor's,Married,Active,
EMP01814,Rishi Menon,Rishi,Menon,Female,2003-05-18,23,2025-10-03,0,IT,Data Engineer,G4,MGR071,Bangalore,Contract,1129384,2,Bachelor's,Single,Resigned,2026-03-26
EMP01815,Peter Borde,Peter,Borde,Female,1979-10-13,46,2024-01-20,2,IT,Data Analyst,G2,MGR048,Chennai,Contract,655261,4,Diploma,Married,Active,
EMP01816,Rachit Ghose,Rachit,Ghose,Male,1981-11-19,44,2024-07-30,2,Operations,Operations Executive,G5,MGR021,Mumbai,Contract,1984295,6,Bachelor's,Married,Active,
EMP01817,Yoshita Dar,Yoshita,Dar,Female,1999-01-08,27,2023-04-12,3,Finance,Financial Analyst,G4,MGR060,Hyderabad,Full-Time,1405360,5,Master's,Single,Active,
EMP01818,Krishna Baria,Krishna,Baria,Male,1985-08-31,40,2017-04-13,9,IT,QA Engineer,G4,MGR047,Hyderabad,Contract,1064226,10,PhD,Single,Active,
EMP01819,Priya Mallick,Priya,Mallick,Male,1974-09-18,51,2016-02-05,10,Sales,Sales Manager,G3,MGR068,Pune,Full-Time,819679,12,Master's,Single,Active,
EMP01820,Aishani De,Aishani,De,Female,1996-08-27,29,2020-02-24,6,Operations,Operations Executive,G4,MGR021,Chennai,Full-Time,1026115,6,Master's,Married,Active,
EMP01821,Naveen Kumer,Naveen,Kumer,Female,1971-08-14,55,2025-01-07,1,Sales,Sales Executive,G5,MGR039,Pune,Contract,2041269,3,PhD,Married,Active,
EMP01822,Abdul Narayanan,Abdul,Narayanan,Female,1994-04-12,32,2025-01-03,1,Sales,Business Development Executive,G2,MGR062,Pune,Full-Time,537700,1,Bachelor's,Married,Active,
EMP01823,Unnati Dubey,Unnati,Dubey,Male,1981-01-24,45,2021-10-08,4,HR,HR Executive,G5,MGR093,Chennai,Contract,1952185,4,Diploma,Married,Resigned,2022-02-09
EMP01824,Mitesh Naidu,Mitesh,Naidu,Male,2000-10-07,25,2017-12-14,8,Marketing,SEO Analyst,G4,MGR087,Mumbai,Full-Time,1310022,4,Master's,Married,Active,
EMP01825,Charan Mitra,Charan,Mitra,Female,1965-04-09,61,2018-11-21,7,IT,QA Engineer,G5,MGR019,Hyderabad,Full-Time,2309503,9,PhD,Single,Resigned,2023-01-23
EMP01826,Ishita Bora,Ishita,Bora,Female,1991-09-29,34,2024-07-28,2,Sales,Sales Manager,G3,MGR041,Mumbai,Contract,704631,2,PhD,Single,Active,
EMP01827,Eesha Vora,Eesha,Vora,Female,1987-06-03,39,2022-12-20,3,Finance,Financial Analyst,G3,MGR056,Pune,Full-Time,783249,8,Master's,Single,Active,
EMP01828,Thomas Gour,Thomas,Gour,Female,1974-06-04,52,2024-08-24,1,Sales,Business Development Executive,G2,MGR094,Mumbai,Full-Time,619391,1,Bachelor's,Single,Resigned,2025-10-02
EMP01829,Ekansh Tiwari,Ekansh,Tiwari,Male,1986-08-18,39,2016-02-28,10,IT,Software Engineer,G4,MGR048,Delhi,Contract,1435228,15,Diploma,Married,Active,
EMP01830,Nathaniel Sagar,Nathaniel,Sagar,Male,1967-07-27,59,2023-09-28,2,Finance,Accountant,G5,MGR070,Bangalore,Full-Time,2425935,5,Master's,Married,Active,
EMP01831,Netra Chanda,Netra,Chanda,Male,1966-06-15,60,2019-03-16,7,HR,HR Executive,G4,MGR002,Mumbai,Full-Time,1303345,12,Diploma,Single,Active,
EMP01832,Ikshita Kant,Ikshita,Kant,Male,1969-04-17,57,2025-12-25,0,Finance,Accountant,G4,MGR064,Pune,Full-Time,1140843,3,Diploma,Single,Active,
EMP01833,Tanay Narula,Tanay,Narula,Male,1974-09-10,51,2024-01-16,2,IT,DevOps Engineer,G2,MGR100,Pune,Contract,616824,5,Diploma,Married,Active,
EMP01834,Garima Patel,Garima,Patel,Male,1973-04-15,53,2019-08-20,6,Sales,Sales Executive,G3,MGR049,Chennai,Full-Time,846623,6,PhD,Single,Active,
EMP01835,Chaaya Kamdar,Chaaya,Kamdar,Female,1984-06-08,42,2025-12-23,0,HR,Talent Acquisition Specialist,G1,MGR029,Chennai,Full-Time,441539,2,Master's,Married,Active,
EMP01836,Vaishnavi Andra,Vaishnavi,Andra,Female,1992-08-15,33,2023-03-04,3,Marketing,SEO Analyst,G3,MGR090,Chennai,Full-Time,757003,7,Bachelor's,Single,Active,
EMP01837,Ishwar Pal,Ishwar,Pal,Male,1999-01-03,27,2020-07-13,6,HR,Talent Acquisition Specialist,G1,MGR074,Pune,Contract,341960,6,Master's,Single,Active,
EMP01838,Sanaya Khosla,Sanaya,Khosla,Female,1967-09-02,58,2016-05-28,10,Sales,Business Development Executive,G4,MGR051,Delhi,Contract,1237273,10,PhD,Single,Active,
EMP01839,Yagnesh Baral,Yagnesh,Baral,Female,1980-12-19,45,2025-12-16,0,HR,Talent Acquisition Specialist,G4,MGR080,Delhi,Contract,1138818,4,PhD,Single,Active,
EMP01840,Ekani Raj,Ekani,Raj,Female,1978-07-09,48,2024-02-25,2,IT,DevOps Engineer,G4,MGR097,Hyderabad,Full-Time,1190519,4,Diploma,Single,Active,
EMP01841,Ishaan Raju,Ishaan,Raju,Male,1990-05-07,36,2025-10-06,0,HR,Talent Acquisition Specialist,G1,MGR024,Pune,Contract,343490,4,Bachelor's,Single,Active,
EMP01842,Aahana Zachariah,Aahana,Zachariah,Male,1991-03-27,35,2017-07-11,9,HR,HR Executive,G3,MGR032,Mumbai,Full-Time,800887,10,Bachelor's,Single,Active,
EMP01843,Barkha Bakshi,Barkha,Bakshi,Male,1971-11-28,54,2024-01-30,2,Finance,Finance Manager,G3,MGR008,Pune,Full-Time,880382,7,Master's,Married,Active,
EMP01844,Zansi Prasad,Zansi,Prasad,Male,1975-02-21,51,2024-08-04,2,Sales,Business Development Executive,G5,MGR071,Chennai,Contract,2352659,4,Bachelor's,Single,Active,
EMP01845,Yoshita Trivedi,Yoshita,Trivedi,Male,1978-03-19,48,2024-07-12,2,HR,HR Manager,G2,MGR055,Mumbai,Full-Time,655214,3,Diploma,Married,Active,
EMP01846,Sanaya Sur,Sanaya,Sur,Male,1970-06-30,56,2016-06-01,10,Finance,Financial Analyst,G1,MGR075,Pune,Contract,342386,14,PhD,Married,Resigned,2017-02-28
EMP01847,Chaman Hans,Chaman,Hans,Male,1967-07-14,59,2016-04-27,10,HR,HR Executive,G4,MGR026,Pune,Contract,1210495,15,Master's,Married,Active,
EMP01848,Ekani Varkey,Ekani,Varkey,Male,1965-09-01,60,2019-04-22,7,HR,Talent Acquisition Specialist,G3,MGR073,Mumbai,Contract,748709,12,Diploma,Single,Active,
EMP01849,Fitan Char,Fitan,Char,Female,1968-05-30,58,2022-11-19,3,HR,HR Executive,G4,MGR030,Delhi,Contract,1195232,7,PhD,Married,Active,
EMP01850,Oliver Yogi,Oliver,Yogi,Male,1994-12-15,31,2024-07-26,2,Marketing,SEO Analyst,G4,MGR050,Pune,Full-Time,1132054,2,PhD,Single,Active,
EMP01851,Abhimanyu Bhatti,Abhimanyu,Bhatti,Male,1966-03-10,60,2015-01-19,11,Marketing,SEO Analyst,G2,MGR095,Chennai,Contract,672974,13,Bachelor's,Married,Active,
EMP01852,Shivansh Kala,Shivansh,Kala,Male,1996-08-19,29,2016-03-09,10,IT,Data Engineer,G2,MGR046,Pune,Contract,586996,8,Master's,Single,Active,
EMP01853,Panini Chawla,Panini,Chawla,Male,1969-07-03,57,2021-07-11,5,Operations,Operations Executive,G3,MGR086,Pune,Contract,824656,10,PhD,Single,Active,
EMP01854,Samesh Yogi,Samesh,Yogi,Male,1981-10-17,44,2022-10-07,3,Operations,Operations Manager,G2,MGR012,Chennai,Full-Time,540193,7,Master's,Single,Active,
EMP01855,Radhika Bora,Radhika,Bora,Male,1978-07-28,48,2023-08-27,2,Marketing,Digital Marketing Specialist,G4,MGR056,Hyderabad,Contract,1021730,3,Bachelor's,Single,Resigned,2026-07-27
EMP01856,Mitesh Bajwa,Mitesh,Bajwa,Male,1991-06-02,35,2021-08-11,4,Marketing,Digital Marketing Specialist,G3,MGR046,Chennai,Full-Time,749951,5,Master's,Married,Active,
EMP01857,Tripti Narula,Tripti,Narula,Female,1984-06-09,42,2018-01-31,8,IT,QA Engineer,G3,MGR046,Delhi,Full-Time,963956,9,Bachelor's,Married,Active,
EMP01858,Baljiwan Chahal,Baljiwan,Chahal,Female,1971-01-21,55,2019-07-15,7,HR,HR Executive,G5,MGR051,Hyderabad,Full-Time,1779052,9,Bachelor's,Married,Active,
EMP01859,Ethan Bhagat,Ethan,Bhagat,Male,2003-09-06,22,2023-10-01,2,Operations,Operations Manager,G3,MGR075,Hyderabad,Full-Time,742023,1,Bachelor's,Single,Active,
EMP01860,Pranav Krishnamurthy,Pranav,Krishnamurthy,Female,1965-05-22,61,2023-06-20,3,IT,QA Engineer,G2,MGR094,Delhi,Contract,592449,3,Master's,Married,Active,
EMP01861,Ekavir Kari,Ekavir,Kari,Female,1973-06-19,53,2021-08-09,4,Finance,Accountant,G1,MGR022,Mumbai,Full-Time,323760,5,Diploma,Married,Active,
EMP01862,Aarna Reddy,Aarna,Reddy,Male,1991-08-25,34,2015-02-16,11,IT,QA Engineer,G4,MGR022,Delhi,Contract,1206789,11,Bachelor's,Married,Active,
EMP01863,Lipika Seshadri,Lipika,Seshadri,Female,2002-04-12,24,2025-01-01,1,Finance,Accountant,G5,MGR056,Mumbai,Full-Time,1878857,1,PhD,Married,Active,
EMP01864,Nidhi Sant,Nidhi,Sant,Male,1997-03-04,29,2017-08-06,9,Marketing,Marketing Executive,G1,MGR098,Pune,Full-Time,493285,8,Master's,Single,Active,
EMP01865,Diya Badal,Diya,Badal,Male,1971-01-13,55,2016-10-18,9,Finance,Financial Analyst,G1,MGR076,Mumbai,Contract,322765,13,Diploma,Married,Resigned,2023-06-04
EMP01866,Jagat Warrior,Jagat,Warrior,Male,1985-09-12,40,2020-06-13,6,Operations,Operations Executive,G3,MGR036,Hyderabad,Full-Time,909701,11,Diploma,Married,Resigned,2020-07-01
EMP01867,Dev Bath,Dev,Bath,Male,1982-07-15,44,2018-02-26,8,HR,Talent Acquisition Specialist,G5,MGR046,Pune,Full-Time,2247873,11,Master's,Single,Active,
EMP01868,Elijah Parmar,Elijah,Parmar,Male,1977-03-05,49,2019-10-02,6,IT,DevOps Engineer,G4,MGR019,Mumbai,Full-Time,1345524,9,Bachelor's,Married,Active,
EMP01869,Yadavi Cherian,Yadavi,Cherian,Female,1977-09-13,48,2022-12-28,3,IT,DevOps Engineer,G3,MGR026,Delhi,Full-Time,771941,8,Master's,Married,Resigned,2024-03-22
EMP01870,Charvi Chadha,Charvi,Chadha,Female,1970-03-21,56,2025-04-07,1,Operations,Operations Executive,G4,MGR060,Hyderabad,Contract,1093678,1,Master's,Married,Resigned,2025-11-11
EMP01871,Raksha Raj,Raksha,Raj,Male,1983-12-06,42,2024-08-18,1,Operations,Operations Executive,G3,MGR024,Chennai,Full-Time,853258,2,PhD,Single,Active,
EMP01872,Megha Balasubramanian,Megha,Balasubramanian,Female,1969-06-28,57,2020-09-26,5,Marketing,Digital Marketing Specialist,G1,MGR064,Chennai,Full-Time,322686,9,Master's,Single,Active,
EMP01873,Urvi Dugar,Urvi,Dugar,Male,1977-11-16,48,2021-04-14,5,HR,HR Manager,G3,MGR099,Bangalore,Full-Time,839779,9,Bachelor's,Single,Active,
EMP01874,Thomas Deshpande,Thomas,Deshpande,Female,2000-01-12,26,2018-10-05,7,HR,Talent Acquisition Specialist,G4,MGR033,Hyderabad,Full-Time,1300207,5,Master's,Married,Active,
EMP01875,Mahika Merchant,Mahika,Merchant,Female,1998-06-08,28,2017-07-12,9,Sales,Sales Executive,G4,MGR073,Pune,Contract,1293292,7,Bachelor's,Single,Active,
EMP01876,Maanas Misra,Maanas,Misra,Female,1967-11-02,58,2022-04-28,4,IT,Software Engineer,G5,MGR030,Chennai,Contract,1855366,5,Master's,Married,Active,
EMP01877,Kashvi Apte,Kashvi,Apte,Female,1972-10-28,53,2016-01-10,10,Sales,Business Development Executive,G3,MGR042,Chennai,Full-Time,822922,14,Bachelor's,Married,Active,
EMP01878,Lohit Dasgupta,Lohit,Dasgupta,Female,1995-02-22,31,2019-10-17,6,IT,Data Engineer,G4,MGR083,Delhi,Contract,1443773,6,Master's,Single,Active,
EMP01879,Benjamin Ahluwalia,Benjamin,Ahluwalia,Female,1977-05-16,49,2017-05-19,9,Sales,Sales Executive,G4,MGR049,Pune,Contract,1381546,11,Master's,Married,Active,
EMP01880,Meera Yogi,Meera,Yogi,Female,2003-02-02,23,2020-03-29,6,HR,Talent Acquisition Specialist,G4,MGR030,Hyderabad,Full-Time,1395847,2,Master's,Single,Active,
EMP01881,Frederick Mody,Frederick,Mody,Male,1967-09-07,58,2016-09-02,9,Sales,Sales Manager,G2,MGR015,Pune,Contract,651221,13,Diploma,Married,Active,
EMP01882,Shivansh Padmanabhan,Shivansh,Padmanabhan,Female,1965-12-01,60,2018-04-03,8,HR,HR Manager,G4,MGR055,Pune,Contract,1394735,12,Bachelor's,Single,Active,
EMP01883,Siddharth Sachar,Siddharth,Sachar,Female,1991-07-25,35,2020-09-16,5,HR,HR Executive,G1,MGR062,Delhi,Contract,403902,8,Diploma,Married,Active,
EMP01884,Yauvani Dhar,Yauvani,Dhar,Male,1989-08-01,37,2025-06-18,1,HR,HR Executive,G2,MGR053,Hyderabad,Contract,610265,3,Diploma,Married,Active,
EMP01885,Naveen Gour,Naveen,Gour,Female,1979-10-06,46,2017-06-12,9,Marketing,Digital Marketing Specialist,G5,MGR006,Hyderabad,Contract,2347603,12,PhD,Single,Active,
EMP01886,Timothy Krishnan,Timothy,Krishnan,Male,1996-03-28,30,2020-10-10,5,Operations,Supply Chain Analyst,G5,MGR062,Hyderabad,Full-Time,2292659,9,Master's,Single,Active,
EMP01887,Rishi Contractor,Rishi,Contractor,Female,1990-08-13,36,2016-07-19,10,HR,HR Executive,G4,MGR034,Delhi,Contract,1030766,14,PhD,Married,Active,
EMP01888,Pratyush Bhagat,Pratyush,Bhagat,Female,1974-03-29,52,2017-02-04,9,IT,Software Engineer,G4,MGR021,Chennai,Full-Time,1400034,14,Bachelor's,Single,Active,
EMP01889,Triya Bora,Triya,Bora,Male,1995-03-09,31,2021-05-09,5,Marketing,Marketing Executive,G4,MGR072,Mumbai,Contract,1062913,5,Bachelor's,Single,Active,
EMP01890,Bina Bhavsar,Bina,Bhavsar,Female,1998-01-31,28,2025-04-03,1,IT,QA Engineer,G4,MGR040,Chennai,Contract,1431152,6,PhD,Married,Active,
EMP01891,Zashil Chaudhari,Zashil,Chaudhari,Male,1997-03-17,29,2022-10-19,3,Marketing,SEO Analyst,G2,MGR087,Mumbai,Contract,522832,6,Diploma,Single,Active,
EMP01892,Rudra Sur,Rudra,Sur,Female,1985-03-03,41,2015-04-20,11,Sales,Business Development Executive,G2,MGR079,Bangalore,Contract,516648,15,Diploma,Married,Active,
EMP01893,Ganga Parikh,Ganga,Parikh,Male,1977-03-08,49,2017-08-08,8,Marketing,SEO Analyst,G3,MGR007,Delhi,Full-Time,828638,8,PhD,Single,Active,
EMP01894,Kabir Keer,Kabir,Keer,Male,1982-05-02,44,2022-02-09,4,Sales,Business Development Executive,G3,MGR087,Pune,Contract,816283,6,Diploma,Single,Active,
EMP01895,Harish Mane,Harish,Mane,Female,1999-08-25,26,2021-07-07,5,Operations,Supply Chain Analyst,G2,MGR066,Pune,Contract,671455,5,Bachelor's,Married,Active,
EMP01896,Ekaraj Hari,Ekaraj,Hari,Male,1986-05-09,40,2015-08-11,10,Marketing,Marketing Executive,G4,MGR039,Pune,Contract,1330726,15,Bachelor's,Single,Active,
EMP01897,Eesha Sunder,Eesha,Sunder,Male,1988-03-21,38,2022-03-08,4,IT,DevOps Engineer,G2,MGR020,Chennai,Full-Time,605411,8,PhD,Single,Active,
EMP01898,Shravya Narasimhan,Shravya,Narasimhan,Female,2002-05-13,24,2018-05-10,8,Marketing,Digital Marketing Specialist,G1,MGR003,Hyderabad,Full-Time,473149,3,Master's,Single,Active,
EMP01899,Damini Dua,Damini,Dua,Female,1993-04-27,33,2018-02-02,8,IT,Software Engineer,G4,MGR001,Hyderabad,Full-Time,1283030,9,PhD,Single,Active,
EMP01900,Janya Mutti,Janya,Mutti,Female,1983-03-22,43,2019-05-25,7,HR,HR Executive,G5,MGR068,Mumbai,Full-Time,1534701,10,Diploma,Married,Active,
EMP01901,Priya Ganguly,Priya,Ganguly,Male,1983-11-25,42,2017-03-08,9,Operations,Operations Manager,G3,MGR028,Bangalore,Contract,841203,9,Bachelor's,Married,Active,
EMP01902,Aayush Munshi,Aayush,Munshi,Female,1965-04-07,61,2015-11-29,10,HR,HR Executive,G3,MGR039,Mumbai,Contract,774765,15,PhD,Single,Active,
EMP01903,Yatin Kant,Yatin,Kant,Male,1974-12-30,51,2020-02-22,6,Finance,Accountant,G1,MGR071,Bangalore,Contract,347877,6,Diploma,Single,Active,
EMP01904,Rajata Malhotra,Rajata,Malhotra,Female,1965-01-13,61,2016-06-24,10,Finance,Accountant,G4,MGR018,Delhi,Contract,1166852,12,Master's,Married,Active,
EMP01905,Jagvi Desai,Jagvi,Desai,Female,1976-06-23,50,2020-08-15,5,IT,QA Engineer,G4,MGR048,Bangalore,Full-Time,1414068,6,PhD,Married,Active,
EMP01906,Garima Srinivasan,Garima,Srinivasan,Male,1970-05-02,56,2018-12-13,7,Operations,Supply Chain Analyst,G4,MGR032,Chennai,Contract,1261311,11,PhD,Married,Active,
EMP01907,Turvi Sehgal,Turvi,Sehgal,Male,1970-09-15,55,2017-08-03,9,Sales,Sales Executive,G4,MGR060,Chennai,Contract,1211409,10,Diploma,Single,Active,
EMP01908,Jagrati Mody,Jagrati,Mody,Female,1990-06-07,36,2024-02-27,2,Sales,Business Development Executive,G2,MGR096,Pune,Contract,535360,3,PhD,Single,Active,
EMP01909,Vidhi Chopra,Vidhi,Chopra,Female,1990-04-15,36,2021-12-14,4,HR,HR Executive,G4,MGR051,Pune,Contract,1218603,7,PhD,Single,Active,
EMP01910,Parth Bumb,Parth,Bumb,Female,1981-11-29,44,2021-11-04,4,Marketing,SEO Analyst,G2,MGR095,Chennai,Full-Time,654137,7,Master's,Married,Resigned,2024-03-24
EMP01911,Logan Yohannan,Logan,Yohannan,Female,1989-12-10,36,2020-10-09,5,Sales,Business Development Executive,G4,MGR079,Mumbai,Contract,1236422,10,Diploma,Married,Active,
EMP01912,Ronith Lall,Ronith,Lall,Female,1988-07-23,38,2016-12-08,9,IT,QA Engineer,G3,MGR013,Bangalore,Full-Time,829509,11,Bachelor's,Single,Active,
EMP01913,Faraj Borra,Faraj,Borra,Male,1983-01-20,43,2015-02-10,11,IT,Software Engineer,G1,MGR039,Pune,Contract,375915,13,Bachelor's,Single,Resigned,2015-06-05
EMP01914,Yashica Balasubramanian,Yashica,Balasubramanian,Female,1998-04-01,28,2022-04-24,4,Operations,Operations Executive,G1,MGR094,Chennai,Full-Time,374512,7,Master's,Single,Active,
EMP01915,Nidhi Kala,Nidhi,Kala,Female,1979-06-02,47,2016-09-15,9,Operations,Supply Chain Analyst,G4,MGR005,Chennai,Contract,1069413,10,Master's,Married,Active,
EMP01916,Balhaar Lad,Balhaar,Lad,Male,1978-04-26,48,2025-03-10,1,IT,Data Engineer,G5,MGR084,Mumbai,Full-Time,2243881,3,Bachelor's,Single,Active,
EMP01917,Urmi Dixit,Urmi,Dixit,Male,1966-05-23,60,2021-05-24,5,Sales,Sales Manager,G4,MGR014,Chennai,Contract,1319098,8,PhD,Single,Resigned,2024-07-03
EMP01918,Manya Kapoor,Manya,Kapoor,Male,1994-02-11,32,2024-08-12,1,Finance,Financial Analyst,G5,MGR001,Pune,Contract,1638106,6,Bachelor's,Single,Active,
EMP01919,Bina Desai,Bina,Desai,Female,1983-05-08,43,2016-02-16,10,Marketing,Digital Marketing Specialist,G5,MGR062,Mumbai,Contract,1849391,12,Master's,Single,Active,
EMP01920,Ucchal Thaker,Ucchal,Thaker,Female,1987-01-06,39,2017-11-21,8,IT,Data Analyst,G3,MGR010,Delhi,Full-Time,818247,9,Master's,Married,Active,
EMP01921,Yashvi Chana,Yashvi,Chana,Male,1987-04-05,39,2020-06-30,6,Sales,Sales Executive,G2,MGR064,Bangalore,Full-Time,519208,6,PhD,Single,Active,
EMP01922,Mekhala Patla,Mekhala,Patla,Male,1967-01-08,59,2016-08-23,9,Operations,Operations Manager,G5,MGR075,Chennai,Full-Time,2280361,10,Bachelor's,Married,Active,
EMP01923,Yadavi Anne,Yadavi,Anne,Female,1966-10-23,59,2017-02-16,9,Finance,Finance Manager,G2,MGR040,Bangalore,Contract,577050,11,Diploma,Married,Active,
EMP01924,William Gandhi,William,Gandhi,Male,1984-11-30,41,2023-05-30,3,Marketing,Digital Marketing Specialist,G2,MGR041,Pune,Full-Time,559111,8,PhD,Married,Active,
EMP01925,Yoshita Dey,Yoshita,Dey,Male,2000-04-11,26,2020-04-14,6,Operations,Operations Executive,G5,MGR100,Bangalore,Full-Time,2394783,5,Bachelor's,Single,Resigned,2024-01-30
EMP01926,Nathaniel Gola,Nathaniel,Gola,Female,1968-07-09,58,2018-01-02,8,Finance,Financial Analyst,G2,MGR005,Chennai,Full-Time,567054,11,Master's,Single,Active,
EMP01927,Madhav Sule,Madhav,Sule,Male,1997-09-12,28,2023-04-06,3,IT,Data Engineer,G4,MGR035,Delhi,Contract,1136614,6,Bachelor's,Single,Resigned,2024-10-14
EMP01928,Banjeet Kanda,Banjeet,Kanda,Male,1994-01-03,32,2020-07-07,6,Sales,Sales Executive,G1,MGR002,Chennai,Full-Time,374725,10,Master's,Married,Resigned,2024-08-30
EMP01929,Vincent Bhatnagar,Vincent,Bhatnagar,Male,1989-03-16,37,2018-02-05,8,IT,Data Analyst,G5,MGR092,Chennai,Full-Time,2467960,13,Diploma,Single,Active,
EMP01930,Aishani Pingle,Aishani,Pingle,Female,1982-08-29,43,2023-08-16,2,HR,Talent Acquisition Specialist,G1,MGR066,Bangalore,Contract,362533,4,Diploma,Married,Active,
EMP01931,Vivaan Basak,Vivaan,Basak,Male,1971-10-20,54,2019-05-24,7,Finance,Accountant,G5,MGR044,Pune,Contract,2231711,9,PhD,Single,Resigned,2025-01-29
EMP01932,Samuel Vasa,Samuel,Vasa,Male,1980-05-14,46,2023-01-31,3,Sales,Sales Executive,G2,MGR025,Chennai,Contract,514547,6,Master's,Single,Active,
EMP01933,Jalsa Rama,Jalsa,Rama,Male,1999-03-10,27,2023-08-15,2,Sales,Sales Manager,G1,MGR093,Chennai,Contract,432537,5,Bachelor's,Single,Resigned,2025-08-13
EMP01934,Suhani Batra,Suhani,Batra,Male,1991-11-22,34,2022-11-04,3,Marketing,Marketing Executive,G5,MGR093,Delhi,Contract,2379855,8,Diploma,Single,Active,
EMP01935,Balveer Naik,Balveer,Naik,Male,2001-05-15,25,2019-05-16,7,Sales,Sales Executive,G1,MGR069,Bangalore,Contract,387893,4,Diploma,Married,Active,
EMP01936,Harshil Verma,Harshil,Verma,Female,1975-10-24,50,2017-02-02,9,Operations,Operations Executive,G1,MGR084,Hyderabad,Full-Time,455713,9,PhD,Single,Active,
EMP01937,Anusha Lall,Anusha,Lall,Female,1975-02-18,51,2021-09-26,4,Sales,Business Development Executive,G1,MGR062,Bangalore,Contract,424793,6,Master's,Married,Active,
EMP01938,Owen Puri,Owen,Puri,Male,2003-09-27,22,2020-12-18,5,Operations,Supply Chain Analyst,G2,MGR026,Pune,Contract,667922,1,Master's,Married,Active,
EMP01939,Kritika Pau,Kritika,Pau,Female,1997-09-17,28,2017-09-25,8,Marketing,Digital Marketing Specialist,G4,MGR063,Hyderabad,Contract,1459485,7,PhD,Single,Active,
EMP01940,Faras Varughese,Faras,Varughese,Female,1965-02-15,61,2019-01-28,7,HR,HR Executive,G2,MGR050,Pune,Contract,696356,11,Bachelor's,Married,Active,
EMP01941,Zayan Puri,Zayan,Puri,Female,1965-04-08,61,2017-06-04,9,Sales,Business Development Executive,G4,MGR043,Pune,Contract,1025385,14,Diploma,Married,Active,
EMP01942,Udant Varty,Udant,Varty,Female,2002-03-14,24,2015-02-04,11,Finance,Accountant,G2,MGR068,Delhi,Full-Time,691609,3,PhD,Married,Active,
EMP01943,Nidra Pandit,Nidra,Pandit,Male,1965-06-29,61,2024-08-21,1,HR,Talent Acquisition Specialist,G1,MGR016,Mumbai,Full-Time,455284,4,Diploma,Single,Active,
EMP01944,Hemani Sur,Hemani,Sur,Male,1992-04-15,34,2017-12-10,8,Finance,Accountant,G2,MGR097,Bangalore,Contract,620604,8,Master's,Single,Resigned,2026-02-21
EMP01945,Abeer Thaker,Abeer,Thaker,Male,1982-08-09,44,2015-06-20,11,IT,QA Engineer,G5,MGR006,Mumbai,Contract,1951289,15,PhD,Married,Active,
EMP01946,Liam Sarraf,Liam,Sarraf,Female,2001-05-24,25,2018-01-24,8,Operations,Supply Chain Analyst,G2,MGR041,Bangalore,Contract,511493,4,Master's,Single,Active,
EMP01947,Noah Karpe,Noah,Karpe,Male,1990-01-03,36,2015-03-08,11,Operations,Supply Chain Analyst,G1,MGR071,Chennai,Contract,488315,13,Master's,Single,Active,
EMP01948,Faraj Varkey,Faraj,Varkey,Female,1999-03-10,27,2018-09-14,7,Sales,Sales Manager,G2,MGR077,Delhi,Contract,544007,6,Diploma,Married,Active,
EMP01949,Avni Kakar,Avni,Kakar,Male,1979-02-16,47,2022-11-04,3,Sales,Sales Manager,G1,MGR053,Pune,Contract,361534,3,Master's,Married,Active,
EMP01950,Mason Grover,Mason,Grover,Male,1978-04-18,48,2020-01-13,6,Operations,Operations Executive,G4,MGR052,Pune,Full-Time,1472801,8,Master's,Single,Active,
EMP01951,Nakul Pathak,Nakul,Pathak,Female,1966-03-22,60,2015-10-18,10,Finance,Accountant,G1,MGR057,Mumbai,Full-Time,317786,13,PhD,Single,Active,
EMP01952,Jagat Karpe,Jagat,Karpe,Male,1980-07-23,46,2020-11-26,5,Sales,Business Development Executive,G1,MGR017,Mumbai,Contract,397889,9,Diploma,Single,Active,
EMP01953,Oeshi Narayanan,Oeshi,Narayanan,Female,1978-10-19,47,2019-12-17,6,Marketing,Digital Marketing Specialist,G1,MGR049,Bangalore,Contract,486031,9,Diploma,Married,Active,
EMP01954,Ishaan Subramaniam,Ishaan,Subramaniam,Female,1991-03-06,35,2015-08-11,10,Finance,Finance Manager,G4,MGR074,Delhi,Full-Time,1064544,13,PhD,Married,Resigned,2023-10-03
EMP01955,Varenya Kade,Varenya,Kade,Female,2003-01-09,23,2023-01-21,3,Sales,Business Development Executive,G2,MGR043,Hyderabad,Full-Time,612639,2,Bachelor's,Single,Resigned,2025-07-26
EMP01956,Neel Roy,Neel,Roy,Female,1976-11-01,49,2022-01-13,4,Operations,Supply Chain Analyst,G4,MGR071,Pune,Contract,1207611,4,Diploma,Single,Resigned,2022-03-23
EMP01957,Yagnesh Bassi,Yagnesh,Bassi,Female,2003-01-08,23,2020-04-25,6,Operations,Operations Executive,G5,MGR032,Pune,Full-Time,1778249,2,Bachelor's,Single,Active,
EMP01958,Joshua Dyal,Joshua,Dyal,Female,1984-05-26,42,2020-06-25,6,HR,HR Executive,G2,MGR089,Delhi,Contract,537658,6,Bachelor's,Single,Active,
EMP01959,Krish Vala,Krish,Vala,Female,1977-12-20,48,2017-11-27,8,IT,Data Analyst,G5,MGR018,Bangalore,Full-Time,2466325,11,PhD,Married,Active,
EMP01960,Balveer Din,Balveer,Din,Male,1976-08-02,50,2016-11-08,9,Sales,Sales Manager,G2,MGR091,Mumbai,Full-Time,663040,13,Master's,Single,Active,
EMP01961,Daksh Ganesan,Daksh,Ganesan,Male,1995-10-10,30,2017-01-16,9,IT,QA Engineer,G1,MGR089,Pune,Full-Time,365893,9,Bachelor's,Single,Active,
EMP01962,Aarna Gole,Aarna,Gole,Male,1988-02-28,38,2018-02-16,8,Finance,Accountant,G2,MGR064,Delhi,Full-Time,577836,13,Bachelor's,Single,Active,
EMP01963,Zansi Ravi,Zansi,Ravi,Female,1979-11-13,46,2024-03-12,2,Finance,Accountant,G3,MGR089,Bangalore,Full-Time,840891,6,Diploma,Married,Active,
EMP01964,Anirudh Mander,Anirudh,Mander,Male,1974-01-19,52,2021-03-07,5,HR,HR Executive,G1,MGR092,Hyderabad,Contract,300990,8,Bachelor's,Single,Active,
EMP01965,Frederick Kalita,Frederick,Kalita,Female,1993-01-20,33,2023-02-16,3,HR,HR Executive,G4,MGR060,Hyderabad,Full-Time,1235615,3,Diploma,Married,Resigned,2025-01-13
EMP01966,Urishilla Subramaniam,Urishilla,Subramaniam,Male,1982-11-15,43,2019-07-04,7,Finance,Finance Manager,G4,MGR057,Pune,Full-Time,1014825,9,Master's,Single,Active,
EMP01967,Onkar Kanda,Onkar,Kanda,Male,1980-01-12,46,2021-11-21,4,Finance,Accountant,G5,MGR039,Mumbai,Contract,2027877,9,Diploma,Married,Active,
EMP01968,Nirja Dhar,Nirja,Dhar,Female,1997-08-27,28,2015-08-08,10,HR,HR Manager,G3,MGR087,Delhi,Contract,709700,7,Master's,Single,Active,
EMP01969,Qabil Vaidya,Qabil,Vaidya,Female,1971-03-07,55,2019-03-01,7,Marketing,Marketing Executive,G4,MGR021,Pune,Full-Time,1435372,10,PhD,Single,Active,
EMP01970,Aishani Ganesh,Aishani,Ganesh,Female,1993-06-15,33,2024-07-01,2,Sales,Sales Manager,G4,MGR010,Bangalore,Contract,1382168,3,Master's,Married,Active,
EMP01971,Hema Setty,Hema,Setty,Male,1969-09-08,56,2020-11-11,5,HR,Talent Acquisition Specialist,G5,MGR063,Delhi,Contract,2212393,5,Diploma,Married,Active,
EMP01972,Ekapad Karpe,Ekapad,Karpe,Female,1966-07-18,60,2021-08-10,4,Operations,Supply Chain Analyst,G3,MGR002,Bangalore,Full-Time,864407,7,PhD,Married,Active,
EMP01973,Kritika Rajan,Kritika,Rajan,Male,1970-11-30,55,2023-05-11,3,HR,Talent Acquisition Specialist,G3,MGR013,Mumbai,Full-Time,899756,5,Diploma,Single,Active,
EMP01974,Kevin Chopra,Kevin,Chopra,Female,1990-03-25,36,2025-06-17,1,Finance,Accountant,G3,MGR001,Delhi,Full-Time,708537,5,PhD,Married,Active,
EMP01975,Amol Jain,Amol,Jain,Male,1971-03-03,55,2025-03-14,1,HR,Talent Acquisition Specialist,G5,MGR039,Hyderabad,Contract,2237357,6,Bachelor's,Married,Active,
EMP01976,Yamini Saini,Yamini,Saini,Female,1998-06-28,28,2020-08-26,5,Operations,Operations Manager,G1,MGR100,Chennai,Full-Time,434582,5,Bachelor's,Married,Active,
EMP01977,Mason Char,Mason,Char,Female,1967-08-06,59,2018-09-12,7,Operations,Supply Chain Analyst,G3,MGR050,Chennai,Full-Time,735333,8,Diploma,Single,Active,
EMP01978,Peter Soni,Peter,Soni,Female,1990-10-26,35,2022-03-16,4,Finance,Financial Analyst,G3,MGR096,Chennai,Contract,945124,7,Diploma,Married,Active,
EMP01979,Balvan Wali,Balvan,Wali,Female,1992-12-20,33,2018-01-08,8,Marketing,Digital Marketing Specialist,G2,MGR070,Mumbai,Full-Time,677804,12,PhD,Single,Active,
EMP01980,Yahvi Dalal,Yahvi,Dalal,Male,1967-04-11,59,2024-05-31,2,Marketing,Marketing Executive,G5,MGR019,Hyderabad,Full-Time,2422806,5,PhD,Single,Active,
EMP01981,Girik Subramaniam,Girik,Subramaniam,Female,1979-06-23,47,2018-12-30,7,Finance,Finance Manager,G4,MGR065,Hyderabad,Contract,1358814,12,PhD,Married,Active,
EMP01982,Kalpit Zacharia,Kalpit,Zacharia,Female,1987-02-21,39,2018-12-13,7,IT,Data Analyst,G3,MGR056,Bangalore,Full-Time,946551,12,Diploma,Married,Active,
EMP01983,Aarav Sankar,Aarav,Sankar,Female,1988-05-16,38,2023-10-29,2,Sales,Business Development Executive,G2,MGR088,Pune,Contract,576328,7,PhD,Married,Active,
EMP01984,Osha Prabhakar,Osha,Prabhakar,Female,1969-10-12,56,2016-09-22,9,HR,HR Manager,G3,MGR009,Chennai,Contract,836321,10,Diploma,Single,Active,
EMP01985,Caleb Wagle,Caleb,Wagle,Male,1974-01-16,52,2020-12-07,5,Sales,Business Development Executive,G4,MGR066,Mumbai,Contract,1008906,8,Diploma,Single,Active,
EMP01986,Pushti Karnik,Pushti,Karnik,Male,1983-04-25,43,2017-03-05,9,IT,QA Engineer,G3,MGR020,Mumbai,Contract,840394,10,Bachelor's,Single,Active,
EMP01987,Vasatika Raj,Vasatika,Raj,Female,1997-10-21,28,2015-07-18,11,Marketing,SEO Analyst,G5,MGR004,Chennai,Contract,1734187,7,Bachelor's,Married,Active,
EMP01988,Inaya Chaudhari,Inaya,Chaudhari,Male,1991-03-12,35,2023-08-21,2,Sales,Business Development Executive,G1,MGR061,Chennai,Contract,459226,2,PhD,Single,Active,
EMP01989,Pavani Desai,Pavani,Desai,Female,1971-11-10,54,2021-03-24,5,Finance,Accountant,G2,MGR050,Chennai,Contract,595047,9,Diploma,Married,Active,
EMP01990,Aachal Sood,Aachal,Sood,Male,1985-10-25,40,2017-04-18,9,Finance,Financial Analyst,G4,MGR066,Pune,Contract,1156843,13,Bachelor's,Married,Active,
EMP01991,Viraj Chacko,Viraj,Chacko,Female,1991-03-22,35,2024-04-16,2,Operations,Supply Chain Analyst,G1,MGR085,Hyderabad,Full-Time,336793,5,Master's,Married,Active,
EMP01992,Bhanumati Rege,Bhanumati,Rege,Male,2000-12-13,25,2017-08-13,8,IT,Data Engineer,G5,MGR098,Mumbai,Contract,2129632,4,Master's,Single,Active,
EMP01993,Aarini Gulati,Aarini,Gulati,Female,1971-11-22,54,2015-06-17,11,HR,HR Executive,G5,MGR057,Delhi,Contract,2280247,15,Master's,Married,Active,
EMP01994,Abdul Amble,Abdul,Amble,Female,1970-02-06,56,2022-05-12,4,Finance,Accountant,G5,MGR055,Delhi,Contract,2443041,6,Bachelor's,Single,Active,
EMP01995,Jacob Venkatesh,Jacob,Venkatesh,Male,2002-08-22,23,2021-10-19,4,Finance,Finance Manager,G5,MGR051,Delhi,Contract,2416237,2,PhD,Single,Active,
EMP01996,Abhimanyu Prashad,Abhimanyu,Prashad,Male,1972-07-20,54,2025-11-21,0,Sales,Sales Executive,G3,MGR049,Delhi,Contract,987643,2,PhD,Married,Active,
EMP01997,Samesh Mutti,Samesh,Mutti,Female,1988-02-29,38,2017-05-09,9,IT,DevOps Engineer,G2,MGR001,Hyderabad,Contract,683446,10,Bachelor's,Single,Active,
EMP01998,Nilima Pathak,Nilima,Pathak,Male,1986-01-10,40,2021-01-24,5,Marketing,Marketing Executive,G3,MGR049,Bangalore,Contract,776903,5,Master's,Married,Active,
EMP01999,Hredhaan Dubey,Hredhaan,Dubey,Male,1983-11-10,42,2025-05-28,1,HR,HR Executive,G2,MGR093,Mumbai,Full-Time,620630,4,PhD,Single,Active,
EMP02000,Pooja Kulkarni,Pooja,Kulkarni,Male,1971-10-19,54,2024-11-29,1,HR,HR Executive,G4,MGR074,Pune,Full-Time,1356153,3,Master's,Married,Resigned,2025-06-19
EMP02001,Pallavi Pau,Pallavi,Pau,Female,1967-07-01,59,2022-07-11,4,Marketing,Digital Marketing Specialist,G4,MGR075,Bangalore,Contract,1234161,6,PhD,Married,Active,
EMP02002,Anya Ranganathan,Anya,Ranganathan,Female,1974-02-01,52,2021-08-27,4,Marketing,Marketing Executive,G5,MGR080,Delhi,Full-Time,2067056,9,Bachelor's,Married,Active,
EMP02003,Samar Sachdev,Samar,Sachdev,Female,1991-02-28,35,2015-09-23,10,Finance,Financial Analyst,G5,MGR072,Chennai,Contract,1560899,13,PhD,Single,Active,
EMP02004,Vasudha Gola,Vasudha,Gola,Male,1987-09-05,38,2017-12-15,8,Marketing,SEO Analyst,G4,MGR027,Chennai,Full-Time,1215495,10,Diploma,Married,Active,
EMP02005,Kamala Sule,Kamala,Sule,Male,1975-09-02,50,2021-08-28,4,Sales,Business Development Executive,G1,MGR015,Delhi,Full-Time,347292,8,Master's,Single,Active,
EMP02006,Zehaan Mohanty,Zehaan,Mohanty,Male,1971-12-10,54,2025-05-30,1,Marketing,SEO Analyst,G5,MGR083,Hyderabad,Full-Time,2048399,5,Bachelor's,Single,Active,
EMP02007,Hemangini Rao,Hemangini,Rao,Female,1965-04-26,61,2025-04-07,1,Sales,Sales Manager,G5,MGR016,Pune,Contract,1538428,6,Bachelor's,Single,Active,
EMP02008,Lakshit Dani,Lakshit,Dani,Male,1991-06-12,35,2021-03-22,5,HR,HR Manager,G5,MGR030,Mumbai,Contract,2136166,9,PhD,Married,Active,
EMP02009,Victor Sekhon,Victor,Sekhon,Female,1967-01-28,59,2017-09-20,8,Operations,Operations Manager,G1,MGR063,Bangalore,Contract,410290,12,PhD,Single,Resigned,2020-06-21
EMP02010,Harish Kala,Harish,Kala,Male,1980-03-06,46,2018-12-22,7,Operations,Operations Manager,G1,MGR057,Mumbai,Full-Time,427621,9,Bachelor's,Single,Active,
EMP02011,Yashoda Rattan,Yashoda,Rattan,Female,1993-05-10,33,2015-06-24,11,Operations,Operations Manager,G4,MGR005,Bangalore,Full-Time,1354481,12,Diploma,Married,Active,
EMP02012,Hamsini Ben,Hamsini,Ben,Male,1988-03-04,38,2018-01-26,8,Operations,Operations Manager,G3,MGR040,Bangalore,Full-Time,723442,12,Diploma,Married,Active,
EMP02013,Naveen Ramachandran,Naveen,Ramachandran,Female,1967-04-23,59,2022-04-22,4,Operations,Operations Executive,G2,MGR083,Bangalore,Full-Time,559459,7,PhD,Married,Active,
EMP02014,Abdul Chand,Abdul,Chand,Female,2001-09-29,24,2025-06-24,1,Marketing,SEO Analyst,G1,MGR005,Chennai,Contract,494944,3,PhD,Single,Resigned,2025-10-14
EMP02015,Urishilla Saran,Urishilla,Saran,Male,1975-06-01,51,2022-03-01,4,Finance,Finance Manager,G3,MGR055,Chennai,Contract,887254,6,PhD,Married,Active,
EMP02016,Gaurang Bhatt,Gaurang,Bhatt,Female,1966-02-10,60,2025-04-05,1,HR,HR Manager,G4,MGR003,Pune,Contract,1156323,3,Bachelor's,Married,Active,
EMP02017,Adya Kapadia,Adya,Kapadia,Female,1987-09-13,38,2022-06-04,4,HR,HR Executive,G3,MGR047,Hyderabad,Full-Time,961210,5,Bachelor's,Married,Active,
EMP02018,Kamala Buch,Kamala,Buch,Female,1990-02-06,36,2023-09-06,2,Operations,Operations Executive,G1,MGR073,Pune,Contract,335836,7,Master's,Married,Active,
EMP02019,Baljiwan Rajagopalan,Baljiwan,Rajagopalan,Male,1975-03-03,51,2016-12-18,9,Finance,Accountant,G4,MGR095,Bangalore,Full-Time,1448023,13,Master's,Married,Active,
EMP02020,Nandini Verma,Nandini,Verma,Female,2000-10-03,25,2019-05-13,7,IT,DevOps Engineer,G2,MGR038,Hyderabad,Contract,578614,4,PhD,Single,Active,
EMP02021,Bhavini Bhandari,Bhavini,Bhandari,Female,1998-05-01,28,2022-02-02,4,Marketing,Digital Marketing Specialist,G5,MGR084,Pune,Contract,1797203,7,Diploma,Married,Active,
EMP02022,Parth Talwar,Parth,Talwar,Male,1980-02-08,46,2015-02-23,11,HR,HR Executive,G1,MGR086,Pune,Contract,434642,14,Diploma,Married,Resigned,2022-08-12
EMP02023,Advaith Jaggi,Advaith,Jaggi,Male,1975-03-24,51,2023-11-01,2,Finance,Financial Analyst,G4,MGR090,Pune,Contract,1202691,6,Bachelor's,Married,Active,
EMP02024,Zarna Mangal,Zarna,Mangal,Female,1966-02-28,60,2023-04-03,3,HR,Talent Acquisition Specialist,G2,MGR052,Bangalore,Full-Time,640512,5,Diploma,Single,Active,
EMP02025,Robert Bandi,Robert,Bandi,Female,1998-08-09,28,2015-05-02,11,Marketing,SEO Analyst,G5,MGR091,Mumbai,Full-Time,1903146,7,Bachelor's,Married,Active,
EMP02026,Yashvi Varty,Yashvi,Varty,Female,1970-07-11,56,2021-09-22,4,Operations,Operations Manager,G4,MGR056,Pune,Full-Time,1216983,6,Master's,Married,Resigned,2023-09-11
EMP02027,Omkaar Banik,Omkaar,Banik,Female,1972-10-20,53,2024-02-06,2,IT,Data Analyst,G2,MGR088,Delhi,Full-Time,535032,4,Diploma,Single,Resigned,2025-08-17
EMP02028,William Acharya,William,Acharya,Male,1997-07-13,29,2019-11-28,6,Sales,Business Development Executive,G2,MGR063,Bangalore,Full-Time,610356,8,PhD,Married,Active,
EMP02029,Nakul Chadha,Nakul,Chadha,Female,1971-09-20,54,2022-02-16,4,Finance,Financial Analyst,G4,MGR036,Bangalore,Full-Time,1063070,8,Bachelor's,Single,Active,
EMP02030,Anya Ratta,Anya,Ratta,Female,1967-10-24,58,2020-02-19,6,Finance,Financial Analyst,G3,MGR040,Mumbai,Contract,927688,8,Diploma,Married,Active,
EMP02031,Ira Rana,Ira,Rana,Male,1982-01-11,44,2017-06-12,9,IT,QA Engineer,G5,MGR097,Bangalore,Contract,2320295,11,Master's,Married,Active,
EMP02032,Nidra Iyer,Nidra,Iyer,Male,1993-09-06,32,2017-01-18,9,Sales,Business Development Executive,G4,MGR034,Pune,Contract,1196937,11,Diploma,Single,Active,
EMP02033,Zarna Aurora,Zarna,Aurora,Female,1965-02-10,61,2025-11-28,0,HR,Talent Acquisition Specialist,G3,MGR009,Delhi,Full-Time,879974,5,Master's,Married,Resigned,2025-12-24
EMP02034,Gautam Mane,Gautam,Mane,Female,1986-08-01,40,2016-07-30,10,HR,Talent Acquisition Specialist,G5,MGR074,Pune,Contract,1739802,13,Bachelor's,Single,Active,
EMP02035,Ijaya Palan,Ijaya,Palan,Female,1977-05-19,49,2019-03-29,7,Operations,Supply Chain Analyst,G1,MGR088,Hyderabad,Contract,397987,8,Bachelor's,Single,Active,
EMP02036,Aradhana Kara,Aradhana,Kara,Male,1976-09-11,49,2022-10-24,3,Marketing,Digital Marketing Specialist,G5,MGR060,Chennai,Contract,2042175,7,Diploma,Single,Resigned,2025-05-22
EMP02037,Robert Sha,Robert,Sha,Male,1977-12-27,48,2015-02-27,11,Marketing,Digital Marketing Specialist,G3,MGR057,Hyderabad,Contract,827852,11,Diploma,Single,Active,
EMP02038,Netra Agrawal,Netra,Agrawal,Female,1987-07-10,39,2015-07-31,11,IT,Software Engineer,G5,MGR032,Pune,Contract,2003760,13,Diploma,Married,Active,
EMP02039,Advika Gill,Advika,Gill,Male,1976-03-22,50,2017-07-26,9,Sales,Sales Manager,G5,MGR022,Delhi,Full-Time,1932592,14,PhD,Single,Active,
EMP02040,Niharika Toor,Niharika,Toor,Male,1967-01-13,59,2021-11-24,4,Operations,Operations Manager,G5,MGR055,Bangalore,Full-Time,1835631,7,PhD,Single,Active,
EMP02041,Hredhaan Bora,Hredhaan,Bora,Male,1971-05-29,55,2024-09-07,1,Sales,Business Development Executive,G2,MGR093,Pune,Contract,564065,6,Bachelor's,Single,Active,
EMP02042,Yahvi Menon,Yahvi,Menon,Male,1967-05-15,59,2017-01-26,9,HR,HR Executive,G2,MGR056,Bangalore,Contract,631649,12,Master's,Single,Active,
EMP02043,Harini Dada,Harini,Dada,Male,1969-04-20,57,2018-03-30,8,HR,HR Executive,G4,MGR062,Pune,Full-Time,1214359,12,Diploma,Married,Active,
EMP02044,Yochana Kurian,Yochana,Kurian,Male,1965-11-09,60,2016-01-26,10,Sales,Sales Manager,G2,MGR095,Chennai,Full-Time,553950,14,Bachelor's,Single,Active,
EMP02045,Zashil Savant,Zashil,Savant,Male,1979-05-02,47,2017-08-08,8,Marketing,Marketing Executive,G2,MGR023,Pune,Contract,674283,11,Bachelor's,Single,Active,
EMP02046,Krishna Sule,Krishna,Sule,Male,2003-02-22,23,2015-11-06,10,IT,Data Analyst,G3,MGR040,Mumbai,Full-Time,980066,2,Diploma,Single,Active,
EMP02047,Yagnesh Nori,Yagnesh,Nori,Male,1981-04-24,45,2017-01-13,9,Marketing,Digital Marketing Specialist,G1,MGR021,Mumbai,Contract,356276,10,PhD,Married,Active,
EMP02048,Tara Sharma,Tara,Sharma,Male,1978-08-26,47,2017-01-30,9,Marketing,Digital Marketing Specialist,G3,MGR079,Hyderabad,Contract,856211,13,Bachelor's,Married,Active,
EMP02049,Ayaan Subramaniam,Ayaan,Subramaniam,Female,1984-04-06,42,2017-03-02,9,Finance,Accountant,G1,MGR075,Bangalore,Full-Time,491281,9,PhD,Married,Active,
EMP02050,Jackson Kuruvilla,Jackson,Kuruvilla,Male,1977-05-31,49,2022-06-04,4,Marketing,SEO Analyst,G3,MGR080,Hyderabad,Full-Time,792980,6,PhD,Single,Active,
EMP02051,Ekansh Raja,Ekansh,Raja,Male,1982-03-18,44,2025-10-06,0,Sales,Sales Manager,G3,MGR009,Bangalore,Contract,995027,3,Bachelor's,Married,Active,
EMP02052,Thomas Karpe,Thomas,Karpe,Male,1992-10-17,33,2025-04-10,1,Sales,Sales Manager,G3,MGR035,Hyderabad,Contract,755168,1,Bachelor's,Married,Active,
EMP02053,Diya Sachar,Diya,Sachar,Female,1972-02-23,54,2018-03-27,8,Sales,Sales Manager,G4,MGR093,Bangalore,Full-Time,1227699,9,Bachelor's,Married,Active,
EMP02054,Ira Varty,Ira,Varty,Female,1998-07-21,28,2017-10-20,8,HR,HR Manager,G2,MGR097,Hyderabad,Contract,685355,7,Bachelor's,Married,Active,
EMP02055,Aditya Lall,Aditya,Lall,Female,1968-09-02,57,2016-10-03,9,Operations,Operations Manager,G4,MGR026,Delhi,Full-Time,1498546,9,Master's,Single,Resigned,2020-12-23
EMP02056,Bhavna Chander,Bhavna,Chander,Female,1983-06-06,43,2021-02-24,5,Finance,Finance Manager,G4,MGR086,Chennai,Full-Time,1129158,6,Diploma,Married,Active,
EMP02057,Mohini Oommen,Mohini,Oommen,Male,1978-04-13,48,2021-05-05,5,Sales,Business Development Executive,G2,MGR078,Chennai,Full-Time,661457,10,Diploma,Married,Resigned,2021-12-27
EMP02058,Pranav Soni,Pranav,Soni,Male,1969-07-22,57,2019-06-01,7,Marketing,SEO Analyst,G2,MGR060,Pune,Full-Time,682095,8,Diploma,Married,Active,
EMP02059,Dipta Pandya,Dipta,Pandya,Female,1970-11-14,55,2019-04-04,7,IT,DevOps Engineer,G2,MGR013,Bangalore,Contract,501066,8,Diploma,Single,Active,
EMP02060,Tejas Luthra,Tejas,Luthra,Female,1990-09-28,35,2017-05-01,9,IT,Data Analyst,G1,MGR051,Mumbai,Contract,374835,12,PhD,Single,Active,
EMP02061,Qadim Gupta,Qadim,Gupta,Female,2002-08-10,24,2016-08-13,9,Operations,Supply Chain Analyst,G2,MGR090,Bangalore,Contract,601869,3,Bachelor's,Single,Active,
EMP02062,Wishi Iyengar,Wishi,Iyengar,Female,1971-03-23,55,2023-05-23,3,Marketing,SEO Analyst,G3,MGR028,Hyderabad,Contract,705949,4,Diploma,Single,Active,
EMP02063,Wahab Khurana,Wahab,Khurana,Female,1996-07-07,30,2025-03-20,1,Sales,Business Development Executive,G3,MGR059,Pune,Contract,997353,5,Diploma,Married,Active,
EMP02064,Alka Jhaveri,Alka,Jhaveri,Male,1974-10-20,51,2018-09-08,7,HR,Talent Acquisition Specialist,G1,MGR014,Hyderabad,Full-Time,308614,7,Master's,Single,Active,
EMP02065,Veer Jain,Veer,Jain,Male,1990-06-19,36,2021-09-30,4,Finance,Finance Manager,G5,MGR098,Pune,Full-Time,1535533,7,Bachelor's,Married,Resigned,2023-11-14
EMP02066,Ishani Dugal,Ishani,Dugal,Male,1986-05-13,40,2025-04-16,1,Operations,Operations Manager,G4,MGR027,Delhi,Contract,1344347,6,Diploma,Married,Active,
EMP02067,Hredhaan Dar,Hredhaan,Dar,Female,1968-12-22,57,2023-03-03,3,IT,Software Engineer,G4,MGR077,Mumbai,Full-Time,1258801,8,Master's,Single,Active,
EMP02068,Farhan Tailor,Farhan,Tailor,Male,1977-09-10,48,2021-06-26,5,Operations,Supply Chain Analyst,G5,MGR085,Pune,Full-Time,2195118,9,Master's,Single,Resigned,2021-07-16
EMP02069,Brijesh Subramaniam,Brijesh,Subramaniam,Male,1971-10-03,54,2020-12-09,5,Marketing,Digital Marketing Specialist,G4,MGR016,Hyderabad,Full-Time,1485401,7,Diploma,Single,Active,
EMP02070,Kamya Murty,Kamya,Murty,Male,2002-12-07,23,2023-08-19,2,HR,HR Manager,G5,MGR096,Bangalore,Contract,2438809,2,Master's,Single,Resigned,2025-09-21
EMP02071,Anvi Swaminathan,Anvi,Swaminathan,Male,1979-04-28,47,2017-03-19,9,IT,DevOps Engineer,G1,MGR062,Chennai,Full-Time,482284,12,Diploma,Single,Resigned,2020-04-28
EMP02072,Yasti Mammen,Yasti,Mammen,Female,1967-08-21,58,2015-11-24,10,Finance,Financial Analyst,G1,MGR012,Hyderabad,Full-Time,483996,11,Bachelor's,Single,Active,
EMP02073,Mitali Kapadia,Mitali,Kapadia,Female,2003-01-09,23,2024-02-29,2,IT,Data Analyst,G3,MGR086,Pune,Full-Time,943233,2,Diploma,Married,Active,
EMP02074,Kabir Bhagat,Kabir,Bhagat,Male,2002-09-12,23,2020-12-25,5,Sales,Business Development Executive,G3,MGR018,Hyderabad,Full-Time,866258,2,Bachelor's,Married,Active,
EMP02075,Pallavi Sridhar,Pallavi,Sridhar,Female,1987-01-08,39,2019-04-08,7,Finance,Financial Analyst,G2,MGR010,Mumbai,Full-Time,658648,10,PhD,Married,Active,
EMP02076,Bachittar Thakkar,Bachittar,Thakkar,Male,1994-07-02,32,2019-04-02,7,IT,QA Engineer,G3,MGR032,Delhi,Full-Time,788772,11,Master's,Married,Resigned,2022-03-15
EMP02077,Meera Ghosh,Meera,Ghosh,Male,1996-11-06,29,2017-08-30,8,IT,Data Engineer,G2,MGR007,Hyderabad,Contract,586899,8,PhD,Single,Active,
EMP02078,Tanvi Dara,Tanvi,Dara,Female,2001-07-10,25,2018-11-11,7,Finance,Accountant,G3,MGR097,Delhi,Contract,792012,4,Diploma,Single,Active,
EMP02079,Zarna Sharma,Zarna,Sharma,Female,1977-09-11,48,2020-06-15,6,Operations,Operations Executive,G4,MGR070,Chennai,Contract,1306052,11,Master's,Married,Active,
EMP02080,Diya Anand,Diya,Anand,Female,1987-09-24,38,2021-05-24,5,Marketing,Marketing Executive,G1,MGR048,Pune,Contract,308028,8,PhD,Married,Resigned,2021-06-29
EMP02081,Shivansh Raghavan,Shivansh,Raghavan,Female,1974-05-05,52,2019-02-06,7,Finance,Finance Manager,G3,MGR024,Hyderabad,Full-Time,776359,9,Bachelor's,Married,Active,
EMP02082,Harrison Nanda,Harrison,Nanda,Female,1983-03-05,43,2019-02-12,7,IT,Data Engineer,G4,MGR002,Hyderabad,Full-Time,1458209,11,Diploma,Married,Resigned,2022-03-11
EMP02083,Aashi Grover,Aashi,Grover,Female,1969-12-28,56,2024-05-28,2,HR,HR Executive,G4,MGR083,Hyderabad,Full-Time,1266990,5,Diploma,Married,Active,
EMP02084,Adya Khalsa,Adya,Khalsa,Male,1965-03-26,61,2015-01-15,11,Operations,Operations Manager,G4,MGR077,Pune,Contract,1283899,13,PhD,Single,Active,
EMP02085,Amruta Sinha,Amruta,Sinha,Male,1986-02-28,40,2019-07-28,7,HR,HR Executive,G5,MGR015,Pune,Contract,2255095,10,Bachelor's,Single,Active,
EMP02086,Hemal Pau,Hemal,Pau,Male,1973-02-13,53,2016-12-17,9,Marketing,Marketing Executive,G3,MGR069,Bangalore,Contract,706905,9,Bachelor's,Single,Active,
EMP02087,Qarin Tara,Qarin,Tara,Female,1966-06-08,60,2015-01-06,11,Finance,Accountant,G1,MGR097,Chennai,Contract,490392,15,Diploma,Single,Active,
EMP02088,Panini Kade,Panini,Kade,Male,1996-08-09,30,2016-04-17,10,HR,HR Manager,G1,MGR025,Bangalore,Contract,382422,9,Bachelor's,Single,Resigned,2023-06-04
EMP02089,Kashish Patla,Kashish,Patla,Male,2000-07-04,26,2025-06-04,1,Sales,Sales Manager,G1,MGR090,Delhi,Contract,467655,5,Diploma,Married,Active,
EMP02090,Nandini Mammen,Nandini,Mammen,Male,1970-09-23,55,2025-05-23,1,Marketing,Marketing Executive,G1,MGR039,Pune,Contract,306220,4,Bachelor's,Married,Active,
EMP02091,Shravya Gole,Shravya,Gole,Female,1999-01-19,27,2016-06-01,10,Marketing,Marketing Executive,G3,MGR061,Chennai,Contract,850948,6,Master's,Single,Active,
EMP02092,Karan Karnik,Karan,Karnik,Male,1968-10-24,57,2022-03-12,4,Marketing,SEO Analyst,G5,MGR079,Mumbai,Full-Time,2471336,5,Bachelor's,Married,Active,
EMP02093,Harish Madan,Harish,Madan,Male,1995-03-22,31,2017-07-20,9,Sales,Business Development Executive,G5,MGR015,Delhi,Full-Time,2310663,10,Bachelor's,Married,Active,
EMP02094,Warinder Sankaran,Warinder,Sankaran,Male,2001-11-15,24,2023-01-30,3,Sales,Business Development Executive,G5,MGR041,Bangalore,Contract,1514408,3,PhD,Married,Active,
EMP02095,Lakshmi Hayre,Lakshmi,Hayre,Female,1996-04-21,30,2023-08-13,2,IT,QA Engineer,G3,MGR074,Delhi,Full-Time,797817,6,PhD,Single,Active,
EMP02096,Madhav Doctor,Madhav,Doctor,Female,1971-11-16,54,2020-10-30,5,Marketing,SEO Analyst,G4,MGR049,Pune,Full-Time,1007745,8,Master's,Married,Active,
EMP02097,Urvashi Andra,Urvashi,Andra,Male,1985-04-17,41,2023-06-25,3,Finance,Financial Analyst,G4,MGR006,Pune,Contract,1468545,3,Bachelor's,Married,Active,
EMP02098,Patrick Sama,Patrick,Sama,Male,1983-10-06,42,2022-06-12,4,Marketing,Marketing Executive,G3,MGR008,Mumbai,Contract,989321,9,Diploma,Married,Active,
EMP02099,Xalak Desai,Xalak,Desai,Female,1992-08-18,33,2021-11-19,4,HR,Talent Acquisition Specialist,G5,MGR051,Bangalore,Contract,2390114,8,PhD,Married,Resigned,2026-04-13
EMP02100,Diya Sur,Diya,Sur,Male,1979-06-30,47,2024-01-01,2,IT,QA Engineer,G3,MGR031,Delhi,Full-Time,796566,7,Bachelor's,Single,Active,
EMP02101,Charita Krishna,Charita,Krishna,Male,1999-05-26,27,2015-05-11,11,Finance,Accountant,G4,MGR017,Bangalore,Full-Time,1371949,6,Master's,Single,Resigned,2024-12-02
EMP02102,Champak Rao,Champak,Rao,Female,1991-12-07,34,2016-03-18,10,Finance,Finance Manager,G3,MGR059,Bangalore,Full-Time,865321,13,Bachelor's,Married,Active,
EMP02103,Hardik Gade,Hardik,Gade,Female,1965-09-02,60,2016-10-26,9,Finance,Accountant,G3,MGR008,Mumbai,Full-Time,937071,14,Bachelor's,Married,Active,
EMP02104,Darpan Kale,Darpan,Kale,Female,1981-02-05,45,2017-01-12,9,HR,HR Executive,G3,MGR018,Chennai,Contract,981972,11,Diploma,Married,Active,
EMP02105,Aachal Soni,Aachal,Soni,Male,1992-02-22,34,2019-11-18,6,Sales,Sales Executive,G5,MGR012,Hyderabad,Full-Time,2129244,6,PhD,Married,Resigned,2025-03-27
EMP02106,Gopal Sengupta,Gopal,Sengupta,Male,2002-03-13,24,2016-06-20,10,IT,Data Engineer,G1,MGR060,Chennai,Full-Time,406763,3,Master's,Single,Active,
EMP02107,Gaurika Lad,Gaurika,Lad,Female,1982-02-27,44,2021-10-10,4,HR,HR Manager,G1,MGR029,Mumbai,Contract,403865,7,Bachelor's,Single,Active,
EMP02108,Jalsa Parsa,Jalsa,Parsa,Male,1987-06-08,39,2015-07-04,11,Finance,Finance Manager,G3,MGR024,Mumbai,Full-Time,703979,13,Diploma,Single,Active,
EMP02109,Aarini Padmanabhan,Aarini,Padmanabhan,Male,1993-11-04,32,2017-09-24,8,HR,HR Manager,G5,MGR063,Chennai,Contract,1736656,11,Diploma,Single,Active,
EMP02110,Anmol Sabharwal,Anmol,Sabharwal,Male,1973-03-31,53,2022-12-12,3,Marketing,SEO Analyst,G3,MGR013,Hyderabad,Full-Time,925594,4,Master's,Married,Active,
EMP02111,Jairaj Panchal,Jairaj,Panchal,Female,1996-05-27,30,2020-07-09,6,IT,QA Engineer,G3,MGR077,Bangalore,Full-Time,885544,8,Bachelor's,Single,Active,
EMP02112,Rushil Yohannan,Rushil,Yohannan,Female,1997-08-11,29,2024-01-06,2,HR,HR Executive,G2,MGR050,Delhi,Contract,521717,4,Diploma,Married,Active,
EMP02113,Owen Mane,Owen,Mane,Female,1984-10-14,41,2023-03-26,3,Finance,Accountant,G4,MGR095,Pune,Contract,1006736,3,Bachelor's,Single,Resigned,2024-09-27
EMP02114,Ekta Uppal,Ekta,Uppal,Female,1987-05-20,39,2019-10-19,6,Sales,Business Development Executive,G4,MGR008,Bangalore,Full-Time,1178248,9,PhD,Single,Active,
EMP02115,Vinaya Sekhon,Vinaya,Sekhon,Male,1989-11-04,36,2015-12-21,10,Operations,Supply Chain Analyst,G3,MGR071,Pune,Contract,949975,10,Diploma,Single,Active,
EMP02116,Farhan Raj,Farhan,Raj,Male,1995-04-16,31,2016-04-11,10,Sales,Sales Manager,G5,MGR057,Pune,Contract,2212772,10,PhD,Married,Active,
EMP02117,Bhavini Sheth,Bhavini,Sheth,Male,1971-01-29,55,2016-09-11,9,HR,Talent Acquisition Specialist,G4,MGR070,Bangalore,Full-Time,1064542,9,Bachelor's,Married,Active,
EMP02118,Maanav Ganesh,Maanav,Ganesh,Female,1994-01-11,32,2020-09-30,5,Finance,Financial Analyst,G2,MGR011,Pune,Contract,630542,5,Master's,Single,Active,
EMP02119,Geetika Sama,Geetika,Sama,Male,1998-06-26,28,2017-09-29,8,Sales,Sales Manager,G2,MGR097,Chennai,Full-Time,649369,7,Diploma,Single,Active,
EMP02120,Nidhi Bora,Nidhi,Bora,Female,1980-06-16,46,2021-09-21,4,Operations,Supply Chain Analyst,G5,MGR049,Hyderabad,Full-Time,2392817,4,PhD,Married,Active,
EMP02121,Fariq Edwin,Fariq,Edwin,Male,2000-12-13,25,2022-08-29,3,Sales,Sales Manager,G3,MGR010,Bangalore,Full-Time,998909,4,Bachelor's,Single,Active,
EMP02122,Hemal Kari,Hemal,Kari,Female,1994-12-08,31,2024-10-06,1,IT,DevOps Engineer,G3,MGR090,Hyderabad,Contract,785808,2,Bachelor's,Married,Active,
EMP02123,Dipta Nadig,Dipta,Nadig,Male,1981-07-18,45,2015-09-18,10,HR,HR Manager,G2,MGR041,Bangalore,Full-Time,573308,13,PhD,Married,Active,
EMP02124,Bishakha Loke,Bishakha,Loke,Female,1998-09-15,27,2019-04-30,7,Marketing,Digital Marketing Specialist,G4,MGR068,Hyderabad,Contract,1136408,6,PhD,Single,Active,
EMP02125,Megha Madan,Megha,Madan,Female,1996-10-07,29,2019-02-14,7,IT,Software Engineer,G3,MGR081,Mumbai,Contract,913278,8,PhD,Single,Resigned,2022-11-27
EMP02126,Janani Verma,Janani,Verma,Female,1979-09-02,46,2019-04-19,7,Marketing,Digital Marketing Specialist,G1,MGR087,Pune,Contract,337485,11,PhD,Married,Active,
EMP02127,Shravya Sachdev,Shravya,Sachdev,Male,1991-10-17,34,2025-08-05,0,HR,Talent Acquisition Specialist,G3,MGR079,Hyderabad,Full-Time,711421,3,Master's,Single,Active,
EMP02128,Oliver Gour,Oliver,Gour,Male,1978-07-06,48,2019-11-26,6,Operations,Operations Manager,G1,MGR019,Mumbai,Contract,348770,9,PhD,Single,Active,
EMP02129,Arin Dass,Arin,Dass,Female,1987-02-08,39,2023-02-09,3,Marketing,Digital Marketing Specialist,G2,MGR015,Chennai,Contract,597931,4,Diploma,Married,Active,
EMP02130,Wahab Krishnamurthy,Wahab,Krishnamurthy,Male,1994-02-23,32,2021-11-07,4,Marketing,Marketing Executive,G1,MGR058,Chennai,Full-Time,376704,7,Bachelor's,Married,Active,
EMP02131,Fariq Kade,Fariq,Kade,Male,1996-02-08,30,2015-08-18,10,Marketing,SEO Analyst,G3,MGR009,Delhi,Contract,866019,9,PhD,Married,Active,
EMP02132,Ojas Ranganathan,Ojas,Ranganathan,Male,1983-04-05,43,2022-01-25,4,HR,Talent Acquisition Specialist,G2,MGR055,Mumbai,Full-Time,636372,9,Diploma,Single,Resigned,2022-12-11
EMP02133,Girish Bhatt,Girish,Bhatt,Male,1966-03-20,60,2024-03-19,2,IT,QA Engineer,G3,MGR035,Mumbai,Contract,963915,3,Bachelor's,Single,Resigned,2026-03-24
EMP02134,Chatura Bal,Chatura,Bal,Male,1983-12-21,42,2024-07-09,2,Sales,Business Development Executive,G5,MGR003,Chennai,Full-Time,1899534,3,PhD,Married,Active,
EMP02135,Mekhala Viswanathan,Mekhala,Viswanathan,Male,1996-04-12,30,2017-04-27,9,Sales,Sales Executive,G3,MGR078,Bangalore,Contract,832746,9,Bachelor's,Single,Active,
EMP02136,Fiyaz Chawla,Fiyaz,Chawla,Female,1983-10-23,42,2018-02-20,8,Marketing,SEO Analyst,G1,MGR025,Mumbai,Contract,329812,9,Master's,Single,Resigned,2020-05-15
EMP02137,Nachiket Chad,Nachiket,Chad,Male,1981-10-14,44,2015-07-24,11,Operations,Operations Executive,G1,MGR043,Bangalore,Contract,328385,14,PhD,Married,Active,
EMP02138,Madhavi More,Madhavi,More,Male,1989-04-06,37,2024-11-04,1,IT,Data Analyst,G5,MGR066,Chennai,Full-Time,2269390,2,Master's,Single,Active,
EMP02139,Veer Kota,Veer,Kota,Male,1977-03-14,49,2017-09-18,8,IT,Data Engineer,G4,MGR066,Bangalore,Full-Time,1201830,11,Master's,Single,Active,
EMP02140,Bhanumati Savant,Bhanumati,Savant,Male,1977-04-24,49,2020-10-10,5,Operations,Operations Executive,G4,MGR059,Bangalore,Contract,1162683,6,Diploma,Single,Active,
EMP02141,Jonathan Deep,Jonathan,Deep,Male,1969-08-17,57,2025-05-05,1,Sales,Business Development Executive,G3,MGR037,Hyderabad,Full-Time,899980,1,PhD,Married,Active,
EMP02142,Onkar Balakrishnan,Onkar,Balakrishnan,Male,1971-12-11,54,2024-12-18,1,Sales,Business Development Executive,G1,MGR078,Chennai,Full-Time,406115,5,Diploma,Married,Active,
EMP02143,Bakhshi Parikh,Bakhshi,Parikh,Female,1988-02-23,38,2025-05-28,1,Sales,Sales Manager,G5,MGR015,Pune,Contract,1942913,4,PhD,Married,Active,
EMP02144,Eshana Soni,Eshana,Soni,Male,1994-10-14,31,2017-03-26,9,HR,HR Manager,G1,MGR006,Delhi,Contract,424909,10,Master's,Single,Active,
EMP02145,Unni Zachariah,Unni,Zachariah,Female,1980-12-29,45,2022-03-21,4,Marketing,Marketing Executive,G5,MGR055,Bangalore,Contract,1864671,5,Master's,Single,Active,
EMP02146,Anita Saxena,Anita,Saxena,Male,1976-02-07,50,2021-06-27,5,Operations,Supply Chain Analyst,G5,MGR037,Mumbai,Contract,1671016,7,Bachelor's,Single,Active,
EMP02147,Krishna Zacharia,Krishna,Zacharia,Female,1980-01-14,46,2021-04-10,5,IT,Software Engineer,G3,MGR035,Hyderabad,Contract,982814,6,PhD,Single,Active,
EMP02148,Peter Shan,Peter,Shan,Male,1965-04-16,61,2016-09-13,9,Marketing,Digital Marketing Specialist,G2,MGR060,Mumbai,Contract,541311,12,PhD,Single,Active,
EMP02149,Radhika Viswanathan,Radhika,Viswanathan,Male,1993-08-14,32,2019-02-28,7,Operations,Supply Chain Analyst,G1,MGR041,Mumbai,Contract,343150,11,PhD,Single,Resigned,2024-08-07
EMP02150,Dayita Palan,Dayita,Palan,Male,2001-01-21,25,2021-02-07,5,Sales,Sales Executive,G1,MGR073,Hyderabad,Full-Time,440291,4,PhD,Single,Active,
EMP02151,Vasatika Zacharia,Vasatika,Zacharia,Male,1986-09-14,39,2023-11-24,2,Sales,Sales Manager,G4,MGR096,Pune,Full-Time,1482268,2,Master's,Single,Active,
EMP02152,Utkarsh Chakraborty,Utkarsh,Chakraborty,Female,1994-04-09,32,2020-08-26,5,Sales,Sales Executive,G1,MGR008,Pune,Contract,457952,6,Bachelor's,Single,Active,
EMP02153,Riya Morar,Riya,Morar,Male,1997-02-18,29,2024-08-13,1,Finance,Accountant,G2,MGR087,Bangalore,Contract,577385,1,Diploma,Married,Active,
EMP02154,Jasmit Sachar,Jasmit,Sachar,Female,2003-01-28,23,2024-03-19,2,Operations,Supply Chain Analyst,G4,MGR013,Chennai,Contract,1246232,2,PhD,Single,Active,
EMP02155,Abha Dugal,Abha,Dugal,Female,1980-09-11,45,2023-08-28,2,Sales,Sales Manager,G4,MGR038,Pune,Contract,1213238,5,Bachelor's,Single,Active,
EMP02156,Chavvi Anne,Chavvi,Anne,Female,1965-09-21,60,2015-03-13,11,Marketing,SEO Analyst,G3,MGR021,Bangalore,Full-Time,779869,14,Master's,Single,Active,
EMP02157,Aadi Virk,Aadi,Virk,Male,1996-02-27,30,2017-01-16,9,HR,HR Executive,G5,MGR098,Bangalore,Full-Time,1579627,9,Diploma,Married,Active,
EMP02158,Laban Padmanabhan,Laban,Padmanabhan,Female,1986-06-15,40,2022-07-14,4,HR,HR Manager,G1,MGR015,Bangalore,Contract,499822,9,Diploma,Single,Resigned,2023-10-02
EMP02159,Upasna Warrior,Upasna,Warrior,Female,1966-09-01,59,2023-05-11,3,Operations,Operations Executive,G1,MGR051,Delhi,Full-Time,318151,7,Diploma,Single,Active,
EMP02160,Abhiram Swamy,Abhiram,Swamy,Male,1983-01-02,43,2018-11-29,7,Marketing,SEO Analyst,G2,MGR034,Hyderabad,Contract,675485,10,PhD,Single,Active,
EMP02161,Vansha Mistry,Vansha,Mistry,Female,1987-10-09,38,2020-08-11,5,Operations,Operations Executive,G3,MGR012,Chennai,Full-Time,957947,6,Master's,Married,Active,
EMP02162,Aditya Sani,Aditya,Sani,Male,2001-09-14,24,2017-10-29,8,Sales,Sales Executive,G5,MGR053,Delhi,Contract,2469017,3,Bachelor's,Single,Active,
EMP02163,Brinda Kashyap,Brinda,Kashyap,Male,1969-02-10,57,2025-07-27,1,Sales,Business Development Executive,G2,MGR053,Hyderabad,Contract,672333,4,Bachelor's,Married,Active,
EMP02164,Abhimanyu Prakash,Abhimanyu,Prakash,Female,1976-11-02,49,2024-08-16,1,Marketing,Marketing Executive,G4,MGR017,Bangalore,Full-Time,1351173,1,Diploma,Single,Active,
EMP02165,Ranbir Sabharwal,Ranbir,Sabharwal,Female,1994-10-16,31,2015-07-23,11,IT,Data Engineer,G4,MGR003,Bangalore,Full-Time,1414140,10,Diploma,Married,Active,
EMP02166,Rajeshri Rana,Rajeshri,Rana,Male,1987-03-25,39,2024-11-02,1,IT,DevOps Engineer,G2,MGR008,Delhi,Full-Time,691268,4,Master's,Married,Active,
EMP02167,Zaid Gade,Zaid,Gade,Male,1982-02-09,44,2021-09-16,4,Operations,Operations Executive,G1,MGR008,Pune,Full-Time,323438,8,Diploma,Single,Active,
EMP02168,Madhavi Radhakrishnan,Madhavi,Radhakrishnan,Female,1988-05-16,38,2016-04-11,10,Operations,Operations Executive,G3,MGR006,Mumbai,Full-Time,978761,10,Master's,Single,Active,
EMP02169,Thomas Lall,Thomas,Lall,Male,1993-01-13,33,2022-08-29,3,IT,QA Engineer,G2,MGR034,Delhi,Full-Time,512941,8,PhD,Married,Active,
EMP02170,Fariq Sami,Fariq,Sami,Male,1999-07-22,27,2019-09-07,6,Sales,Sales Executive,G5,MGR083,Pune,Full-Time,2460694,6,Bachelor's,Married,Active,
EMP02171,Wriddhish Varughese,Wriddhish,Varughese,Female,2003-04-08,23,2024-09-13,1,Marketing,Digital Marketing Specialist,G4,MGR090,Bangalore,Contract,1468781,2,Master's,Single,Active,
EMP02172,Anita Mane,Anita,Mane,Male,1966-08-19,60,2025-12-25,0,Finance,Finance Manager,G5,MGR028,Delhi,Full-Time,2492873,5,PhD,Married,Resigned,2026-07-19
EMP02173,Amruta Sachar,Amruta,Sachar,Female,1992-10-03,33,2020-08-25,5,Finance,Accountant,G1,MGR075,Pune,Contract,446197,8,PhD,Single,Active,
EMP02174,Raghav Biswas,Raghav,Biswas,Female,1997-11-25,28,2024-09-06,1,Finance,Finance Manager,G1,MGR094,Pune,Contract,498565,1,PhD,Married,Active,
EMP02175,Qabil Deshpande,Qabil,Deshpande,Male,1987-11-02,38,2020-07-21,6,Sales,Sales Manager,G2,MGR068,Chennai,Full-Time,672543,6,Bachelor's,Married,Active,
EMP02176,Bimala Choudhry,Bimala,Choudhry,Female,1966-02-07,60,2015-12-26,10,Operations,Supply Chain Analyst,G4,MGR100,Delhi,Full-Time,1460900,11,PhD,Single,Active,
EMP02177,Tamanna Sethi,Tamanna,Sethi,Male,1984-01-27,42,2019-11-06,6,Sales,Sales Manager,G5,MGR089,Chennai,Full-Time,2371159,10,Bachelor's,Married,Active,
EMP02178,Anita Swamy,Anita,Swamy,Male,1982-09-23,43,2024-02-29,2,Finance,Accountant,G2,MGR083,Chennai,Full-Time,644257,6,Master's,Single,Active,
EMP02179,Raghav Nagi,Raghav,Nagi,Male,1971-01-31,55,2018-08-17,7,Finance,Finance Manager,G4,MGR060,Mumbai,Contract,1251800,8,PhD,Married,Active,
EMP02180,Anirudh Doshi,Anirudh,Doshi,Male,1989-12-27,36,2019-02-21,7,Operations,Supply Chain Analyst,G1,MGR004,Pune,Contract,383122,12,PhD,Single,Resigned,2019-07-25
EMP02181,Anthony Grewal,Anthony,Grewal,Female,1979-10-16,46,2020-05-31,6,Marketing,SEO Analyst,G2,MGR009,Mumbai,Contract,649856,10,Master's,Single,Active,
EMP02182,Harsh Manda,Harsh,Manda,Female,1968-08-08,58,2022-04-09,4,IT,Data Engineer,G5,MGR006,Pune,Contract,1949346,9,Diploma,Single,Active,
EMP02183,Amruta Dass,Amruta,Dass,Male,1988-06-15,38,2025-08-18,0,Sales,Business Development Executive,G4,MGR082,Hyderabad,Full-Time,1183281,2,Bachelor's,Single,Active,
EMP02184,Raksha Anand,Raksha,Anand,Male,1965-10-23,60,2016-05-20,10,IT,Data Analyst,G3,MGR009,Delhi,Contract,706916,15,Diploma,Married,Active,
EMP02185,Viraj Chana,Viraj,Chana,Male,1983-01-05,43,2022-06-02,4,Operations,Supply Chain Analyst,G3,MGR024,Mumbai,Full-Time,778242,6,PhD,Single,Active,
EMP02186,Matthew Aurora,Matthew,Aurora,Male,1982-03-31,44,2016-11-19,9,IT,Software Engineer,G4,MGR026,Pune,Full-Time,1334987,11,Bachelor's,Married,Active,
EMP02187,Wakeeta Kalla,Wakeeta,Kalla,Female,1971-03-26,55,2017-11-29,8,Operations,Supply Chain Analyst,G4,MGR031,Hyderabad,Contract,1190568,8,Master's,Married,Resigned,2023-09-23
EMP02188,Osha Muni,Osha,Muni,Male,2001-03-10,25,2022-03-14,4,Finance,Financial Analyst,G4,MGR085,Chennai,Contract,1495995,4,PhD,Married,Active,
EMP02189,Wishi Prabhu,Wishi,Prabhu,Female,1989-05-07,37,2025-02-16,1,Sales,Sales Executive,G3,MGR033,Bangalore,Full-Time,859346,3,Master's,Single,Active,
EMP02190,Ubika Balay,Ubika,Balay,Female,1989-08-17,36,2025-12-08,0,Marketing,SEO Analyst,G4,MGR066,Mumbai,Contract,1185564,3,Bachelor's,Married,Active,
EMP02191,Ganga Buch,Ganga,Buch,Male,1994-09-01,31,2025-07-16,1,Finance,Finance Manager,G5,MGR055,Delhi,Full-Time,2490589,1,PhD,Single,Active,
EMP02192,Madhav Bhalla,Madhav,Bhalla,Female,2002-03-24,24,2018-05-12,8,Marketing,Digital Marketing Specialist,G2,MGR004,Delhi,Contract,540437,3,Master's,Married,Active,
EMP02193,Amaira Ramanathan,Amaira,Ramanathan,Female,1975-12-07,50,2016-10-13,9,Operations,Operations Manager,G5,MGR028,Delhi,Contract,2088096,14,Bachelor's,Married,Resigned,2017-12-30
EMP02194,Upma Golla,Upma,Golla,Female,2003-11-15,22,2021-01-02,5,IT,Data Engineer,G1,MGR040,Bangalore,Full-Time,489807,1,Diploma,Single,Active,
EMP02195,Rehaan Krishna,Rehaan,Krishna,Female,1985-10-16,40,2016-11-07,9,Operations,Operations Executive,G1,MGR026,Bangalore,Full-Time,420031,11,Bachelor's,Single,Active,
EMP02196,Lakshmi Arora,Lakshmi,Arora,Female,1975-03-13,51,2025-04-04,1,Operations,Operations Manager,G2,MGR041,Bangalore,Contract,654741,1,Diploma,Single,Active,
EMP02197,Jairaj Kothari,Jairaj,Kothari,Male,1967-11-06,58,2019-09-24,6,HR,HR Manager,G5,MGR015,Bangalore,Full-Time,1868222,6,Diploma,Married,Resigned,2023-01-01
EMP02198,Saanvi Kota,Saanvi,Kota,Male,1994-07-07,32,2017-01-27,9,Marketing,Marketing Executive,G3,MGR044,Mumbai,Full-Time,809952,11,PhD,Married,Active,
EMP02199,Bahadurjit Issac,Bahadurjit,Issac,Male,2001-12-24,24,2017-07-05,9,Sales,Business Development Executive,G3,MGR011,Delhi,Full-Time,798613,3,Bachelor's,Single,Active,
EMP02200,Triveni Chandra,Triveni,Chandra,Male,1977-04-29,49,2024-09-29,1,HR,HR Manager,G3,MGR059,Bangalore,Full-Time,796810,6,PhD,Married,Resigned,2025-11-07
EMP02201,Sathvik Solanki,Sathvik,Solanki,Female,1969-12-24,56,2022-10-05,3,IT,QA Engineer,G3,MGR029,Chennai,Full-Time,959999,8,Master's,Married,Active,
EMP02202,Lopa Muni,Lopa,Muni,Male,1976-08-23,49,2022-02-01,4,Sales,Sales Executive,G5,MGR081,Pune,Full-Time,2363813,7,Diploma,Single,Active,
EMP02203,Ekantika Dutt,Ekantika,Dutt,Female,1980-06-07,46,2024-04-17,2,Finance,Financial Analyst,G2,MGR059,Delhi,Full-Time,680522,4,Bachelor's,Married,Active,
EMP02204,Brijesh Verma,Brijesh,Verma,Male,1983-08-26,42,2020-02-10,6,HR,HR Executive,G4,MGR050,Pune,Full-Time,1131166,7,Master's,Married,Active,
EMP02205,Jason Kulkarni,Jason,Kulkarni,Female,1997-04-05,29,2023-02-04,3,Operations,Operations Executive,G4,MGR013,Mumbai,Contract,1134914,7,Master's,Single,Active,
EMP02206,Vasana Misra,Vasana,Misra,Female,1982-08-06,44,2016-10-16,9,IT,QA Engineer,G5,MGR008,Hyderabad,Full-Time,2478226,11,PhD,Single,Active,
EMP02207,Rushil Patel,Rushil,Patel,Male,1992-09-28,33,2021-09-14,4,Finance,Accountant,G4,MGR064,Pune,Contract,1390453,5,Diploma,Married,Active,
EMP02208,Charles Kamdar,Charles,Kamdar,Male,2001-10-28,24,2016-05-27,10,Operations,Supply Chain Analyst,G4,MGR030,Delhi,Full-Time,1231060,3,Bachelor's,Married,Active,
EMP02209,Isaiah Keer,Isaiah,Keer,Male,1978-11-04,47,2020-08-18,5,Finance,Accountant,G3,MGR008,Mumbai,Contract,779824,5,Bachelor's,Married,Active,
EMP02210,Radha Nair,Radha,Nair,Male,2003-07-15,23,2022-08-15,3,HR,Talent Acquisition Specialist,G2,MGR031,Pune,Full-Time,689360,2,Bachelor's,Married,Active,
EMP02211,Alexander Ganesh,Alexander,Ganesh,Female,1984-10-22,41,2019-03-31,7,Sales,Sales Executive,G5,MGR009,Pune,Contract,2139247,9,Diploma,Married,Active,
EMP02212,Anya Dar,Anya,Dar,Male,1968-10-25,57,2020-11-05,5,Operations,Operations Executive,G3,MGR056,Chennai,Contract,830406,7,Diploma,Single,Active,
EMP02213,Meghana Kibe,Meghana,Kibe,Male,1994-10-22,31,2021-07-25,5,Sales,Sales Manager,G1,MGR083,Pune,Contract,477787,8,PhD,Single,Active,
EMP02214,Aditya Basak,Aditya,Basak,Male,1995-03-13,31,2025-07-01,1,Sales,Business Development Executive,G2,MGR044,Pune,Contract,602190,6,Bachelor's,Single,Active,
EMP02215,Vaishnavi Dubey,Vaishnavi,Dubey,Male,1995-09-29,30,2021-11-21,4,IT,Software Engineer,G5,MGR030,Chennai,Full-Time,2012933,9,Diploma,Single,Active,
EMP02216,Kamya Chakraborty,Kamya,Chakraborty,Male,2000-04-18,26,2018-08-12,7,Sales,Sales Executive,G4,MGR100,Hyderabad,Full-Time,1228143,5,Master's,Single,Active,
EMP02217,Yuvraj Dugar,Yuvraj,Dugar,Female,1986-11-11,39,2015-01-05,11,Sales,Business Development Executive,G3,MGR077,Delhi,Full-Time,881538,14,Bachelor's,Single,Active,
EMP02218,Xalak Chand,Xalak,Chand,Female,1967-04-18,59,2015-02-12,11,HR,HR Executive,G2,MGR049,Delhi,Full-Time,669397,15,PhD,Single,Resigned,2025-08-22
EMP02219,Hamsini Bhasin,Hamsini,Bhasin,Female,1993-08-14,32,2018-11-19,7,IT,Data Analyst,G5,MGR065,Hyderabad,Contract,1831568,9,Diploma,Single,Active,
EMP02220,Darpan Parekh,Darpan,Parekh,Male,1977-03-18,49,2015-02-04,11,Marketing,SEO Analyst,G2,MGR053,Delhi,Contract,571602,15,Master's,Single,Active,
EMP02221,Mitesh Yadav,Mitesh,Yadav,Male,1975-10-09,50,2023-11-05,2,Sales,Business Development Executive,G5,MGR006,Pune,Full-Time,1600934,3,Bachelor's,Married,Active,
EMP02222,Hredhaan Dass,Hredhaan,Dass,Male,1998-08-29,27,2018-07-08,8,IT,Data Analyst,G2,MGR049,Pune,Full-Time,573614,6,Master's,Single,Active,
EMP02223,Vinaya Kaul,Vinaya,Kaul,Male,1975-07-18,51,2021-01-02,5,Operations,Supply Chain Analyst,G2,MGR031,Mumbai,Full-Time,594807,6,Bachelor's,Single,Resigned,2023-09-13
EMP02224,Idika Sarna,Idika,Sarna,Female,1988-06-17,38,2016-05-12,10,Operations,Supply Chain Analyst,G4,MGR054,Pune,Full-Time,1116530,11,Diploma,Married,Resigned,2019-08-24
EMP02225,Ansh Purohit,Ansh,Purohit,Female,1991-12-05,34,2015-02-21,11,Sales,Business Development Executive,G5,MGR091,Bangalore,Contract,2121292,13,PhD,Single,Active,
EMP02226,Ishita Desai,Ishita,Desai,Male,1980-11-11,45,2016-06-14,10,IT,Data Engineer,G1,MGR061,Pune,Contract,313200,10,PhD,Single,Active,
EMP02227,Zashil Baral,Zashil,Baral,Female,2000-08-18,25,2015-04-23,11,Operations,Supply Chain Analyst,G5,MGR078,Bangalore,Full-Time,2378654,4,Bachelor's,Married,Active,
EMP02228,Vedhika Sarma,Vedhika,Sarma,Female,1968-08-18,58,2023-07-30,3,IT,QA Engineer,G1,MGR034,Delhi,Contract,463110,6,Master's,Married,Active,
EMP02229,Chaitaly Suri,Chaitaly,Suri,Female,1971-05-12,55,2021-12-01,4,Sales,Sales Manager,G3,MGR015,Chennai,Full-Time,904202,6,PhD,Married,Active,
EMP02230,Ranveer Grover,Ranveer,Grover,Female,1985-01-05,41,2023-03-27,3,Operations,Operations Executive,G5,MGR054,Mumbai,Contract,2024787,8,Master's,Married,Active,
EMP02231,Ijaya Naik,Ijaya,Naik,Female,1999-04-25,27,2024-04-19,2,Sales,Sales Manager,G5,MGR004,Bangalore,Contract,1729385,6,Bachelor's,Married,Active,
EMP02232,Upadhriti Maharaj,Upadhriti,Maharaj,Female,1998-07-13,28,2018-03-19,8,IT,Data Analyst,G2,MGR088,Delhi,Contract,556994,7,Diploma,Married,Active,
EMP02233,Naveen Biswas,Naveen,Biswas,Female,1982-02-07,44,2016-12-21,9,Sales,Sales Manager,G2,MGR028,Pune,Contract,690715,12,Diploma,Married,Active,
EMP02234,Mohammed Sengupta,Mohammed,Sengupta,Male,1995-09-10,30,2018-05-06,8,HR,Talent Acquisition Specialist,G1,MGR024,Bangalore,Full-Time,398197,9,PhD,Married,Active,
EMP02235,Chakrika Lall,Chakrika,Lall,Female,1976-10-01,49,2020-05-16,6,IT,Data Engineer,G4,MGR049,Chennai,Contract,1164203,9,PhD,Single,Active,
EMP02236,Jeevika Setty,Jeevika,Setty,Male,1965-02-18,61,2015-04-26,11,Finance,Finance Manager,G2,MGR088,Chennai,Full-Time,627512,13,Bachelor's,Single,Active,
EMP02237,Aadi Toor,Aadi,Toor,Male,1998-07-02,28,2025-09-04,0,HR,Talent Acquisition Specialist,G5,MGR085,Delhi,Full-Time,1619133,5,Diploma,Married,Active,
EMP02238,Ladli Goyal,Ladli,Goyal,Male,1977-07-27,49,2015-09-21,10,IT,Data Engineer,G1,MGR096,Delhi,Full-Time,398859,10,Diploma,Single,Active,
EMP02239,Anirudh Patla,Anirudh,Patla,Male,1970-10-03,55,2020-10-04,5,HR,HR Manager,G4,MGR067,Mumbai,Full-Time,1065052,7,Diploma,Married,Active,
EMP02240,William Nagi,William,Nagi,Female,1994-04-01,32,2015-08-07,11,Sales,Sales Manager,G4,MGR079,Delhi,Contract,1275681,11,PhD,Married,Active,
EMP02241,Dev Yohannan,Dev,Yohannan,Female,1993-01-02,33,2021-09-24,4,IT,Data Engineer,G2,MGR014,Hyderabad,Full-Time,535342,5,Master's,Married,Active,
EMP02242,Lila Gupta,Lila,Gupta,Female,1980-12-19,45,2020-10-17,5,Operations,Operations Executive,G5,MGR069,Delhi,Full-Time,2149918,10,PhD,Single,Active,
EMP02243,Widisha Dube,Widisha,Dube,Female,1983-03-26,43,2024-08-29,1,HR,HR Executive,G4,MGR013,Mumbai,Contract,1104918,1,Master's,Married,Active,
EMP02244,Barkha Naidu,Barkha,Naidu,Female,1969-08-21,56,2019-09-11,6,Marketing,Digital Marketing Specialist,G5,MGR028,Hyderabad,Full-Time,1930462,6,Bachelor's,Single,Active,
EMP02245,Nimrat Nagy,Nimrat,Nagy,Male,1996-04-19,30,2015-07-13,11,IT,Data Analyst,G1,MGR010,Hyderabad,Contract,430964,9,Bachelor's,Single,Active,
EMP02246,Indrajit Char,Indrajit,Char,Male,2000-12-30,25,2022-10-01,3,HR,HR Manager,G1,MGR010,Hyderabad,Contract,363459,4,Diploma,Single,Active,
EMP02247,Ekalinga Bassi,Ekalinga,Bassi,Male,1975-11-20,50,2020-05-04,6,Operations,Operations Executive,G5,MGR096,Bangalore,Contract,1874611,6,Master's,Single,Active,
EMP02248,Kai Gokhale,Kai,Gokhale,Female,2001-10-19,24,2024-09-23,1,HR,Talent Acquisition Specialist,G5,MGR076,Chennai,Full-Time,2461616,2,PhD,Married,Resigned,2026-08-02
EMP02249,Azad Jaggi,Azad,Jaggi,Male,1992-01-31,34,2022-02-02,4,HR,HR Executive,G3,MGR014,Hyderabad,Contract,879319,6,Bachelor's,Married,Active,
EMP02250,Hredhaan Sunder,Hredhaan,Sunder,Male,1993-03-26,33,2023-04-16,3,Finance,Financial Analyst,G4,MGR023,Pune,Full-Time,1470826,4,PhD,Single,Active,
EMP02251,Rehaan Chaudhary,Rehaan,Chaudhary,Female,1975-06-19,51,2021-05-29,5,Marketing,Digital Marketing Specialist,G3,MGR013,Mumbai,Contract,835375,5,Bachelor's,Single,Active,
EMP02252,Azad Rama,Azad,Rama,Male,1999-10-23,26,2015-08-04,11,Marketing,Marketing Executive,G1,MGR077,Hyderabad,Contract,423284,5,Diploma,Married,Active,
EMP02253,Vrishti Vora,Vrishti,Vora,Female,1981-04-03,45,2024-11-21,1,Marketing,SEO Analyst,G4,MGR081,Bangalore,Full-Time,1071099,4,Bachelor's,Single,Active,
EMP02254,Aahana Bawa,Aahana,Bawa,Male,1979-09-29,46,2022-04-19,4,IT,DevOps Engineer,G4,MGR009,Pune,Full-Time,1266454,9,PhD,Single,Resigned,2025-05-31
EMP02255,Timothy Bobal,Timothy,Bobal,Female,1966-04-17,60,2020-05-12,6,Operations,Operations Executive,G1,MGR085,Mumbai,Contract,425520,10,Bachelor's,Married,Active,
EMP02256,Agastya Joshi,Agastya,Joshi,Male,1993-12-29,32,2016-11-30,9,Operations,Operations Manager,G1,MGR079,Chennai,Full-Time,480445,11,PhD,Single,Active,
EMP02257,Vyanjana Buch,Vyanjana,Buch,Male,1984-06-18,42,2018-07-04,8,Finance,Accountant,G1,MGR013,Delhi,Contract,442679,9,Master's,Single,Active,
EMP02258,Upadhriti Bhat,Upadhriti,Bhat,Female,1971-12-20,54,2022-07-04,4,Operations,Operations Executive,G2,MGR036,Mumbai,Contract,681699,4,Master's,Married,Active,
EMP02259,Jalsa Sagar,Jalsa,Sagar,Male,1970-04-18,56,2022-06-30,4,Operations,Supply Chain Analyst,G4,MGR009,Bangalore,Contract,1344651,7,Diploma,Married,Active,
EMP02260,Jyoti Bhardwaj,Jyoti,Bhardwaj,Female,1980-10-08,45,2017-02-27,9,Marketing,SEO Analyst,G5,MGR009,Mumbai,Contract,2241009,9,Master's,Married,Active,
EMP02261,Amaira Wadhwa,Amaira,Wadhwa,Male,1978-06-18,48,2024-05-28,2,Finance,Accountant,G5,MGR066,Mumbai,Contract,1558513,4,Diploma,Single,Active,
EMP02262,Banjeet Bobal,Banjeet,Bobal,Female,1982-03-13,44,2018-08-01,8,Marketing,Digital Marketing Specialist,G2,MGR074,Chennai,Full-Time,696437,13,Bachelor's,Single,Active,
EMP02263,Daksha Brahmbhatt,Daksha,Brahmbhatt,Female,1984-05-31,42,2021-07-16,5,Operations,Operations Manager,G5,MGR100,Mumbai,Contract,1681685,8,Bachelor's,Married,Active,
EMP02264,Tarak Venkataraman,Tarak,Venkataraman,Female,1969-03-02,57,2024-05-12,2,IT,QA Engineer,G2,MGR087,Pune,Full-Time,659601,5,Bachelor's,Married,Active,
EMP02265,Gunbir Chaudhuri,Gunbir,Chaudhuri,Male,1978-03-11,48,2015-01-10,11,Sales,Sales Manager,G2,MGR096,Mumbai,Contract,634319,15,Bachelor's,Single,Active,
EMP02266,Vihaan Wali,Vihaan,Wali,Male,1975-09-07,50,2017-11-20,8,HR,HR Manager,G3,MGR095,Chennai,Contract,753753,11,Master's,Single,Active,
EMP02267,Lekha Gupta,Lekha,Gupta,Female,2001-06-03,25,2018-03-25,8,HR,HR Manager,G2,MGR072,Mumbai,Contract,690698,4,Bachelor's,Married,Active,
EMP02268,Reyansh Vora,Reyansh,Vora,Female,1977-01-25,49,2017-04-16,9,Finance,Accountant,G5,MGR045,Mumbai,Contract,2403839,9,Master's,Married,Active,
EMP02269,Yuvraj Gola,Yuvraj,Gola,Male,1976-02-28,50,2021-05-20,5,Sales,Business Development Executive,G4,MGR042,Mumbai,Contract,1148572,10,Diploma,Married,Active,
EMP02270,Ojasvi Cherian,Ojasvi,Cherian,Male,1976-08-08,50,2020-02-19,6,IT,QA Engineer,G5,MGR001,Pune,Contract,1711192,11,Bachelor's,Married,Active,
EMP02271,Ishita Shanker,Ishita,Shanker,Female,1977-10-11,48,2023-04-18,3,Operations,Supply Chain Analyst,G4,MGR049,Chennai,Contract,1349680,8,PhD,Married,Active,
EMP02272,Prisha Chawla,Prisha,Chawla,Female,1996-06-08,30,2016-03-12,10,Sales,Business Development Executive,G1,MGR075,Pune,Full-Time,413568,9,PhD,Single,Active,
EMP02273,Ojas Gole,Ojas,Gole,Male,2000-10-25,25,2020-11-14,5,Finance,Finance Manager,G4,MGR044,Hyderabad,Contract,1053807,4,PhD,Married,Active,
EMP02274,Neelima Thaman,Neelima,Thaman,Male,1994-04-11,32,2018-10-19,7,IT,QA Engineer,G5,MGR003,Delhi,Full-Time,1942894,10,PhD,Married,Active,
EMP02275,Geetika Dugar,Geetika,Dugar,Male,1974-03-04,52,2018-03-09,8,Operations,Operations Executive,G3,MGR074,Chennai,Contract,928032,12,Master's,Married,Active,
EMP02276,Saanvi Pandey,Saanvi,Pandey,Male,1993-12-19,32,2018-10-04,7,Sales,Sales Manager,G5,MGR030,Hyderabad,Contract,2329410,10,Diploma,Single,Active,
EMP02277,Divya Nair,Divya,Nair,Female,1972-12-25,53,2023-12-02,2,Marketing,Digital Marketing Specialist,G1,MGR090,Chennai,Full-Time,423634,3,PhD,Single,Active,
EMP02278,Kamya Sachar,Kamya,Sachar,Male,2002-11-19,23,2016-06-16,10,Finance,Accountant,G2,MGR042,Delhi,Contract,641273,2,Bachelor's,Married,Resigned,2023-10-13
EMP02279,Ekiya Khosla,Ekiya,Khosla,Female,1988-01-25,38,2023-11-09,2,IT,DevOps Engineer,G2,MGR083,Bangalore,Full-Time,635607,2,Diploma,Married,Active,
EMP02280,Tanish Prashad,Tanish,Prashad,Female,1974-11-26,51,2015-03-19,11,Operations,Operations Executive,G1,MGR098,Mumbai,Contract,320831,14,PhD,Married,Active,
EMP02281,Aachal Parsa,Aachal,Parsa,Male,1965-01-26,61,2023-07-07,3,Finance,Finance Manager,G5,MGR048,Mumbai,Contract,2401412,6,Master's,Married,Active,
EMP02282,Sneha Sem,Sneha,Sem,Male,1974-09-13,51,2019-05-06,7,Finance,Financial Analyst,G2,MGR025,Delhi,Contract,513528,7,Master's,Married,Active,
EMP02283,Mekhala Acharya,Mekhala,Acharya,Male,1993-03-18,33,2021-09-03,4,Finance,Financial Analyst,G5,MGR077,Hyderabad,Full-Time,2318815,5,Diploma,Single,Active,
EMP02284,Bakhshi Mane,Bakhshi,Mane,Male,1973-10-20,52,2017-06-29,9,Finance,Financial Analyst,G4,MGR062,Delhi,Full-Time,1046544,10,Bachelor's,Single,Resigned,2017-10-08
EMP02285,Zarna Deshmukh,Zarna,Deshmukh,Female,1977-07-23,49,2024-09-18,1,Finance,Financial Analyst,G4,MGR055,Mumbai,Contract,1464593,1,PhD,Single,Resigned,2025-05-10
EMP02286,Abeer Mital,Abeer,Mital,Female,1989-02-21,37,2018-07-06,8,Operations,Operations Executive,G5,MGR071,Chennai,Contract,2144091,10,Master's,Married,Resigned,2020-05-25
EMP02287,Tanish Murty,Tanish,Murty,Female,1992-07-05,34,2018-01-21,8,Operations,Operations Manager,G2,MGR065,Delhi,Contract,574779,11,Master's,Single,Active,
EMP02288,Anthony Majumdar,Anthony,Majumdar,Female,2000-04-24,26,2017-11-05,8,IT,Data Analyst,G4,MGR060,Hyderabad,Contract,1204101,5,Diploma,Married,Resigned,2026-07-17
EMP02289,Mohammed Chandra,Mohammed,Chandra,Male,2003-11-15,22,2020-05-20,6,Sales,Sales Manager,G3,MGR040,Chennai,Contract,742214,1,Bachelor's,Married,Active,
EMP02290,Baljiwan Sharma,Baljiwan,Sharma,Female,1998-11-03,27,2020-04-13,6,HR,Talent Acquisition Specialist,G2,MGR080,Chennai,Full-Time,515570,6,Diploma,Married,Active,
EMP02291,Ishani Dugal,Ishani,Dugal,Female,1981-09-18,44,2019-06-20,7,Finance,Finance Manager,G5,MGR031,Delhi,Contract,1657302,8,Master's,Single,Active,
EMP02292,Lakshit Lanka,Lakshit,Lanka,Female,1994-05-15,32,2022-05-15,4,Sales,Sales Manager,G2,MGR024,Mumbai,Full-Time,589641,7,PhD,Single,Active,
EMP02293,Jeevika Krish,Jeevika,Krish,Male,2003-08-28,22,2025-09-28,0,IT,Data Engineer,G4,MGR074,Delhi,Full-Time,1015153,1,Diploma,Single,Active,
EMP02294,Viraj Kunda,Viraj,Kunda,Female,2001-12-26,24,2019-09-23,6,IT,Software Engineer,G5,MGR098,Chennai,Contract,2222924,3,Diploma,Single,Active,
EMP02295,Charita Chanda,Charita,Chanda,Female,1987-07-16,39,2017-05-30,9,Operations,Operations Manager,G3,MGR055,Pune,Contract,910655,13,PhD,Married,Active,
EMP02296,Mugdha Kalla,Mugdha,Kalla,Male,1987-11-29,38,2022-03-18,4,Operations,Operations Manager,G5,MGR086,Pune,Contract,2010510,8,PhD,Married,Active,
EMP02297,Faras Nair,Faras,Nair,Female,1989-07-25,37,2024-12-05,1,HR,Talent Acquisition Specialist,G5,MGR095,Bangalore,Full-Time,1516591,1,PhD,Married,Resigned,2025-12-14
EMP02298,Oscar Sura,Oscar,Sura,Female,1965-10-02,60,2020-11-27,5,Operations,Supply Chain Analyst,G1,MGR092,Mumbai,Full-Time,372411,10,Diploma,Single,Active,
EMP02299,Girish Mital,Girish,Mital,Male,1987-04-08,39,2019-09-28,6,Finance,Accountant,G3,MGR062,Delhi,Full-Time,845877,11,PhD,Single,Resigned,2020-01-22
EMP02300,Lakshmi Brar,Lakshmi,Brar,Male,1976-05-14,50,2015-08-13,10,Finance,Accountant,G2,MGR069,Hyderabad,Contract,523131,15,Master's,Married,Active,
EMP02301,Daksh Natt,Daksh,Natt,Male,1974-07-26,52,2021-03-10,5,Marketing,Marketing Executive,G3,MGR094,Delhi,Contract,937912,10,Master's,Married,Active,
EMP02302,Ijaya Saraf,Ijaya,Saraf,Female,2002-02-15,24,2016-06-09,10,IT,Data Analyst,G3,MGR037,Pune,Full-Time,837602,3,Bachelor's,Married,Active,
EMP02303,Omaja Dara,Omaja,Dara,Female,1968-09-06,57,2021-01-09,5,Operations,Supply Chain Analyst,G4,MGR040,Hyderabad,Contract,1216855,5,Diploma,Single,Active,
EMP02304,Utkarsh Apte,Utkarsh,Apte,Male,1981-06-10,45,2015-11-09,10,Marketing,SEO Analyst,G2,MGR019,Bangalore,Contract,502270,13,Master's,Married,Active,
EMP02305,Lavanya Bhagat,Lavanya,Bhagat,Male,1980-09-01,45,2017-05-10,9,Marketing,SEO Analyst,G5,MGR082,Mumbai,Full-Time,1882394,14,Master's,Married,Resigned,2022-07-16
EMP02306,Benjamin Nagar,Benjamin,Nagar,Male,2001-04-14,25,2021-06-22,5,Marketing,Digital Marketing Specialist,G1,MGR071,Hyderabad,Contract,344776,4,Diploma,Married,Active,
EMP02307,Mason Narain,Mason,Narain,Male,1974-08-26,51,2021-01-12,5,HR,HR Executive,G5,MGR040,Chennai,Full-Time,1731042,7,Diploma,Single,Resigned,2025-04-21
EMP02308,Timothy Dua,Timothy,Dua,Male,2001-09-29,24,2017-11-23,8,Sales,Sales Executive,G3,MGR091,Chennai,Full-Time,766655,3,Bachelor's,Single,Active,
EMP02309,Chandresh Ramaswamy,Chandresh,Ramaswamy,Female,1990-10-05,35,2020-03-12,6,Operations,Operations Executive,G1,MGR095,Pune,Full-Time,454043,11,Master's,Single,Active,
EMP02310,Sanaya Thaman,Sanaya,Thaman,Male,1978-03-30,48,2016-01-07,10,IT,Data Engineer,G4,MGR026,Mumbai,Full-Time,1046200,10,Master's,Married,Active,
EMP02311,Gautam Kapadia,Gautam,Kapadia,Male,1967-10-26,58,2018-08-06,8,HR,HR Executive,G2,MGR040,Bangalore,Full-Time,515436,9,PhD,Single,Active,
EMP02312,Rachana Mann,Rachana,Mann,Male,1967-02-17,59,2021-11-30,4,Operations,Operations Manager,G3,MGR039,Delhi,Contract,987849,7,PhD,Married,Active,
EMP02313,Meera Divan,Meera,Divan,Female,1975-08-26,50,2023-05-28,3,Finance,Financial Analyst,G3,MGR072,Delhi,Full-Time,762746,6,Diploma,Single,Active,
EMP02314,Kevin Nayar,Kevin,Nayar,Female,1980-04-22,46,2016-09-17,9,IT,DevOps Engineer,G3,MGR080,Delhi,Full-Time,743009,14,PhD,Single,Resigned,2018-02-11
EMP02315,Vamakshi Bawa,Vamakshi,Bawa,Female,1993-09-28,32,2019-04-08,7,Operations,Supply Chain Analyst,G1,MGR008,Delhi,Full-Time,304527,8,Master's,Single,Active,
EMP02316,Mohini Lala,Mohini,Lala,Male,1983-02-23,43,2021-01-02,5,HR,HR Manager,G5,MGR017,Mumbai,Full-Time,2469990,6,PhD,Married,Resigned,2021-09-23
EMP02317,Mohini Thaker,Mohini,Thaker,Female,1972-08-25,53,2022-04-17,4,Sales,Business Development Executive,G5,MGR049,Mumbai,Full-Time,2316942,5,Bachelor's,Married,Active,
EMP02318,Radha De,Radha,De,Male,1998-06-15,28,2015-01-16,11,IT,Data Engineer,G5,MGR018,Delhi,Contract,1741586,7,Bachelor's,Single,Active,
EMP02319,Krishna Srivastava,Krishna,Srivastava,Female,1967-03-17,59,2022-11-21,3,HR,HR Executive,G2,MGR006,Delhi,Contract,507996,7,Master's,Married,Active,
EMP02320,Rudra Sura,Rudra,Sura,Female,2001-02-11,25,2017-02-22,9,Marketing,Digital Marketing Specialist,G1,MGR079,Bangalore,Full-Time,337944,4,Master's,Single,Resigned,2023-11-14
EMP02321,Rohan Viswanathan,Rohan,Viswanathan,Male,1979-11-10,46,2022-08-04,4,Marketing,SEO Analyst,G1,MGR019,Delhi,Contract,485203,4,PhD,Single,Active,
EMP02322,Yatin Kibe,Yatin,Kibe,Male,1972-10-13,53,2023-11-16,2,HR,HR Manager,G1,MGR046,Bangalore,Contract,409709,7,PhD,Married,Active,
EMP02323,Ekbal Lata,Ekbal,Lata,Female,1966-11-14,59,2023-01-19,3,Marketing,Marketing Executive,G3,MGR082,Chennai,Contract,743742,3,PhD,Married,Active,
EMP02324,Qushi Naik,Qushi,Naik,Male,1982-06-13,44,2018-09-10,7,Operations,Operations Manager,G4,MGR018,Mumbai,Contract,1422187,8,PhD,Married,Active,
EMP02325,Gaurav Chowdhury,Gaurav,Chowdhury,Male,1968-04-28,58,2017-04-23,9,Sales,Business Development Executive,G1,MGR083,Mumbai,Full-Time,409232,9,Diploma,Single,Resigned,2024-05-05
EMP02326,Pallavi Pau,Pallavi,Pau,Male,1989-12-10,36,2019-04-15,7,IT,Data Engineer,G4,MGR076,Bangalore,Contract,1435530,8,Diploma,Single,Active,
EMP02327,Ijaya Halder,Ijaya,Halder,Male,1979-10-09,46,2016-05-11,10,Operations,Supply Chain Analyst,G3,MGR076,Bangalore,Full-Time,973183,10,Bachelor's,Married,Active,
EMP02328,Ekani Padmanabhan,Ekani,Padmanabhan,Male,1976-08-24,49,2020-02-26,6,Marketing,SEO Analyst,G1,MGR030,Bangalore,Contract,394814,11,Bachelor's,Married,Resigned,2025-03-16
EMP02329,Arjun Mody,Arjun,Mody,Female,1986-04-10,40,2017-05-30,9,Operations,Operations Executive,G5,MGR094,Mumbai,Full-Time,1847478,14,PhD,Single,Active,
EMP02330,Omkaar Palla,Omkaar,Palla,Female,2003-10-13,22,2020-09-22,5,Marketing,Digital Marketing Specialist,G5,MGR099,Hyderabad,Contract,2284559,1,Bachelor's,Single,Active,
EMP02331,Riya Dhingra,Riya,Dhingra,Male,1972-02-16,54,2020-11-22,5,HR,Talent Acquisition Specialist,G5,MGR001,Pune,Full-Time,2444840,5,Bachelor's,Married,Active,
EMP02332,Ridhi Basu,Ridhi,Basu,Female,1987-11-17,38,2020-10-07,5,Finance,Financial Analyst,G5,MGR039,Delhi,Contract,2262831,9,PhD,Married,Active,
EMP02333,Vivaan Iyengar,Vivaan,Iyengar,Female,1977-06-30,49,2018-08-19,7,Marketing,Marketing Executive,G4,MGR094,Bangalore,Contract,1140929,10,PhD,Married,Active,
EMP02334,Kashvi Dugal,Kashvi,Dugal,Male,1981-01-12,45,2022-02-18,4,HR,HR Executive,G4,MGR045,Delhi,Contract,1169018,5,Bachelor's,Married,Active,
EMP02335,Frederick Chowdhury,Frederick,Chowdhury,Female,1977-05-27,49,2015-12-23,10,Operations,Operations Executive,G3,MGR050,Delhi,Full-Time,976070,14,PhD,Married,Active,
EMP02336,Chatura Kibe,Chatura,Kibe,Male,2000-06-07,26,2021-12-02,4,Marketing,Digital Marketing Specialist,G4,MGR043,Mumbai,Contract,1134832,5,PhD,Married,Active,
EMP02337,Manbir Mani,Manbir,Mani,Male,1999-06-06,27,2019-01-07,7,Operations,Operations Manager,G3,MGR079,Hyderabad,Contract,758506,6,PhD,Single,Resigned,2019-02-18
EMP02338,Hemal Choudhry,Hemal,Choudhry,Male,2001-04-15,25,2015-07-24,11,Marketing,Marketing Executive,G3,MGR024,Pune,Full-Time,964407,4,Bachelor's,Single,Active,
EMP02339,Dalaja Sengupta,Dalaja,Sengupta,Female,1990-10-27,35,2020-05-01,6,Operations,Supply Chain Analyst,G2,MGR036,Mumbai,Full-Time,545233,10,Master's,Single,Active,
EMP02340,Urishilla Bajaj,Urishilla,Bajaj,Male,1986-07-07,40,2019-04-12,7,Sales,Business Development Executive,G1,MGR081,Chennai,Contract,448825,8,Diploma,Single,Active,
EMP02341,Garima Kadakia,Garima,Kadakia,Male,1977-04-26,49,2015-02-03,11,HR,HR Executive,G3,MGR001,Pune,Contract,990218,13,PhD,Single,Active,
EMP02342,Siddharth Jani,Siddharth,Jani,Female,1982-12-15,43,2023-05-18,3,Sales,Sales Executive,G3,MGR034,Bangalore,Contract,871073,7,Master's,Single,Active,
EMP02343,Aarna Subramanian,Aarna,Subramanian,Female,1966-11-02,59,2021-11-24,4,Sales,Sales Manager,G3,MGR082,Delhi,Full-Time,911235,8,Bachelor's,Single,Active,
EMP02344,Lohit Badami,Lohit,Badami,Male,1982-09-22,43,2025-05-17,1,Operations,Operations Manager,G5,MGR009,Pune,Full-Time,2101238,1,Master's,Married,Active,
EMP02345,Krisha Vyas,Krisha,Vyas,Male,2001-01-08,25,2020-08-15,5,Finance,Finance Manager,G1,MGR011,Bangalore,Contract,344751,4,Bachelor's,Single,Resigned,2020-12-28
EMP02346,Aadhya Garde,Aadhya,Garde,Female,1985-05-14,41,2018-10-25,7,Finance,Finance Manager,G2,MGR021,Hyderabad,Full-Time,523420,9,Master's,Single,Resigned,2019-04-29
EMP02347,Bhanumati Iyer,Bhanumati,Iyer,Female,1982-11-03,43,2020-05-10,6,Operations,Supply Chain Analyst,G3,MGR096,Hyderabad,Full-Time,851294,9,Diploma,Married,Active,
EMP02348,Anika Bera,Anika,Bera,Male,1994-11-21,31,2023-10-06,2,Marketing,SEO Analyst,G5,MGR013,Chennai,Full-Time,2483730,2,PhD,Married,Active,
EMP02349,Udyati Anand,Udyati,Anand,Male,1990-09-08,35,2022-08-07,3,Operations,Operations Manager,G3,MGR040,Chennai,Full-Time,750319,8,Bachelor's,Single,Active,
EMP02350,Ekalinga Rama,Ekalinga,Rama,Female,1992-10-22,33,2021-01-26,5,HR,Talent Acquisition Specialist,G2,MGR100,Delhi,Contract,635620,9,PhD,Married,Active,
EMP02351,Anika Parsa,Anika,Parsa,Female,1980-09-21,45,2019-04-03,7,Finance,Finance Manager,G1,MGR003,Bangalore,Contract,426198,8,Master's,Single,Active,
EMP02352,Hritik Bahl,Hritik,Bahl,Female,1974-12-27,51,2023-08-03,3,Sales,Business Development Executive,G4,MGR064,Pune,Contract,1344584,5,Bachelor's,Single,Active,
EMP02353,Brinda Raju,Brinda,Raju,Female,1999-06-09,27,2021-11-13,4,IT,DevOps Engineer,G4,MGR089,Mumbai,Contract,1496295,6,Master's,Single,Active,
EMP02354,Vihaan Rai,Vihaan,Rai,Female,1985-12-07,40,2016-05-26,10,IT,Software Engineer,G1,MGR043,Delhi,Contract,332261,13,PhD,Single,Active,
EMP02355,Yashoda Chaudhary,Yashoda,Chaudhary,Female,1975-10-14,50,2022-06-09,4,IT,Data Engineer,G5,MGR018,Mumbai,Contract,2007255,6,PhD,Married,Active,
EMP02356,Diya Sundaram,Diya,Sundaram,Male,1975-01-06,51,2018-11-04,7,Finance,Finance Manager,G4,MGR013,Hyderabad,Contract,1162015,7,Master's,Married,Active,
EMP02357,Gaurang Grewal,Gaurang,Grewal,Female,1971-10-21,54,2017-08-31,8,HR,Talent Acquisition Specialist,G3,MGR045,Chennai,Full-Time,895496,13,Master's,Married,Active,
EMP02358,Rushil Tella,Rushil,Tella,Female,2002-05-12,24,2020-06-21,6,Finance,Finance Manager,G1,MGR053,Hyderabad,Full-Time,471342,3,Master's,Single,Active,
EMP02359,Tanvi Bains,Tanvi,Bains,Female,1972-07-09,54,2017-09-03,8,HR,Talent Acquisition Specialist,G3,MGR001,Bangalore,Full-Time,932804,12,Diploma,Married,Active,
EMP02360,Balveer Kota,Balveer,Kota,Female,1993-06-03,33,2023-01-13,3,IT,Data Engineer,G4,MGR076,Hyderabad,Full-Time,1350979,8,Diploma,Married,Active,
EMP02361,Dalaja Nath,Dalaja,Nath,Female,1966-11-15,59,2020-10-23,5,Operations,Operations Executive,G4,MGR037,Bangalore,Contract,1492217,7,Diploma,Married,Active,
EMP02362,Vrishti Ramaswamy,Vrishti,Ramaswamy,Female,1969-07-10,57,2015-03-21,11,IT,DevOps Engineer,G3,MGR085,Pune,Full-Time,716378,12,Diploma,Married,Active,
EMP02363,Naksh Badami,Naksh,Badami,Female,1990-10-11,35,2015-05-17,11,Sales,Business Development Executive,G4,MGR077,Mumbai,Contract,1367383,13,Diploma,Married,Resigned,2021-04-09
EMP02364,Indira Pant,Indira,Pant,Male,1969-12-05,56,2023-05-27,3,Finance,Finance Manager,G2,MGR071,Chennai,Contract,674216,5,PhD,Single,Active,
EMP02365,Chasmum Keer,Chasmum,Keer,Male,2000-06-18,26,2019-10-21,6,Sales,Sales Executive,G3,MGR091,Chennai,Contract,886670,5,PhD,Single,Active,
EMP02366,Yachana Majumdar,Yachana,Majumdar,Male,1988-12-14,37,2021-01-14,5,HR,HR Manager,G1,MGR030,Bangalore,Full-Time,356002,5,Diploma,Single,Active,
EMP02367,David Kurian,David,Kurian,Male,1992-01-29,34,2020-04-01,6,Finance,Accountant,G4,MGR040,Chennai,Full-Time,1333055,11,PhD,Single,Active,
EMP02368,Lila Balan,Lila,Balan,Female,1984-10-23,41,2023-08-15,2,IT,Data Engineer,G5,MGR026,Delhi,Full-Time,1523432,5,PhD,Single,Active,
EMP02369,Ati Kar,Ati,Kar,Female,2002-11-02,23,2019-02-03,7,Marketing,Marketing Executive,G4,MGR004,Chennai,Full-Time,1432203,2,Bachelor's,Married,Active,
EMP02370,Max Om,Max,Om,Female,2001-04-29,25,2021-08-18,4,Finance,Finance Manager,G1,MGR065,Chennai,Contract,337090,4,Diploma,Single,Active,
EMP02371,Maya Devan,Maya,Devan,Male,1973-10-19,52,2023-12-08,2,HR,HR Executive,G3,MGR042,Mumbai,Contract,787236,5,Diploma,Married,Active,
EMP02372,Gagan Raja,Gagan,Raja,Male,2002-10-24,23,2018-09-26,7,Marketing,Digital Marketing Specialist,G4,MGR098,Bangalore,Contract,1397527,2,Master's,Married,Resigned,2023-03-01
EMP02373,Utkarsh Sahni,Utkarsh,Sahni,Male,1973-02-11,53,2019-03-16,7,Operations,Operations Manager,G3,MGR010,Pune,Full-Time,850161,7,Master's,Single,Active,
EMP02374,Wridesh Dua,Wridesh,Dua,Female,1973-06-01,53,2020-09-24,5,IT,Data Engineer,G2,MGR027,Chennai,Full-Time,515188,9,Bachelor's,Married,Active,
EMP02375,Pooja Muni,Pooja,Muni,Female,1988-01-05,38,2018-05-17,8,IT,QA Engineer,G3,MGR011,Bangalore,Contract,960390,11,Bachelor's,Single,Resigned,2026-02-10
EMP02376,Forum Sen,Forum,Sen,Female,1994-09-10,31,2020-11-09,5,HR,HR Executive,G2,MGR035,Pune,Full-Time,584841,6,Bachelor's,Married,Active,
EMP02377,Karan Jhaveri,Karan,Jhaveri,Male,1982-06-17,44,2015-02-16,11,HR,HR Executive,G5,MGR100,Hyderabad,Contract,2005081,11,PhD,Single,Active,
EMP02378,Lakshit Jain,Lakshit,Jain,Male,1983-12-03,42,2022-06-02,4,Operations,Operations Manager,G4,MGR070,Mumbai,Contract,1056836,5,Bachelor's,Married,Active,
EMP02379,Lakshit More,Lakshit,More,Female,1994-05-07,32,2020-05-31,6,Operations,Operations Executive,G4,MGR013,Hyderabad,Full-Time,1097277,7,Master's,Married,Active,
EMP02380,Krishna Sani,Krishna,Sani,Female,1969-08-15,57,2020-08-14,5,Sales,Business Development Executive,G2,MGR029,Delhi,Full-Time,511722,6,Master's,Married,Active,
EMP02381,Maanav Dugar,Maanav,Dugar,Female,1992-07-30,34,2019-10-25,6,Sales,Sales Manager,G1,MGR079,Pune,Contract,454356,10,Master's,Single,Active,
EMP02382,Eesha Bir,Eesha,Bir,Male,1982-05-11,44,2023-10-19,2,Finance,Finance Manager,G1,MGR093,Delhi,Contract,447995,3,Diploma,Single,Active,
EMP02383,Jagat Gour,Jagat,Gour,Female,2001-07-13,25,2022-06-04,4,IT,QA Engineer,G4,MGR007,Pune,Full-Time,1357919,4,Diploma,Single,Active,
EMP02384,Eesha Dhingra,Eesha,Dhingra,Male,1990-12-31,35,2019-05-22,7,Sales,Sales Executive,G4,MGR023,Pune,Contract,1145370,9,Diploma,Single,Active,
EMP02385,Ayushman Nagar,Ayushman,Nagar,Female,1997-09-07,28,2016-07-21,10,Finance,Accountant,G4,MGR001,Mumbai,Full-Time,1417275,7,PhD,Single,Active,
EMP02386,Odika Sabharwal,Odika,Sabharwal,Female,1981-06-16,45,2023-11-21,2,Finance,Finance Manager,G1,MGR078,Mumbai,Full-Time,337110,2,Bachelor's,Married,Active,
EMP02387,Chavvi Savant,Chavvi,Savant,Male,1965-03-11,61,2019-07-31,7,Finance,Financial Analyst,G2,MGR011,Hyderabad,Contract,585530,12,Master's,Married,Active,
EMP02388,Anusha Doshi,Anusha,Doshi,Female,1970-06-24,56,2015-04-17,11,HR,Talent Acquisition Specialist,G1,MGR007,Pune,Full-Time,379759,15,Bachelor's,Single,Active,
EMP02389,Raghav Chhabra,Raghav,Chhabra,Female,1981-06-29,45,2020-10-03,5,Operations,Supply Chain Analyst,G4,MGR075,Pune,Full-Time,1296884,8,PhD,Single,Active,
EMP02390,Karan Goyal,Karan,Goyal,Female,1968-08-27,57,2024-08-11,1,Sales,Business Development Executive,G1,MGR005,Bangalore,Contract,350396,4,PhD,Single,Resigned,2024-08-31
EMP02391,Amara Kashyap,Amara,Kashyap,Female,1968-04-22,58,2016-06-14,10,Finance,Finance Manager,G4,MGR043,Pune,Contract,1002523,10,Bachelor's,Married,Active,
EMP02392,Vincent Kashyap,Vincent,Kashyap,Female,1982-04-12,44,2021-04-07,5,Finance,Accountant,G5,MGR098,Hyderabad,Contract,1975576,5,PhD,Single,Active,
EMP02393,Atharv Parmer,Atharv,Parmer,Female,1975-01-26,51,2018-06-24,8,Finance,Finance Manager,G5,MGR092,Hyderabad,Full-Time,2337852,9,PhD,Single,Active,
EMP02394,Fariq Sood,Fariq,Sood,Male,1972-12-10,53,2017-12-18,8,Marketing,Digital Marketing Specialist,G4,MGR097,Hyderabad,Contract,1174761,9,Diploma,Single,Active,
EMP02395,Krish Thakkar,Krish,Thakkar,Female,1988-12-04,37,2024-08-18,1,IT,QA Engineer,G3,MGR093,Mumbai,Full-Time,930051,1,Diploma,Married,Active,
EMP02396,Upasna Prakash,Upasna,Prakash,Female,2002-11-29,23,2018-03-31,8,HR,HR Manager,G1,MGR077,Chennai,Contract,419279,2,Master's,Married,Active,
EMP02397,Qarin Ram,Qarin,Ram,Male,1969-09-20,56,2016-03-16,10,IT,DevOps Engineer,G5,MGR051,Bangalore,Contract,1995616,12,Master's,Married,Active,
EMP02398,Vyanjana Som,Vyanjana,Som,Female,1971-09-22,54,2020-09-27,5,Marketing,Digital Marketing Specialist,G2,MGR050,Delhi,Full-Time,543625,9,Master's,Married,Resigned,2021-11-28
EMP02399,Nihal Hans,Nihal,Hans,Male,1999-01-05,27,2017-04-12,9,Marketing,Marketing Executive,G5,MGR034,Delhi,Contract,2032121,6,Master's,Married,Active,
EMP02400,Upkaar Bali,Upkaar,Bali,Female,1981-12-31,44,2023-02-11,3,Marketing,SEO Analyst,G5,MGR084,Delhi,Contract,1690836,3,Bachelor's,Single,Resigned,2024-11-06
EMP02401,Alexander Madan,Alexander,Madan,Female,1966-07-08,60,2022-01-03,4,Sales,Sales Manager,G4,MGR077,Bangalore,Contract,1230179,8,Bachelor's,Married,Active,
EMP02402,Nitara Kapadia,Nitara,Kapadia,Male,1987-04-18,39,2020-04-02,6,Marketing,Marketing Executive,G4,MGR086,Pune,Full-Time,1036573,9,Bachelor's,Married,Active,
EMP02403,Samaksh Jayaraman,Samaksh,Jayaraman,Female,1972-09-25,53,2017-02-06,9,Operations,Operations Executive,G4,MGR084,Mumbai,Contract,1282926,10,Bachelor's,Single,Active,
EMP02404,Dominic Goel,Dominic,Goel,Male,1967-05-01,59,2023-11-01,2,HR,HR Executive,G5,MGR030,Bangalore,Contract,2118016,5,Diploma,Married,Active,
EMP02405,Reva Suri,Reva,Suri,Male,2002-06-08,24,2024-07-06,2,Sales,Business Development Executive,G3,MGR088,Pune,Contract,818785,3,Master's,Single,Active,
EMP02406,Ekta Shankar,Ekta,Shankar,Female,1989-02-13,37,2024-11-13,1,Sales,Sales Manager,G2,MGR040,Pune,Full-Time,656968,4,Master's,Single,Active,
EMP02407,Yatin Sane,Yatin,Sane,Male,1966-06-25,60,2023-10-23,2,Sales,Sales Manager,G3,MGR072,Bangalore,Contract,978429,7,PhD,Married,Active,
EMP02408,Nidhi Barman,Nidhi,Barman,Male,1990-12-16,35,2022-01-31,4,Marketing,Marketing Executive,G3,MGR047,Bangalore,Contract,787408,4,Diploma,Married,Active,
EMP02409,Lajita Munshi,Lajita,Munshi,Female,1983-05-27,43,2023-07-11,3,Finance,Accountant,G3,MGR004,Hyderabad,Contract,874599,8,PhD,Married,Active,
EMP02410,Meera Yadav,Meera,Yadav,Male,1966-11-20,59,2017-07-25,9,Operations,Supply Chain Analyst,G2,MGR016,Mumbai,Full-Time,544245,11,Diploma,Single,Active,
EMP02411,Balvan Verma,Balvan,Verma,Female,1990-02-17,36,2019-07-02,7,Sales,Sales Executive,G5,MGR074,Delhi,Full-Time,2313365,12,PhD,Married,Active,
EMP02412,Ikbal Seth,Ikbal,Seth,Female,1974-02-08,52,2024-04-07,2,Operations,Operations Executive,G3,MGR040,Chennai,Contract,782578,2,Bachelor's,Single,Active,
EMP02413,Tanmayi Basak,Tanmayi,Basak,Female,1978-11-23,47,2018-05-15,8,IT,DevOps Engineer,G1,MGR025,Mumbai,Full-Time,361460,13,Diploma,Single,Active,
EMP02414,Yatan Venkataraman,Yatan,Venkataraman,Male,1973-01-08,53,2020-11-28,5,Sales,Sales Manager,G3,MGR020,Pune,Full-Time,741569,5,Diploma,Single,Active,
EMP02415,Meghana Baral,Meghana,Baral,Female,1981-03-10,45,2018-05-03,8,Finance,Financial Analyst,G1,MGR036,Chennai,Contract,404424,12,Bachelor's,Single,Active,
EMP02416,Lila Varty,Lila,Varty,Female,1983-03-16,43,2019-08-28,6,HR,HR Manager,G3,MGR100,Pune,Contract,709388,7,PhD,Married,Active,
EMP02417,Chandran Gupta,Chandran,Gupta,Male,2002-01-07,24,2015-07-28,11,HR,Talent Acquisition Specialist,G4,MGR062,Chennai,Contract,1029046,3,Bachelor's,Single,Active,
EMP02418,Bishakha Sarraf,Bishakha,Sarraf,Female,1987-10-10,38,2025-09-05,0,Sales,Sales Executive,G2,MGR072,Mumbai,Contract,680563,4,Diploma,Married,Active,
EMP02419,Mitali Modi,Mitali,Modi,Male,2003-10-11,22,2017-11-29,8,Finance,Financial Analyst,G5,MGR030,Mumbai,Contract,1660986,1,Diploma,Married,Active,
EMP02420,Bhavika Shenoy,Bhavika,Shenoy,Female,1987-06-09,39,2022-11-22,3,IT,QA Engineer,G4,MGR013,Bangalore,Full-Time,1003652,8,PhD,Married,Active,
EMP02421,Ojas Sami,Ojas,Sami,Female,1995-01-09,31,2016-06-25,10,IT,QA Engineer,G2,MGR010,Chennai,Full-Time,591854,10,Diploma,Single,Active,
EMP02422,Chaitaly Bhagat,Chaitaly,Bhagat,Female,1970-09-01,55,2017-09-02,8,HR,Talent Acquisition Specialist,G2,MGR058,Pune,Contract,648138,12,Bachelor's,Married,Active,
EMP02423,Zansi Dhar,Zansi,Dhar,Male,1991-08-15,34,2025-03-14,1,IT,Data Engineer,G5,MGR081,Bangalore,Contract,2483468,1,Diploma,Married,Active,
EMP02424,Ubika Seth,Ubika,Seth,Female,1968-09-26,57,2018-03-02,8,Marketing,Marketing Executive,G1,MGR043,Hyderabad,Contract,422328,10,Master's,Single,Active,
EMP02425,Gautam Tella,Gautam,Tella,Female,2002-02-01,24,2017-09-02,8,Marketing,Digital Marketing Specialist,G2,MGR017,Bangalore,Full-Time,601050,3,Bachelor's,Single,Active,
EMP02426,Isaiah Gole,Isaiah,Gole,Female,1997-08-22,28,2020-01-16,6,HR,Talent Acquisition Specialist,G4,MGR060,Hyderabad,Full-Time,1371342,7,Master's,Single,Active,
EMP02427,Krishna Ramaswamy,Krishna,Ramaswamy,Male,1993-03-31,33,2024-11-27,1,Finance,Financial Analyst,G5,MGR060,Chennai,Contract,2440295,5,PhD,Married,Active,
EMP02428,Odika Naik,Odika,Naik,Female,1983-03-21,43,2023-06-10,3,Operations,Operations Manager,G2,MGR087,Delhi,Full-Time,635928,3,Diploma,Single,Active,
EMP02429,Shravya Bakshi,Shravya,Bakshi,Male,1993-09-28,32,2018-04-30,8,HR,HR Manager,G4,MGR054,Pune,Full-Time,1304706,11,Master's,Single,Active,
EMP02430,Praneel Setty,Praneel,Setty,Female,1996-05-10,30,2018-12-22,7,Sales,Sales Executive,G4,MGR017,Bangalore,Full-Time,1217684,9,PhD,Single,Active,
EMP02431,Saksham Sha,Saksham,Sha,Female,1991-08-23,34,2016-09-21,9,IT,Data Analyst,G4,MGR077,Mumbai,Full-Time,1409935,12,Diploma,Married,Resigned,2018-04-04
EMP02432,Zashil Naik,Zashil,Naik,Male,1969-07-01,57,2022-08-12,3,Finance,Accountant,G4,MGR014,Delhi,Full-Time,1126734,4,Bachelor's,Single,Active,
EMP02433,Nihal Dasgupta,Nihal,Dasgupta,Male,1976-08-08,50,2020-07-05,6,Finance,Financial Analyst,G5,MGR002,Pune,Full-Time,2326235,10,Master's,Single,Resigned,2021-04-14
EMP02434,Ishaan Sengupta,Ishaan,Sengupta,Male,1974-10-03,51,2025-12-23,0,Finance,Finance Manager,G5,MGR035,Hyderabad,Contract,2272760,0,Bachelor's,Single,Active,
EMP02435,Janani Chada,Janani,Chada,Female,1992-08-27,33,2019-09-06,6,Operations,Operations Manager,G4,MGR062,Pune,Contract,1412885,10,Diploma,Single,Active,
EMP02436,Leena Vaidya,Leena,Vaidya,Male,1998-04-10,28,2018-05-18,8,Sales,Business Development Executive,G2,MGR042,Pune,Full-Time,605561,7,Bachelor's,Single,Active,
EMP02437,Nathaniel Radhakrishnan,Nathaniel,Radhakrishnan,Male,1984-05-24,42,2018-05-16,8,Sales,Sales Manager,G1,MGR040,Bangalore,Full-Time,469062,8,PhD,Single,Active,
EMP02438,Lajita Bassi,Lajita,Bassi,Female,1979-04-09,47,2017-11-30,8,Operations,Operations Executive,G3,MGR083,Mumbai,Full-Time,792293,10,PhD,Single,Active,
EMP02439,Onkar Nayak,Onkar,Nayak,Male,1997-12-16,28,2019-11-09,6,Sales,Sales Manager,G3,MGR029,Chennai,Full-Time,999318,7,Bachelor's,Married,Active,
EMP02440,Mason Gaba,Mason,Gaba,Female,1979-05-02,47,2024-07-28,2,HR,Talent Acquisition Specialist,G5,MGR024,Delhi,Contract,2407150,2,PhD,Single,Active,
EMP02441,Maanav Gola,Maanav,Gola,Male,1976-02-18,50,2024-04-11,2,Marketing,Marketing Executive,G2,MGR003,Hyderabad,Full-Time,564559,2,Master's,Single,Active,
EMP02442,Charan Saini,Charan,Saini,Male,1967-04-07,59,2017-01-10,9,HR,HR Manager,G3,MGR023,Mumbai,Contract,753199,13,Master's,Single,Active,
EMP02443,Darika More,Darika,More,Female,1973-07-25,53,2023-01-05,3,Sales,Sales Executive,G1,MGR030,Bangalore,Full-Time,363367,5,Diploma,Married,Active,
EMP02444,Sanaya Mani,Sanaya,Mani,Male,2001-11-07,24,2016-06-24,10,Finance,Accountant,G1,MGR091,Pune,Contract,427788,3,Master's,Married,Active,
EMP02445,Pratyush Dalal,Pratyush,Dalal,Female,1993-06-11,33,2022-10-31,3,IT,Data Engineer,G2,MGR083,Delhi,Contract,539927,3,PhD,Married,Active,
EMP02446,Karan Jain,Karan,Jain,Male,1981-08-28,44,2024-02-13,2,Finance,Accountant,G2,MGR030,Chennai,Full-Time,584080,4,Diploma,Single,Active,
EMP02447,Aarush Kulkarni,Aarush,Kulkarni,Female,1965-12-16,60,2018-12-01,7,Operations,Supply Chain Analyst,G2,MGR089,Bangalore,Contract,691162,8,PhD,Single,Active,
EMP02448,Advik Shanker,Advik,Shanker,Female,2003-07-03,23,2023-06-26,3,Finance,Financial Analyst,G4,MGR016,Hyderabad,Contract,1497755,2,Bachelor's,Single,Resigned,2025-08-07
EMP02449,Wishi Ahluwalia,Wishi,Ahluwalia,Female,1976-01-14,50,2015-03-13,11,Sales,Sales Executive,G4,MGR010,Delhi,Contract,1070321,12,Bachelor's,Married,Active,
EMP02450,Wakeeta Khanna,Wakeeta,Khanna,Male,1985-07-22,41,2019-11-21,6,IT,Data Engineer,G1,MGR020,Pune,Contract,375802,6,PhD,Married,Active,
EMP02451,Teerth Soni,Teerth,Soni,Female,1991-09-21,34,2019-12-30,6,Sales,Sales Executive,G3,MGR088,Mumbai,Contract,799534,6,Diploma,Single,Active,
EMP02452,Sudiksha Rout,Sudiksha,Rout,Male,1977-10-06,48,2023-08-01,3,Sales,Business Development Executive,G1,MGR094,Mumbai,Full-Time,313121,7,Diploma,Single,Active,
EMP02453,Riya Buch,Riya,Buch,Female,1994-06-13,32,2016-04-14,10,Sales,Sales Executive,G5,MGR015,Hyderabad,Contract,2048408,11,Master's,Single,Active,
EMP02454,Abeer Konda,Abeer,Konda,Female,1983-11-11,42,2025-06-10,1,Marketing,Marketing Executive,G3,MGR085,Chennai,Contract,718446,4,PhD,Single,Active,
EMP02455,Arunima Johal,Arunima,Johal,Male,1988-07-04,38,2015-05-21,11,IT,DevOps Engineer,G2,MGR063,Mumbai,Full-Time,687311,13,Diploma,Married,Active,
EMP02456,Chandran Goyal,Chandran,Goyal,Male,1985-07-20,41,2017-05-13,9,Finance,Financial Analyst,G3,MGR060,Chennai,Full-Time,709302,12,Bachelor's,Single,Active,
EMP02457,Manbir Bhakta,Manbir,Bhakta,Female,1988-05-06,38,2023-07-11,3,Marketing,SEO Analyst,G5,MGR014,Delhi,Contract,1889261,6,Master's,Single,Active,
EMP02458,Ikshita Bansal,Ikshita,Bansal,Male,1976-09-03,49,2019-05-07,7,Sales,Sales Manager,G5,MGR056,Hyderabad,Contract,1537034,8,Master's,Single,Resigned,2020-07-31
EMP02459,Bachittar Misra,Bachittar,Misra,Female,1999-03-22,27,2020-07-05,6,IT,Software Engineer,G4,MGR046,Hyderabad,Full-Time,1159552,6,Master's,Married,Active,
EMP02460,Garima Chahal,Garima,Chahal,Female,1976-03-02,50,2025-05-21,1,IT,QA Engineer,G1,MGR084,Hyderabad,Full-Time,464054,3,Bachelor's,Single,Active,
EMP02461,Chandran Chopra,Chandran,Chopra,Male,1980-09-05,45,2020-12-07,5,Finance,Financial Analyst,G3,MGR031,Hyderabad,Contract,812159,5,Bachelor's,Single,Active,
EMP02462,Omaja Gokhale,Omaja,Gokhale,Male,1981-12-24,44,2020-07-21,6,Operations,Supply Chain Analyst,G4,MGR076,Mumbai,Contract,1056762,7,Master's,Married,Active,
EMP02463,Neel Mane,Neel,Mane,Male,1965-07-26,61,2024-07-22,2,IT,Data Analyst,G3,MGR018,Bangalore,Contract,730186,6,Master's,Single,Active,
EMP02464,Peter Shah,Peter,Shah,Female,1978-04-09,48,2021-08-13,4,IT,QA Engineer,G1,MGR073,Chennai,Full-Time,474537,7,PhD,Married,Active,
EMP02465,Jagvi Banik,Jagvi,Banik,Male,1988-05-06,38,2020-09-19,5,Sales,Sales Executive,G3,MGR013,Hyderabad,Full-Time,897922,7,Bachelor's,Married,Active,
EMP02466,Girik Mistry,Girik,Mistry,Male,1999-08-26,26,2022-07-12,4,IT,Software Engineer,G1,MGR011,Bangalore,Full-Time,452112,5,Bachelor's,Married,Active,
EMP02467,Ekantika Pillay,Ekantika,Pillay,Male,1965-10-18,60,2020-07-07,6,Operations,Supply Chain Analyst,G3,MGR057,Chennai,Contract,755761,6,Master's,Married,Active,
EMP02468,Ladli Bir,Ladli,Bir,Male,1987-12-20,38,2021-12-11,4,Sales,Business Development Executive,G2,MGR013,Chennai,Contract,594169,9,Bachelor's,Married,Active,
EMP02469,Prisha Bhattacharyya,Prisha,Bhattacharyya,Female,1993-05-06,33,2019-07-14,7,IT,Software Engineer,G2,MGR032,Pune,Full-Time,533395,8,Master's,Single,Active,
EMP02470,Brinda Sinha,Brinda,Sinha,Female,1985-04-05,41,2024-07-26,2,IT,Data Analyst,G3,MGR085,Bangalore,Full-Time,741320,6,Diploma,Single,Active,
EMP02471,Krish Dara,Krish,Dara,Male,1980-02-10,46,2015-10-12,10,Sales,Sales Manager,G4,MGR091,Chennai,Full-Time,1022777,12,Bachelor's,Single,Active,
EMP02472,Anvi Narayan,Anvi,Narayan,Female,1999-08-08,27,2018-02-02,8,Sales,Business Development Executive,G5,MGR075,Chennai,Contract,1535279,6,PhD,Single,Active,
EMP02473,Odika Vohra,Odika,Vohra,Female,1982-07-15,44,2021-11-09,4,Finance,Finance Manager,G3,MGR039,Mumbai,Full-Time,858726,4,Bachelor's,Married,Active,
EMP02474,Shaurya Kadakia,Shaurya,Kadakia,Male,1976-04-06,50,2021-01-07,5,Marketing,Digital Marketing Specialist,G2,MGR010,Mumbai,Contract,689841,5,PhD,Single,Active,
EMP02475,Dalbir Chopra,Dalbir,Chopra,Male,1975-02-26,51,2025-07-29,1,IT,Software Engineer,G5,MGR090,Mumbai,Contract,1533099,6,Diploma,Married,Active,
EMP02476,Gagan Sule,Gagan,Sule,Male,1995-01-13,31,2021-06-08,5,Sales,Sales Executive,G4,MGR004,Bangalore,Contract,1044705,9,Diploma,Single,Active,
EMP02477,Bhavna Sane,Bhavna,Sane,Male,1997-11-28,28,2018-07-15,8,Sales,Business Development Executive,G5,MGR039,Delhi,Contract,1649961,7,Bachelor's,Married,Active,
EMP02478,Edhitha Lad,Edhitha,Lad,Male,1974-11-21,51,2017-12-08,8,IT,Data Engineer,G1,MGR097,Pune,Full-Time,351905,12,Diploma,Married,Active,
EMP02479,Irya Dayal,Irya,Dayal,Female,1968-11-08,57,2022-10-27,3,Operations,Operations Executive,G2,MGR082,Pune,Contract,582539,7,Diploma,Married,Active,
EMP02480,Watika Venkatesh,Watika,Venkatesh,Male,1987-07-15,39,2019-01-19,7,Sales,Sales Executive,G5,MGR036,Pune,Contract,2281021,12,Diploma,Married,Active,
EMP02481,Widisha Tailor,Widisha,Tailor,Female,1988-08-15,37,2017-05-21,9,IT,Software Engineer,G2,MGR034,Bangalore,Contract,527411,14,Master's,Married,Active,
EMP02482,Pranit Kaul,Pranit,Kaul,Male,1985-07-14,41,2018-09-05,7,Operations,Operations Manager,G5,MGR007,Hyderabad,Contract,1781850,8,Bachelor's,Single,Resigned,2024-09-14
EMP02483,Bina Hari,Bina,Hari,Female,1976-11-29,49,2017-11-23,8,Marketing,SEO Analyst,G5,MGR068,Hyderabad,Full-Time,2143235,9,Bachelor's,Single,Active,
EMP02484,Aarav Dani,Aarav,Dani,Male,1982-08-21,43,2023-05-21,3,Marketing,Digital Marketing Specialist,G1,MGR081,Hyderabad,Contract,348712,4,Diploma,Married,Active,
EMP02485,Arjun Shroff,Arjun,Shroff,Male,1984-02-20,42,2023-07-07,3,Sales,Sales Manager,G2,MGR090,Delhi,Full-Time,517135,5,PhD,Married,Active,
EMP02486,Jacob Johal,Jacob,Johal,Male,1968-08-23,57,2015-04-20,11,Marketing,SEO Analyst,G4,MGR043,Bangalore,Contract,1337645,15,Bachelor's,Married,Active,
EMP02487,Oeshi Sachdev,Oeshi,Sachdev,Male,1982-06-06,44,2025-06-10,1,Finance,Accountant,G1,MGR057,Bangalore,Contract,373635,2,Master's,Married,Active,
EMP02488,Chakradev Nath,Chakradev,Nath,Female,1987-10-28,38,2017-10-30,8,Marketing,Marketing Executive,G4,MGR084,Mumbai,Contract,1006352,13,Diploma,Single,Resigned,2023-10-11
EMP02489,Simon Apte,Simon,Apte,Female,2000-10-17,25,2020-04-03,6,IT,Software Engineer,G4,MGR098,Mumbai,Contract,1254954,4,Master's,Single,Active,
EMP02490,Saksham Manda,Saksham,Manda,Male,1984-12-03,41,2020-12-01,5,IT,Software Engineer,G1,MGR014,Chennai,Contract,415959,7,Diploma,Married,Active,
EMP02491,Aachal Bir,Aachal,Bir,Male,1969-03-01,57,2018-01-02,8,Finance,Financial Analyst,G1,MGR043,Chennai,Contract,393499,10,Master's,Single,Active,
EMP02492,Darika Mital,Darika,Mital,Female,1994-10-08,31,2021-05-01,5,Operations,Operations Manager,G3,MGR021,Mumbai,Full-Time,896097,5,Diploma,Single,Active,
EMP02493,Yashawini Naik,Yashawini,Naik,Female,1975-12-09,50,2025-03-03,1,IT,Software Engineer,G3,MGR050,Delhi,Contract,794430,6,Bachelor's,Married,Active,
EMP02494,Abeer Comar,Abeer,Comar,Female,1994-01-19,32,2024-04-28,2,Sales,Sales Executive,G1,MGR028,Chennai,Contract,419126,7,Bachelor's,Married,Active,
EMP02495,Gauri Om,Gauri,Om,Male,1973-10-18,52,2023-11-22,2,Operations,Supply Chain Analyst,G3,MGR049,Bangalore,Full-Time,975802,5,Bachelor's,Married,Active,
EMP02496,Meghana Balakrishnan,Meghana,Balakrishnan,Female,1989-10-29,36,2020-01-31,6,Operations,Operations Executive,G3,MGR031,Bangalore,Full-Time,741020,9,PhD,Married,Active,
EMP02497,Parth Hari,Parth,Hari,Male,1984-04-23,42,2015-01-25,11,Finance,Financial Analyst,G5,MGR013,Hyderabad,Full-Time,2172225,11,PhD,Single,Active,
EMP02498,Ganga Nigam,Ganga,Nigam,Male,1982-06-07,44,2016-07-12,10,Finance,Accountant,G4,MGR076,Chennai,Full-Time,1365683,12,Master's,Married,Active,
EMP02499,Varenya Som,Varenya,Som,Male,2001-10-07,24,2021-08-24,4,Marketing,SEO Analyst,G5,MGR002,Pune,Contract,1969615,3,Master's,Married,Active,
EMP02500,Balendra Deshpande,Balendra,Deshpande,Male,1991-11-19,34,2023-01-17,3,HR,HR Manager,G2,MGR090,Pune,Contract,624632,8,Bachelor's,Married,Active,
EMP02501,Vasatika Dugal,Vasatika,Dugal,Male,1979-10-09,46,2015-04-08,11,Marketing,Marketing Executive,G4,MGR001,Pune,Full-Time,1028099,12,Diploma,Single,Active,
EMP02502,Triveni Yadav,Triveni,Yadav,Female,1968-04-24,58,2019-08-28,6,IT,QA Engineer,G4,MGR072,Bangalore,Contract,1100939,11,Diploma,Single,Resigned,2022-07-04
EMP02503,Turvi Sachdev,Turvi,Sachdev,Male,1965-01-20,61,2015-07-12,11,Operations,Supply Chain Analyst,G5,MGR018,Delhi,Full-Time,2036864,12,Master's,Married,Active,
EMP02504,Daksh Verma,Daksh,Verma,Male,1999-04-13,27,2022-08-18,3,Operations,Supply Chain Analyst,G5,MGR052,Hyderabad,Full-Time,2394118,4,Bachelor's,Single,Active,
EMP02505,Chandani Mutti,Chandani,Mutti,Female,1988-09-27,37,2016-05-26,10,Sales,Business Development Executive,G4,MGR081,Mumbai,Contract,1497385,10,Master's,Married,Active,
EMP02506,Anirudh Joshi,Anirudh,Joshi,Male,1970-09-03,55,2015-10-22,10,Marketing,SEO Analyst,G2,MGR003,Hyderabad,Full-Time,536623,14,PhD,Married,Active,
EMP02507,Garima Pandya,Garima,Pandya,Female,1967-11-01,58,2022-02-26,4,Operations,Supply Chain Analyst,G2,MGR020,Mumbai,Contract,507616,7,Diploma,Married,Active,
EMP02508,Dominic Dixit,Dominic,Dixit,Female,1987-09-25,38,2017-02-14,9,Finance,Finance Manager,G5,MGR009,Hyderabad,Contract,2119766,12,Master's,Single,Active,
EMP02509,Avni Balasubramanian,Avni,Balasubramanian,Male,1975-02-09,51,2023-10-07,2,Marketing,SEO Analyst,G1,MGR074,Delhi,Full-Time,486913,7,Master's,Single,Active,
EMP02510,Harinakshi Prashad,Harinakshi,Prashad,Male,1993-06-27,33,2024-01-11,2,Sales,Sales Manager,G1,MGR049,Chennai,Full-Time,345824,7,Master's,Married,Active,
EMP02511,Noah Ramachandran,Noah,Ramachandran,Male,1973-05-14,53,2018-07-06,8,HR,Talent Acquisition Specialist,G4,MGR033,Bangalore,Contract,1399303,10,Master's,Single,Active,
EMP02512,Rachit Dada,Rachit,Dada,Female,1999-05-25,27,2022-11-21,3,Operations,Supply Chain Analyst,G4,MGR015,Pune,Full-Time,1265969,6,Bachelor's,Single,Active,
EMP02513,Darika Murty,Darika,Murty,Female,1966-02-03,60,2021-10-14,4,Operations,Supply Chain Analyst,G1,MGR072,Hyderabad,Contract,384010,7,Master's,Married,Active,
EMP02514,Azad Magar,Azad,Magar,Male,1999-08-01,27,2022-03-07,4,Sales,Business Development Executive,G2,MGR068,Hyderabad,Full-Time,626217,4,Master's,Single,Active,
EMP02515,Odika Chadha,Odika,Chadha,Male,1996-12-29,29,2023-03-08,3,Finance,Financial Analyst,G2,MGR022,Pune,Contract,622673,7,PhD,Married,Active,
EMP02516,Watika Khanna,Watika,Khanna,Male,1971-07-17,55,2017-02-18,9,Finance,Finance Manager,G3,MGR069,Pune,Full-Time,737990,10,Master's,Married,Active,
EMP02517,Kamya Seth,Kamya,Seth,Female,1986-01-05,40,2023-08-19,2,HR,Talent Acquisition Specialist,G4,MGR074,Mumbai,Contract,1480746,7,Master's,Married,Active,
EMP02518,Chasmum Kalita,Chasmum,Kalita,Male,1976-06-07,50,2023-01-27,3,Sales,Sales Manager,G1,MGR009,Hyderabad,Full-Time,319265,7,PhD,Single,Active,
EMP02519,Chasmum Gill,Chasmum,Gill,Female,1971-08-29,54,2025-10-12,0,Finance,Financial Analyst,G4,MGR056,Pune,Full-Time,1452379,1,Master's,Married,Active,
EMP02520,Isaac Prasad,Isaac,Prasad,Male,1974-03-18,52,2017-05-01,9,IT,Software Engineer,G5,MGR047,Hyderabad,Full-Time,1545048,11,Bachelor's,Single,Active,
EMP02521,Baljiwan Jaggi,Baljiwan,Jaggi,Male,1987-12-08,38,2020-03-25,6,HR,HR Executive,G1,MGR061,Delhi,Full-Time,310306,8,Bachelor's,Married,Active,
EMP02522,George Sawhney,George,Sawhney,Female,1980-11-03,45,2023-07-21,3,Finance,Finance Manager,G3,MGR024,Pune,Contract,778300,8,Diploma,Single,Active,
EMP02523,Yashawini Bakshi,Yashawini,Bakshi,Male,1989-09-09,36,2018-04-23,8,HR,Talent Acquisition Specialist,G4,MGR087,Pune,Contract,1132846,12,PhD,Married,Active,
EMP02524,Vasudha Tella,Vasudha,Tella,Male,1993-03-24,33,2019-06-09,7,Finance,Accountant,G2,MGR094,Delhi,Contract,663762,7,Master's,Single,Active,
EMP02525,Mitesh Gupta,Mitesh,Gupta,Male,1965-10-28,60,2025-09-24,0,Finance,Accountant,G1,MGR015,Chennai,Contract,434550,2,Master's,Single,Active,
EMP02526,Harini Sule,Harini,Sule,Male,1974-05-01,52,2022-09-27,3,IT,Software Engineer,G2,MGR002,Hyderabad,Full-Time,609665,4,Bachelor's,Married,Active,
EMP02527,Dayita Narang,Dayita,Narang,Male,1965-02-16,61,2022-11-29,3,HR,Talent Acquisition Specialist,G3,MGR082,Bangalore,Full-Time,774630,4,Master's,Single,Active,
EMP02528,Luke Chaudhari,Luke,Chaudhari,Female,1999-06-07,27,2021-06-05,5,HR,Talent Acquisition Specialist,G1,MGR015,Hyderabad,Contract,458897,5,Diploma,Married,Active,
EMP02529,Zaitra Deo,Zaitra,Deo,Female,1992-06-18,34,2019-04-29,7,Marketing,Digital Marketing Specialist,G3,MGR032,Mumbai,Full-Time,704849,7,Master's,Married,Resigned,2021-01-25
EMP02530,Balhaar Sharaf,Balhaar,Sharaf,Male,1965-11-06,60,2019-05-15,7,IT,DevOps Engineer,G4,MGR075,Hyderabad,Full-Time,1138361,12,Master's,Married,Active,
EMP02531,Lila Vig,Lila,Vig,Female,1989-10-11,36,2015-04-23,11,IT,Data Engineer,G1,MGR053,Bangalore,Full-Time,428398,14,PhD,Single,Active,
EMP02532,Jack Agrawal,Jack,Agrawal,Male,1978-04-08,48,2016-01-28,10,IT,Data Engineer,G1,MGR003,Delhi,Contract,383322,11,PhD,Single,Active,
EMP02533,Deepa Basu,Deepa,Basu,Male,1970-06-25,56,2018-09-13,7,HR,Talent Acquisition Specialist,G3,MGR021,Delhi,Full-Time,895285,9,Bachelor's,Single,Active,
EMP02534,Gagan Nath,Gagan,Nath,Male,1985-06-16,41,2022-04-07,4,Sales,Business Development Executive,G3,MGR045,Bangalore,Full-Time,823213,6,PhD,Married,Active,
EMP02535,Unni Batra,Unni,Batra,Female,1998-06-21,28,2024-10-05,1,Operations,Operations Executive,G5,MGR006,Pune,Full-Time,1881820,4,Master's,Single,Active,
EMP02536,Harshil Verma,Harshil,Verma,Female,1987-09-22,38,2022-09-10,3,Sales,Sales Executive,G4,MGR091,Chennai,Full-Time,1233476,8,Diploma,Single,Active,
EMP02537,Devika Bajaj,Devika,Bajaj,Female,1977-05-25,49,2020-12-17,5,Marketing,Marketing Executive,G2,MGR033,Bangalore,Full-Time,505209,5,PhD,Single,Active,
EMP02538,Devika Kadakia,Devika,Kadakia,Female,1968-01-10,58,2023-12-18,2,Finance,Accountant,G2,MGR029,Bangalore,Contract,659685,4,Master's,Single,Active,
EMP02539,Ekani Iyer,Ekani,Iyer,Female,1990-04-12,36,2019-07-25,7,Sales,Sales Manager,G4,MGR077,Chennai,Full-Time,1260007,7,Bachelor's,Married,Resigned,2021-03-14
EMP02540,Bhavini Malhotra,Bhavini,Malhotra,Male,1965-10-28,60,2022-12-12,3,Finance,Financial Analyst,G4,MGR019,Hyderabad,Contract,1215837,7,Diploma,Single,Resigned,2025-03-17
EMP02541,Eiravati Sastry,Eiravati,Sastry,Male,1989-08-25,36,2021-05-23,5,Finance,Finance Manager,G5,MGR005,Pune,Contract,1987330,6,Bachelor's,Single,Active,
EMP02542,Jacob Mahajan,Jacob,Mahajan,Male,1981-12-31,44,2022-12-15,3,Marketing,SEO Analyst,G4,MGR001,Chennai,Full-Time,1031870,3,PhD,Married,Active,
EMP02543,Manthan Dugar,Manthan,Dugar,Male,1970-10-30,55,2022-07-13,4,Marketing,SEO Analyst,G5,MGR067,Chennai,Full-Time,2431263,8,PhD,Married,Active,
EMP02544,Anusha Contractor,Anusha,Contractor,Male,1998-03-20,28,2016-04-23,10,Operations,Operations Executive,G5,MGR097,Delhi,Contract,2133652,7,Bachelor's,Married,Active,
EMP02545,Alexander Varkey,Alexander,Varkey,Female,1996-03-21,30,2019-06-02,7,IT,Data Analyst,G2,MGR087,Hyderabad,Contract,636543,7,Master's,Married,Active,
EMP02546,Harsh Jhaveri,Harsh,Jhaveri,Male,1989-07-01,37,2023-09-02,2,Finance,Accountant,G5,MGR051,Delhi,Full-Time,1990116,6,Diploma,Single,Active,
EMP02547,Inaya Nagar,Inaya,Nagar,Female,1991-05-08,35,2018-03-11,8,Marketing,SEO Analyst,G5,MGR094,Delhi,Contract,2390925,11,Master's,Married,Active,
EMP02548,Anika Dhaliwal,Anika,Dhaliwal,Female,2000-11-19,25,2018-06-22,8,Finance,Accountant,G1,MGR052,Chennai,Full-Time,418462,4,Bachelor's,Married,Active,
EMP02549,Bhanumati Konda,Bhanumati,Konda,Female,1977-10-11,48,2022-05-03,4,HR,HR Manager,G4,MGR046,Chennai,Full-Time,1435339,7,Diploma,Married,Active,
EMP02550,Onveer Bobal,Onveer,Bobal,Male,1992-06-02,34,2020-10-13,5,Finance,Finance Manager,G5,MGR007,Hyderabad,Contract,2276755,9,Master's,Married,Active,
EMP02551,Deepa Nigam,Deepa,Nigam,Male,1995-02-21,31,2020-07-28,6,Finance,Financial Analyst,G5,MGR049,Hyderabad,Contract,1575542,6,Master's,Single,Active,
EMP02552,Sachi Bedi,Sachi,Bedi,Male,1967-07-20,59,2019-12-19,6,Operations,Supply Chain Analyst,G1,MGR060,Hyderabad,Contract,480016,10,Bachelor's,Married,Active,
EMP02553,Kalpit Balakrishnan,Kalpit,Balakrishnan,Male,1987-01-25,39,2020-09-11,5,Marketing,Marketing Executive,G4,MGR021,Mumbai,Full-Time,1306115,8,Master's,Married,Active,
EMP02554,Urishilla Bedi,Urishilla,Bedi,Male,1983-05-04,43,2021-07-10,5,Marketing,SEO Analyst,G3,MGR071,Bangalore,Full-Time,768102,5,Bachelor's,Single,Active,
EMP02555,Hitesh Rajagopal,Hitesh,Rajagopal,Male,2001-11-05,24,2022-08-31,3,Sales,Sales Manager,G2,MGR059,Mumbai,Contract,541581,3,Diploma,Married,Active,
EMP02556,Chatura Chadha,Chatura,Chadha,Male,1976-10-10,49,2021-08-30,4,Operations,Operations Executive,G2,MGR017,Mumbai,Contract,536609,6,PhD,Single,Active,
EMP02557,Pooja Ramanathan,Pooja,Ramanathan,Female,1966-07-01,60,2021-07-24,5,HR,Talent Acquisition Specialist,G3,MGR048,Bangalore,Contract,864607,6,Bachelor's,Single,Active,
EMP02558,Praneel Sehgal,Praneel,Sehgal,Male,1986-02-04,40,2017-10-27,8,IT,Data Analyst,G4,MGR034,Bangalore,Contract,1162093,12,PhD,Single,Active,
EMP02559,Ishani Muni,Ishani,Muni,Male,1989-09-19,36,2021-04-27,5,HR,Talent Acquisition Specialist,G5,MGR082,Mumbai,Contract,1597773,10,PhD,Married,Active,
EMP02560,Gaurangi Hora,Gaurangi,Hora,Female,1969-08-21,56,2025-02-28,1,HR,HR Executive,G2,MGR084,Mumbai,Full-Time,641825,3,PhD,Married,Active,
EMP02561,Farhan Shroff,Farhan,Shroff,Female,1976-02-21,50,2022-07-12,4,IT,Data Engineer,G3,MGR042,Bangalore,Contract,893838,7,Bachelor's,Married,Active,
EMP02562,Karan Chander,Karan,Chander,Female,1984-03-25,42,2015-01-28,11,Sales,Sales Manager,G4,MGR069,Chennai,Contract,1402737,12,Bachelor's,Single,Active,
EMP02563,Upadhriti Chatterjee,Upadhriti,Chatterjee,Male,1990-11-12,35,2023-02-10,3,Marketing,Marketing Executive,G3,MGR005,Pune,Full-Time,915513,4,PhD,Married,Active,
EMP02564,Tamanna Mukherjee,Tamanna,Mukherjee,Male,1984-01-10,42,2024-12-23,1,Marketing,Marketing Executive,G2,MGR024,Mumbai,Full-Time,679739,3,PhD,Married,Resigned,2026-06-07
EMP02565,Udyati Singhal,Udyati,Singhal,Male,1982-12-18,43,2016-03-02,10,Sales,Business Development Executive,G1,MGR083,Hyderabad,Full-Time,413158,11,Master's,Single,Active,
EMP02566,Vincent Kapur,Vincent,Kapur,Male,1974-04-18,52,2021-07-20,5,HR,HR Manager,G3,MGR059,Hyderabad,Contract,717387,5,Diploma,Married,Active,
EMP02567,Maanas Kuruvilla,Maanas,Kuruvilla,Male,1989-09-23,36,2022-04-12,4,HR,Talent Acquisition Specialist,G2,MGR088,Mumbai,Full-Time,697894,9,Bachelor's,Married,Active,
EMP02568,Januja Ramanathan,Januja,Ramanathan,Male,1970-01-17,56,2015-01-11,11,Finance,Accountant,G1,MGR011,Mumbai,Full-Time,425929,13,Diploma,Single,Resigned,2018-02-23
EMP02569,Ganga Nair,Ganga,Nair,Male,1971-07-09,55,2020-09-23,5,HR,Talent Acquisition Specialist,G4,MGR096,Bangalore,Full-Time,1233031,8,Diploma,Married,Active,
EMP02570,Sudiksha Sura,Sudiksha,Sura,Female,1987-01-10,39,2023-03-31,3,Marketing,SEO Analyst,G4,MGR022,Chennai,Full-Time,1413813,3,PhD,Single,Active,
EMP02571,Ayushman Bhattacharyya,Ayushman,Bhattacharyya,Male,1968-07-20,58,2025-12-31,0,HR,HR Manager,G5,MGR007,Bangalore,Contract,2080288,5,PhD,Married,Active,
EMP02572,Vaishnavi Chowdhury,Vaishnavi,Chowdhury,Female,1971-03-01,55,2023-04-22,3,Finance,Financial Analyst,G4,MGR073,Hyderabad,Full-Time,1006889,4,PhD,Married,Active,
EMP02573,Indali Srinivas,Indali,Srinivas,Female,2001-08-18,24,2018-11-04,7,HR,HR Manager,G4,MGR058,Chennai,Contract,1114042,3,PhD,Married,Active,
EMP02574,Triya Garde,Triya,Garde,Female,1965-08-19,61,2019-12-14,6,IT,QA Engineer,G3,MGR041,Hyderabad,Contract,918404,8,Diploma,Married,Active,
EMP02575,Barkha Pall,Barkha,Pall,Female,1971-11-15,54,2021-02-13,5,Finance,Accountant,G4,MGR008,Chennai,Full-Time,1273915,9,Bachelor's,Married,Active,
EMP02576,Joshua Trivedi,Joshua,Trivedi,Male,1996-09-25,29,2022-03-22,4,Sales,Sales Manager,G1,MGR004,Pune,Contract,414700,6,PhD,Single,Active,
EMP02577,Harshil Ravi,Harshil,Ravi,Female,1966-06-30,60,2018-10-02,7,Sales,Business Development Executive,G4,MGR066,Pune,Full-Time,1284556,11,PhD,Married,Active,
EMP02578,Hredhaan Nanda,Hredhaan,Nanda,Female,1990-11-23,35,2024-05-25,2,Finance,Finance Manager,G1,MGR060,Chennai,Full-Time,337839,3,Bachelor's,Married,Active,
EMP02579,Ekavir Mittal,Ekavir,Mittal,Female,1975-09-09,50,2019-03-09,7,Operations,Supply Chain Analyst,G3,MGR052,Pune,Full-Time,743623,9,Diploma,Married,Active,
EMP02580,Triya Rattan,Triya,Rattan,Female,1965-02-15,61,2025-06-10,1,Operations,Operations Executive,G4,MGR089,Chennai,Contract,1000615,4,Diploma,Married,Active,
EMP02581,Odika Khare,Odika,Khare,Female,1985-12-18,40,2022-04-11,4,IT,Software Engineer,G4,MGR037,Pune,Contract,1433591,4,Bachelor's,Married,Resigned,2024-05-07
EMP02582,Nathan Subramaniam,Nathan,Subramaniam,Female,1997-11-02,28,2019-12-19,6,Marketing,Digital Marketing Specialist,G4,MGR020,Delhi,Contract,1366680,7,Diploma,Single,Active,
EMP02583,Leena Bhatti,Leena,Bhatti,Male,1969-02-09,57,2015-05-24,11,Marketing,Marketing Executive,G1,MGR061,Pune,Full-Time,477284,16,Master's,Single,Active,
EMP02584,Harini Joshi,Harini,Joshi,Male,1981-09-12,44,2015-07-16,11,HR,HR Manager,G3,MGR061,Mumbai,Full-Time,996404,12,Bachelor's,Single,Active,
EMP02585,Raagini Saran,Raagini,Saran,Male,1992-10-25,33,2025-02-08,1,Sales,Sales Manager,G5,MGR078,Hyderabad,Contract,2328957,4,PhD,Married,Active,
EMP02586,Hema Keer,Hema,Keer,Female,1979-06-01,47,2021-09-03,4,Operations,Operations Manager,G3,MGR098,Mumbai,Contract,833381,9,PhD,Married,Active,
EMP02587,Oscar Brahmbhatt,Oscar,Brahmbhatt,Male,1967-07-10,59,2018-02-26,8,IT,DevOps Engineer,G3,MGR045,Delhi,Full-Time,759247,13,Master's,Single,Resigned,2024-06-11
EMP02588,Vidhi Contractor,Vidhi,Contractor,Female,1969-03-03,57,2025-02-05,1,HR,HR Executive,G4,MGR100,Chennai,Full-Time,1491484,5,PhD,Married,Active,
EMP02589,Ubika Nanda,Ubika,Nanda,Female,1982-01-06,44,2020-12-25,5,IT,DevOps Engineer,G1,MGR041,Bangalore,Contract,438987,6,PhD,Married,Active,
EMP02590,Gunbir Saxena,Gunbir,Saxena,Male,2000-11-19,25,2019-01-27,7,Marketing,Digital Marketing Specialist,G5,MGR051,Chennai,Full-Time,2258736,4,Master's,Single,Active,
EMP02591,Patrick Morar,Patrick,Morar,Male,2001-10-05,24,2023-12-09,2,Finance,Finance Manager,G4,MGR037,Delhi,Full-Time,1089608,2,PhD,Married,Active,
EMP02592,Nidra Boase,Nidra,Boase,Male,1990-05-05,36,2021-12-03,4,Marketing,SEO Analyst,G4,MGR024,Bangalore,Contract,1109628,9,Master's,Single,Resigned,2022-11-05
EMP02593,Ladli Narang,Ladli,Narang,Male,1969-05-12,57,2025-02-08,1,IT,Software Engineer,G1,MGR067,Bangalore,Full-Time,483798,3,Master's,Married,Active,
EMP02594,Warda Bhat,Warda,Bhat,Female,1991-10-04,34,2017-06-29,9,HR,HR Executive,G2,MGR074,Hyderabad,Full-Time,593576,13,Bachelor's,Single,Active,
EMP02595,Gautam Kalla,Gautam,Kalla,Female,1997-06-11,29,2022-10-15,3,HR,Talent Acquisition Specialist,G3,MGR002,Pune,Full-Time,978854,6,PhD,Married,Active,
EMP02596,Liam Acharya,Liam,Acharya,Female,1994-09-23,31,2025-06-16,1,HR,HR Executive,G3,MGR038,Chennai,Full-Time,874001,6,PhD,Single,Active,
EMP02597,Manan Dixit,Manan,Dixit,Male,1967-11-19,58,2024-07-29,2,Finance,Financial Analyst,G3,MGR036,Hyderabad,Contract,983027,6,Diploma,Married,Active,
EMP02598,Sneha Wali,Sneha,Wali,Male,1985-06-10,41,2025-09-30,0,IT,DevOps Engineer,G5,MGR033,Delhi,Contract,2463485,5,Diploma,Married,Active,
EMP02599,Bishakha Ramakrishnan,Bishakha,Ramakrishnan,Female,1973-03-20,53,2020-08-06,5,Finance,Finance Manager,G1,MGR045,Mumbai,Full-Time,371152,9,PhD,Married,Active,
EMP02600,Sanya Hayre,Sanya,Hayre,Female,1991-06-15,35,2021-01-28,5,Marketing,Digital Marketing Specialist,G4,MGR038,Bangalore,Contract,1173352,9,Master's,Married,Active,
EMP02601,Samesh Nadig,Samesh,Nadig,Male,1975-07-28,51,2018-02-11,8,IT,Software Engineer,G5,MGR018,Delhi,Full-Time,2471195,8,Diploma,Married,Resigned,2020-08-30
EMP02602,Daksha Saran,Daksha,Saran,Female,1973-03-01,53,2022-10-19,3,Sales,Sales Manager,G1,MGR075,Mumbai,Contract,483053,3,Bachelor's,Single,Active,
EMP02603,Hemangini Chakraborty,Hemangini,Chakraborty,Female,2002-09-30,23,2025-12-17,0,Marketing,Digital Marketing Specialist,G3,MGR078,Mumbai,Contract,950880,2,PhD,Single,Resigned,2026-07-31
EMP02604,Abhiram Uppal,Abhiram,Uppal,Male,1981-02-26,45,2019-08-05,7,Marketing,Digital Marketing Specialist,G2,MGR017,Delhi,Full-Time,684877,10,PhD,Single,Active,
EMP02605,Netra Datta,Netra,Datta,Female,1992-07-06,34,2017-10-30,8,Marketing,Marketing Executive,G3,MGR014,Hyderabad,Full-Time,821669,9,Bachelor's,Married,Active,
EMP02606,Chaitaly Bhatia,Chaitaly,Bhatia,Female,1975-10-29,50,2017-10-13,8,IT,Data Analyst,G4,MGR023,Delhi,Contract,1353992,8,PhD,Single,Active,
EMP02607,Kala Bera,Kala,Bera,Female,1980-10-18,45,2019-09-10,6,HR,HR Executive,G1,MGR081,Pune,Full-Time,334094,11,Diploma,Married,Active,
EMP02608,Aadi Parmer,Aadi,Parmer,Male,1990-01-05,36,2025-02-20,1,Sales,Business Development Executive,G1,MGR054,Pune,Contract,403571,2,Master's,Married,Active,
EMP02609,Imaran Manda,Imaran,Manda,Female,1975-05-24,51,2018-12-19,7,Sales,Sales Manager,G3,MGR067,Pune,Full-Time,741893,10,Bachelor's,Married,Active,
EMP02610,Azaan Keer,Azaan,Keer,Male,1994-09-24,31,2020-11-13,5,Operations,Supply Chain Analyst,G4,MGR075,Pune,Contract,1226907,5,Master's,Married,Active,
EMP02611,Rachana Ramesh,Rachana,Ramesh,Female,1972-11-17,53,2021-01-07,5,Marketing,Marketing Executive,G5,MGR058,Pune,Contract,1800478,6,Diploma,Single,Active,
EMP02612,Eesha Raja,Eesha,Raja,Male,2002-09-02,23,2022-07-25,4,HR,Talent Acquisition Specialist,G5,MGR059,Pune,Full-Time,2082471,2,Bachelor's,Single,Active,
EMP02613,Nidra Raj,Nidra,Raj,Female,1982-02-13,44,2020-11-12,5,Sales,Sales Manager,G2,MGR096,Hyderabad,Contract,616002,8,PhD,Married,Active,
EMP02614,Radhika Kakar,Radhika,Kakar,Male,1988-09-27,37,2020-03-10,6,Operations,Operations Manager,G1,MGR032,Mumbai,Full-Time,489366,11,PhD,Married,Active,
EMP02615,Oscar Soman,Oscar,Soman,Female,1984-08-19,41,2025-11-16,0,IT,Software Engineer,G4,MGR086,Chennai,Full-Time,1095418,0,Master's,Married,Active,
EMP02616,Liam Guha,Liam,Guha,Female,1986-07-19,40,2017-09-21,8,Finance,Financial Analyst,G2,MGR084,Mumbai,Contract,550561,11,Diploma,Single,Active,
EMP02617,Leena Parsa,Leena,Parsa,Male,1980-03-27,46,2020-12-13,5,Finance,Finance Manager,G5,MGR028,Pune,Full-Time,1992638,8,Bachelor's,Single,Active,
EMP02618,Omisha Dube,Omisha,Dube,Female,2001-08-06,25,2025-05-14,1,Sales,Sales Executive,G3,MGR033,Pune,Full-Time,785572,1,Master's,Married,Active,
EMP02619,Bhavya Dass,Bhavya,Dass,Female,1988-05-19,38,2021-10-08,4,Operations,Supply Chain Analyst,G2,MGR058,Hyderabad,Full-Time,651741,7,Diploma,Single,Active,
EMP02620,Krish Apte,Krish,Apte,Male,1981-02-19,45,2023-11-05,2,Marketing,Digital Marketing Specialist,G3,MGR083,Hyderabad,Full-Time,909574,7,PhD,Married,Active,
EMP02621,Ekbal Babu,Ekbal,Babu,Male,1978-04-29,48,2025-10-23,0,Finance,Finance Manager,G3,MGR064,Delhi,Full-Time,926090,3,Bachelor's,Single,Active,
EMP02622,Maanas Sur,Maanas,Sur,Male,1995-12-11,30,2016-10-29,9,Finance,Finance Manager,G5,MGR046,Chennai,Contract,1846338,9,Diploma,Single,Active,
EMP02623,Rajeshri Deshpande,Rajeshri,Deshpande,Female,1972-04-02,54,2017-09-06,8,Operations,Supply Chain Analyst,G3,MGR075,Chennai,Contract,863989,11,PhD,Married,Active,
EMP02624,Frado Devan,Frado,Devan,Female,1966-01-29,60,2022-02-18,4,Marketing,SEO Analyst,G3,MGR008,Pune,Full-Time,808175,4,Bachelor's,Single,Active,
EMP02625,Ojasvi Shah,Ojasvi,Shah,Male,1996-02-15,30,2016-04-25,10,HR,Talent Acquisition Specialist,G5,MGR012,Hyderabad,Full-Time,2023028,9,Bachelor's,Single,Active,
EMP02626,Pavani Gole,Pavani,Gole,Male,1979-05-18,47,2024-12-28,1,Marketing,Marketing Executive,G1,MGR087,Pune,Full-Time,441777,2,Bachelor's,Single,Active,
EMP02627,Suhani Upadhyay,Suhani,Upadhyay,Male,1979-08-18,46,2019-07-12,7,Sales,Sales Executive,G2,MGR084,Hyderabad,Contract,666694,12,PhD,Single,Resigned,2023-02-18
EMP02628,Shivani Rajagopalan,Shivani,Rajagopalan,Female,1981-05-30,45,2021-10-26,4,Sales,Business Development Executive,G5,MGR060,Delhi,Contract,1885971,6,PhD,Married,Active,
EMP02629,Isha Kara,Isha,Kara,Female,1981-07-02,45,2015-04-15,11,Finance,Financial Analyst,G2,MGR081,Hyderabad,Full-Time,680441,11,Diploma,Married,Active,
EMP02630,Quincy Samra,Quincy,Samra,Female,2002-09-03,23,2018-03-18,8,IT,QA Engineer,G2,MGR045,Mumbai,Contract,663647,2,Master's,Single,Active,
EMP02631,Abhimanyu Tara,Abhimanyu,Tara,Male,1985-04-30,41,2025-01-10,1,Operations,Supply Chain Analyst,G5,MGR100,Pune,Contract,1671993,2,Master's,Single,Resigned,2026-07-31
EMP02632,Warjas Thaker,Warjas,Thaker,Male,1969-02-25,57,2018-05-11,8,Finance,Financial Analyst,G3,MGR041,Mumbai,Full-Time,855111,11,Diploma,Single,Active,
EMP02633,Amruta Roy,Amruta,Roy,Female,1999-04-27,27,2021-12-26,4,Finance,Financial Analyst,G2,MGR066,Delhi,Full-Time,506742,5,Diploma,Single,Active,
EMP02634,Jeevika Bandi,Jeevika,Bandi,Female,1995-08-25,30,2024-08-16,1,HR,HR Executive,G1,MGR095,Bangalore,Contract,344179,1,Bachelor's,Single,Resigned,2024-09-14
EMP02635,Vasudha Pillay,Vasudha,Pillay,Female,1975-06-24,51,2018-04-01,8,Operations,Operations Executive,G5,MGR012,Mumbai,Full-Time,1762683,8,Diploma,Married,Active,
EMP02636,Isaiah Subramaniam,Isaiah,Subramaniam,Male,1980-11-11,45,2020-05-12,6,Marketing,Digital Marketing Specialist,G5,MGR008,Delhi,Full-Time,2095783,10,PhD,Married,Active,
EMP02637,Fariq Dhar,Fariq,Dhar,Male,1971-11-26,54,2018-08-23,7,Finance,Financial Analyst,G1,MGR071,Chennai,Full-Time,322634,8,Bachelor's,Married,Active,
EMP02638,Ati Shroff,Ati,Shroff,Male,1976-10-02,49,2023-12-26,2,Marketing,SEO Analyst,G3,MGR009,Mumbai,Full-Time,947983,2,PhD,Single,Resigned,2026-03-08
EMP02639,Farhan Virk,Farhan,Virk,Female,1989-07-13,37,2019-08-31,6,IT,Data Analyst,G4,MGR038,Mumbai,Full-Time,1125418,10,Bachelor's,Single,Active,
EMP02640,Gaurang Korpal,Gaurang,Korpal,Male,1996-03-19,30,2022-12-08,3,HR,Talent Acquisition Specialist,G1,MGR006,Pune,Contract,358664,4,Master's,Single,Active,
EMP02641,Urmi Brahmbhatt,Urmi,Brahmbhatt,Male,1989-12-11,36,2021-02-10,5,Operations,Supply Chain Analyst,G1,MGR049,Delhi,Contract,451622,6,Master's,Single,Active,
EMP02642,Devika Bera,Devika,Bera,Male,1995-05-01,31,2021-06-16,5,Marketing,Marketing Executive,G5,MGR009,Delhi,Full-Time,1661564,5,Master's,Married,Resigned,2024-05-18
EMP02643,Advay Singh,Advay,Singh,Male,1969-03-22,57,2019-12-17,6,HR,HR Executive,G4,MGR081,Hyderabad,Contract,1461898,10,Master's,Single,Resigned,2023-10-27
EMP02644,Yauvani Singh,Yauvani,Singh,Male,1965-07-05,61,2024-08-16,1,Operations,Operations Executive,G5,MGR073,Pune,Full-Time,2445724,1,PhD,Married,Active,
EMP02645,Garima Sama,Garima,Sama,Male,1970-01-10,56,2017-09-06,8,Operations,Operations Executive,G2,MGR098,Mumbai,Contract,506009,10,Master's,Married,Active,
EMP02646,Ira Menon,Ira,Menon,Female,1968-06-09,58,2017-11-14,8,Marketing,Digital Marketing Specialist,G4,MGR008,Delhi,Contract,1180849,13,Master's,Single,Active,
EMP02647,Bimala Ganesh,Bimala,Ganesh,Female,1971-10-27,54,2017-07-15,9,IT,DevOps Engineer,G2,MGR051,Pune,Full-Time,530846,10,Diploma,Single,Active,
EMP02648,Balendra Modi,Balendra,Modi,Male,1979-02-25,47,2023-08-23,2,Operations,Operations Manager,G1,MGR098,Chennai,Contract,349273,7,Diploma,Married,Active,
EMP02649,Abha Bhat,Abha,Bhat,Female,1966-01-08,60,2015-02-25,11,Finance,Finance Manager,G5,MGR052,Chennai,Contract,1794582,11,Bachelor's,Single,Resigned,2025-11-09
EMP02650,Urvashi Gara,Urvashi,Gara,Male,1974-10-15,51,2022-09-27,3,Sales,Sales Executive,G1,MGR014,Delhi,Contract,429276,7,Diploma,Single,Active,
EMP02651,Charan Manne,Charan,Manne,Male,1977-04-22,49,2022-05-10,4,IT,QA Engineer,G4,MGR032,Mumbai,Full-Time,1103756,5,Bachelor's,Single,Active,
EMP02652,Avi Mangat,Avi,Mangat,Female,1980-02-23,46,2024-12-22,1,Marketing,Digital Marketing Specialist,G3,MGR090,Chennai,Full-Time,849586,5,Bachelor's,Single,Active,
EMP02653,Vedhika Butala,Vedhika,Butala,Male,2002-09-18,23,2021-06-24,5,Sales,Sales Executive,G2,MGR042,Chennai,Full-Time,637520,2,Master's,Married,Active,
EMP02654,Jonathan Tiwari,Jonathan,Tiwari,Male,1974-06-29,52,2021-12-15,4,IT,QA Engineer,G4,MGR004,Mumbai,Contract,1409847,4,Bachelor's,Single,Active,
EMP02655,Faraj Mall,Faraj,Mall,Male,1989-07-29,37,2022-12-19,3,Sales,Sales Executive,G4,MGR073,Delhi,Full-Time,1460342,5,Bachelor's,Single,Active,
EMP02656,Zayyan Deo,Zayyan,Deo,Male,1983-06-13,43,2017-11-11,8,Sales,Sales Manager,G5,MGR053,Hyderabad,Contract,1826317,9,PhD,Married,Resigned,2022-08-22
EMP02657,Anvi Kurian,Anvi,Kurian,Female,1969-05-29,57,2019-05-29,7,HR,HR Manager,G1,MGR005,Hyderabad,Full-Time,334149,7,PhD,Married,Active,
EMP02658,Akshay Choudhury,Akshay,Choudhury,Male,1990-10-19,35,2019-12-17,6,Sales,Sales Manager,G1,MGR034,Bangalore,Contract,331936,11,Diploma,Single,Active,
EMP02659,Owen Dora,Owen,Dora,Female,1976-05-09,50,2023-12-18,2,IT,Data Engineer,G4,MGR070,Pune,Contract,1093460,2,PhD,Single,Active,
EMP02660,Sanya Pingle,Sanya,Pingle,Female,1970-04-22,56,2016-02-22,10,Finance,Financial Analyst,G1,MGR049,Pune,Full-Time,351968,15,Bachelor's,Married,Active,
EMP02661,Parth Lal,Parth,Lal,Male,2000-02-10,26,2018-09-25,7,Finance,Financial Analyst,G3,MGR045,Bangalore,Full-Time,898749,5,Bachelor's,Married,Active,
EMP02662,Warinder Sundaram,Warinder,Sundaram,Female,2003-02-05,23,2025-07-29,1,HR,HR Manager,G4,MGR035,Pune,Full-Time,1046926,2,Master's,Married,Active,
EMP02663,Pratyush Wable,Pratyush,Wable,Female,2003-01-09,23,2021-05-09,5,Finance,Finance Manager,G4,MGR055,Pune,Full-Time,1413101,2,Diploma,Single,Active,
EMP02664,Bachittar Oza,Bachittar,Oza,Female,1993-11-13,32,2025-12-25,0,HR,HR Executive,G4,MGR020,Mumbai,Contract,1406551,1,PhD,Married,Active,
EMP02665,Frado Dhillon,Frado,Dhillon,Male,1994-03-26,32,2024-08-12,1,Operations,Operations Manager,G2,MGR068,Mumbai,Contract,602387,1,Master's,Married,Active,
EMP02666,Mitesh Tandon,Mitesh,Tandon,Male,1976-08-08,50,2015-05-01,11,Operations,Supply Chain Analyst,G5,MGR053,Delhi,Contract,1589164,14,Diploma,Single,Active,
EMP02667,Nitara Rajagopal,Nitara,Rajagopal,Female,2003-05-28,23,2024-12-30,1,IT,Data Analyst,G3,MGR081,Bangalore,Contract,976661,2,PhD,Married,Active,
EMP02668,Wazir Sarraf,Wazir,Sarraf,Female,1972-09-30,53,2024-02-02,2,Sales,Business Development Executive,G3,MGR091,Pune,Contract,875837,2,Master's,Married,Active,
EMP02669,Oliver Kade,Oliver,Kade,Female,1984-03-10,42,2021-06-17,5,Finance,Financial Analyst,G2,MGR095,Delhi,Contract,522162,6,PhD,Single,Active,
EMP02670,Hemani Bhagat,Hemani,Bhagat,Male,1987-06-15,39,2015-02-01,11,IT,Software Engineer,G4,MGR096,Delhi,Full-Time,1487702,15,PhD,Single,Active,
EMP02671,Aishani D’Alia,Aishani,D’Alia,Female,1991-01-07,35,2022-06-05,4,Finance,Finance Manager,G3,MGR030,Bangalore,Full-Time,796534,7,Bachelor's,Single,Active,
EMP02672,Charles Ganesh,Charles,Ganesh,Female,1977-06-29,49,2025-03-14,1,Operations,Supply Chain Analyst,G5,MGR092,Pune,Full-Time,2010041,2,Diploma,Married,Active,
EMP02673,Ucchal Rastogi,Ucchal,Rastogi,Male,1970-08-18,56,2022-08-29,3,Operations,Supply Chain Analyst,G3,MGR058,Hyderabad,Full-Time,877125,7,Diploma,Married,Resigned,2024-09-06
EMP02674,Charvi Soni,Charvi,Soni,Female,1990-02-04,36,2018-02-28,8,IT,Data Engineer,G2,MGR091,Delhi,Full-Time,663974,12,Master's,Single,Active,
EMP02675,Vivaan Raghavan,Vivaan,Raghavan,Male,1993-09-15,32,2017-05-23,9,Sales,Sales Executive,G5,MGR061,Delhi,Contract,2349008,11,PhD,Single,Active,
EMP02676,Madhavi Som,Madhavi,Som,Male,1971-03-20,55,2019-08-26,6,Finance,Financial Analyst,G3,MGR092,Hyderabad,Full-Time,939256,9,Master's,Single,Resigned,2021-11-18
EMP02677,Maanav Wali,Maanav,Wali,Male,2002-06-29,24,2020-11-19,5,Sales,Sales Executive,G5,MGR077,Bangalore,Full-Time,2328790,3,PhD,Single,Active,
EMP02678,Radhika Arora,Radhika,Arora,Female,1970-05-08,56,2015-11-08,10,Finance,Financial Analyst,G3,MGR049,Delhi,Full-Time,833472,14,Bachelor's,Single,Active,
EMP02679,Bhavya Sen,Bhavya,Sen,Female,1981-04-18,45,2023-12-22,2,Finance,Accountant,G3,MGR028,Delhi,Contract,956624,5,Bachelor's,Married,Resigned,2025-08-06
EMP02680,Diya Wagle,Diya,Wagle,Female,1978-02-12,48,2021-04-10,5,Operations,Supply Chain Analyst,G4,MGR001,Pune,Contract,1240381,8,Diploma,Single,Active,
EMP02681,Benjamin Chatterjee,Benjamin,Chatterjee,Male,1979-12-31,46,2025-06-12,1,IT,Data Analyst,G1,MGR084,Delhi,Full-Time,496860,1,Bachelor's,Single,Active,
EMP02682,Irya Sankaran,Irya,Sankaran,Male,1992-07-26,34,2019-08-03,7,Operations,Operations Manager,G4,MGR003,Mumbai,Contract,1381688,8,Bachelor's,Single,Active,
EMP02683,Anjali Nayak,Anjali,Nayak,Female,1985-08-10,41,2015-09-16,10,Sales,Sales Manager,G4,MGR086,Chennai,Full-Time,1397400,15,Diploma,Single,Active,
EMP02684,Anamika Loke,Anamika,Loke,Female,1965-06-07,61,2024-04-30,2,Operations,Supply Chain Analyst,G1,MGR006,Mumbai,Contract,417183,2,Diploma,Married,Resigned,2024-09-29
EMP02685,Aadhya Raman,Aadhya,Raman,Female,1998-09-16,27,2024-01-21,2,Marketing,Marketing Executive,G2,MGR064,Delhi,Full-Time,509590,4,Bachelor's,Married,Active,
EMP02686,Triya Khurana,Triya,Khurana,Male,1995-03-01,31,2022-10-18,3,Operations,Operations Manager,G4,MGR039,Chennai,Contract,1378817,4,Bachelor's,Married,Active,
EMP02687,Robert Venkatesh,Robert,Venkatesh,Female,2000-10-25,25,2018-03-19,8,Operations,Operations Manager,G3,MGR041,Hyderabad,Full-Time,907076,4,PhD,Married,Active,
EMP02688,Geetika Gole,Geetika,Gole,Female,1969-01-11,57,2023-09-03,2,Marketing,SEO Analyst,G2,MGR014,Hyderabad,Contract,631634,6,PhD,Married,Active,
EMP02689,Dhriti Anne,Dhriti,Anne,Male,1973-09-11,52,2018-06-12,8,Finance,Accountant,G2,MGR024,Hyderabad,Full-Time,515993,11,Bachelor's,Single,Active,
EMP02690,Abhiram Bir,Abhiram,Bir,Female,1994-10-03,31,2025-09-04,0,Finance,Financial Analyst,G2,MGR057,Mumbai,Full-Time,597312,5,Diploma,Married,Active,
EMP02691,Advik Sabharwal,Advik,Sabharwal,Female,1999-10-16,26,2023-07-13,3,IT,DevOps Engineer,G2,MGR012,Hyderabad,Contract,587821,5,Bachelor's,Married,Active,
EMP02692,Guneet Vohra,Guneet,Vohra,Female,1981-07-06,45,2016-05-15,10,HR,HR Manager,G5,MGR062,Delhi,Full-Time,1709826,14,Master's,Single,Active,
EMP02693,Hemang Sehgal,Hemang,Sehgal,Female,1991-12-09,34,2025-06-09,1,HR,HR Executive,G2,MGR056,Mumbai,Full-Time,629123,1,Bachelor's,Single,Active,
EMP02694,Indali Kanda,Indali,Kanda,Female,1996-04-10,30,2019-06-28,7,HR,Talent Acquisition Specialist,G2,MGR018,Mumbai,Contract,621989,9,Bachelor's,Married,Active,
EMP02695,Bhanumati Krishnamurthy,Bhanumati,Krishnamurthy,Male,1969-07-30,57,2015-05-25,11,HR,HR Executive,G4,MGR099,Delhi,Full-Time,1432302,15,Master's,Single,Active,
EMP02696,Reyansh Bandi,Reyansh,Bandi,Female,1966-07-12,60,2017-04-17,9,Operations,Operations Manager,G1,MGR026,Mumbai,Full-Time,370018,9,Diploma,Single,Active,
EMP02697,Arjun Chanda,Arjun,Chanda,Female,1982-11-19,43,2022-02-12,4,IT,Data Analyst,G3,MGR071,Delhi,Full-Time,955257,4,PhD,Single,Active,
EMP02698,Dakshesh Kalla,Dakshesh,Kalla,Female,1998-10-07,27,2025-06-27,1,Operations,Supply Chain Analyst,G1,MGR054,Chennai,Contract,425178,6,Diploma,Married,Active,
EMP02699,Jairaj Dar,Jairaj,Dar,Female,1978-10-12,47,2018-05-23,8,Operations,Supply Chain Analyst,G2,MGR048,Hyderabad,Full-Time,525128,11,Bachelor's,Married,Active,
EMP02700,Gabriel De,Gabriel,De,Female,1974-04-03,52,2022-12-31,3,HR,Talent Acquisition Specialist,G4,MGR083,Chennai,Contract,1103923,8,Master's,Single,Active,
EMP02701,Keya Goyal,Keya,Goyal,Male,1988-08-08,38,2021-03-27,5,HR,Talent Acquisition Specialist,G5,MGR029,Chennai,Contract,1539862,10,PhD,Single,Active,
EMP02702,Indrajit Gour,Indrajit,Gour,Male,1996-02-08,30,2019-03-05,7,IT,Data Analyst,G2,MGR077,Chennai,Contract,524799,9,PhD,Married,Active,
EMP02703,Zehaan Menon,Zehaan,Menon,Male,1995-07-19,31,2022-09-06,3,Operations,Operations Executive,G2,MGR002,Hyderabad,Contract,586932,7,PhD,Single,Active,
EMP02704,Unni Borra,Unni,Borra,Female,1975-01-05,51,2018-05-04,8,Sales,Sales Manager,G4,MGR039,Chennai,Contract,1049084,11,Bachelor's,Married,Active,
EMP02705,Sudiksha Malhotra,Sudiksha,Malhotra,Male,1997-10-12,28,2015-01-04,11,HR,Talent Acquisition Specialist,G3,MGR040,Mumbai,Contract,797097,7,Bachelor's,Single,Active,
EMP02706,Prisha Naik,Prisha,Naik,Female,1990-05-23,36,2023-07-08,3,Sales,Sales Executive,G4,MGR027,Chennai,Contract,1154642,4,Master's,Married,Resigned,2024-08-10
EMP02707,Neel Borah,Neel,Borah,Female,1965-04-29,61,2017-04-03,9,Marketing,SEO Analyst,G3,MGR096,Bangalore,Contract,867974,14,PhD,Married,Active,
EMP02708,Aradhana Bhatia,Aradhana,Bhatia,Female,1967-08-12,59,2020-10-04,5,Sales,Sales Executive,G1,MGR020,Delhi,Full-Time,314044,8,Bachelor's,Married,Resigned,2024-01-06
EMP02709,Lipika Natarajan,Lipika,Natarajan,Female,1995-02-14,31,2019-03-21,7,HR,Talent Acquisition Specialist,G2,MGR095,Hyderabad,Contract,591992,10,Bachelor's,Single,Resigned,2019-09-23
EMP02710,Aarna Lanka,Aarna,Lanka,Male,1977-10-15,48,2025-04-18,1,Marketing,Digital Marketing Specialist,G3,MGR028,Chennai,Full-Time,995845,6,PhD,Single,Active,
EMP02711,Pranav Sastry,Pranav,Sastry,Male,1966-07-01,60,2021-10-06,4,IT,Data Engineer,G5,MGR056,Hyderabad,Full-Time,2044627,4,Bachelor's,Single,Active,
EMP02712,Ekaraj Swamy,Ekaraj,Swamy,Female,1998-11-21,27,2020-01-07,6,Marketing,SEO Analyst,G2,MGR061,Chennai,Contract,674187,6,Master's,Married,Active,
EMP02713,Sai Ramaswamy,Sai,Ramaswamy,Female,2000-08-29,25,2015-08-27,10,Marketing,SEO Analyst,G1,MGR026,Hyderabad,Full-Time,457147,4,Master's,Married,Active,
EMP02714,Pranav Swamy,Pranav,Swamy,Male,1965-08-26,60,2018-03-15,8,Finance,Financial Analyst,G2,MGR035,Hyderabad,Contract,687635,12,Master's,Married,Resigned,2019-02-14
EMP02715,Maanas Zachariah,Maanas,Zachariah,Male,1995-11-23,30,2025-10-08,0,HR,Talent Acquisition Specialist,G4,MGR071,Pune,Contract,1402712,2,Diploma,Married,Active,
EMP02716,Raagini Kamdar,Raagini,Kamdar,Female,1968-12-10,57,2021-03-15,5,HR,HR Manager,G5,MGR039,Delhi,Contract,2337652,6,Diploma,Single,Resigned,2026-06-04
EMP02717,Hitesh Sathe,Hitesh,Sathe,Female,1976-01-06,50,2024-02-22,2,Finance,Financial Analyst,G1,MGR052,Chennai,Contract,458919,4,Bachelor's,Single,Active,
EMP02718,Aashi Chauhan,Aashi,Chauhan,Female,1967-08-05,59,2016-09-05,9,HR,HR Executive,G5,MGR074,Delhi,Contract,2402376,10,PhD,Single,Active,
EMP02719,Bakhshi Bora,Bakhshi,Bora,Male,1978-05-18,48,2023-09-08,2,HR,HR Manager,G3,MGR052,Chennai,Contract,977028,6,Diploma,Single,Active,
EMP02720,Ekavir Krishna,Ekavir,Krishna,Female,1982-06-12,44,2015-05-12,11,HR,Talent Acquisition Specialist,G4,MGR001,Chennai,Full-Time,1033291,15,Master's,Married,Active,
EMP02721,Sanaya Bahl,Sanaya,Bahl,Female,1982-02-15,44,2019-10-16,6,IT,Data Engineer,G5,MGR008,Mumbai,Contract,2341357,6,Master's,Married,Active,
EMP02722,Widisha Dixit,Widisha,Dixit,Female,1997-12-15,28,2025-04-01,1,Marketing,Marketing Executive,G1,MGR011,Mumbai,Full-Time,411681,2,Master's,Single,Resigned,2025-04-01
EMP02723,Baljiwan Ramakrishnan,Baljiwan,Ramakrishnan,Male,1997-08-12,28,2021-06-11,5,Operations,Operations Manager,G3,MGR071,Hyderabad,Full-Time,884102,7,Diploma,Single,Active,
EMP02724,Amaira Doshi,Amaira,Doshi,Female,1970-07-03,56,2018-07-09,8,Marketing,SEO Analyst,G2,MGR028,Bangalore,Full-Time,556323,10,PhD,Married,Active,
EMP02725,Forum Raman,Forum,Raman,Male,1988-02-17,38,2018-07-09,8,Finance,Finance Manager,G1,MGR022,Chennai,Contract,306792,10,Bachelor's,Single,Active,
EMP02726,Aarush Varma,Aarush,Varma,Male,1968-01-29,58,2017-01-25,9,Finance,Financial Analyst,G4,MGR070,Pune,Contract,1049637,9,Diploma,Married,Active,
EMP02727,Vritti Sridhar,Vritti,Sridhar,Male,1991-10-25,34,2018-04-24,8,Marketing,SEO Analyst,G5,MGR025,Hyderabad,Contract,1621567,9,Master's,Married,Active,
EMP02728,Rajata Raval,Rajata,Raval,Male,1995-02-20,31,2024-02-12,2,Operations,Supply Chain Analyst,G2,MGR053,Chennai,Contract,651096,2,PhD,Married,Active,
EMP02729,Ekaraj Zachariah,Ekaraj,Zachariah,Male,1989-01-21,37,2015-02-16,11,Operations,Operations Manager,G5,MGR019,Chennai,Full-Time,2493966,16,Master's,Single,Active,
EMP02730,Upkaar Aggarwal,Upkaar,Aggarwal,Male,1991-12-04,34,2019-09-27,6,IT,Data Analyst,G5,MGR027,Mumbai,Full-Time,1730690,9,Master's,Married,Active,
EMP02731,Leena Subramaniam,Leena,Subramaniam,Male,1966-11-21,59,2021-04-23,5,Finance,Accountant,G1,MGR062,Delhi,Full-Time,355888,10,PhD,Married,Active,
EMP02732,Jairaj Wason,Jairaj,Wason,Female,1982-04-15,44,2016-09-24,9,Operations,Operations Manager,G3,MGR001,Hyderabad,Contract,983588,14,Diploma,Single,Resigned,2022-11-02
EMP02733,Gauri Mitter,Gauri,Mitter,Male,1997-05-02,29,2015-05-15,11,Operations,Operations Executive,G1,MGR076,Bangalore,Full-Time,401798,8,Master's,Married,Active,
EMP02734,Nandini Bhakta,Nandini,Bhakta,Male,1969-12-10,56,2016-04-27,10,Marketing,Digital Marketing Specialist,G1,MGR009,Chennai,Full-Time,468616,12,Bachelor's,Single,Resigned,2017-11-11
EMP02735,Jasmit Warrior,Jasmit,Warrior,Male,1973-10-11,52,2015-08-31,10,HR,HR Manager,G3,MGR099,Hyderabad,Full-Time,966321,14,PhD,Single,Active,
EMP02736,Harini Buch,Harini,Buch,Female,2001-08-09,25,2022-06-07,4,Finance,Finance Manager,G4,MGR085,Delhi,Full-Time,1290964,4,PhD,Single,Active,
EMP02737,Tripti Mann,Tripti,Mann,Female,2003-08-03,23,2021-02-20,5,IT,Data Engineer,G3,MGR045,Mumbai,Full-Time,716169,2,Bachelor's,Single,Active,
EMP02738,Samaksh Goda,Samaksh,Goda,Female,1965-04-07,61,2020-10-26,5,IT,DevOps Engineer,G3,MGR089,Chennai,Full-Time,754116,7,Master's,Married,Active,
EMP02739,Balveer Rajagopalan,Balveer,Rajagopalan,Male,1996-01-13,30,2021-11-08,4,Sales,Sales Executive,G3,MGR100,Chennai,Full-Time,719996,9,PhD,Married,Active,
EMP02740,Rayaan Mistry,Rayaan,Mistry,Female,1966-05-04,60,2024-03-13,2,Sales,Sales Executive,G5,MGR095,Bangalore,Full-Time,2213141,2,Bachelor's,Married,Active,
EMP02741,Madhavi Chhabra,Madhavi,Chhabra,Female,1984-05-22,42,2021-08-30,4,Marketing,Marketing Executive,G5,MGR070,Bangalore,Full-Time,2168653,8,Master's,Single,Active,
EMP02742,Jagrati Sur,Jagrati,Sur,Female,1968-07-04,58,2018-06-03,8,HR,Talent Acquisition Specialist,G5,MGR003,Bangalore,Contract,2189884,10,PhD,Married,Active,
EMP02743,Frado Sarma,Frado,Sarma,Male,1995-04-04,31,2023-07-15,3,Operations,Supply Chain Analyst,G3,MGR052,Hyderabad,Full-Time,938099,5,Master's,Single,Active,
EMP02744,Ranveer Dey,Ranveer,Dey,Female,2003-06-06,23,2025-11-05,0,Finance,Financial Analyst,G2,MGR081,Hyderabad,Full-Time,637477,2,Master's,Married,Resigned,2025-11-18
EMP02745,Reyansh Bakshi,Reyansh,Bakshi,Female,1991-02-16,35,2025-03-02,1,IT,Data Analyst,G4,MGR078,Hyderabad,Contract,1067883,2,Diploma,Married,Active,
EMP02746,William Suresh,William,Suresh,Female,1984-07-13,42,2015-02-02,11,HR,HR Manager,G5,MGR017,Bangalore,Contract,2047454,16,PhD,Married,Active,
EMP02747,Lopa Bhatnagar,Lopa,Bhatnagar,Male,1982-10-04,43,2019-02-22,7,Sales,Sales Executive,G4,MGR063,Delhi,Contract,1391124,8,Bachelor's,Single,Resigned,2025-11-19
EMP02748,Darika Tata,Darika,Tata,Female,1970-12-05,55,2017-04-24,9,IT,Data Analyst,G3,MGR036,Mumbai,Full-Time,777573,10,Bachelor's,Married,Active,
EMP02749,Shivani Babu,Shivani,Babu,Female,2002-04-14,24,2015-05-19,11,IT,QA Engineer,G3,MGR080,Bangalore,Contract,973930,3,PhD,Single,Active,
EMP02750,Balhaar Nori,Balhaar,Nori,Male,1980-03-25,46,2023-09-01,2,HR,HR Executive,G3,MGR043,Mumbai,Full-Time,819360,4,Diploma,Married,Active,
EMP02751,Daksh Nazareth,Daksh,Nazareth,Female,1965-09-30,60,2018-09-11,7,Marketing,SEO Analyst,G2,MGR085,Mumbai,Full-Time,575538,7,Bachelor's,Single,Active,
EMP02752,Brijesh Ravi,Brijesh,Ravi,Male,1971-08-04,55,2025-05-01,1,Marketing,Digital Marketing Specialist,G3,MGR093,Pune,Contract,818604,2,Diploma,Married,Resigned,2025-07-31
EMP02753,Siddharth Virk,Siddharth,Virk,Female,1987-12-20,38,2017-06-30,9,Finance,Finance Manager,G2,MGR082,Hyderabad,Contract,678497,11,Bachelor's,Married,Active,
EMP02754,Tara Yadav,Tara,Yadav,Male,1969-05-03,57,2025-05-28,1,IT,DevOps Engineer,G5,MGR030,Pune,Full-Time,1654426,6,Diploma,Single,Active,
EMP02755,Manthan Kaul,Manthan,Kaul,Male,2001-01-25,25,2022-08-21,3,Marketing,Digital Marketing Specialist,G2,MGR021,Hyderabad,Contract,581456,4,PhD,Single,Active,
EMP02756,Ekbal Bansal,Ekbal,Bansal,Female,1987-08-10,39,2020-04-23,6,Sales,Sales Manager,G3,MGR054,Mumbai,Contract,766844,11,Bachelor's,Single,Active,
EMP02757,Lohit Suresh,Lohit,Suresh,Female,2001-12-17,24,2022-01-10,4,HR,HR Manager,G3,MGR096,Mumbai,Full-Time,854889,3,Master's,Single,Active,
EMP02758,Anirudh Sinha,Anirudh,Sinha,Male,1985-11-25,40,2025-11-17,0,Marketing,SEO Analyst,G5,MGR024,Chennai,Full-Time,2294010,2,Diploma,Single,Active,
EMP02759,Chakradev Kibe,Chakradev,Kibe,Female,1975-05-03,51,2021-03-19,5,Operations,Supply Chain Analyst,G2,MGR061,Mumbai,Full-Time,633899,7,PhD,Married,Active,
EMP02760,Kalpit Atwal,Kalpit,Atwal,Female,1981-12-30,44,2022-12-12,3,IT,QA Engineer,G2,MGR070,Hyderabad,Contract,641645,3,PhD,Single,Active,
EMP02761,Orinder Bedi,Orinder,Bedi,Male,1967-07-01,59,2022-01-07,4,Sales,Sales Manager,G2,MGR088,Mumbai,Contract,518941,4,Master's,Single,Active,
EMP02762,Damyanti Chatterjee,Damyanti,Chatterjee,Male,1982-10-09,43,2016-06-09,10,IT,Software Engineer,G4,MGR038,Delhi,Full-Time,1441134,14,Master's,Single,Active,
EMP02763,Tanmayi Garde,Tanmayi,Garde,Male,1965-09-07,60,2024-01-12,2,Sales,Sales Executive,G3,MGR046,Mumbai,Contract,850028,6,Master's,Married,Active,
EMP02764,Devansh Cherian,Devansh,Cherian,Male,1974-07-31,52,2015-10-11,10,Marketing,SEO Analyst,G4,MGR016,Delhi,Contract,1050690,14,Bachelor's,Single,Resigned,2017-09-19
EMP02765,Widisha Kannan,Widisha,Kannan,Female,1972-05-21,54,2021-12-23,4,Sales,Business Development Executive,G4,MGR012,Pune,Full-Time,1014937,5,Master's,Single,Active,
EMP02766,Dev Jain,Dev,Jain,Female,1981-05-05,45,2023-04-15,3,Operations,Supply Chain Analyst,G3,MGR092,Hyderabad,Full-Time,989170,8,Diploma,Married,Active,
EMP02767,Pooja Nazareth,Pooja,Nazareth,Male,1996-11-15,29,2025-06-07,1,HR,HR Executive,G3,MGR064,Chennai,Contract,780450,1,PhD,Married,Resigned,2026-04-15
EMP02768,Ekta Dara,Ekta,Dara,Male,1988-02-07,38,2016-06-06,10,Sales,Sales Manager,G5,MGR006,Mumbai,Full-Time,2409624,13,Bachelor's,Single,Active,
EMP02769,Laksh Nagy,Laksh,Nagy,Female,1976-11-05,49,2021-03-30,5,IT,DevOps Engineer,G1,MGR058,Mumbai,Full-Time,375979,5,Bachelor's,Married,Active,
EMP02770,Tanay Bath,Tanay,Bath,Female,1985-08-17,40,2020-04-15,6,Operations,Operations Manager,G3,MGR059,Pune,Full-Time,703343,6,PhD,Married,Resigned,2025-05-01
EMP02771,Oscar Nayak,Oscar,Nayak,Female,1983-01-16,43,2015-02-21,11,IT,DevOps Engineer,G4,MGR018,Mumbai,Full-Time,1375939,15,Bachelor's,Single,Active,
EMP02772,Dev Dara,Dev,Dara,Male,2003-07-10,23,2024-08-08,1,Marketing,Digital Marketing Specialist,G5,MGR062,Chennai,Contract,1673049,2,Bachelor's,Married,Active,
EMP02773,Anusha Dhaliwal,Anusha,Dhaliwal,Male,1991-11-10,34,2017-04-23,9,HR,HR Executive,G3,MGR083,Chennai,Contract,888823,12,Bachelor's,Single,Resigned,2024-05-15
EMP02774,Om Pingle,Om,Pingle,Female,1994-08-12,32,2025-11-03,0,Sales,Sales Executive,G3,MGR046,Mumbai,Full-Time,984730,2,Bachelor's,Married,Active,
EMP02775,Nitesh Sarna,Nitesh,Sarna,Female,1974-03-23,52,2018-10-24,7,Marketing,SEO Analyst,G3,MGR012,Pune,Contract,994870,11,Master's,Single,Active,
EMP02776,Yagnesh Baria,Yagnesh,Baria,Female,1973-02-18,53,2016-04-29,10,IT,DevOps Engineer,G2,MGR072,Delhi,Full-Time,622600,12,Diploma,Married,Active,
EMP02777,Kiaan Chaudhry,Kiaan,Chaudhry,Male,2000-05-28,26,2019-03-22,7,Finance,Finance Manager,G5,MGR011,Delhi,Contract,1599454,5,Master's,Married,Active,
EMP02778,Krisha Dugar,Krisha,Dugar,Female,1990-09-10,35,2025-06-14,1,Finance,Accountant,G1,MGR032,Hyderabad,Full-Time,463227,1,Bachelor's,Married,Active,
EMP02779,Amol Sur,Amol,Sur,Female,1980-02-04,46,2021-06-18,5,Sales,Sales Executive,G4,MGR060,Hyderabad,Contract,1209583,7,PhD,Married,Active,
EMP02780,Faris Ahuja,Faris,Ahuja,Female,2000-05-12,26,2021-04-08,5,Sales,Sales Executive,G2,MGR012,Hyderabad,Contract,580897,5,Diploma,Married,Active,
EMP02781,Abhimanyu Gola,Abhimanyu,Gola,Male,1989-07-27,37,2022-04-26,4,Marketing,Digital Marketing Specialist,G2,MGR063,Mumbai,Full-Time,613338,9,Diploma,Married,Active,
EMP02782,Gaurav Mander,Gaurav,Mander,Male,1981-04-19,45,2024-09-16,1,IT,Software Engineer,G1,MGR011,Mumbai,Full-Time,319659,6,Master's,Single,Active,
EMP02783,Omaja Soni,Omaja,Soni,Male,1998-08-13,27,2017-03-25,9,Sales,Sales Manager,G4,MGR021,Pune,Contract,1324258,6,Diploma,Single,Active,
EMP02784,Jonathan Jhaveri,Jonathan,Jhaveri,Female,1969-05-13,57,2023-12-22,2,Sales,Sales Manager,G4,MGR078,Pune,Contract,1369117,5,Diploma,Married,Resigned,2024-07-31
EMP02785,Anika Virk,Anika,Virk,Female,1975-01-21,51,2020-12-12,5,Operations,Operations Executive,G4,MGR079,Chennai,Contract,1238126,7,Bachelor's,Married,Active,
EMP02786,Shravya Sabharwal,Shravya,Sabharwal,Male,1991-03-14,35,2022-07-30,4,Sales,Sales Executive,G1,MGR098,Mumbai,Contract,347507,9,PhD,Married,Active,
EMP02787,William Ghosh,William,Ghosh,Male,1967-07-26,59,2019-01-30,7,Marketing,Digital Marketing Specialist,G5,MGR057,Mumbai,Contract,2093393,10,PhD,Single,Active,
EMP02788,Baljiwan Gole,Baljiwan,Gole,Female,1981-03-27,45,2025-04-05,1,Operations,Operations Manager,G5,MGR021,Hyderabad,Contract,1704964,6,Diploma,Single,Active,
EMP02789,Xalak Chakrabarti,Xalak,Chakrabarti,Female,1995-05-29,31,2021-12-08,4,IT,DevOps Engineer,G4,MGR081,Mumbai,Contract,1107794,4,PhD,Married,Active,
EMP02790,Charvi Pall,Charvi,Pall,Female,1998-11-02,27,2015-09-15,10,IT,QA Engineer,G3,MGR026,Bangalore,Contract,948660,6,Master's,Single,Resigned,2022-10-30
EMP02791,Aayush Keer,Aayush,Keer,Male,2003-05-16,23,2019-08-10,6,Finance,Financial Analyst,G4,MGR022,Hyderabad,Full-Time,1026770,2,PhD,Married,Active,
EMP02792,Rehaan Dalal,Rehaan,Dalal,Female,2000-12-21,25,2023-08-01,3,Finance,Finance Manager,G4,MGR034,Delhi,Contract,1423873,4,PhD,Married,Active,
EMP02793,Girish Pathak,Girish,Pathak,Female,2001-10-01,24,2021-07-17,5,Operations,Operations Manager,G4,MGR011,Bangalore,Contract,1390375,3,Bachelor's,Married,Resigned,2026-02-17
EMP02794,Yashica Kanda,Yashica,Kanda,Female,2003-09-27,22,2018-08-02,8,Operations,Operations Executive,G2,MGR004,Bangalore,Full-Time,566371,1,PhD,Single,Active,
EMP02795,Ucchal Joshi,Ucchal,Joshi,Male,1990-01-31,36,2023-02-17,3,Finance,Finance Manager,G5,MGR051,Bangalore,Full-Time,2140828,5,Master's,Married,Resigned,2024-04-21
EMP02796,Chatresh Hari,Chatresh,Hari,Male,1984-10-12,41,2024-01-10,2,Finance,Financial Analyst,G5,MGR005,Hyderabad,Full-Time,2409010,4,Bachelor's,Single,Active,
EMP02797,Isaiah Dixit,Isaiah,Dixit,Female,1983-01-28,43,2021-07-05,5,HR,HR Executive,G5,MGR032,Hyderabad,Contract,1626736,8,Diploma,Married,Active,
EMP02798,Urvi Tank,Urvi,Tank,Male,1986-04-18,40,2017-06-25,9,Sales,Sales Executive,G1,MGR012,Bangalore,Full-Time,372046,12,Bachelor's,Single,Active,
EMP02799,Patrick Dutta,Patrick,Dutta,Female,2002-08-11,23,2015-05-01,11,Finance,Accountant,G1,MGR019,Hyderabad,Contract,493487,2,Bachelor's,Married,Active,
EMP02800,Caleb Bhagat,Caleb,Bhagat,Female,1974-03-29,52,2017-04-07,9,Finance,Financial Analyst,G4,MGR083,Hyderabad,Contract,1147394,11,PhD,Single,Active,
EMP02801,Januja Mane,Januja,Mane,Male,1986-10-15,39,2017-03-16,9,Marketing,SEO Analyst,G4,MGR015,Bangalore,Full-Time,1138651,10,Master's,Single,Active,
EMP02802,Shaurya Saran,Shaurya,Saran,Male,1965-12-13,60,2017-01-03,9,Operations,Operations Manager,G4,MGR062,Chennai,Full-Time,1023551,13,Master's,Single,Active,
EMP02803,Zayan Natt,Zayan,Natt,Female,1991-07-21,35,2024-11-18,1,Sales,Sales Manager,G5,MGR061,Mumbai,Full-Time,2164637,5,Diploma,Married,Active,
EMP02804,Sudiksha Bassi,Sudiksha,Bassi,Female,1974-08-23,51,2024-12-22,1,Finance,Financial Analyst,G3,MGR091,Hyderabad,Full-Time,841343,1,Diploma,Married,Active,
EMP02805,Hemang Ben,Hemang,Ben,Male,1983-05-22,43,2015-05-10,11,HR,HR Manager,G1,MGR052,Chennai,Contract,490368,16,PhD,Married,Active,
EMP02806,Patrick Dugar,Patrick,Dugar,Male,1993-07-21,33,2024-06-27,2,Operations,Supply Chain Analyst,G1,MGR077,Mumbai,Full-Time,341922,5,Diploma,Single,Active,
EMP02807,Ayush Sundaram,Ayush,Sundaram,Male,1973-06-01,53,2020-07-08,6,Sales,Sales Manager,G3,MGR039,Delhi,Full-Time,973110,9,Bachelor's,Married,Active,
EMP02808,Yutika D’Alia,Yutika,D’Alia,Female,1965-05-28,61,2018-10-01,7,Operations,Supply Chain Analyst,G1,MGR075,Pune,Full-Time,428261,11,PhD,Married,Active,
EMP02809,Ekavir Keer,Ekavir,Keer,Male,2001-09-22,24,2019-10-17,6,Finance,Accountant,G4,MGR059,Chennai,Full-Time,1018776,3,Master's,Married,Active,
EMP02810,Sai Nanda,Sai,Nanda,Female,1987-12-25,38,2025-11-12,0,HR,HR Executive,G2,MGR067,Bangalore,Contract,566664,2,PhD,Married,Active,
EMP02811,Oni Issac,Oni,Issac,Male,2003-12-08,22,2018-04-07,8,Finance,Finance Manager,G2,MGR024,Chennai,Full-Time,625621,1,Diploma,Single,Active,
EMP02812,Eshana Karpe,Eshana,Karpe,Female,1989-11-09,36,2024-09-29,1,Marketing,Marketing Executive,G4,MGR033,Mumbai,Full-Time,1421311,2,PhD,Married,Active,
EMP02813,Imaran Nanda,Imaran,Nanda,Female,1976-09-17,49,2017-12-30,8,IT,QA Engineer,G5,MGR074,Bangalore,Full-Time,2191000,10,Bachelor's,Single,Resigned,2021-11-14
EMP02814,Guneet Khalsa,Guneet,Khalsa,Male,1985-09-08,40,2022-01-09,4,Finance,Financial Analyst,G1,MGR044,Mumbai,Contract,486973,7,Diploma,Single,Active,
EMP02815,Nitara Iyengar,Nitara,Iyengar,Male,1974-04-10,52,2024-05-06,2,Operations,Operations Executive,G2,MGR077,Delhi,Contract,659134,6,Bachelor's,Single,Active,
EMP02816,Keya Kannan,Keya,Kannan,Male,1976-01-12,50,2019-01-07,7,Sales,Sales Manager,G3,MGR032,Pune,Contract,701686,7,Diploma,Married,Active,
EMP02817,Ethan Sinha,Ethan,Sinha,Male,2001-01-29,25,2017-01-07,9,Operations,Operations Manager,G2,MGR004,Pune,Full-Time,542821,4,Master's,Single,Active,
EMP02818,Vedhika Bhagat,Vedhika,Bhagat,Female,1965-03-13,61,2015-04-01,11,Finance,Accountant,G2,MGR086,Chennai,Full-Time,520548,11,PhD,Single,Active,
EMP02819,Rajata Dhillon,Rajata,Dhillon,Male,1978-07-02,48,2020-12-04,5,IT,Software Engineer,G5,MGR008,Bangalore,Contract,1749051,5,Master's,Married,Active,
EMP02820,Tarak Sha,Tarak,Sha,Female,1984-11-22,41,2023-06-26,3,Sales,Business Development Executive,G4,MGR027,Chennai,Full-Time,1463982,8,Master's,Married,Active,
EMP02821,Pranav Ram,Pranav,Ram,Male,1981-10-23,44,2024-08-15,1,IT,QA Engineer,G2,MGR019,Delhi,Full-Time,627407,1,Bachelor's,Married,Resigned,2025-06-01
EMP02822,Laban Shankar,Laban,Shankar,Male,1991-04-30,35,2018-12-25,7,IT,QA Engineer,G3,MGR047,Bangalore,Contract,796818,10,Diploma,Married,Resigned,2025-02-07
EMP02823,Rishi Parmer,Rishi,Parmer,Male,1975-12-07,50,2015-08-08,10,Marketing,Marketing Executive,G5,MGR094,Delhi,Contract,1943780,11,Master's,Married,Active,
EMP02824,Anamika Jain,Anamika,Jain,Female,1965-09-02,60,2024-03-31,2,Operations,Operations Manager,G5,MGR037,Chennai,Full-Time,2081337,2,Diploma,Single,Active,
EMP02825,Gautami Datta,Gautami,Datta,Female,1983-04-08,43,2022-12-25,3,Finance,Accountant,G2,MGR004,Hyderabad,Contract,587146,7,Master's,Married,Active,
EMP02826,Azad Bhasin,Azad,Bhasin,Male,1981-07-09,45,2024-08-27,1,Finance,Finance Manager,G5,MGR008,Chennai,Full-Time,1581582,5,PhD,Married,Active,
EMP02827,Avni Deshpande,Avni,Deshpande,Female,1985-01-20,41,2023-08-11,2,Sales,Business Development Executive,G4,MGR064,Bangalore,Contract,1489565,6,Bachelor's,Married,Active,
EMP02828,Indrajit Shroff,Indrajit,Shroff,Male,1970-08-30,55,2017-06-07,9,Marketing,Digital Marketing Specialist,G2,MGR095,Chennai,Full-Time,575617,12,PhD,Single,Active,
EMP02829,Tara Sahota,Tara,Sahota,Male,1996-11-18,29,2018-03-13,8,Finance,Financial Analyst,G5,MGR071,Bangalore,Contract,1798014,8,Master's,Single,Active,
EMP02830,Onveer Oza,Onveer,Oza,Male,1973-11-10,52,2022-08-08,3,Marketing,Digital Marketing Specialist,G4,MGR063,Pune,Full-Time,1345501,5,Master's,Single,Active,
EMP02831,Thomas Merchant,Thomas,Merchant,Male,1972-07-27,54,2023-09-16,2,Sales,Sales Manager,G4,MGR080,Delhi,Full-Time,1138153,5,Master's,Single,Active,
EMP02832,Naksh Garde,Naksh,Garde,Male,1987-01-07,39,2016-08-27,9,Operations,Operations Manager,G4,MGR026,Pune,Contract,1188977,13,Diploma,Single,Active,
EMP02833,Victor Chadha,Victor,Chadha,Female,1993-07-29,33,2024-03-09,2,IT,Software Engineer,G3,MGR047,Bangalore,Full-Time,848330,3,Master's,Married,Active,
EMP02834,Nisha Vig,Nisha,Vig,Female,2002-04-08,24,2019-01-29,7,Sales,Sales Executive,G1,MGR072,Delhi,Full-Time,411139,3,Master's,Married,Active,
EMP02835,Vrinda Kalita,Vrinda,Kalita,Female,1983-08-10,43,2020-09-15,5,IT,QA Engineer,G5,MGR098,Pune,Contract,1873420,8,Diploma,Single,Active,
EMP02836,Urvashi Shere,Urvashi,Shere,Male,1978-03-06,48,2017-04-02,9,IT,DevOps Engineer,G1,MGR043,Delhi,Contract,397139,13,Master's,Single,Active,
EMP02837,Arya Atwal,Arya,Atwal,Female,1991-02-27,35,2017-08-06,9,HR,HR Manager,G5,MGR006,Chennai,Full-Time,1902354,14,PhD,Single,Active,
EMP02838,Priya Koshy,Priya,Koshy,Female,1993-12-27,32,2022-08-14,3,IT,Software Engineer,G1,MGR048,Chennai,Full-Time,396614,3,Diploma,Single,Active,
EMP02839,Yug Narang,Yug,Narang,Male,1972-10-08,53,2015-06-29,11,HR,HR Manager,G3,MGR005,Chennai,Full-Time,725421,16,Bachelor's,Married,Active,
EMP02840,Radha Kapadia,Radha,Kapadia,Male,1973-04-19,53,2025-03-14,1,IT,Data Analyst,G5,MGR082,Hyderabad,Full-Time,2087743,3,Diploma,Single,Active,
EMP02841,Manthan Ahluwalia,Manthan,Ahluwalia,Female,1985-03-06,41,2020-10-29,5,IT,DevOps Engineer,G4,MGR052,Mumbai,Contract,1226637,10,Diploma,Single,Active,
EMP02842,Omisha Basu,Omisha,Basu,Male,1973-04-29,53,2018-04-19,8,HR,Talent Acquisition Specialist,G4,MGR038,Hyderabad,Contract,1228046,13,PhD,Married,Active,
EMP02843,Banjeet Singhal,Banjeet,Singhal,Male,1976-07-23,50,2020-03-11,6,Operations,Supply Chain Analyst,G2,MGR098,Mumbai,Contract,679365,6,PhD,Married,Active,
EMP02844,Yamini Bandi,Yamini,Bandi,Female,1988-04-01,38,2016-01-16,10,Operations,Supply Chain Analyst,G5,MGR057,Bangalore,Contract,1997414,13,Bachelor's,Married,Active,
EMP02845,Pavani Wali,Pavani,Wali,Female,1994-10-10,31,2015-12-28,10,Finance,Financial Analyst,G4,MGR079,Mumbai,Contract,1427529,10,Diploma,Married,Active,
EMP02846,Meera Srinivas,Meera,Srinivas,Female,1983-02-04,43,2018-06-27,8,Operations,Operations Executive,G2,MGR036,Pune,Full-Time,661231,12,PhD,Single,Active,
EMP02847,Guneet Sethi,Guneet,Sethi,Female,1977-01-13,49,2023-08-03,3,Marketing,Digital Marketing Specialist,G4,MGR086,Chennai,Full-Time,1219309,3,Bachelor's,Single,Active,
EMP02848,Warhi Khosla,Warhi,Khosla,Male,1975-11-26,50,2022-06-16,4,Operations,Supply Chain Analyst,G2,MGR050,Chennai,Contract,569806,9,Bachelor's,Single,Active,
EMP02849,Fiyaz Arora,Fiyaz,Arora,Male,1975-05-03,51,2020-06-13,6,Operations,Supply Chain Analyst,G3,MGR050,Delhi,Full-Time,727909,10,PhD,Married,Resigned,2026-05-06
EMP02850,Niharika Kamdar,Niharika,Kamdar,Female,1987-03-29,39,2020-08-15,5,HR,HR Executive,G3,MGR042,Chennai,Contract,872859,5,PhD,Married,Active,
EMP02851,Kevin Parmer,Kevin,Parmer,Female,2002-01-14,24,2023-12-26,2,Sales,Business Development Executive,G4,MGR087,Pune,Full-Time,1294451,3,Master's,Single,Active,
EMP02852,Chakrika Khare,Chakrika,Khare,Male,1982-09-30,43,2022-02-22,4,Operations,Operations Manager,G4,MGR082,Bangalore,Contract,1136911,4,PhD,Single,Active,
EMP02853,Gautam Babu,Gautam,Babu,Male,1981-06-29,45,2019-08-11,6,IT,Data Engineer,G4,MGR025,Bangalore,Contract,1186191,11,Diploma,Single,Active,
EMP02854,Varsha Mody,Varsha,Mody,Male,1995-09-24,30,2020-09-20,5,Sales,Sales Manager,G3,MGR092,Pune,Contract,939029,7,Diploma,Single,Active,
EMP02855,Neel Sharaf,Neel,Sharaf,Male,1990-08-23,35,2025-11-21,0,Marketing,Digital Marketing Specialist,G1,MGR053,Bangalore,Full-Time,389215,2,Bachelor's,Married,Resigned,2026-06-30
EMP02856,Arjun Sha,Arjun,Sha,Female,1967-03-25,59,2021-02-03,5,IT,Data Engineer,G2,MGR024,Delhi,Contract,548661,7,PhD,Single,Active,
EMP02857,Ubika Devi,Ubika,Devi,Female,1995-02-16,31,2021-08-17,4,Operations,Supply Chain Analyst,G1,MGR017,Mumbai,Full-Time,373177,4,Diploma,Single,Active,
EMP02858,Nidra Goyal,Nidra,Goyal,Male,1998-01-17,28,2024-03-26,2,Sales,Sales Executive,G1,MGR020,Mumbai,Full-Time,395323,6,Master's,Married,Active,
EMP02859,Kamala Shetty,Kamala,Shetty,Female,1991-01-13,35,2024-04-30,2,Sales,Sales Manager,G5,MGR003,Bangalore,Full-Time,2127675,7,Diploma,Single,Active,
EMP02860,Aarav Bobal,Aarav,Bobal,Female,1969-04-17,57,2025-09-26,0,IT,Data Engineer,G2,MGR065,Mumbai,Full-Time,582976,3,Diploma,Married,Active,
EMP02861,Lekha Natarajan,Lekha,Natarajan,Female,1970-07-17,56,2017-06-23,9,IT,DevOps Engineer,G1,MGR077,Mumbai,Full-Time,302841,11,PhD,Married,Active,
EMP02862,Bachittar Minhas,Bachittar,Minhas,Male,2001-12-03,24,2020-02-27,6,IT,Data Engineer,G4,MGR020,Pune,Contract,1125413,3,Diploma,Single,Active,
EMP02863,Pooja Madan,Pooja,Madan,Male,2000-11-17,25,2015-12-23,10,HR,HR Manager,G4,MGR045,Hyderabad,Full-Time,1215604,4,Bachelor's,Single,Active,
EMP02864,Sarthak Buch,Sarthak,Buch,Female,1980-12-17,45,2018-10-23,7,Marketing,Marketing Executive,G4,MGR019,Bangalore,Contract,1399945,8,Master's,Married,Active,
EMP02865,Gautami Bhakta,Gautami,Bhakta,Female,1971-03-25,55,2025-01-10,1,IT,Data Analyst,G4,MGR061,Delhi,Full-Time,1329806,6,PhD,Married,Active,
EMP02866,Yutika Patla,Yutika,Patla,Male,1980-12-24,45,2025-02-17,1,Operations,Supply Chain Analyst,G4,MGR063,Pune,Contract,1288284,1,Diploma,Married,Active,
EMP02867,Charan Choudhry,Charan,Choudhry,Male,1999-08-29,26,2015-10-18,10,HR,HR Executive,G5,MGR050,Hyderabad,Full-Time,1595745,5,Bachelor's,Married,Active,
EMP02868,Leela Pau,Leela,Pau,Male,1990-10-07,35,2024-01-04,2,HR,Talent Acquisition Specialist,G2,MGR081,Bangalore,Contract,504377,7,Master's,Married,Resigned,2025-12-26
EMP02869,Banjeet Pau,Banjeet,Pau,Female,1979-11-04,46,2020-04-21,6,IT,DevOps Engineer,G5,MGR025,Mumbai,Full-Time,1811217,9,Bachelor's,Single,Active,
EMP02870,Jeevika Gill,Jeevika,Gill,Male,1982-10-06,43,2022-08-31,3,Finance,Financial Analyst,G5,MGR043,Delhi,Contract,2322210,3,Diploma,Single,Active,
EMP02871,Ekalinga Jayaraman,Ekalinga,Jayaraman,Female,1968-02-02,58,2024-08-07,1,Operations,Operations Executive,G3,MGR070,Chennai,Full-Time,859793,5,Diploma,Single,Active,
EMP02872,Lakshit Natt,Lakshit,Natt,Male,1977-10-05,48,2019-05-22,7,Finance,Finance Manager,G2,MGR054,Mumbai,Full-Time,558791,7,Master's,Married,Active,
EMP02873,William Zacharia,William,Zacharia,Female,1996-05-25,30,2018-05-24,8,HR,HR Manager,G1,MGR074,Chennai,Contract,300759,8,PhD,Married,Active,
EMP02874,Ishaan Sridhar,Ishaan,Sridhar,Female,1966-06-25,60,2022-03-05,4,Operations,Operations Executive,G1,MGR002,Delhi,Contract,421221,7,Diploma,Single,Active,
EMP02875,Shaurya Kar,Shaurya,Kar,Female,1996-07-27,30,2022-11-07,3,Marketing,Marketing Executive,G5,MGR088,Mumbai,Full-Time,2442169,8,PhD,Single,Active,
EMP02876,Ekani Pandit,Ekani,Pandit,Female,1982-01-29,44,2020-12-07,5,IT,DevOps Engineer,G4,MGR057,Bangalore,Full-Time,1317262,7,Diploma,Married,Resigned,2023-03-17
EMP02877,Yahvi Sampath,Yahvi,Sampath,Male,1995-12-05,30,2023-09-07,2,Marketing,Marketing Executive,G1,MGR009,Pune,Contract,483879,6,Diploma,Married,Active,
EMP02878,Aradhana Bhagat,Aradhana,Bhagat,Male,1976-02-05,50,2023-01-17,3,Operations,Operations Executive,G4,MGR028,Hyderabad,Contract,1308731,5,PhD,Single,Active,
EMP02879,Dev Pradhan,Dev,Pradhan,Female,1997-06-02,29,2018-05-13,8,IT,DevOps Engineer,G3,MGR046,Mumbai,Contract,855197,8,Bachelor's,Married,Active,
EMP02880,Hemani Sethi,Hemani,Sethi,Female,2003-03-30,23,2025-07-19,1,Sales,Sales Manager,G1,MGR034,Hyderabad,Full-Time,451138,2,PhD,Married,Active,
EMP02881,Vedika Thaker,Vedika,Thaker,Male,1985-03-12,41,2016-03-29,10,Marketing,SEO Analyst,G2,MGR004,Mumbai,Contract,607654,11,Diploma,Married,Active,
EMP02882,Jason Singhal,Jason,Singhal,Male,1998-03-05,28,2016-04-26,10,IT,QA Engineer,G2,MGR001,Chennai,Full-Time,614296,7,Master's,Single,Active,
EMP02883,Brinda Seth,Brinda,Seth,Male,1994-04-28,32,2020-03-29,6,IT,Software Engineer,G2,MGR064,Delhi,Contract,535634,9,Diploma,Married,Resigned,2025-07-10
EMP02884,Jhalak Bhatti,Jhalak,Bhatti,Female,1985-11-09,40,2024-03-26,2,Sales,Sales Manager,G1,MGR036,Delhi,Contract,322184,5,PhD,Single,Resigned,2025-01-12
EMP02885,Tanvi Chahal,Tanvi,Chahal,Male,1969-09-20,56,2021-04-25,5,Finance,Financial Analyst,G5,MGR052,Bangalore,Contract,2452904,5,PhD,Married,Active,
EMP02886,Faris Raman,Faris,Raman,Female,1991-09-04,34,2019-01-22,7,Sales,Business Development Executive,G5,MGR015,Chennai,Full-Time,2219162,11,Diploma,Married,Resigned,2020-07-30
EMP02887,Bhavya Bose,Bhavya,Bose,Male,1974-03-08,52,2019-02-17,7,Sales,Sales Executive,G5,MGR095,Delhi,Contract,2479108,8,Bachelor's,Married,Active,
EMP02888,Ikbal Gala,Ikbal,Gala,Female,1981-01-04,45,2016-03-09,10,Sales,Sales Manager,G3,MGR054,Delhi,Contract,975220,10,Master's,Single,Active,
EMP02889,Anya Choudhury,Anya,Choudhury,Male,1986-12-26,39,2023-02-25,3,Sales,Sales Manager,G5,MGR037,Hyderabad,Contract,1971098,6,Bachelor's,Married,Resigned,2026-02-11
EMP02890,Manbir Taneja,Manbir,Taneja,Female,1994-05-14,32,2021-03-03,5,Finance,Accountant,G5,MGR048,Hyderabad,Contract,1746621,10,Bachelor's,Married,Active,
EMP02891,Matthew Jayaraman,Matthew,Jayaraman,Male,2002-10-15,23,2015-11-25,10,Marketing,Marketing Executive,G1,MGR049,Bangalore,Contract,482721,2,Diploma,Single,Active,
EMP02892,Arin Memon,Arin,Memon,Female,1970-01-08,56,2021-06-22,5,IT,QA Engineer,G4,MGR074,Mumbai,Full-Time,1306849,7,Bachelor's,Single,Active,
EMP02893,Omaja Deo,Omaja,Deo,Male,1976-01-03,50,2023-07-30,3,Marketing,Digital Marketing Specialist,G5,MGR006,Bangalore,Contract,1727278,6,Bachelor's,Married,Active,
EMP02894,Urvi Palan,Urvi,Palan,Male,1979-10-12,46,2024-06-15,2,Finance,Accountant,G4,MGR022,Pune,Full-Time,1361520,3,Master's,Married,Active,
EMP02895,Osha Sawhney,Osha,Sawhney,Male,1970-02-07,56,2017-02-02,9,Marketing,Marketing Executive,G4,MGR086,Chennai,Full-Time,1309796,14,Master's,Single,Active,
EMP02896,Ansh Manne,Ansh,Manne,Male,2000-11-30,25,2016-06-06,10,HR,Talent Acquisition Specialist,G2,MGR057,Delhi,Contract,521680,4,PhD,Married,Resigned,2019-08-24
EMP02897,Dev Bains,Dev,Bains,Male,2000-08-01,26,2017-09-27,8,Marketing,SEO Analyst,G3,MGR048,Delhi,Full-Time,930360,5,Master's,Married,Active,
EMP02898,Vincent Venkatesh,Vincent,Venkatesh,Female,1997-07-06,29,2020-05-30,6,Marketing,Marketing Executive,G4,MGR027,Pune,Full-Time,1157630,8,Bachelor's,Married,Active,
EMP02899,Gautami Sabharwal,Gautami,Sabharwal,Male,1980-09-09,45,2017-10-11,8,Marketing,SEO Analyst,G1,MGR089,Bangalore,Contract,318011,11,Diploma,Single,Resigned,2023-08-11
EMP02900,Eta Sunder,Eta,Sunder,Female,1972-02-01,54,2015-07-25,11,Marketing,Digital Marketing Specialist,G5,MGR094,Mumbai,Contract,1536322,13,Master's,Married,Active,
EMP02901,Sai Shankar,Sai,Shankar,Female,1973-05-13,53,2024-11-21,1,Marketing,Digital Marketing Specialist,G2,MGR074,Pune,Contract,552289,2,PhD,Married,Resigned,2025-07-15
EMP02902,Kevin Mohan,Kevin,Mohan,Female,1979-07-23,47,2015-03-09,11,Sales,Business Development Executive,G3,MGR100,Chennai,Contract,819448,13,Diploma,Single,Active,
EMP02903,Onveer Lad,Onveer,Lad,Male,1965-09-14,60,2018-05-13,8,HR,HR Manager,G5,MGR034,Chennai,Full-Time,1996965,12,Master's,Single,Active,
EMP02904,Utkarsh Sule,Utkarsh,Sule,Male,1969-10-16,56,2024-07-16,2,Marketing,Marketing Executive,G5,MGR082,Chennai,Contract,2072205,7,Diploma,Single,Resigned,2025-04-30
EMP02905,Bhavya Batta,Bhavya,Batta,Male,1981-08-02,45,2020-01-11,6,Finance,Accountant,G5,MGR065,Delhi,Full-Time,1821583,10,Diploma,Married,Active,
EMP02906,Manbir Pandit,Manbir,Pandit,Male,2003-05-11,23,2017-02-11,9,Finance,Financial Analyst,G3,MGR007,Delhi,Full-Time,907419,2,Master's,Single,Active,
EMP02907,Bhavani Shah,Bhavani,Shah,Female,2002-05-01,24,2025-07-20,1,Finance,Financial Analyst,G3,MGR021,Pune,Full-Time,918222,2,Bachelor's,Married,Active,
EMP02908,Ojas Dyal,Ojas,Dyal,Female,1992-12-11,33,2022-12-14,3,Operations,Operations Executive,G2,MGR032,Chennai,Contract,673961,4,PhD,Single,Active,
EMP02909,Bhavika Gopal,Bhavika,Gopal,Male,1994-11-23,31,2018-04-23,8,HR,HR Manager,G4,MGR008,Chennai,Contract,1200815,10,PhD,Single,Active,
EMP02910,Parth Dube,Parth,Dube,Male,1983-09-18,42,2015-07-27,11,HR,Talent Acquisition Specialist,G5,MGR010,Pune,Contract,2394679,13,Master's,Single,Active,
EMP02911,Neel Khanna,Neel,Khanna,Female,1970-12-27,55,2015-11-02,10,Finance,Finance Manager,G1,MGR023,Pune,Full-Time,494042,11,Master's,Single,Active,
EMP02912,Jackson Barman,Jackson,Barman,Female,1968-01-09,58,2019-04-18,7,Marketing,Marketing Executive,G5,MGR056,Bangalore,Full-Time,1853826,9,Master's,Married,Active,
EMP02913,Edhitha Date,Edhitha,Date,Male,1995-03-29,31,2017-03-18,9,Sales,Sales Manager,G3,MGR018,Chennai,Contract,706466,10,Diploma,Married,Resigned,2024-09-16
EMP02914,Abha Pingle,Abha,Pingle,Female,1989-10-04,36,2016-04-22,10,Sales,Business Development Executive,G5,MGR086,Bangalore,Contract,1603708,14,Bachelor's,Single,Active,
EMP02915,Qarin Jha,Qarin,Jha,Male,1998-02-03,28,2024-01-03,2,Finance,Finance Manager,G2,MGR011,Chennai,Full-Time,544612,7,Diploma,Married,Active,
EMP02916,Bakhshi Nadig,Bakhshi,Nadig,Female,1987-08-07,39,2016-04-07,10,Finance,Accountant,G3,MGR097,Pune,Full-Time,703586,12,Master's,Married,Resigned,2022-02-11
EMP02917,Manbir Pradhan,Manbir,Pradhan,Male,1991-01-15,35,2016-05-10,10,Finance,Accountant,G4,MGR020,Pune,Full-Time,1168531,10,Diploma,Single,Active,
EMP02918,Saumya Zacharia,Saumya,Zacharia,Male,1971-10-29,54,2015-07-31,11,Marketing,SEO Analyst,G3,MGR056,Chennai,Contract,861073,12,Master's,Married,Active,
EMP02919,Nicholas Walla,Nicholas,Walla,Male,1985-10-14,40,2017-02-03,9,Marketing,Marketing Executive,G2,MGR050,Hyderabad,Contract,673558,10,Diploma,Married,Active,
EMP02920,Charvi Dara,Charvi,Dara,Female,1996-02-16,30,2022-03-03,4,Marketing,Marketing Executive,G3,MGR020,Delhi,Full-Time,800342,5,Diploma,Single,Active,
EMP02921,Aryan Ravel,Aryan,Ravel,Male,1988-03-17,38,2018-07-12,8,HR,HR Executive,G1,MGR052,Chennai,Full-Time,394189,8,Master's,Single,Active,
EMP02922,Xalak Dhillon,Xalak,Dhillon,Male,1997-08-16,28,2016-05-28,10,HR,Talent Acquisition Specialist,G3,MGR023,Hyderabad,Contract,906850,7,Bachelor's,Single,Active,
EMP02923,Tara Nagarajan,Tara,Nagarajan,Male,1979-01-18,47,2017-10-08,8,Finance,Accountant,G2,MGR055,Hyderabad,Full-Time,640744,11,PhD,Married,Active,
EMP02924,Nachiket Agrawal,Nachiket,Agrawal,Male,1992-10-08,33,2025-04-21,1,Operations,Operations Executive,G5,MGR069,Hyderabad,Contract,2287789,6,PhD,Married,Active,
EMP02925,Yashica Narula,Yashica,Narula,Female,1986-11-02,39,2024-09-05,1,HR,HR Executive,G1,MGR084,Bangalore,Full-Time,417655,5,Diploma,Single,Active,
EMP02926,Chakrika Som,Chakrika,Som,Male,1996-05-09,30,2015-05-27,11,Finance,Accountant,G1,MGR087,Chennai,Contract,480334,9,Master's,Married,Active,
EMP02927,Bimala Din,Bimala,Din,Male,1980-06-17,46,2018-02-06,8,HR,HR Manager,G3,MGR009,Hyderabad,Full-Time,851697,10,Bachelor's,Married,Resigned,2024-11-25
EMP02928,Riya Nigam,Riya,Nigam,Female,1998-10-03,27,2023-02-13,3,Operations,Supply Chain Analyst,G2,MGR071,Bangalore,Full-Time,652287,4,Diploma,Single,Active,
EMP02929,Isaiah Srinivas,Isaiah,Srinivas,Male,1982-02-08,44,2022-04-08,4,HR,Talent Acquisition Specialist,G2,MGR071,Delhi,Contract,620434,5,Diploma,Married,Resigned,2022-08-10
EMP02930,Liam Dada,Liam,Dada,Male,1977-04-20,49,2017-01-09,9,Operations,Operations Executive,G3,MGR099,Delhi,Full-Time,939394,10,Master's,Single,Active,
EMP02931,Darika Bakshi,Darika,Bakshi,Male,1997-07-18,29,2019-10-13,6,Operations,Supply Chain Analyst,G5,MGR087,Pune,Full-Time,1696174,7,Bachelor's,Married,Active,
EMP02932,Neelima Kannan,Neelima,Kannan,Male,1980-07-12,46,2015-01-29,11,Sales,Business Development Executive,G1,MGR062,Bangalore,Full-Time,429923,13,Master's,Married,Active,
EMP02933,Sanaya Parikh,Sanaya,Parikh,Female,1973-11-16,52,2023-10-10,2,Finance,Financial Analyst,G4,MGR054,Delhi,Contract,1264539,5,Diploma,Single,Active,
EMP02934,George Narain,George,Narain,Male,2001-06-02,25,2018-08-25,7,Marketing,Digital Marketing Specialist,G1,MGR100,Bangalore,Contract,460140,4,Master's,Single,Active,
EMP02935,Christopher Hayer,Christopher,Hayer,Female,1991-02-20,35,2018-09-25,7,Finance,Accountant,G2,MGR091,Pune,Contract,549526,8,Diploma,Married,Active,
EMP02936,Tristan Mall,Tristan,Mall,Female,1974-05-04,52,2022-05-25,4,Operations,Operations Manager,G1,MGR091,Pune,Full-Time,495994,6,PhD,Married,Active,
EMP02937,Rohan Bajaj,Rohan,Bajaj,Male,1995-03-03,31,2017-08-01,9,Sales,Sales Executive,G4,MGR046,Delhi,Full-Time,1396524,10,Diploma,Married,Active,
EMP02938,Fiyaz Yohannan,Fiyaz,Yohannan,Male,1987-04-12,39,2024-11-25,1,HR,HR Executive,G2,MGR018,Hyderabad,Contract,568371,1,PhD,Single,Resigned,2025-11-05
EMP02939,Gagan Vala,Gagan,Vala,Male,2002-01-21,24,2022-08-10,3,HR,HR Executive,G5,MGR018,Chennai,Full-Time,1617479,3,Diploma,Single,Active,
EMP02940,Meera Hayer,Meera,Hayer,Female,1995-04-09,31,2019-12-21,6,Operations,Supply Chain Analyst,G3,MGR016,Pune,Full-Time,772890,10,Master's,Married,Active,
EMP02941,Vritti Nadkarni,Vritti,Nadkarni,Female,2001-08-21,24,2017-06-09,9,IT,Software Engineer,G3,MGR031,Pune,Full-Time,807921,3,PhD,Single,Resigned,2026-02-20
EMP02942,Daksh Patel,Daksh,Patel,Male,2001-08-16,24,2019-11-05,6,Operations,Operations Manager,G5,MGR034,Delhi,Full-Time,2431785,3,Bachelor's,Single,Active,
EMP02943,Mitali Divan,Mitali,Divan,Male,1975-12-03,50,2022-11-27,3,Sales,Sales Manager,G5,MGR048,Delhi,Full-Time,2498071,7,Diploma,Single,Active,
EMP02944,Prisha Pingle,Prisha,Pingle,Male,1978-08-30,47,2015-11-07,10,Operations,Operations Manager,G1,MGR012,Hyderabad,Full-Time,442599,11,Master's,Married,Active,
EMP02945,Libni Pradhan,Libni,Pradhan,Female,1988-11-27,37,2019-12-31,6,Operations,Supply Chain Analyst,G2,MGR098,Pune,Contract,548160,11,PhD,Single,Active,
EMP02946,Advik Mane,Advik,Mane,Male,1965-12-04,60,2018-02-21,8,HR,Talent Acquisition Specialist,G3,MGR033,Mumbai,Full-Time,959824,11,Master's,Single,Active,
EMP02947,Hemani Panchal,Hemani,Panchal,Female,1981-03-16,45,2015-09-29,10,IT,Software Engineer,G3,MGR001,Pune,Full-Time,907145,13,Master's,Single,Active,
EMP02948,Darika Sehgal,Darika,Sehgal,Male,1980-01-31,46,2019-02-09,7,Finance,Finance Manager,G4,MGR039,Mumbai,Full-Time,1299486,10,Bachelor's,Single,Active,
EMP02949,Gagan Kale,Gagan,Kale,Female,1983-12-27,42,2023-06-20,3,Operations,Operations Manager,G2,MGR011,Hyderabad,Contract,672211,4,PhD,Married,Active,
EMP02950,Sachi Sagar,Sachi,Sagar,Female,1997-12-30,28,2019-11-29,6,Finance,Accountant,G2,MGR062,Hyderabad,Full-Time,631098,6,Bachelor's,Single,Active,
EMP02951,Saanvi Mani,Saanvi,Mani,Male,1992-07-29,34,2020-02-13,6,Operations,Supply Chain Analyst,G2,MGR036,Chennai,Contract,510936,8,Diploma,Married,Active,
EMP02952,Nihal Samra,Nihal,Samra,Female,1979-04-25,47,2018-10-31,7,Operations,Supply Chain Analyst,G4,MGR066,Pune,Contract,1487269,8,Master's,Single,Active,
EMP02953,Oeshi Dewan,Oeshi,Dewan,Male,1987-05-15,39,2025-10-14,0,Marketing,SEO Analyst,G4,MGR040,Delhi,Full-Time,1408346,4,Diploma,Married,Resigned,2026-05-30
EMP02954,Gabriel Dhawan,Gabriel,Dhawan,Female,1987-11-17,38,2018-09-19,7,Marketing,Marketing Executive,G5,MGR099,Chennai,Contract,1611194,10,PhD,Single,Active,
EMP02955,Sarthak Mitter,Sarthak,Mitter,Female,2002-02-09,24,2018-06-06,8,Marketing,Marketing Executive,G2,MGR024,Hyderabad,Full-Time,652968,3,Master's,Married,Active,
EMP02956,Vaishnavi Vohra,Vaishnavi,Vohra,Female,1975-03-23,51,2020-10-16,5,Finance,Financial Analyst,G4,MGR018,Pune,Contract,1004421,9,Diploma,Married,Active,
EMP02957,Gautami Bhatti,Gautami,Bhatti,Female,1973-05-04,53,2015-08-14,10,Operations,Operations Manager,G3,MGR093,Bangalore,Full-Time,882579,14,Master's,Married,Resigned,2025-08-31
EMP02958,Keya Chakrabarti,Keya,Chakrabarti,Male,1985-03-12,41,2023-07-06,3,Marketing,SEO Analyst,G5,MGR053,Hyderabad,Contract,2210442,7,Bachelor's,Single,Resigned,2023-07-16
EMP02959,Nimrat Mahajan,Nimrat,Mahajan,Male,1999-03-13,27,2025-05-16,1,IT,Software Engineer,G4,MGR018,Delhi,Full-Time,1408748,6,Diploma,Married,Active,
EMP02960,Oeshi Gill,Oeshi,Gill,Male,1970-08-07,56,2023-10-10,2,HR,HR Manager,G4,MGR089,Hyderabad,Contract,1055391,4,Diploma,Married,Active,
EMP02961,Turvi Devan,Turvi,Devan,Male,1996-02-19,30,2018-06-26,8,Marketing,Digital Marketing Specialist,G4,MGR011,Chennai,Contract,1253480,9,Master's,Single,Resigned,2020-03-06
EMP02962,Quincy Raj,Quincy,Raj,Male,1999-07-10,27,2018-04-12,8,Finance,Financial Analyst,G1,MGR034,Chennai,Contract,482374,6,Diploma,Single,Active,
EMP02963,Bimala Swaminathan,Bimala,Swaminathan,Male,1987-07-11,39,2020-03-12,6,Sales,Sales Executive,G2,MGR021,Bangalore,Contract,563488,6,Master's,Married,Active,
EMP02964,Brijesh Mittal,Brijesh,Mittal,Male,1985-10-18,40,2017-09-27,8,HR,HR Manager,G4,MGR055,Chennai,Contract,1345719,13,Diploma,Single,Active,
EMP02965,Daksha Tak,Daksha,Tak,Male,1976-09-12,49,2023-12-13,2,HR,Talent Acquisition Specialist,G1,MGR057,Chennai,Full-Time,421644,5,PhD,Single,Active,
EMP02966,Ubika Kapur,Ubika,Kapur,Male,1977-09-03,48,2024-08-03,2,Marketing,Marketing Executive,G1,MGR025,Pune,Full-Time,478280,7,PhD,Married,Active,
EMP02967,Avi Agate,Avi,Agate,Male,1968-10-03,57,2024-02-17,2,Finance,Financial Analyst,G4,MGR048,Pune,Full-Time,1427604,6,PhD,Married,Active,
EMP02968,Mitesh Lala,Mitesh,Lala,Female,1967-07-21,59,2015-03-30,11,HR,HR Manager,G2,MGR059,Bangalore,Full-Time,698948,14,Master's,Married,Active,
EMP02969,Charita Sodhi,Charita,Sodhi,Female,1978-04-12,48,2015-04-27,11,Operations,Operations Manager,G2,MGR018,Bangalore,Full-Time,599599,13,Bachelor's,Single,Active,
EMP02970,Jeet Mani,Jeet,Mani,Female,1976-07-26,50,2016-03-23,10,Operations,Operations Executive,G1,MGR004,Delhi,Full-Time,455155,13,PhD,Single,Active,
EMP02971,Omisha Gola,Omisha,Gola,Male,1998-01-23,28,2019-07-05,7,Operations,Supply Chain Analyst,G2,MGR005,Bangalore,Full-Time,513830,7,Diploma,Married,Active,
EMP02972,Vyanjana Konda,Vyanjana,Konda,Female,2000-03-05,26,2025-05-26,1,Sales,Business Development Executive,G2,MGR097,Bangalore,Full-Time,696152,3,Master's,Single,Active,
EMP02973,Ayush Dar,Ayush,Dar,Female,1970-05-19,56,2016-05-21,10,Sales,Sales Executive,G3,MGR092,Chennai,Contract,999303,12,Bachelor's,Married,Active,
EMP02974,Aradhana Tailor,Aradhana,Tailor,Male,1988-12-14,37,2018-02-01,8,Finance,Financial Analyst,G2,MGR098,Bangalore,Full-Time,614973,13,Bachelor's,Married,Active,
EMP02975,Ekalinga Pathak,Ekalinga,Pathak,Male,1977-02-05,49,2024-07-19,2,Marketing,SEO Analyst,G3,MGR024,Mumbai,Full-Time,716462,3,Master's,Married,Active,
EMP02976,Vasana Sarin,Vasana,Sarin,Female,1987-12-07,38,2015-08-18,10,Operations,Operations Executive,G3,MGR066,Chennai,Full-Time,789860,14,Diploma,Married,Active,
EMP02977,Aarna Soni,Aarna,Soni,Female,1997-02-14,29,2022-06-19,4,Marketing,Marketing Executive,G5,MGR081,Hyderabad,Full-Time,2219454,5,Master's,Married,Resigned,2025-06-01
EMP02978,Jagdish Prakash,Jagdish,Prakash,Female,1973-02-10,53,2018-02-22,8,Operations,Supply Chain Analyst,G4,MGR063,Hyderabad,Contract,1258128,12,Master's,Married,Active,
EMP02979,Yauvani Badal,Yauvani,Badal,Male,1966-07-10,60,2018-06-07,8,Sales,Sales Manager,G1,MGR056,Pune,Contract,312794,10,Bachelor's,Married,Active,
EMP02980,Aashi Gaba,Aashi,Gaba,Female,1970-08-25,55,2025-10-08,0,Operations,Supply Chain Analyst,G4,MGR047,Mumbai,Contract,1190921,0,Bachelor's,Married,Resigned,2026-05-21
EMP02981,Dalbir Dhingra,Dalbir,Dhingra,Female,1994-04-21,32,2024-01-09,2,Sales,Sales Executive,G5,MGR018,Pune,Full-Time,1605566,3,Diploma,Married,Active,
EMP02982,Ekaja Shenoy,Ekaja,Shenoy,Female,1976-05-12,50,2024-01-31,2,Finance,Finance Manager,G2,MGR056,Pune,Full-Time,658086,4,Diploma,Single,Active,
EMP02983,Krishna Parikh,Krishna,Parikh,Female,1986-01-10,40,2015-05-08,11,Sales,Business Development Executive,G2,MGR018,Bangalore,Full-Time,604107,14,Master's,Single,Active,
EMP02984,Nihal Bera,Nihal,Bera,Female,1999-09-18,26,2015-08-21,10,HR,HR Executive,G3,MGR084,Mumbai,Contract,730784,5,Master's,Married,Resigned,2020-04-10
EMP02985,Jalsa Saini,Jalsa,Saini,Female,1989-12-23,36,2021-06-05,5,Finance,Accountant,G2,MGR012,Hyderabad,Contract,612035,9,PhD,Married,Active,
EMP02986,Ishani Bava,Ishani,Bava,Female,1992-02-13,34,2022-11-01,3,Operations,Operations Manager,G5,MGR059,Delhi,Full-Time,1871236,6,PhD,Single,Active,
EMP02987,Bimala Manne,Bimala,Manne,Female,1996-10-31,29,2024-10-20,1,Finance,Finance Manager,G2,MGR094,Pune,Full-Time,615198,3,Bachelor's,Married,Resigned,2025-12-05
EMP02988,Faraj Varkey,Faraj,Varkey,Male,1974-07-27,52,2021-09-22,4,HR,HR Manager,G2,MGR050,Pune,Contract,624727,9,Master's,Single,Active,
EMP02989,Rishi Goswami,Rishi,Goswami,Female,1966-10-25,59,2018-02-13,8,Operations,Operations Manager,G3,MGR013,Pune,Full-Time,892195,10,PhD,Single,Active,
EMP02990,Girindra Ganesh,Girindra,Ganesh,Male,1965-09-18,60,2018-12-05,7,IT,Data Analyst,G2,MGR092,Chennai,Full-Time,639433,12,PhD,Married,Active,
EMP02991,Ekantika Mutti,Ekantika,Mutti,Female,1991-05-13,35,2018-12-31,7,HR,Talent Acquisition Specialist,G2,MGR100,Hyderabad,Contract,615960,9,Master's,Single,Active,
EMP02992,Charvi Madan,Charvi,Madan,Male,1979-04-13,47,2022-11-03,3,Finance,Accountant,G2,MGR059,Mumbai,Full-Time,667444,5,Bachelor's,Married,Active,
EMP02993,Janani Char,Janani,Char,Male,1968-07-31,58,2024-04-01,2,Finance,Accountant,G1,MGR018,Hyderabad,Full-Time,303124,2,PhD,Single,Active,
EMP02994,Indira Dhawan,Indira,Dhawan,Male,1993-03-04,33,2022-01-10,4,Finance,Finance Manager,G5,MGR073,Delhi,Contract,1904085,7,Bachelor's,Married,Active,
EMP02995,Agastya Devan,Agastya,Devan,Female,1986-05-16,40,2017-10-15,8,IT,Software Engineer,G3,MGR001,Chennai,Full-Time,795166,11,PhD,Single,Active,
EMP02996,Zarna Manda,Zarna,Manda,Female,1967-04-28,59,2020-05-04,6,Marketing,Marketing Executive,G2,MGR058,Mumbai,Full-Time,622440,10,PhD,Single,Resigned,2023-07-06
EMP02997,Vedhika Sabharwal,Vedhika,Sabharwal,Female,1968-11-04,57,2023-04-28,3,Finance,Finance Manager,G3,MGR099,Mumbai,Contract,727090,7,Diploma,Single,Active,
EMP02998,Harini Gaba,Harini,Gaba,Male,1965-01-05,61,2021-10-24,4,IT,DevOps Engineer,G2,MGR004,Chennai,Contract,545304,8,Bachelor's,Single,Active,
EMP02999,Harsh Kamdar,Harsh,Kamdar,Female,1980-07-29,46,2017-01-07,9,HR,Talent Acquisition Specialist,G3,MGR053,Pune,Full-Time,998967,14,Bachelor's,Single,Active,
EMP03000,Mohammed Thakur,Mohammed,Thakur,Female,1980-09-26,45,2016-04-15,10,Sales,Sales Manager,G4,MGR080,Pune,Full-Time,1413956,12,Bachelor's,Single,Active,
EMP03001,Timothy Guha,Timothy,Guha,Male,2000-08-19,25,2019-11-13,6,IT,QA Engineer,G3,MGR060,Bangalore,Full-Time,735147,4,Master's,Single,Resigned,2024-08-13
EMP03002,Ishaan Sahni,Ishaan,Sahni,Male,1967-02-11,59,2019-12-23,6,Marketing,SEO Analyst,G5,MGR064,Delhi,Contract,1943754,8,PhD,Married,Active,
EMP03003,Triveni Bose,Triveni,Bose,Female,1965-03-22,61,2021-08-04,5,Finance,Finance Manager,G1,MGR043,Pune,Contract,379602,6,PhD,Single,Resigned,2022-08-01
EMP03004,Karan Badal,Karan,Badal,Female,1983-07-01,43,2021-12-22,4,Finance,Finance Manager,G4,MGR058,Mumbai,Contract,1067075,5,Diploma,Single,Active,
EMP03005,Varsha Pall,Varsha,Pall,Male,1966-10-07,59,2018-06-17,8,HR,Talent Acquisition Specialist,G5,MGR098,Delhi,Contract,1783524,12,Master's,Married,Active,
EMP03006,Devika Patil,Devika,Patil,Female,1982-04-27,44,2017-12-04,8,Operations,Operations Executive,G3,MGR074,Bangalore,Full-Time,805481,9,PhD,Married,Active,
EMP03007,Liam Sathe,Liam,Sathe,Male,1984-10-23,41,2021-03-27,5,Operations,Supply Chain Analyst,G4,MGR066,Delhi,Contract,1295509,8,Master's,Married,Active,
EMP03008,Hema Gera,Hema,Gera,Male,1998-09-16,27,2015-12-19,10,IT,DevOps Engineer,G4,MGR083,Mumbai,Contract,1239982,6,Diploma,Married,Active,
EMP03009,Daksha Balakrishnan,Daksha,Balakrishnan,Female,1989-02-18,37,2021-11-08,4,Finance,Accountant,G4,MGR007,Pune,Full-Time,1247835,5,Bachelor's,Single,Active,
EMP03010,Jagat Kapadia,Jagat,Kapadia,Female,1980-12-26,45,2022-07-31,4,Operations,Supply Chain Analyst,G5,MGR034,Mumbai,Contract,1654371,4,Diploma,Married,Active,
EMP03011,Kabir Dhar,Kabir,Dhar,Female,1966-10-06,59,2020-05-30,6,Operations,Supply Chain Analyst,G2,MGR045,Pune,Contract,601968,11,PhD,Single,Resigned,2026-04-06
EMP03012,Utkarsh Mohanty,Utkarsh,Mohanty,Male,1998-12-14,27,2015-07-25,11,HR,Talent Acquisition Specialist,G2,MGR027,Bangalore,Contract,623108,6,Bachelor's,Married,Active,
EMP03013,Jeremiah Kadakia,Jeremiah,Kadakia,Female,1973-04-13,53,2015-10-24,10,HR,HR Executive,G1,MGR071,Bangalore,Contract,307042,10,Master's,Single,Active,
EMP03014,Kalpit Brar,Kalpit,Brar,Male,1996-08-27,29,2018-06-03,8,HR,HR Manager,G4,MGR003,Pune,Full-Time,1199574,8,PhD,Single,Active,
EMP03015,Pavani Choudhury,Pavani,Choudhury,Male,1996-04-20,30,2025-09-11,0,HR,HR Executive,G2,MGR010,Mumbai,Contract,570429,0,Bachelor's,Single,Active,
EMP03016,Faras Bahl,Faras,Bahl,Female,1984-06-15,42,2023-03-19,3,Marketing,Digital Marketing Specialist,G5,MGR087,Chennai,Contract,2433259,8,Diploma,Married,Active,
EMP03017,Veda Sankar,Veda,Sankar,Female,1966-12-22,59,2015-04-12,11,Sales,Sales Manager,G4,MGR036,Mumbai,Full-Time,1052068,16,Diploma,Single,Active,
EMP03018,Brijesh Hegde,Brijesh,Hegde,Male,1997-09-23,28,2024-09-24,1,Operations,Operations Manager,G3,MGR026,Hyderabad,Contract,848746,5,PhD,Single,Active,
EMP03019,Hritik Bali,Hritik,Bali,Female,1984-08-03,42,2017-02-02,9,IT,Data Engineer,G4,MGR063,Bangalore,Full-Time,1371129,12,Master's,Married,Active,
EMP03020,Yochana Bhargava,Yochana,Bhargava,Female,1984-04-01,42,2016-05-14,10,Marketing,Marketing Executive,G3,MGR093,Hyderabad,Contract,982703,11,Master's,Single,Active,
EMP03021,Upasna Dani,Upasna,Dani,Female,1975-06-29,51,2022-01-15,4,IT,Data Engineer,G1,MGR094,Chennai,Contract,490262,4,PhD,Single,Active,
EMP03022,Zehaan Bassi,Zehaan,Bassi,Male,1968-09-08,57,2022-02-05,4,HR,HR Executive,G2,MGR029,Chennai,Full-Time,687107,9,Master's,Single,Active,
EMP03023,Dominic Mitra,Dominic,Mitra,Male,1974-06-30,52,2024-08-28,1,HR,Talent Acquisition Specialist,G1,MGR092,Bangalore,Contract,375882,2,PhD,Married,Resigned,2026-01-28
EMP03024,Advaith Char,Advaith,Char,Female,1968-03-10,58,2019-01-28,7,Operations,Operations Manager,G1,MGR060,Delhi,Contract,492436,11,Diploma,Married,Active,
EMP03025,Jatin Jha,Jatin,Jha,Male,1990-11-15,35,2015-12-13,10,IT,DevOps Engineer,G3,MGR057,Delhi,Contract,894292,14,PhD,Married,Resigned,2025-12-11
EMP03026,Ryan Goyal,Ryan,Goyal,Female,1997-04-12,29,2019-11-09,6,Sales,Sales Manager,G3,MGR051,Pune,Contract,952003,8,Diploma,Married,Active,
EMP03027,Indali Balakrishnan,Indali,Balakrishnan,Male,1991-04-17,35,2019-11-20,6,Finance,Financial Analyst,G3,MGR010,Hyderabad,Contract,797017,7,Master's,Married,Active,
EMP03028,Gautam Dhingra,Gautam,Dhingra,Female,1971-06-11,55,2020-04-01,6,Finance,Financial Analyst,G3,MGR022,Pune,Contract,774314,11,Master's,Single,Active,
EMP03029,Arunima Pall,Arunima,Pall,Male,1991-09-09,34,2024-04-09,2,Marketing,Digital Marketing Specialist,G2,MGR068,Hyderabad,Contract,669175,2,Diploma,Married,Active,
EMP03030,Indira Dyal,Indira,Dyal,Male,1978-09-11,47,2019-08-27,6,Sales,Sales Executive,G5,MGR032,Mumbai,Full-Time,1539240,7,Bachelor's,Single,Active,
EMP03031,Xiti Khurana,Xiti,Khurana,Male,1990-06-03,36,2024-03-15,2,HR,HR Executive,G1,MGR014,Pune,Contract,320704,2,PhD,Married,Active,
EMP03032,Yashasvi Bir,Yashasvi,Bir,Female,1980-05-23,46,2020-11-12,5,Sales,Sales Manager,G3,MGR090,Bangalore,Contract,769955,10,PhD,Single,Active,
EMP03033,Hardik Atwal,Hardik,Atwal,Female,1973-08-26,52,2019-08-15,6,Marketing,Digital Marketing Specialist,G3,MGR059,Delhi,Full-Time,881635,6,Diploma,Married,Resigned,2024-02-13
EMP03034,Teerth Handa,Teerth,Handa,Male,1994-03-02,32,2020-08-16,5,Sales,Business Development Executive,G1,MGR031,Bangalore,Contract,472158,7,PhD,Married,Resigned,2023-01-08
EMP03035,Onveer Yogi,Onveer,Yogi,Male,1994-06-23,32,2017-04-12,9,Marketing,SEO Analyst,G5,MGR091,Delhi,Contract,1872665,11,Diploma,Married,Active,
EMP03036,Aayush Chaudhary,Aayush,Chaudhary,Male,1979-09-02,46,2025-08-04,1,Operations,Operations Manager,G1,MGR016,Chennai,Full-Time,481534,6,Bachelor's,Married,Resigned,2026-07-28
EMP03037,Tanish Thaman,Tanish,Thaman,Female,1993-06-07,33,2020-04-11,6,Sales,Business Development Executive,G2,MGR026,Hyderabad,Contract,655165,11,PhD,Married,Active,
EMP03038,Vaishnavi Peri,Vaishnavi,Peri,Female,1991-06-18,35,2020-02-18,6,HR,HR Manager,G4,MGR094,Chennai,Full-Time,1296007,8,Diploma,Single,Active,
EMP03039,Qasim Sarraf,Qasim,Sarraf,Female,2001-06-24,25,2015-11-12,10,Marketing,Marketing Executive,G5,MGR093,Delhi,Full-Time,1828002,4,Bachelor's,Married,Active,
EMP03040,Hredhaan Golla,Hredhaan,Golla,Male,1970-07-28,56,2023-09-13,2,Finance,Finance Manager,G1,MGR006,Delhi,Contract,449980,3,PhD,Single,Active,
EMP03041,Isha Raghavan,Isha,Raghavan,Female,1983-09-17,42,2022-09-21,3,HR,HR Executive,G1,MGR051,Bangalore,Contract,324602,8,Bachelor's,Single,Active,
EMP03042,Panini Kala,Panini,Kala,Female,1966-08-21,59,2020-11-07,5,HR,HR Manager,G2,MGR017,Hyderabad,Full-Time,691835,6,Bachelor's,Single,Resigned,2025-03-23
EMP03043,Vedant Reddy,Vedant,Reddy,Male,1975-07-18,51,2015-08-08,10,Operations,Operations Manager,G3,MGR077,Chennai,Contract,864295,14,Master's,Single,Active,
EMP03044,Isaiah Murthy,Isaiah,Murthy,Female,1988-09-27,37,2018-05-03,8,HR,HR Manager,G1,MGR036,Bangalore,Full-Time,427889,11,Bachelor's,Single,Resigned,2019-05-22
EMP03045,Unnati Choudhary,Unnati,Choudhary,Male,2003-05-09,23,2021-07-21,5,Operations,Supply Chain Analyst,G5,MGR060,Pune,Full-Time,2329651,2,Master's,Single,Active,
EMP03046,Zinal Deshpande,Zinal,Deshpande,Male,1968-11-10,57,2015-04-09,11,Marketing,Marketing Executive,G4,MGR013,Delhi,Full-Time,1253868,11,Master's,Single,Resigned,2023-09-14
EMP03047,Jalsa Mani,Jalsa,Mani,Male,1998-12-08,27,2024-10-02,1,Sales,Sales Manager,G2,MGR056,Bangalore,Contract,628324,4,PhD,Married,Active,
EMP03048,Banjeet Butala,Banjeet,Butala,Male,1984-11-28,41,2019-01-02,7,Sales,Sales Executive,G3,MGR040,Chennai,Full-Time,868029,12,PhD,Single,Active,
EMP03049,Falak Tak,Falak,Tak,Female,1983-03-24,43,2019-10-20,6,IT,Data Engineer,G2,MGR028,Chennai,Full-Time,652069,6,Master's,Single,Active,
EMP03050,Jack Rajan,Jack,Rajan,Male,2002-05-02,24,2016-07-22,10,IT,Data Engineer,G1,MGR013,Mumbai,Contract,468209,3,Bachelor's,Single,Active,
EMP03051,Bhanumati Shan,Bhanumati,Shan,Female,1992-10-03,33,2024-08-01,2,Operations,Supply Chain Analyst,G5,MGR043,Chennai,Full-Time,2175318,6,PhD,Married,Active,
EMP03052,Devika Sawhney,Devika,Sawhney,Male,2002-04-17,24,2016-06-23,10,Marketing,SEO Analyst,G1,MGR058,Pune,Full-Time,357946,3,PhD,Married,Active,
EMP03053,Upkaar Reddy,Upkaar,Reddy,Female,1979-02-18,47,2020-03-07,6,Operations,Operations Executive,G3,MGR011,Delhi,Full-Time,794770,6,Bachelor's,Single,Active,
EMP03054,Bina Sangha,Bina,Sangha,Female,2003-06-01,23,2022-04-30,4,Operations,Supply Chain Analyst,G3,MGR006,Pune,Contract,746579,2,Bachelor's,Married,Active,
EMP03055,Ranbir Boase,Ranbir,Boase,Male,1982-08-07,44,2017-12-29,8,Finance,Financial Analyst,G2,MGR096,Chennai,Contract,542039,8,Diploma,Married,Active,
EMP03056,Vamakshi Pillai,Vamakshi,Pillai,Male,1993-05-01,33,2015-08-19,10,Sales,Business Development Executive,G2,MGR057,Hyderabad,Full-Time,543293,11,Bachelor's,Married,Active,
EMP03057,Praneel Arya,Praneel,Arya,Female,1989-06-19,37,2018-08-02,8,Operations,Operations Manager,G1,MGR078,Mumbai,Full-Time,314779,13,Master's,Single,Active,
EMP03058,Vyanjana Cheema,Vyanjana,Cheema,Male,1991-05-18,35,2015-06-27,11,IT,DevOps Engineer,G2,MGR018,Bangalore,Contract,666235,14,PhD,Married,Resigned,2022-03-24
EMP03059,Raksha Virk,Raksha,Virk,Female,1983-01-21,43,2019-02-23,7,Marketing,Digital Marketing Specialist,G1,MGR022,Chennai,Contract,425680,12,Diploma,Single,Active,
EMP03060,Frederick Dar,Frederick,Dar,Female,1993-08-10,33,2017-06-06,9,HR,HR Executive,G3,MGR046,Delhi,Contract,898464,11,Master's,Single,Active,
EMP03061,Luke Rana,Luke,Rana,Female,1997-12-18,28,2017-04-02,9,Finance,Accountant,G4,MGR064,Mumbai,Contract,1163896,7,Master's,Single,Active,
EMP03062,Nandini Chaudry,Nandini,Chaudry,Female,1982-10-05,43,2021-05-19,5,Operations,Operations Manager,G3,MGR047,Chennai,Contract,996914,10,PhD,Single,Active,
EMP03063,Om Bhattacharyya,Om,Bhattacharyya,Male,1996-08-22,29,2017-06-15,9,Sales,Business Development Executive,G3,MGR024,Chennai,Contract,780450,8,Master's,Single,Active,
EMP03064,Januja Issac,Januja,Issac,Male,1973-04-03,53,2025-11-20,0,HR,HR Manager,G1,MGR034,Bangalore,Contract,491981,4,Master's,Single,Active,
EMP03065,Hamsini Iyer,Hamsini,Iyer,Male,1975-04-24,51,2020-06-08,6,Sales,Sales Manager,G1,MGR009,Bangalore,Full-Time,371569,8,Master's,Single,Active,
EMP03066,Netra Das,Netra,Das,Female,1967-01-28,59,2021-02-10,5,IT,Data Analyst,G4,MGR023,Chennai,Full-Time,1081398,9,Diploma,Single,Active,
EMP03067,Viraj Samra,Viraj,Samra,Male,1978-12-20,47,2025-01-03,1,Operations,Operations Executive,G5,MGR022,Chennai,Contract,1660252,1,Diploma,Married,Active,
EMP03068,Xalak Mallick,Xalak,Mallick,Male,1989-12-26,36,2017-12-02,8,IT,DevOps Engineer,G4,MGR083,Delhi,Contract,1354875,10,Diploma,Married,Active,
EMP03069,Anjali Ratta,Anjali,Ratta,Male,1994-07-28,32,2022-05-12,4,Finance,Financial Analyst,G4,MGR088,Chennai,Full-Time,1240075,9,PhD,Single,Active,
EMP03070,Ishani Soni,Ishani,Soni,Female,1984-05-01,42,2025-12-30,0,Sales,Sales Manager,G5,MGR089,Chennai,Full-Time,1823598,0,Diploma,Married,Active,
EMP03071,Nidhi Sundaram,Nidhi,Sundaram,Female,1987-09-06,38,2016-10-12,9,Operations,Supply Chain Analyst,G3,MGR068,Bangalore,Contract,708598,13,Bachelor's,Married,Active,
EMP03072,Yasti Mallick,Yasti,Mallick,Female,1972-05-30,54,2021-05-27,5,Sales,Sales Executive,G4,MGR073,Mumbai,Full-Time,1199398,7,Master's,Married,Active,
EMP03073,Manan Sha,Manan,Sha,Male,1986-11-19,39,2017-09-30,8,Operations,Operations Manager,G4,MGR070,Delhi,Full-Time,1483294,8,Diploma,Married,Active,
EMP03074,Hritik Das,Hritik,Das,Male,2000-01-13,26,2022-07-15,4,Operations,Operations Executive,G3,MGR056,Hyderabad,Contract,831808,5,Diploma,Married,Active,
EMP03075,Zashil Suri,Zashil,Suri,Female,1991-11-23,34,2023-03-05,3,Operations,Operations Manager,G1,MGR007,Hyderabad,Contract,443352,8,PhD,Married,Resigned,2025-04-15
EMP03076,Vihaan Desai,Vihaan,Desai,Male,1977-03-12,49,2025-11-24,0,Finance,Finance Manager,G3,MGR097,Mumbai,Contract,709964,3,PhD,Married,Active,
EMP03077,Ayushman Chaudhary,Ayushman,Chaudhary,Male,1975-04-19,51,2022-06-25,4,Finance,Financial Analyst,G1,MGR070,Mumbai,Full-Time,447179,7,Bachelor's,Single,Active,
EMP03078,Chatresh Bir,Chatresh,Bir,Male,1977-01-06,49,2020-04-04,6,Sales,Business Development Executive,G1,MGR083,Mumbai,Contract,335447,7,Bachelor's,Single,Active,
EMP03079,Wishi Bala,Wishi,Bala,Male,1972-03-05,54,2025-06-07,1,IT,Software Engineer,G4,MGR013,Chennai,Contract,1112754,3,Diploma,Single,Active,
EMP03080,Praneel Raja,Praneel,Raja,Male,1991-01-06,35,2016-02-12,10,Finance,Accountant,G2,MGR025,Mumbai,Contract,519187,10,Bachelor's,Single,Active,
EMP03081,Eta Dua,Eta,Dua,Male,1991-08-19,34,2021-03-16,5,HR,HR Executive,G2,MGR006,Mumbai,Full-Time,627148,6,PhD,Married,Active,
EMP03082,Chavvi Char,Chavvi,Char,Male,1973-03-17,53,2021-12-24,4,Finance,Finance Manager,G1,MGR013,Delhi,Contract,364195,4,Master's,Married,Resigned,2022-08-18
EMP03083,Zinal Tailor,Zinal,Tailor,Male,1965-05-08,61,2022-11-03,3,IT,Software Engineer,G5,MGR097,Delhi,Full-Time,2169887,7,PhD,Married,Active,
EMP03084,Unnati Jaggi,Unnati,Jaggi,Male,2001-10-27,24,2023-07-01,3,HR,HR Manager,G3,MGR031,Bangalore,Full-Time,977662,3,PhD,Single,Active,
EMP03085,Chaaya Tank,Chaaya,Tank,Male,1979-01-09,47,2018-03-12,8,Operations,Operations Manager,G3,MGR080,Pune,Full-Time,928255,10,Diploma,Married,Active,
EMP03086,Vritti Thaman,Vritti,Thaman,Female,1971-04-24,55,2020-12-23,5,HR,HR Executive,G3,MGR006,Chennai,Full-Time,727907,9,Diploma,Single,Active,
EMP03087,Advika Oza,Advika,Oza,Male,1973-01-07,53,2024-05-22,2,HR,HR Executive,G1,MGR086,Delhi,Full-Time,399729,5,Master's,Single,Active,
EMP03088,Andrew Balay,Andrew,Balay,Male,1989-07-05,37,2017-08-14,8,HR,Talent Acquisition Specialist,G3,MGR092,Hyderabad,Contract,797990,10,Master's,Single,Active,
EMP03089,Qushi Dani,Qushi,Dani,Male,1972-05-11,54,2015-12-28,10,HR,HR Executive,G1,MGR060,Chennai,Contract,414465,10,Bachelor's,Single,Active,
EMP03090,Leela Sengupta,Leela,Sengupta,Female,1987-03-02,39,2022-08-15,3,IT,Software Engineer,G1,MGR058,Chennai,Full-Time,405091,6,PhD,Married,Active,
EMP03091,Divya Puri,Divya,Puri,Female,1998-01-20,28,2016-07-09,10,Marketing,Marketing Executive,G2,MGR013,Bangalore,Full-Time,583849,7,PhD,Married,Active,
EMP03092,Saanvi Sharaf,Saanvi,Sharaf,Female,1984-11-05,41,2017-08-15,8,IT,Data Analyst,G2,MGR079,Chennai,Contract,510694,9,PhD,Married,Active,
EMP03093,Balendra Bali,Balendra,Bali,Male,1977-09-10,48,2025-08-08,0,Operations,Operations Executive,G3,MGR010,Chennai,Contract,803487,1,Diploma,Married,Active,
EMP03094,Peter Mitter,Peter,Mitter,Female,2000-09-05,25,2018-08-02,8,IT,QA Engineer,G3,MGR041,Mumbai,Contract,963088,4,PhD,Married,Active,
EMP03095,Nitesh Swamy,Nitesh,Swamy,Female,1987-08-14,39,2017-10-23,8,Sales,Sales Manager,G5,MGR007,Delhi,Full-Time,2016043,10,Bachelor's,Single,Active,
EMP03096,Raagini Desai,Raagini,Desai,Female,1977-03-25,49,2022-05-26,4,Finance,Accountant,G3,MGR030,Bangalore,Contract,967353,6,Diploma,Married,Resigned,2023-09-23
EMP03097,Lopa Sura,Lopa,Sura,Female,1972-06-29,54,2020-02-05,6,Operations,Supply Chain Analyst,G4,MGR093,Mumbai,Full-Time,1127074,9,Diploma,Single,Active,
EMP03098,Imaran Swaminathan,Imaran,Swaminathan,Male,1970-11-08,55,2015-02-14,11,Finance,Accountant,G1,MGR021,Pune,Full-Time,496976,12,Diploma,Married,Resigned,2026-05-08
EMP03099,Upma Soni,Upma,Soni,Female,1988-12-17,37,2015-05-08,11,IT,QA Engineer,G5,MGR047,Pune,Full-Time,1541460,12,Diploma,Married,Active,
EMP03100,Naksh Toor,Naksh,Toor,Male,1995-04-03,31,2020-04-05,6,Operations,Supply Chain Analyst,G3,MGR010,Delhi,Full-Time,948836,9,Diploma,Married,Active,
EMP03101,Daksh Raman,Daksh,Raman,Female,2001-06-04,25,2024-08-14,1,Sales,Business Development Executive,G4,MGR066,Chennai,Contract,1478338,4,Diploma,Single,Resigned,2025-03-06
EMP03102,Warda Purohit,Warda,Purohit,Female,2002-03-17,24,2015-08-18,10,Sales,Business Development Executive,G5,MGR040,Delhi,Contract,1526465,3,Diploma,Single,Active,
EMP03103,Ira Mane,Ira,Mane,Male,1990-11-28,35,2015-09-13,10,IT,Software Engineer,G3,MGR090,Hyderabad,Contract,875777,10,PhD,Married,Active,
EMP03104,Ekani Bhat,Ekani,Bhat,Male,1991-03-21,35,2024-08-25,1,Finance,Accountant,G3,MGR052,Delhi,Full-Time,995957,2,PhD,Single,Active,
EMP03105,Ayaan Bath,Ayaan,Bath,Male,1985-03-07,41,2019-09-26,6,Finance,Financial Analyst,G1,MGR060,Pune,Full-Time,426660,7,Bachelor's,Single,Active,
EMP03106,Kabir Peri,Kabir,Peri,Female,1975-04-27,51,2018-06-04,8,Sales,Business Development Executive,G2,MGR059,Delhi,Full-Time,615455,10,Bachelor's,Single,Active,
EMP03107,Ikshita Bala,Ikshita,Bala,Female,1993-07-15,33,2021-08-05,5,Operations,Supply Chain Analyst,G2,MGR035,Chennai,Contract,639490,6,Master's,Married,Active,
EMP03108,Harita Rai,Harita,Rai,Female,1972-09-09,53,2021-12-12,4,Marketing,Marketing Executive,G2,MGR093,Bangalore,Contract,664789,9,Diploma,Single,Active,
EMP03109,Gunbir Sangha,Gunbir,Sangha,Female,1966-05-07,60,2025-01-10,1,Marketing,Marketing Executive,G5,MGR052,Delhi,Contract,2027464,1,Master's,Married,Active,
EMP03110,Hemani Parikh,Hemani,Parikh,Female,1976-12-16,49,2016-07-08,10,Operations,Operations Manager,G2,MGR072,Mumbai,Contract,653494,13,Master's,Single,Active,
EMP03111,Nisha Panchal,Nisha,Panchal,Male,1989-10-23,36,2023-03-22,3,Marketing,Digital Marketing Specialist,G4,MGR022,Mumbai,Contract,1212473,8,Master's,Single,Active,
EMP03112,Daksh Konda,Daksh,Konda,Female,1965-02-18,61,2025-07-13,1,Sales,Business Development Executive,G2,MGR014,Hyderabad,Contract,514816,5,Bachelor's,Married,Active,
EMP03113,Yug Keer,Yug,Keer,Male,1976-09-29,49,2022-10-01,3,HR,HR Executive,G3,MGR089,Mumbai,Contract,908854,8,Bachelor's,Married,Active,
EMP03114,Devika Chad,Devika,Chad,Male,2000-11-15,25,2024-09-28,1,Marketing,SEO Analyst,G4,MGR028,Mumbai,Contract,1095392,2,Diploma,Married,Active,
EMP03115,Dominic Mody,Dominic,Mody,Female,1981-04-15,45,2023-12-18,2,Operations,Operations Executive,G3,MGR035,Bangalore,Full-Time,806632,2,Diploma,Single,Active,
EMP03116,Ishwar Nazareth,Ishwar,Nazareth,Female,1990-10-31,35,2017-12-21,8,Finance,Finance Manager,G3,MGR083,Bangalore,Full-Time,950636,8,Master's,Single,Resigned,2020-11-09
EMP03117,Anmol Yohannan,Anmol,Yohannan,Female,1981-12-25,44,2017-08-31,8,Marketing,Marketing Executive,G3,MGR021,Chennai,Full-Time,739108,12,PhD,Married,Active,
EMP03118,Eshana Barad,Eshana,Barad,Male,1976-04-16,50,2022-05-29,4,Sales,Sales Manager,G2,MGR077,Chennai,Contract,653783,5,Master's,Married,Active,
EMP03119,Triveni Sami,Triveni,Sami,Female,1974-08-14,52,2022-04-23,4,Marketing,SEO Analyst,G5,MGR064,Bangalore,Full-Time,2425003,8,Bachelor's,Single,Active,
EMP03120,Yutika Sama,Yutika,Sama,Female,2001-04-25,25,2016-05-03,10,Finance,Financial Analyst,G1,MGR029,Bangalore,Contract,438682,4,Bachelor's,Single,Active,
EMP03121,Amara Bahri,Amara,Bahri,Female,2001-06-17,25,2024-12-18,1,Marketing,Marketing Executive,G3,MGR095,Mumbai,Full-Time,870017,1,Diploma,Single,Active,
EMP03122,Upasna Bains,Upasna,Bains,Female,1975-09-15,50,2023-05-01,3,Sales,Business Development Executive,G4,MGR022,Bangalore,Full-Time,1492710,4,Diploma,Married,Active,
EMP03123,Edhitha Purohit,Edhitha,Purohit,Male,1984-02-06,42,2019-09-20,6,Operations,Supply Chain Analyst,G5,MGR015,Delhi,Full-Time,1908164,6,PhD,Single,Active,
EMP03124,Madhavi Naidu,Madhavi,Naidu,Female,1992-03-27,34,2016-02-24,10,HR,HR Executive,G5,MGR063,Chennai,Full-Time,2457204,13,Master's,Single,Active,
EMP03125,Guneet Suresh,Guneet,Suresh,Female,1984-08-21,41,2015-12-09,10,Finance,Finance Manager,G1,MGR014,Mumbai,Contract,326837,12,Bachelor's,Single,Active,
EMP03126,Harish Jha,Harish,Jha,Male,1965-01-27,61,2025-03-15,1,Finance,Accountant,G2,MGR022,Chennai,Contract,625985,1,Bachelor's,Single,Active,
EMP03127,Gayathri Taneja,Gayathri,Taneja,Male,1967-09-12,58,2021-03-19,5,Sales,Sales Executive,G3,MGR038,Mumbai,Contract,987307,5,PhD,Married,Active,
EMP03128,Yadavi Nori,Yadavi,Nori,Female,1987-09-01,38,2024-10-24,1,Finance,Accountant,G1,MGR083,Pune,Contract,316162,2,Master's,Married,Active,
EMP03129,Ojas Mistry,Ojas,Mistry,Female,1965-08-15,61,2022-03-13,4,Sales,Sales Executive,G4,MGR032,Delhi,Contract,1088908,7,Master's,Married,Active,
EMP03130,Januja Sarin,Januja,Sarin,Female,1998-03-10,28,2021-09-19,4,Operations,Supply Chain Analyst,G3,MGR042,Delhi,Contract,939577,4,Bachelor's,Married,Active,
EMP03131,Saksham Taneja,Saksham,Taneja,Male,1991-08-09,35,2017-07-29,9,IT,Data Engineer,G3,MGR062,Chennai,Contract,961573,13,Bachelor's,Married,Active,
EMP03132,Faqid Wason,Faqid,Wason,Male,1986-01-15,40,2018-07-01,8,Operations,Supply Chain Analyst,G1,MGR048,Chennai,Full-Time,310580,8,Master's,Single,Active,
EMP03133,Tanish Mani,Tanish,Mani,Female,2001-08-30,24,2024-07-01,2,HR,Talent Acquisition Specialist,G1,MGR044,Hyderabad,Full-Time,361966,3,Master's,Married,Active,
EMP03134,Alka Batta,Alka,Batta,Female,1984-02-02,42,2023-01-14,3,IT,QA Engineer,G4,MGR046,Bangalore,Contract,1110875,8,Diploma,Married,Active,
EMP03135,Chameli Ratti,Chameli,Ratti,Male,2000-10-05,25,2016-12-03,9,IT,Software Engineer,G1,MGR038,Mumbai,Contract,431179,4,Bachelor's,Married,Active,
EMP03136,Upkaar Chanda,Upkaar,Chanda,Female,1969-08-28,56,2020-11-26,5,IT,Data Analyst,G3,MGR075,Bangalore,Full-Time,881001,5,Master's,Single,Active,
EMP03137,Girish Nayar,Girish,Nayar,Female,1975-10-14,50,2018-10-09,7,HR,HR Manager,G2,MGR099,Hyderabad,Contract,623372,9,PhD,Married,Resigned,2021-02-04
EMP03138,Ekalinga Wali,Ekalinga,Wali,Female,1999-09-12,26,2023-09-06,2,Finance,Financial Analyst,G2,MGR033,Chennai,Contract,627360,5,Master's,Single,Active,
EMP03139,Vaishnavi Sane,Vaishnavi,Sane,Female,2001-09-07,24,2023-05-08,3,Marketing,Digital Marketing Specialist,G4,MGR076,Delhi,Full-Time,1240105,3,PhD,Married,Active,
EMP03140,Shaurya Palan,Shaurya,Palan,Male,2003-03-20,23,2020-05-21,6,Marketing,SEO Analyst,G2,MGR036,Chennai,Contract,662834,2,Bachelor's,Single,Active,
EMP03141,Faraj Mittal,Faraj,Mittal,Female,1987-04-08,39,2017-11-09,8,Operations,Supply Chain Analyst,G5,MGR007,Mumbai,Full-Time,2146510,11,Master's,Married,Active,
EMP03142,Yamini Mital,Yamini,Mital,Male,1967-08-23,58,2021-04-13,5,Finance,Accountant,G3,MGR092,Pune,Full-Time,999027,10,Bachelor's,Married,Active,
EMP03143,Rachita Zacharia,Rachita,Zacharia,Female,1986-01-27,40,2024-12-20,1,Finance,Accountant,G5,MGR009,Delhi,Full-Time,1857258,1,PhD,Married,Active,
EMP03144,Dhriti Iyengar,Dhriti,Iyengar,Female,1972-03-23,54,2021-11-24,4,Finance,Financial Analyst,G1,MGR017,Delhi,Contract,381865,9,Diploma,Married,Active,
EMP03145,Oeshi Ratti,Oeshi,Ratti,Female,1971-04-25,55,2015-04-02,11,Sales,Sales Executive,G2,MGR053,Pune,Full-Time,569064,13,PhD,Married,Active,
EMP03146,Zayan Varma,Zayan,Varma,Male,1988-05-20,38,2017-01-05,9,Operations,Operations Manager,G3,MGR085,Mumbai,Full-Time,798877,12,Diploma,Single,Active,
EMP03147,Sudiksha Gole,Sudiksha,Gole,Female,1967-03-02,59,2017-10-01,8,HR,Talent Acquisition Specialist,G2,MGR065,Bangalore,Contract,516031,9,Diploma,Married,Active,
EMP03148,Anirudh Varty,Anirudh,Varty,Female,1967-06-08,59,2022-06-16,4,HR,Talent Acquisition Specialist,G1,MGR078,Mumbai,Full-Time,465271,5,PhD,Single,Active,
EMP03149,Rachit Tata,Rachit,Tata,Male,1966-05-30,60,2021-07-05,5,HR,HR Manager,G4,MGR093,Hyderabad,Contract,1380039,6,PhD,Married,Active,
EMP03150,Tanay Sibal,Tanay,Sibal,Female,1980-05-06,46,2023-08-01,3,Sales,Sales Manager,G3,MGR045,Bangalore,Contract,887213,3,Diploma,Single,Active,
EMP03151,Amrita Walia,Amrita,Walia,Male,1992-07-07,34,2018-09-17,7,Operations,Operations Manager,G2,MGR099,Delhi,Full-Time,593907,11,Diploma,Single,Active,
EMP03152,Radha Bhasin,Radha,Bhasin,Male,1990-10-04,35,2018-07-14,8,Finance,Accountant,G2,MGR069,Chennai,Full-Time,512927,10,Bachelor's,Single,Active,
EMP03153,Sai Patla,Sai,Patla,Male,1974-03-26,52,2019-02-04,7,Operations,Supply Chain Analyst,G1,MGR084,Chennai,Contract,381612,10,Diploma,Married,Active,
EMP03154,Turvi Divan,Turvi,Divan,Female,1976-03-26,50,2015-03-13,11,Sales,Sales Executive,G4,MGR050,Hyderabad,Contract,1007447,15,Master's,Single,Active,
EMP03155,Wridesh Dora,Wridesh,Dora,Female,1978-09-18,47,2024-02-21,2,Marketing,Digital Marketing Specialist,G4,MGR014,Hyderabad,Contract,1082411,7,Bachelor's,Married,Active,
EMP03156,Charita Saran,Charita,Saran,Female,1996-04-11,30,2024-11-08,1,Marketing,Digital Marketing Specialist,G2,MGR023,Chennai,Contract,514295,6,PhD,Married,Active,
EMP03157,Nirja Nagar,Nirja,Nagar,Male,1980-06-21,46,2016-11-18,9,Operations,Operations Executive,G2,MGR095,Bangalore,Full-Time,560002,12,PhD,Single,Active,
EMP03158,Devansh Jani,Devansh,Jani,Male,1989-02-02,37,2017-12-19,8,Marketing,SEO Analyst,G5,MGR011,Chennai,Contract,2437439,11,Master's,Single,Active,
EMP03159,Nitara Loke,Nitara,Loke,Female,1993-01-13,33,2021-07-13,5,IT,QA Engineer,G3,MGR051,Delhi,Contract,864399,9,PhD,Married,Active,
EMP03160,Bhavini Dyal,Bhavini,Dyal,Male,1975-09-09,50,2024-03-31,2,Marketing,Marketing Executive,G1,MGR010,Bangalore,Full-Time,367587,6,Bachelor's,Married,Active,
EMP03161,Aahana Keer,Aahana,Keer,Female,1979-10-25,46,2017-11-13,8,Sales,Sales Executive,G1,MGR076,Hyderabad,Contract,431624,10,Master's,Single,Active,
EMP03162,Nidra Khare,Nidra,Khare,Female,1981-11-09,44,2020-01-24,6,IT,QA Engineer,G2,MGR063,Mumbai,Contract,611022,11,Bachelor's,Single,Active,
EMP03163,Ishaan Doctor,Ishaan,Doctor,Female,1994-11-17,31,2015-11-11,10,Sales,Sales Manager,G1,MGR064,Mumbai,Contract,466525,10,Diploma,Single,Active,
EMP03164,Rehaan Bala,Rehaan,Bala,Male,1974-12-10,51,2022-06-11,4,Finance,Accountant,G4,MGR080,Mumbai,Full-Time,1307969,5,Master's,Married,Active,
EMP03165,Yatan Mukherjee,Yatan,Mukherjee,Male,1986-11-19,39,2018-11-15,7,Finance,Finance Manager,G2,MGR065,Delhi,Full-Time,688103,9,PhD,Married,Active,
EMP03166,Ucchal Sunder,Ucchal,Sunder,Female,1969-01-19,57,2025-10-04,0,Finance,Finance Manager,G1,MGR051,Chennai,Full-Time,410861,5,Master's,Married,Active,
EMP03167,Rajata Sami,Rajata,Sami,Female,1981-05-13,45,2024-05-16,2,Sales,Business Development Executive,G4,MGR054,Hyderabad,Contract,1042441,5,Bachelor's,Married,Resigned,2024-07-12
EMP03168,Saksham Dutta,Saksham,Dutta,Male,1982-05-29,44,2017-10-24,8,Sales,Business Development Executive,G1,MGR073,Bangalore,Contract,389557,10,PhD,Single,Resigned,2022-06-14
EMP03169,Laban Balakrishnan,Laban,Balakrishnan,Male,1974-10-30,51,2017-04-28,9,Marketing,Digital Marketing Specialist,G4,MGR024,Mumbai,Contract,1098503,11,Diploma,Single,Active,
EMP03170,Aarna Mall,Aarna,Mall,Female,1968-01-09,58,2021-08-27,4,HR,HR Executive,G2,MGR091,Hyderabad,Contract,668096,8,PhD,Married,Active,
EMP03171,Patrick Basak,Patrick,Basak,Female,1990-08-14,35,2023-06-15,3,Marketing,SEO Analyst,G5,MGR095,Mumbai,Full-Time,1928188,4,PhD,Single,Active,
EMP03172,Vedika Bahri,Vedika,Bahri,Male,1987-03-11,39,2022-01-12,4,IT,Data Engineer,G2,MGR074,Mumbai,Full-Time,601890,8,Diploma,Married,Active,
EMP03173,Christopher Chacko,Christopher,Chacko,Male,1965-03-12,61,2025-07-22,1,IT,Data Analyst,G4,MGR052,Chennai,Full-Time,1147622,3,PhD,Married,Active,
EMP03174,Dipta Misra,Dipta,Misra,Male,1998-10-14,27,2021-10-17,4,IT,QA Engineer,G5,MGR055,Mumbai,Contract,2404143,6,Diploma,Married,Active,
EMP03175,Devansh Ray,Devansh,Ray,Male,2001-06-09,25,2019-05-10,7,IT,DevOps Engineer,G2,MGR025,Pune,Contract,545554,4,Master's,Married,Active,
EMP03176,Januja Chana,Januja,Chana,Female,1986-12-30,39,2020-02-06,6,Finance,Financial Analyst,G5,MGR038,Mumbai,Contract,2266939,7,Diploma,Married,Resigned,2023-06-23
EMP03177,Logan Keer,Logan,Keer,Male,1974-09-27,51,2024-08-03,2,Operations,Operations Executive,G4,MGR003,Mumbai,Full-Time,1106555,5,Bachelor's,Married,Active,
EMP03178,Isaac Tella,Isaac,Tella,Female,1974-04-15,52,2023-05-23,3,Finance,Accountant,G2,MGR053,Pune,Full-Time,589532,4,Bachelor's,Single,Resigned,2023-11-26
EMP03179,Zayan Taneja,Zayan,Taneja,Male,1995-10-22,30,2024-06-15,2,Sales,Business Development Executive,G5,MGR065,Delhi,Contract,1845521,3,Diploma,Married,Active,
EMP03180,Gautam Khanna,Gautam,Khanna,Male,1996-11-09,29,2016-02-26,10,IT,Data Analyst,G5,MGR011,Hyderabad,Contract,2299128,8,Diploma,Single,Active,
EMP03181,Jason Munshi,Jason,Munshi,Female,1982-04-08,44,2019-05-30,7,HR,HR Manager,G5,MGR062,Mumbai,Full-Time,1818471,7,Bachelor's,Single,Active,
EMP03182,Forum Ramakrishnan,Forum,Ramakrishnan,Female,1991-02-01,35,2020-10-12,5,Finance,Financial Analyst,G1,MGR026,Delhi,Contract,350461,5,Diploma,Single,Active,
EMP03183,Warinder Sampath,Warinder,Sampath,Female,1966-05-21,60,2024-05-03,2,HR,HR Manager,G3,MGR045,Delhi,Full-Time,814665,3,Bachelor's,Single,Active,
EMP03184,Tejas Dhawan,Tejas,Dhawan,Female,1970-08-29,55,2024-06-24,2,Operations,Operations Manager,G3,MGR058,Pune,Contract,917344,7,Bachelor's,Single,Active,
EMP03185,Hredhaan Gill,Hredhaan,Gill,Female,1989-12-01,36,2015-09-10,10,Sales,Sales Executive,G2,MGR099,Hyderabad,Contract,683765,10,Master's,Married,Active,
EMP03186,Tanish Maharaj,Tanish,Maharaj,Male,1987-06-15,39,2018-12-27,7,HR,Talent Acquisition Specialist,G5,MGR031,Chennai,Full-Time,2029878,9,Diploma,Married,Active,
EMP03187,Ria Rege,Ria,Rege,Female,1984-10-25,41,2020-07-27,6,Sales,Sales Manager,G5,MGR032,Hyderabad,Full-Time,1593589,9,Master's,Married,Active,
EMP03188,Aachal Bhalla,Aachal,Bhalla,Female,1971-03-06,55,2020-09-12,5,HR,HR Executive,G4,MGR073,Delhi,Contract,1056896,5,Diploma,Single,Active,
EMP03189,Vritti Walla,Vritti,Walla,Female,1991-01-14,35,2023-09-25,2,Finance,Accountant,G3,MGR059,Hyderabad,Contract,867688,5,Diploma,Single,Resigned,2025-04-29
EMP03190,Isaiah Nadig,Isaiah,Nadig,Female,1980-05-25,46,2022-01-05,4,Finance,Accountant,G1,MGR075,Pune,Contract,485344,9,Master's,Married,Active,
EMP03191,Pallavi Soman,Pallavi,Soman,Male,1971-05-10,55,2025-08-11,0,HR,Talent Acquisition Specialist,G3,MGR050,Pune,Full-Time,798707,3,Master's,Single,Active,
EMP03192,Yatin Mall,Yatin,Mall,Female,1966-05-18,60,2019-08-28,6,Sales,Sales Executive,G5,MGR042,Delhi,Full-Time,2312647,7,Diploma,Married,Active,
EMP03193,Maanav Patil,Maanav,Patil,Female,1971-02-04,55,2015-01-03,11,Operations,Operations Executive,G1,MGR082,Delhi,Full-Time,358587,12,Diploma,Single,Active,
EMP03194,Vaishnavi Pillai,Vaishnavi,Pillai,Female,1982-10-07,43,2024-07-23,2,Sales,Sales Manager,G2,MGR021,Pune,Full-Time,616097,4,PhD,Single,Active,
EMP03195,Darika Bail,Darika,Bail,Female,1987-07-30,39,2017-07-05,9,Sales,Sales Manager,G4,MGR001,Hyderabad,Full-Time,1253237,14,Diploma,Married,Active,
EMP03196,Bakhshi Bhagat,Bakhshi,Bhagat,Female,1986-12-31,39,2024-01-13,2,Finance,Accountant,G5,MGR063,Hyderabad,Full-Time,1927859,3,Master's,Married,Active,
EMP03197,Wriddhish Kulkarni,Wriddhish,Kulkarni,Male,1991-12-18,34,2017-09-26,8,IT,DevOps Engineer,G3,MGR076,Delhi,Contract,702955,10,PhD,Married,Active,
EMP03198,Leena More,Leena,More,Male,1997-03-28,29,2022-05-31,4,IT,Data Engineer,G5,MGR055,Chennai,Full-Time,2027028,5,Bachelor's,Married,Active,
EMP03199,Janani Dara,Janani,Dara,Male,1971-02-17,55,2025-11-07,0,Marketing,Marketing Executive,G4,MGR054,Mumbai,Contract,1439940,5,PhD,Single,Active,
EMP03200,Warjas Savant,Warjas,Savant,Female,1988-02-18,38,2015-07-31,11,Finance,Accountant,G1,MGR050,Pune,Contract,377039,16,PhD,Single,Active,
EMP03201,Lipika Anand,Lipika,Anand,Male,1991-01-06,35,2022-07-13,4,IT,Software Engineer,G4,MGR067,Chennai,Contract,1109909,4,PhD,Married,Resigned,2026-05-26
EMP03202,Maya Kumer,Maya,Kumer,Male,1993-04-19,33,2018-06-19,8,Operations,Operations Manager,G3,MGR052,Chennai,Full-Time,827932,8,Diploma,Married,Active,
EMP03203,Charvi Chana,Charvi,Chana,Male,1990-10-07,35,2020-12-15,5,Finance,Finance Manager,G4,MGR009,Chennai,Full-Time,1260996,6,Diploma,Single,Resigned,2022-12-16
EMP03204,Chameli Kade,Chameli,Kade,Female,1978-03-07,48,2016-05-30,10,Operations,Supply Chain Analyst,G3,MGR046,Delhi,Full-Time,791825,15,Diploma,Single,Active,
EMP03205,Naveen Sarna,Naveen,Sarna,Female,1991-12-20,34,2018-05-14,8,Operations,Operations Executive,G5,MGR022,Delhi,Contract,1808078,12,Bachelor's,Married,Active,
EMP03206,Edhitha Ray,Edhitha,Ray,Male,1997-09-08,28,2022-08-30,3,HR,HR Executive,G2,MGR070,Delhi,Contract,646229,7,PhD,Married,Resigned,2026-01-07
EMP03207,Bahadurjit Mahal,Bahadurjit,Mahal,Male,1993-05-21,33,2019-05-06,7,HR,Talent Acquisition Specialist,G5,MGR041,Pune,Full-Time,2105278,7,Diploma,Single,Active,
EMP03208,Faris Swamy,Faris,Swamy,Female,1989-09-05,36,2017-06-11,9,Marketing,Digital Marketing Specialist,G3,MGR086,Delhi,Full-Time,852146,13,Diploma,Single,Active,
EMP03209,Urishilla Sachar,Urishilla,Sachar,Male,1995-12-24,30,2023-06-25,3,Marketing,SEO Analyst,G2,MGR080,Delhi,Contract,666104,5,Bachelor's,Married,Active,
EMP03210,Gaurangi Sami,Gaurangi,Sami,Male,1987-11-14,38,2016-11-14,9,IT,DevOps Engineer,G1,MGR040,Chennai,Full-Time,391291,9,Master's,Single,Active,
EMP03211,Harish Dyal,Harish,Dyal,Male,1968-06-26,58,2024-02-11,2,Sales,Business Development Executive,G4,MGR044,Hyderabad,Contract,1029611,2,PhD,Married,Active,
EMP03212,Advika Toor,Advika,Toor,Male,1996-08-05,30,2023-10-10,2,Operations,Supply Chain Analyst,G5,MGR018,Pune,Full-Time,2136249,2,Bachelor's,Married,Active,
EMP03213,Dominic Pandey,Dominic,Pandey,Female,1977-02-07,49,2015-05-18,11,Finance,Finance Manager,G5,MGR024,Mumbai,Full-Time,2288950,11,PhD,Single,Active,
EMP03214,Osha Narain,Osha,Narain,Female,1988-10-08,37,2020-05-28,6,IT,QA Engineer,G2,MGR098,Chennai,Contract,569805,7,PhD,Married,Active,
EMP03215,Sudiksha Bala,Sudiksha,Bala,Female,1967-11-17,58,2017-02-14,9,Sales,Sales Manager,G5,MGR054,Hyderabad,Contract,2382405,13,Diploma,Married,Active,
EMP03216,Charles Gour,Charles,Gour,Female,1980-12-27,45,2023-08-02,3,HR,HR Manager,G4,MGR039,Bangalore,Full-Time,1377055,5,Bachelor's,Married,Active,
EMP03217,Sachi Deshpande,Sachi,Deshpande,Male,1996-09-21,29,2016-04-05,10,Marketing,Digital Marketing Specialist,G1,MGR014,Pune,Contract,499726,8,PhD,Single,Active,
EMP03218,Aarush Rattan,Aarush,Rattan,Female,1968-05-06,58,2018-08-02,8,Sales,Sales Manager,G3,MGR064,Pune,Contract,920442,8,PhD,Single,Resigned,2020-04-14
EMP03219,Dalaja Murthy,Dalaja,Murthy,Male,1987-08-11,39,2023-03-31,3,HR,HR Executive,G5,MGR034,Hyderabad,Contract,1734188,6,Bachelor's,Married,Active,
EMP03220,Fitan Choudhry,Fitan,Choudhry,Female,1967-04-26,59,2017-10-15,8,Operations,Operations Manager,G3,MGR026,Delhi,Full-Time,897563,13,Bachelor's,Single,Active,
EMP03221,Nakul Krish,Nakul,Krish,Female,1971-03-18,55,2018-02-16,8,Finance,Financial Analyst,G1,MGR010,Bangalore,Contract,388867,13,Bachelor's,Married,Active,
EMP03222,Zaitra De,Zaitra,De,Male,2001-12-16,24,2022-03-05,4,HR,HR Executive,G3,MGR060,Pune,Contract,776202,3,PhD,Single,Active,
EMP03223,Nirja Nagarajan,Nirja,Nagarajan,Female,1991-01-07,35,2025-06-28,1,Sales,Business Development Executive,G3,MGR054,Delhi,Full-Time,952393,1,PhD,Single,Active,
EMP03224,Siya Sridhar,Siya,Sridhar,Female,1994-03-23,32,2018-02-17,8,Sales,Business Development Executive,G4,MGR089,Mumbai,Contract,1394316,11,Diploma,Single,Resigned,2025-07-23
EMP03225,Kiaan Lad,Kiaan,Lad,Male,1973-01-09,53,2023-02-13,3,Marketing,Digital Marketing Specialist,G1,MGR023,Delhi,Full-Time,486836,6,Diploma,Married,Active,
EMP03226,Oscar Narang,Oscar,Narang,Male,1995-09-27,30,2021-07-02,5,Finance,Finance Manager,G1,MGR047,Bangalore,Contract,431543,9,Master's,Single,Active,
EMP03227,Baghyawati Issac,Baghyawati,Issac,Male,1979-04-12,47,2021-01-15,5,Marketing,Marketing Executive,G1,MGR099,Pune,Full-Time,368492,10,Master's,Married,Active,
EMP03228,Frado Sachdeva,Frado,Sachdeva,Male,1972-02-11,54,2020-08-30,5,HR,HR Manager,G4,MGR042,Delhi,Contract,1100025,7,Diploma,Married,Resigned,2023-10-16
EMP03229,Qabil Ramaswamy,Qabil,Ramaswamy,Female,1981-02-28,45,2019-12-20,6,IT,DevOps Engineer,G5,MGR092,Hyderabad,Full-Time,2112592,6,Bachelor's,Single,Active,
EMP03230,Krishna Kapur,Krishna,Kapur,Female,1967-09-05,58,2020-11-18,5,Sales,Sales Executive,G5,MGR069,Bangalore,Contract,1927591,7,Bachelor's,Married,Active,
EMP03231,Ansh Bajaj,Ansh,Bajaj,Male,1995-09-27,30,2022-08-17,3,Marketing,SEO Analyst,G2,MGR003,Chennai,Full-Time,555286,6,PhD,Single,Active,
EMP03232,Veer Chakraborty,Veer,Chakraborty,Female,1982-09-21,43,2020-03-27,6,Operations,Operations Executive,G4,MGR010,Hyderabad,Full-Time,1109752,8,Diploma,Married,Active,
EMP03233,Turvi Issac,Turvi,Issac,Male,1986-01-16,40,2016-10-07,9,Operations,Operations Manager,G2,MGR099,Pune,Full-Time,634781,12,PhD,Married,Active,
EMP03234,Adweta Ganguly,Adweta,Ganguly,Female,2000-02-13,26,2024-12-09,1,Operations,Operations Manager,G3,MGR011,Delhi,Full-Time,999349,4,Bachelor's,Married,Resigned,2025-01-16
EMP03235,Nandini Sanghvi,Nandini,Sanghvi,Male,2003-07-05,23,2022-08-16,3,IT,Data Analyst,G1,MGR092,Delhi,Full-Time,316007,2,PhD,Single,Active,
EMP03236,Abha Dixit,Abha,Dixit,Female,1973-01-10,53,2023-06-07,3,HR,Talent Acquisition Specialist,G3,MGR041,Bangalore,Full-Time,890229,4,Diploma,Married,Active,
EMP03237,Gaurav Pillai,Gaurav,Pillai,Female,1971-10-31,54,2016-10-28,9,Marketing,Digital Marketing Specialist,G1,MGR082,Pune,Contract,327287,12,PhD,Single,Active,
EMP03238,Onkar Dalal,Onkar,Dalal,Female,1998-07-13,28,2015-06-29,11,Operations,Supply Chain Analyst,G1,MGR050,Pune,Contract,347882,7,Diploma,Single,Active,
EMP03239,Akshay Vora,Akshay,Vora,Female,1973-12-09,52,2020-09-24,5,Operations,Supply Chain Analyst,G1,MGR049,Mumbai,Contract,488496,8,Diploma,Single,Active,
EMP03240,Radhika Setty,Radhika,Setty,Female,1989-06-24,37,2021-02-07,5,Finance,Financial Analyst,G4,MGR029,Mumbai,Full-Time,1458039,5,Master's,Single,Resigned,2025-04-22
EMP03241,Jagat Kapur,Jagat,Kapur,Female,1971-11-10,54,2025-01-21,1,HR,Talent Acquisition Specialist,G5,MGR045,Bangalore,Contract,1704516,6,PhD,Single,Active,
EMP03242,Samar Halder,Samar,Halder,Male,1995-10-27,30,2020-03-15,6,HR,Talent Acquisition Specialist,G5,MGR004,Mumbai,Full-Time,1893071,8,Master's,Single,Active,
EMP03243,Amaira Mani,Amaira,Mani,Female,1984-12-09,41,2016-01-22,10,Finance,Finance Manager,G3,MGR029,Delhi,Full-Time,822675,15,PhD,Single,Active,
EMP03244,Warda Raja,Warda,Raja,Female,1981-01-03,45,2017-11-12,8,Operations,Operations Executive,G2,MGR071,Delhi,Full-Time,647562,9,Bachelor's,Single,Active,
EMP03245,Kalpit Sankar,Kalpit,Sankar,Male,1987-10-10,38,2025-09-29,0,Operations,Supply Chain Analyst,G1,MGR084,Mumbai,Full-Time,393464,5,Master's,Single,Active,
EMP03246,Samuel Kale,Samuel,Kale,Female,1982-08-10,44,2021-02-20,5,IT,Software Engineer,G2,MGR078,Hyderabad,Full-Time,609328,10,Diploma,Married,Active,
EMP03247,Barkha Gulati,Barkha,Gulati,Female,1998-01-17,28,2017-07-22,9,Operations,Operations Executive,G3,MGR030,Chennai,Contract,733216,7,Diploma,Single,Active,
EMP03248,Omya Gole,Omya,Gole,Male,1981-05-23,45,2015-07-07,11,Operations,Operations Executive,G4,MGR077,Hyderabad,Full-Time,1131387,12,Bachelor's,Married,Active,
EMP03249,Nilima Dhingra,Nilima,Dhingra,Male,1986-08-13,40,2022-03-16,4,Sales,Sales Manager,G3,MGR077,Chennai,Contract,810355,7,Master's,Single,Active,
EMP03250,Ayush Mannan,Ayush,Mannan,Male,1988-06-13,38,2019-08-10,6,Operations,Operations Manager,G1,MGR072,Hyderabad,Full-Time,375361,11,Diploma,Married,Active,
EMP03251,Adweta Keer,Adweta,Keer,Female,1967-07-27,59,2023-06-16,3,Finance,Finance Manager,G5,MGR064,Delhi,Full-Time,2396470,5,Diploma,Married,Active,
EMP03252,Shravya Kothari,Shravya,Kothari,Male,1974-06-26,52,2020-03-26,6,Sales,Sales Executive,G1,MGR079,Pune,Contract,315559,6,Master's,Married,Active,
EMP03253,Kala Shanker,Kala,Shanker,Male,1990-06-25,36,2016-03-15,10,Operations,Operations Executive,G4,MGR063,Bangalore,Full-Time,1065470,12,Bachelor's,Married,Active,
EMP03254,Frederick Anne,Frederick,Anne,Female,1988-10-09,37,2019-06-11,7,Finance,Finance Manager,G4,MGR027,Hyderabad,Contract,1395476,8,PhD,Married,Active,
EMP03255,Upasna Deol,Upasna,Deol,Male,1984-11-06,41,2016-07-07,10,HR,HR Manager,G4,MGR008,Bangalore,Contract,1382526,12,Diploma,Single,Active,
EMP03256,Ekiya Rao,Ekiya,Rao,Male,1989-05-15,37,2015-01-07,11,HR,HR Manager,G5,MGR027,Chennai,Full-Time,2123076,12,Bachelor's,Married,Active,
EMP03257,Simon Rajagopal,Simon,Rajagopal,Male,1991-01-21,35,2017-10-08,8,Finance,Accountant,G4,MGR018,Hyderabad,Contract,1009549,10,PhD,Married,Active,
EMP03258,Pallavi Kunda,Pallavi,Kunda,Female,1983-10-14,42,2021-04-15,5,Finance,Finance Manager,G1,MGR086,Delhi,Full-Time,356892,7,Bachelor's,Married,Active,
EMP03259,Elijah Chandran,Elijah,Chandran,Male,1985-08-19,40,2018-07-14,8,HR,HR Manager,G5,MGR032,Bangalore,Full-Time,1570313,13,PhD,Married,Active,
EMP03260,Daniel Ben,Daniel,Ben,Male,1998-11-28,27,2021-11-16,4,HR,HR Executive,G2,MGR098,Bangalore,Full-Time,663608,6,Master's,Single,Active,
EMP03261,Gaurangi Keer,Gaurangi,Keer,Female,1966-11-16,59,2020-11-07,5,Operations,Supply Chain Analyst,G3,MGR024,Chennai,Contract,798674,8,Master's,Single,Active,
EMP03262,Urishilla Pandya,Urishilla,Pandya,Female,1992-10-14,33,2024-01-30,2,Marketing,Digital Marketing Specialist,G3,MGR043,Bangalore,Contract,938706,7,PhD,Married,Active,
EMP03263,Chakradev Ahluwalia,Chakradev,Ahluwalia,Male,1990-11-01,35,2019-09-05,6,Sales,Business Development Executive,G1,MGR040,Bangalore,Contract,458113,7,PhD,Married,Active,
EMP03264,Zehaan Thaman,Zehaan,Thaman,Female,1969-03-22,57,2023-09-30,2,IT,Data Analyst,G3,MGR044,Hyderabad,Full-Time,711134,3,Diploma,Single,Active,
EMP03265,Lakshmi Mittal,Lakshmi,Mittal,Male,1978-02-28,48,2024-02-02,2,IT,DevOps Engineer,G3,MGR080,Delhi,Contract,925084,3,Diploma,Married,Resigned,2025-10-07
EMP03266,Kamala Deo,Kamala,Deo,Male,2001-02-12,25,2016-03-02,10,Operations,Supply Chain Analyst,G5,MGR085,Hyderabad,Full-Time,1978481,4,Diploma,Married,Active,
EMP03267,Benjamin Gola,Benjamin,Gola,Female,1973-02-14,53,2017-08-06,9,Sales,Sales Executive,G3,MGR016,Pune,Contract,736775,13,Master's,Married,Resigned,2022-01-09
EMP03268,Omkaar Thakur,Omkaar,Thakur,Female,1985-02-25,41,2025-06-18,1,IT,Data Analyst,G4,MGR062,Delhi,Full-Time,1171804,6,Diploma,Single,Active,
EMP03269,Waida Nori,Waida,Nori,Male,1972-06-16,54,2024-07-11,2,Sales,Business Development Executive,G5,MGR069,Chennai,Contract,2172491,4,Bachelor's,Married,Active,
EMP03270,Upadhriti Deo,Upadhriti,Deo,Male,1993-01-06,33,2024-11-10,1,Sales,Sales Executive,G5,MGR013,Delhi,Contract,1806397,4,Master's,Married,Active,
EMP03271,Gaurav Nadig,Gaurav,Nadig,Male,1967-10-09,58,2022-12-02,3,Finance,Accountant,G4,MGR054,Mumbai,Full-Time,1471440,6,Master's,Married,Active,
EMP03272,Rachita Dhar,Rachita,Dhar,Female,1965-12-24,60,2020-07-12,6,IT,DevOps Engineer,G5,MGR033,Bangalore,Full-Time,2375151,9,Master's,Single,Active,
EMP03273,Abha Dada,Abha,Dada,Female,1966-08-17,60,2023-10-18,2,Sales,Sales Manager,G4,MGR020,Mumbai,Full-Time,1023664,2,PhD,Married,Resigned,2025-02-15
EMP03274,Chaitanya Datta,Chaitanya,Datta,Male,1984-12-10,41,2023-08-15,2,Marketing,Digital Marketing Specialist,G2,MGR053,Chennai,Full-Time,653173,2,Master's,Married,Active,
EMP03275,Xalak Mand,Xalak,Mand,Male,1998-04-25,28,2017-12-31,8,Finance,Finance Manager,G4,MGR095,Chennai,Full-Time,1301844,7,Diploma,Married,Active,
EMP03276,Jalsa Sani,Jalsa,Sani,Female,1983-04-19,43,2022-01-28,4,Finance,Financial Analyst,G4,MGR047,Chennai,Contract,1384179,7,Bachelor's,Married,Resigned,2024-06-25
EMP03277,Adya Lalla,Adya,Lalla,Male,2002-08-29,23,2022-11-10,3,Finance,Accountant,G5,MGR090,Mumbai,Contract,2281038,2,Diploma,Married,Active,
EMP03278,Zansi Munshi,Zansi,Munshi,Female,1985-08-13,41,2016-05-08,10,Marketing,Digital Marketing Specialist,G2,MGR052,Pune,Full-Time,687358,14,Master's,Single,Active,
EMP03279,Rajata Gala,Rajata,Gala,Female,1967-10-01,58,2025-10-19,0,HR,HR Manager,G4,MGR008,Pune,Contract,1415900,0,Bachelor's,Single,Active,
EMP03280,Diya Swamy,Diya,Swamy,Female,2002-12-25,23,2020-07-17,6,Sales,Sales Manager,G2,MGR100,Pune,Contract,625906,2,Bachelor's,Married,Active,
EMP03281,Matthew Sarraf,Matthew,Sarraf,Female,1969-08-08,57,2019-12-04,6,Sales,Sales Executive,G3,MGR053,Bangalore,Full-Time,704860,6,Bachelor's,Single,Active,
EMP03282,Chatresh Gulati,Chatresh,Gulati,Male,1987-12-16,38,2021-02-21,5,Operations,Operations Executive,G4,MGR093,Hyderabad,Contract,1476287,10,Bachelor's,Single,Active,
EMP03283,Manthan Bhagat,Manthan,Bhagat,Female,1966-07-22,60,2016-08-12,9,Operations,Operations Manager,G3,MGR010,Hyderabad,Full-Time,829276,10,Diploma,Married,Active,
EMP03284,Victor Goswami,Victor,Goswami,Female,1977-03-27,49,2024-12-07,1,Sales,Sales Executive,G3,MGR007,Bangalore,Contract,919436,4,Bachelor's,Single,Active,
EMP03285,Balendra Singhal,Balendra,Singhal,Female,1992-10-29,33,2015-03-29,11,Sales,Business Development Executive,G1,MGR091,Delhi,Contract,383957,11,Bachelor's,Married,Resigned,2019-08-31
EMP03286,Nihal Sibal,Nihal,Sibal,Male,1976-07-18,50,2015-05-01,11,Operations,Supply Chain Analyst,G4,MGR012,Mumbai,Full-Time,1118717,15,PhD,Married,Active,
EMP03287,Rajata D’Alia,Rajata,D’Alia,Female,1979-06-28,47,2018-03-19,8,Operations,Operations Executive,G3,MGR095,Delhi,Full-Time,822846,9,Bachelor's,Single,Active,
EMP03288,Warda Baria,Warda,Baria,Female,1990-05-10,36,2018-02-10,8,HR,HR Manager,G2,MGR022,Chennai,Contract,683835,10,PhD,Single,Active,
EMP03289,Riya Parikh,Riya,Parikh,Male,1975-10-04,50,2025-12-11,0,Marketing,Marketing Executive,G3,MGR029,Mumbai,Full-Time,937546,4,PhD,Married,Resigned,2026-07-16
EMP03290,Vedhika Shankar,Vedhika,Shankar,Female,1978-04-22,48,2019-01-01,7,Finance,Financial Analyst,G2,MGR015,Bangalore,Full-Time,607154,7,PhD,Single,Resigned,2023-03-12
EMP03291,Isaiah Divan,Isaiah,Divan,Female,1994-11-10,31,2019-02-05,7,Sales,Sales Executive,G3,MGR080,Bangalore,Full-Time,782019,9,PhD,Married,Resigned,2020-02-24
EMP03292,Ikshita Chander,Ikshita,Chander,Female,1977-12-23,48,2016-01-15,10,HR,HR Executive,G3,MGR076,Hyderabad,Full-Time,986346,10,PhD,Single,Resigned,2019-07-03
EMP03293,Bhanumati Gole,Bhanumati,Gole,Male,1979-01-26,47,2019-10-31,6,IT,Software Engineer,G4,MGR024,Bangalore,Contract,1339821,8,Master's,Single,Active,
EMP03294,Om Trivedi,Om,Trivedi,Female,1996-03-02,30,2025-09-04,0,Finance,Accountant,G5,MGR061,Chennai,Contract,1710508,0,Master's,Single,Active,
EMP03295,Anjali Kala,Anjali,Kala,Male,1985-05-19,41,2024-01-01,2,HR,HR Manager,G3,MGR068,Delhi,Full-Time,875233,6,PhD,Married,Active,
EMP03296,Aayush Vora,Aayush,Vora,Male,1973-11-08,52,2025-07-08,1,Finance,Financial Analyst,G1,MGR036,Delhi,Contract,403995,3,Master's,Single,Resigned,2025-11-25
EMP03297,Omaja Bose,Omaja,Bose,Female,1999-07-18,27,2018-10-05,7,HR,HR Executive,G2,MGR087,Bangalore,Contract,533425,6,Diploma,Single,Active,
EMP03298,Yatin Tara,Yatin,Tara,Male,1972-07-12,54,2021-07-15,5,Operations,Operations Manager,G1,MGR072,Chennai,Contract,461329,7,Master's,Single,Active,
EMP03299,Girindra Narasimhan,Girindra,Narasimhan,Female,1989-11-04,36,2022-06-21,4,Operations,Supply Chain Analyst,G1,MGR052,Chennai,Full-Time,335588,4,Bachelor's,Single,Active,
EMP03300,Atharv Mane,Atharv,Mane,Male,1979-07-09,47,2020-10-10,5,Marketing,SEO Analyst,G5,MGR002,Bangalore,Full-Time,2415011,5,Diploma,Married,Active,
EMP03301,Jairaj Ramesh,Jairaj,Ramesh,Male,1977-09-05,48,2022-12-27,3,IT,Data Engineer,G1,MGR095,Pune,Full-Time,444930,5,PhD,Single,Active,
EMP03302,Kashvi Cherian,Kashvi,Cherian,Female,2001-05-08,25,2023-12-30,2,Marketing,SEO Analyst,G1,MGR024,Pune,Full-Time,466399,4,Diploma,Married,Active,
EMP03303,Ekiya Dube,Ekiya,Dube,Female,1983-10-02,42,2015-04-01,11,HR,Talent Acquisition Specialist,G1,MGR038,Hyderabad,Contract,342143,15,Master's,Single,Active,
EMP03304,Ayush Bumb,Ayush,Bumb,Male,1996-08-27,29,2022-09-08,3,Operations,Supply Chain Analyst,G3,MGR068,Mumbai,Contract,996737,6,Diploma,Married,Active,
EMP03305,Triveni Srinivasan,Triveni,Srinivasan,Female,1992-11-24,33,2020-09-16,5,Marketing,Digital Marketing Specialist,G5,MGR089,Delhi,Contract,2445242,7,Diploma,Single,Active,
EMP03306,Sudiksha Luthra,Sudiksha,Luthra,Male,1965-01-08,61,2017-09-29,8,HR,HR Executive,G3,MGR048,Hyderabad,Contract,926878,11,Diploma,Married,Active,
EMP03307,Abdul Narayan,Abdul,Narayan,Female,2003-02-27,23,2024-08-26,1,Marketing,SEO Analyst,G1,MGR003,Bangalore,Contract,355333,1,Master's,Single,Resigned,2024-09-29
EMP03308,Sneha Nair,Sneha,Nair,Female,1978-01-15,48,2022-04-13,4,IT,DevOps Engineer,G3,MGR006,Chennai,Contract,884397,8,Master's,Single,Active,
EMP03309,Kai Kakar,Kai,Kakar,Male,1999-06-29,27,2016-06-04,10,HR,HR Executive,G4,MGR035,Delhi,Contract,1077462,6,Master's,Single,Resigned,2017-04-02
EMP03310,Barkha Naidu,Barkha,Naidu,Female,1969-06-06,57,2025-01-04,1,HR,Talent Acquisition Specialist,G5,MGR100,Bangalore,Contract,1881759,4,Master's,Married,Active,
EMP03311,Christopher Bobal,Christopher,Bobal,Male,1995-11-09,30,2018-08-15,7,Marketing,Marketing Executive,G5,MGR040,Pune,Full-Time,1757320,9,Master's,Married,Active,
EMP03312,Lakshmi Chanda,Lakshmi,Chanda,Female,1988-02-07,38,2020-12-12,5,Finance,Finance Manager,G5,MGR066,Pune,Full-Time,2472948,7,PhD,Married,Active,
EMP03313,Mohini Kumer,Mohini,Kumer,Male,1972-12-22,53,2019-02-26,7,Operations,Supply Chain Analyst,G4,MGR019,Hyderabad,Contract,1424796,9,Bachelor's,Single,Active,
EMP03314,Pranav Khatri,Pranav,Khatri,Male,1968-09-20,57,2024-01-16,2,HR,HR Manager,G3,MGR033,Pune,Full-Time,820951,7,Master's,Married,Active,
EMP03315,Mohini Chakraborty,Mohini,Chakraborty,Female,2002-06-17,24,2021-04-16,5,Operations,Operations Executive,G2,MGR066,Pune,Full-Time,535180,3,PhD,Single,Active,
EMP03316,Ansh Joshi,Ansh,Joshi,Male,1983-11-12,42,2016-06-16,10,Marketing,Digital Marketing Specialist,G3,MGR018,Delhi,Contract,709295,14,Master's,Married,Active,
EMP03317,Nicholas Rama,Nicholas,Rama,Female,1994-12-02,31,2017-05-24,9,Finance,Accountant,G3,MGR080,Pune,Full-Time,829346,10,Bachelor's,Single,Active,
EMP03318,Neha Mane,Neha,Mane,Male,2002-02-05,24,2020-12-05,5,Sales,Business Development Executive,G4,MGR074,Delhi,Full-Time,1245712,3,PhD,Married,Resigned,2026-06-07
EMP03319,Mitesh Dara,Mitesh,Dara,Female,1986-02-11,40,2020-05-28,6,Operations,Supply Chain Analyst,G2,MGR007,Delhi,Full-Time,696910,11,Diploma,Married,Active,
EMP03320,Chanchal Swaminathan,Chanchal,Swaminathan,Male,1987-11-06,38,2017-10-22,8,HR,Talent Acquisition Specialist,G4,MGR072,Mumbai,Contract,1443644,13,Diploma,Married,Active,
EMP03321,Rachana Mukherjee,Rachana,Mukherjee,Female,2000-04-02,26,2021-12-18,4,Finance,Finance Manager,G2,MGR096,Bangalore,Full-Time,549385,5,Master's,Single,Active,
EMP03322,Karan Parmer,Karan,Parmer,Male,1971-01-04,55,2017-12-16,8,HR,HR Manager,G4,MGR058,Mumbai,Contract,1250029,11,Master's,Married,Active,
EMP03323,Gopal Pillai,Gopal,Pillai,Female,1967-02-24,59,2016-11-06,9,IT,QA Engineer,G5,MGR045,Mumbai,Full-Time,2419878,12,Master's,Married,Active,
EMP03324,Yauvani Iyengar,Yauvani,Iyengar,Male,1975-03-13,51,2022-12-22,3,Sales,Sales Executive,G5,MGR075,Hyderabad,Contract,1741479,5,Master's,Single,Active,
EMP03325,Vrishti Sehgal,Vrishti,Sehgal,Male,1999-01-04,27,2023-05-23,3,Operations,Operations Manager,G4,MGR089,Delhi,Full-Time,1173657,5,Master's,Married,Active,
EMP03326,Lipika Soni,Lipika,Soni,Male,1982-03-13,44,2021-06-18,5,Operations,Supply Chain Analyst,G2,MGR076,Mumbai,Contract,678905,8,Bachelor's,Single,Active,
EMP03327,Amrita Sampath,Amrita,Sampath,Female,1978-12-06,47,2019-07-27,7,IT,DevOps Engineer,G4,MGR038,Hyderabad,Contract,1310406,7,PhD,Single,Active,
EMP03328,Gautam Sami,Gautam,Sami,Female,1974-08-28,51,2023-01-18,3,Sales,Business Development Executive,G1,MGR074,Bangalore,Contract,358936,4,Master's,Single,Active,
EMP03329,Jyoti Grewal,Jyoti,Grewal,Male,1970-02-24,56,2022-12-27,3,Marketing,Digital Marketing Specialist,G4,MGR030,Delhi,Contract,1090658,4,Diploma,Single,Active,
EMP03330,Radha Sandhu,Radha,Sandhu,Female,1974-08-04,52,2020-07-17,6,Sales,Business Development Executive,G4,MGR052,Delhi,Full-Time,1072162,8,PhD,Married,Active,
EMP03331,Girik Baria,Girik,Baria,Female,1995-06-17,31,2020-03-18,6,Marketing,Marketing Executive,G4,MGR081,Delhi,Full-Time,1290432,6,Diploma,Single,Active,
EMP03332,Yochana Om,Yochana,Om,Male,1966-01-16,60,2023-11-06,2,IT,Software Engineer,G3,MGR065,Hyderabad,Contract,793273,2,Diploma,Married,Active,
EMP03333,Ubika Kapur,Ubika,Kapur,Male,1979-06-09,47,2020-06-23,6,Finance,Finance Manager,G3,MGR033,Chennai,Full-Time,756455,6,PhD,Married,Active,
EMP03334,Mohammed Tandon,Mohammed,Tandon,Male,1994-10-11,31,2020-09-25,5,IT,Software Engineer,G3,MGR066,Delhi,Contract,885093,10,Master's,Single,Active,
EMP03335,Fiyaz Mannan,Fiyaz,Mannan,Female,2003-06-25,23,2022-07-21,4,Operations,Operations Manager,G5,MGR055,Bangalore,Full-Time,1913220,2,Master's,Single,Resigned,2024-07-17
EMP03336,Rajeshri Buch,Rajeshri,Buch,Female,1970-02-27,56,2020-02-14,6,IT,QA Engineer,G4,MGR096,Bangalore,Full-Time,1081415,7,Bachelor's,Married,Active,
EMP03337,Vanya Mital,Vanya,Mital,Male,1979-09-11,46,2017-08-08,8,Sales,Sales Manager,G3,MGR088,Hyderabad,Contract,934616,9,Bachelor's,Married,Resigned,2020-02-17
EMP03338,Joshua Mital,Joshua,Mital,Male,1982-05-29,44,2023-12-18,2,Finance,Finance Manager,G4,MGR007,Mumbai,Full-Time,1169172,6,Master's,Married,Active,
EMP03339,Yuvraj Virk,Yuvraj,Virk,Female,1965-01-17,61,2020-04-10,6,Sales,Sales Executive,G2,MGR004,Hyderabad,Full-Time,633694,6,Diploma,Married,Active,
EMP03340,Prisha Merchant,Prisha,Merchant,Female,1982-08-19,43,2024-12-13,1,Operations,Operations Manager,G5,MGR064,Delhi,Contract,2300006,3,Bachelor's,Single,Active,
EMP03341,Champak Bose,Champak,Bose,Male,1978-01-01,48,2023-08-12,2,HR,HR Manager,G4,MGR065,Delhi,Full-Time,1221876,2,Bachelor's,Single,Active,
EMP03342,Chakradev Varghese,Chakradev,Varghese,Male,1982-05-10,44,2025-06-07,1,Marketing,Digital Marketing Specialist,G2,MGR042,Chennai,Contract,595002,6,PhD,Single,Active,
EMP03343,Hritik Uppal,Hritik,Uppal,Male,1986-04-16,40,2025-11-15,0,Marketing,Marketing Executive,G1,MGR064,Mumbai,Full-Time,473326,0,Master's,Married,Active,
EMP03344,Pavani Sachar,Pavani,Sachar,Female,1997-07-27,29,2019-08-28,6,Operations,Supply Chain Analyst,G1,MGR088,Hyderabad,Full-Time,348080,8,Bachelor's,Married,Active,
EMP03345,Girindra Shetty,Girindra,Shetty,Male,1969-10-25,56,2023-08-24,2,Marketing,Digital Marketing Specialist,G2,MGR043,Hyderabad,Contract,615709,2,Bachelor's,Single,Active,
EMP03346,Zehaan Pant,Zehaan,Pant,Male,1993-03-29,33,2021-10-14,4,Finance,Financial Analyst,G4,MGR003,Pune,Contract,1114143,7,PhD,Single,Active,
EMP03347,Aachal Bumb,Aachal,Bumb,Male,2000-07-21,26,2015-08-09,10,Finance,Finance Manager,G1,MGR034,Pune,Contract,401932,5,PhD,Single,Resigned,2024-03-02
EMP03348,Amol Comar,Amol,Comar,Male,1969-01-21,57,2017-04-17,9,Operations,Supply Chain Analyst,G3,MGR089,Delhi,Contract,802451,10,Bachelor's,Married,Active,
EMP03349,Turvi Gola,Turvi,Gola,Male,1986-08-28,39,2025-05-04,1,Operations,Operations Executive,G5,MGR075,Delhi,Contract,1832296,5,PhD,Married,Active,
EMP03350,Qabil Ramaswamy,Qabil,Ramaswamy,Female,1981-03-05,45,2018-05-06,8,Marketing,SEO Analyst,G5,MGR099,Pune,Contract,2248921,13,Bachelor's,Married,Active,
EMP03351,Chakradev Chacko,Chakradev,Chacko,Male,1979-08-11,47,2018-04-12,8,Operations,Supply Chain Analyst,G2,MGR002,Pune,Full-Time,625372,10,Bachelor's,Single,Active,
EMP03352,Omaja Mishra,Omaja,Mishra,Male,1974-07-08,52,2025-12-30,0,HR,HR Manager,G5,MGR025,Hyderabad,Contract,2099710,1,Diploma,Single,Active,
EMP03353,Dipta Sha,Dipta,Sha,Female,1998-12-30,27,2021-02-10,5,Marketing,Digital Marketing Specialist,G1,MGR064,Hyderabad,Full-Time,394294,5,Diploma,Married,Active,
EMP03354,Shivani Lanka,Shivani,Lanka,Female,1967-11-01,58,2023-02-07,3,Marketing,Digital Marketing Specialist,G4,MGR011,Hyderabad,Contract,1394730,3,Master's,Single,Active,
EMP03355,Harita Grover,Harita,Grover,Female,1981-03-21,45,2024-11-25,1,HR,Talent Acquisition Specialist,G5,MGR072,Hyderabad,Full-Time,1838861,2,Bachelor's,Single,Active,
EMP03356,Siddharth Goyal,Siddharth,Goyal,Male,1999-06-11,27,2016-08-28,9,Marketing,SEO Analyst,G2,MGR029,Mumbai,Contract,659476,6,PhD,Married,Active,
EMP03357,Farhan Lad,Farhan,Lad,Male,1980-09-25,45,2024-01-02,2,Marketing,SEO Analyst,G4,MGR063,Mumbai,Contract,1157454,2,Master's,Married,Active,
EMP03358,Hitesh Saraf,Hitesh,Saraf,Female,1995-04-27,31,2019-01-14,7,Finance,Accountant,G4,MGR020,Chennai,Full-Time,1358848,10,Diploma,Single,Resigned,2023-08-01
EMP03359,Andrew Ahluwalia,Andrew,Ahluwalia,Female,1997-07-26,29,2022-09-03,3,IT,QA Engineer,G5,MGR070,Hyderabad,Contract,1551503,4,Master's,Married,Active,
EMP03360,Megha Dada,Megha,Dada,Female,1989-05-10,37,2016-03-31,10,Operations,Operations Executive,G3,MGR002,Pune,Full-Time,977757,11,PhD,Married,Active,
EMP03361,Agastya Garg,Agastya,Garg,Female,1976-05-18,50,2020-08-08,5,Sales,Sales Executive,G5,MGR058,Chennai,Contract,1722450,5,Bachelor's,Married,Active,
EMP03362,Vansha Sharma,Vansha,Sharma,Female,1982-06-08,44,2023-07-22,3,Finance,Accountant,G2,MGR039,Hyderabad,Contract,561333,7,PhD,Single,Active,
EMP03363,Nidhi Sur,Nidhi,Sur,Female,1990-11-22,35,2025-01-10,1,HR,HR Executive,G4,MGR022,Chennai,Full-Time,1482280,3,Diploma,Married,Active,
EMP03364,Chavvi Patel,Chavvi,Patel,Male,1986-10-02,39,2018-04-03,8,HR,Talent Acquisition Specialist,G4,MGR037,Bangalore,Full-Time,1128384,9,Bachelor's,Single,Active,
EMP03365,Megha Mittal,Megha,Mittal,Male,1979-05-02,47,2025-03-09,1,Operations,Operations Executive,G3,MGR017,Hyderabad,Full-Time,948113,3,PhD,Married,Active,
EMP03366,Gagan Dass,Gagan,Dass,Male,1977-02-05,49,2018-12-26,7,Marketing,Digital Marketing Specialist,G4,MGR053,Hyderabad,Full-Time,1123859,8,Master's,Single,Active,
EMP03367,Krishna Atwal,Krishna,Atwal,Male,1984-09-11,41,2023-06-05,3,Finance,Financial Analyst,G2,MGR056,Bangalore,Full-Time,601939,4,PhD,Married,Active,
EMP03368,Rayaan Choudhury,Rayaan,Choudhury,Female,1987-09-12,38,2023-05-20,3,Marketing,SEO Analyst,G3,MGR058,Pune,Full-Time,889900,3,Master's,Married,Active,
EMP03369,Amol Guha,Amol,Guha,Female,1967-11-24,58,2025-04-21,1,Sales,Sales Executive,G5,MGR024,Bangalore,Contract,1835683,5,PhD,Married,Active,
EMP03370,Avi Kadakia,Avi,Kadakia,Male,1984-09-03,41,2022-03-07,4,HR,HR Executive,G2,MGR065,Bangalore,Contract,558264,5,Master's,Married,Resigned,2026-04-09
EMP03371,Maanav Khurana,Maanav,Khurana,Male,2000-03-26,26,2024-08-12,1,Marketing,Marketing Executive,G5,MGR073,Chennai,Contract,2292675,3,Master's,Married,Active,
EMP03372,Rajata Yohannan,Rajata,Yohannan,Male,1970-09-10,55,2023-03-12,3,HR,Talent Acquisition Specialist,G1,MGR100,Pune,Full-Time,467575,3,Diploma,Married,Active,
EMP03373,Rayaan Chadha,Rayaan,Chadha,Male,1984-08-27,41,2017-07-31,9,Sales,Sales Manager,G5,MGR037,Pune,Contract,1882017,14,Diploma,Single,Active,
EMP03374,Charvi Sheth,Charvi,Sheth,Male,1978-01-11,48,2019-08-02,7,HR,Talent Acquisition Specialist,G4,MGR018,Mumbai,Full-Time,1054079,11,Diploma,Married,Active,
EMP03375,Manbir Som,Manbir,Som,Male,1981-09-06,44,2024-11-02,1,HR,Talent Acquisition Specialist,G3,MGR041,Chennai,Full-Time,947623,5,PhD,Single,Active,
EMP03376,Pahal Bains,Pahal,Bains,Male,1991-08-31,34,2019-07-11,7,IT,QA Engineer,G4,MGR063,Delhi,Contract,1293674,12,PhD,Single,Active,
EMP03377,Jackson Ganesan,Jackson,Ganesan,Female,1973-07-16,53,2020-03-19,6,Sales,Sales Executive,G1,MGR061,Hyderabad,Full-Time,454137,8,Bachelor's,Married,Active,
EMP03378,Michael Saxena,Michael,Saxena,Female,1966-03-23,60,2021-05-20,5,Sales,Business Development Executive,G5,MGR065,Bangalore,Contract,2022809,8,Diploma,Married,Active,
EMP03379,Vedhika Sinha,Vedhika,Sinha,Female,1994-09-08,31,2015-07-09,11,Sales,Business Development Executive,G2,MGR052,Mumbai,Full-Time,657444,10,Diploma,Married,Active,
EMP03380,Anmol Sengupta,Anmol,Sengupta,Male,1995-12-10,30,2025-08-25,0,HR,HR Manager,G3,MGR058,Chennai,Full-Time,777445,5,Master's,Married,Active,
EMP03381,Xavier Jaggi,Xavier,Jaggi,Female,1992-11-11,33,2018-05-31,8,Operations,Operations Executive,G3,MGR064,Pune,Full-Time,923008,12,PhD,Married,Active,
EMP03382,Chaitaly Ramanathan,Chaitaly,Ramanathan,Female,1972-05-20,54,2018-02-12,8,Operations,Operations Manager,G5,MGR092,Chennai,Contract,1594959,11,Master's,Single,Active,
EMP03383,Charan Nath,Charan,Nath,Female,1999-04-23,27,2017-04-01,9,Operations,Supply Chain Analyst,G1,MGR026,Delhi,Contract,395568,6,PhD,Single,Active,
EMP03384,Abhiram Chauhan,Abhiram,Chauhan,Male,1992-10-11,33,2025-08-08,0,Finance,Accountant,G4,MGR090,Pune,Contract,1388371,2,Bachelor's,Single,Active,
EMP03385,Rachana Sagar,Rachana,Sagar,Female,1985-02-12,41,2017-01-14,9,IT,Data Analyst,G5,MGR041,Hyderabad,Full-Time,1611943,9,PhD,Single,Active,
EMP03386,Warhi Mannan,Warhi,Mannan,Male,1986-09-09,39,2024-09-13,1,Marketing,Digital Marketing Specialist,G2,MGR073,Chennai,Full-Time,617911,6,Master's,Single,Active,
EMP03387,Balhaar Sura,Balhaar,Sura,Male,1986-03-23,40,2016-02-28,10,Sales,Sales Executive,G1,MGR089,Mumbai,Full-Time,411700,15,Master's,Single,Active,
EMP03388,Mugdha Sunder,Mugdha,Sunder,Female,1995-08-29,30,2025-05-01,1,Marketing,Marketing Executive,G4,MGR098,Chennai,Full-Time,1408086,2,PhD,Single,Active,
EMP03389,Yochana Sura,Yochana,Sura,Female,1984-02-03,42,2018-10-08,7,Operations,Operations Manager,G1,MGR061,Hyderabad,Contract,404619,10,Master's,Married,Active,
EMP03390,Vincent Bhat,Vincent,Bhat,Female,1978-01-14,48,2016-02-16,10,IT,Data Engineer,G4,MGR085,Mumbai,Contract,1252387,11,Master's,Single,Active,
EMP03391,Anirudh Sami,Anirudh,Sami,Male,1966-02-27,60,2022-01-17,4,Marketing,Digital Marketing Specialist,G3,MGR058,Mumbai,Full-Time,977137,5,PhD,Married,Active,
EMP03392,Diya Bhatt,Diya,Bhatt,Female,1993-03-25,33,2016-09-02,9,IT,QA Engineer,G1,MGR037,Pune,Full-Time,340086,9,Diploma,Married,Active,
EMP03393,Amrita Sahni,Amrita,Sahni,Female,1997-12-23,28,2025-08-27,0,Finance,Finance Manager,G2,MGR052,Hyderabad,Full-Time,530655,5,Diploma,Married,Active,
EMP03394,Urvashi Dada,Urvashi,Dada,Male,1968-11-09,57,2018-11-07,7,Operations,Operations Manager,G4,MGR012,Mumbai,Contract,1228970,12,Master's,Married,Active,
EMP03395,Warda Palan,Warda,Palan,Female,1967-01-08,59,2015-06-22,11,IT,Data Engineer,G3,MGR039,Pune,Full-Time,989404,14,PhD,Single,Active,
EMP03396,Saumya Sarin,Saumya,Sarin,Male,1994-03-12,32,2019-04-24,7,Finance,Finance Manager,G3,MGR043,Hyderabad,Contract,826875,8,Diploma,Single,Active,
EMP03397,Ansh Edwin,Ansh,Edwin,Female,1974-06-22,52,2021-04-22,5,HR,HR Manager,G3,MGR018,Mumbai,Contract,955453,7,Master's,Single,Active,
EMP03398,Bhavna Handa,Bhavna,Handa,Male,1975-07-29,51,2018-12-02,7,IT,Data Engineer,G2,MGR035,Delhi,Contract,568323,10,Bachelor's,Single,Active,
EMP03399,Upasna Padmanabhan,Upasna,Padmanabhan,Male,1976-08-28,49,2019-01-02,7,HR,Talent Acquisition Specialist,G5,MGR035,Delhi,Contract,1519061,7,Bachelor's,Married,Active,
EMP03400,Raksha Kata,Raksha,Kata,Male,1995-11-02,30,2021-06-14,5,Sales,Sales Executive,G4,MGR073,Chennai,Contract,1026701,9,Diploma,Married,Active,
EMP03401,Yashica Kanda,Yashica,Kanda,Male,1982-11-08,43,2025-11-15,0,Sales,Business Development Executive,G5,MGR029,Pune,Full-Time,1607633,1,Master's,Married,Active,
EMP03402,Harinakshi Sidhu,Harinakshi,Sidhu,Male,1989-08-26,36,2016-01-28,10,Finance,Accountant,G1,MGR033,Bangalore,Contract,399882,13,PhD,Single,Active,
EMP03403,Karan Memon,Karan,Memon,Male,1970-01-05,56,2016-09-26,9,Finance,Accountant,G4,MGR017,Hyderabad,Contract,1056625,14,PhD,Married,Active,
EMP03404,Madhavi Saha,Madhavi,Saha,Male,2000-04-15,26,2023-06-24,3,Marketing,Digital Marketing Specialist,G4,MGR096,Delhi,Contract,1415120,3,Master's,Married,Active,
EMP03405,Jagvi Sodhi,Jagvi,Sodhi,Male,1993-04-20,33,2021-04-29,5,Operations,Supply Chain Analyst,G5,MGR058,Pune,Contract,2321710,9,Bachelor's,Single,Active,
EMP03406,Neel Johal,Neel,Johal,Female,1969-03-21,57,2025-06-17,1,Sales,Sales Executive,G3,MGR049,Pune,Contract,790434,4,PhD,Single,Resigned,2026-01-22
EMP03407,Gabriel Subramanian,Gabriel,Subramanian,Female,1966-08-28,59,2024-07-06,2,Finance,Financial Analyst,G1,MGR024,Hyderabad,Contract,396987,5,Master's,Single,Active,
EMP03408,Kai Ghose,Kai,Ghose,Female,1998-02-17,28,2021-09-07,4,Finance,Finance Manager,G3,MGR012,Delhi,Full-Time,834716,6,PhD,Single,Active,
EMP03409,Ryan Dugar,Ryan,Dugar,Female,2002-03-01,24,2019-10-22,6,HR,HR Executive,G5,MGR071,Mumbai,Contract,1698548,3,PhD,Married,Active,
EMP03410,Vyanjana Chaudhuri,Vyanjana,Chaudhuri,Female,1972-10-15,53,2024-02-28,2,Sales,Business Development Executive,G4,MGR091,Hyderabad,Contract,1001274,5,Master's,Married,Active,
EMP03411,Ojasvi Tak,Ojasvi,Tak,Female,1965-02-25,61,2023-12-08,2,HR,HR Manager,G1,MGR046,Mumbai,Contract,349895,6,Master's,Married,Active,
EMP03412,Chavvi Keer,Chavvi,Keer,Male,1989-12-26,36,2017-03-19,9,HR,HR Manager,G2,MGR027,Chennai,Contract,523143,13,Master's,Married,Active,
EMP03413,Shaurya Batta,Shaurya,Batta,Male,1990-10-28,35,2022-06-25,4,Finance,Financial Analyst,G2,MGR047,Mumbai,Contract,664739,6,Diploma,Married,Active,
EMP03414,Andrew Parmer,Andrew,Parmer,Male,1987-11-26,38,2025-02-22,1,Finance,Finance Manager,G5,MGR023,Delhi,Full-Time,2467479,2,Bachelor's,Married,Active,
EMP03415,Advika Parikh,Advika,Parikh,Female,1973-06-10,53,2017-04-21,9,Finance,Accountant,G2,MGR080,Mumbai,Contract,672117,14,Diploma,Single,Active,
EMP03416,Nathan Ghosh,Nathan,Ghosh,Female,1972-02-08,54,2020-01-23,6,HR,HR Executive,G2,MGR017,Hyderabad,Contract,607328,11,PhD,Married,Active,
EMP03417,Yahvi Balay,Yahvi,Balay,Female,1987-09-23,38,2023-11-25,2,Marketing,Marketing Executive,G5,MGR038,Hyderabad,Contract,2165383,4,PhD,Married,Active,
EMP03418,Devansh Nazareth,Devansh,Nazareth,Male,1990-10-20,35,2018-03-31,8,Finance,Finance Manager,G5,MGR010,Mumbai,Contract,1703300,9,Master's,Married,Active,
EMP03419,Qushi Comar,Qushi,Comar,Female,1983-05-05,43,2020-08-28,5,Finance,Finance Manager,G5,MGR001,Delhi,Contract,2419237,7,PhD,Married,Resigned,2025-11-28
EMP03420,Utkarsh Dara,Utkarsh,Dara,Male,1999-03-29,27,2017-02-03,9,IT,Data Analyst,G1,MGR016,Delhi,Full-Time,404027,6,PhD,Married,Active,
EMP03421,Udarsh Sur,Udarsh,Sur,Female,1975-12-01,50,2018-05-23,8,IT,Data Analyst,G5,MGR069,Mumbai,Full-Time,2213648,10,Diploma,Married,Active,
EMP03422,Aarna Oak,Aarna,Oak,Male,1987-12-22,38,2015-03-06,11,IT,DevOps Engineer,G4,MGR070,Pune,Full-Time,1146563,12,PhD,Single,Active,
EMP03423,Isha Batra,Isha,Batra,Male,1991-10-13,34,2017-06-28,9,Marketing,SEO Analyst,G5,MGR047,Mumbai,Full-Time,2175755,11,Master's,Married,Active,
EMP03424,Amara Dora,Amara,Dora,Male,1990-04-10,36,2020-06-05,6,Marketing,Marketing Executive,G3,MGR032,Bangalore,Full-Time,954115,8,Diploma,Single,Active,
EMP03425,Yutika Chawla,Yutika,Chawla,Female,1965-07-21,61,2020-08-10,5,Sales,Sales Executive,G2,MGR049,Bangalore,Full-Time,687622,10,PhD,Single,Resigned,2021-01-13
EMP03426,Raksha Shankar,Raksha,Shankar,Female,1994-04-18,32,2016-12-16,9,HR,HR Manager,G4,MGR082,Chennai,Full-Time,1289509,11,Master's,Single,Active,
EMP03427,Indrajit Cherian,Indrajit,Cherian,Male,2003-12-22,22,2025-09-30,0,Sales,Business Development Executive,G1,MGR044,Pune,Contract,364150,1,Diploma,Single,Active,
EMP03428,Harsh Barman,Harsh,Barman,Male,1968-06-21,58,2018-08-16,7,Sales,Business Development Executive,G5,MGR084,Pune,Contract,2020533,11,Diploma,Single,Active,
EMP03429,Yashica Cheema,Yashica,Cheema,Female,1993-10-28,32,2018-12-20,7,HR,HR Manager,G5,MGR054,Bangalore,Full-Time,1914879,9,Bachelor's,Married,Active,
EMP03430,Oliver Dalal,Oliver,Dalal,Female,1989-12-29,36,2025-06-06,1,Operations,Operations Executive,G1,MGR006,Hyderabad,Full-Time,376260,1,Bachelor's,Single,Active,
EMP03431,Samesh Pathak,Samesh,Pathak,Female,1968-09-17,57,2025-05-10,1,Finance,Accountant,G5,MGR025,Chennai,Full-Time,1518759,3,Bachelor's,Single,Resigned,2025-09-08
EMP03432,Brinda Sathe,Brinda,Sathe,Female,2002-12-05,23,2023-11-12,2,Operations,Supply Chain Analyst,G4,MGR051,Pune,Contract,1092842,2,Bachelor's,Married,Active,
EMP03433,Yashawini Tara,Yashawini,Tara,Female,1994-04-22,32,2020-01-13,6,Marketing,SEO Analyst,G5,MGR068,Chennai,Full-Time,2384071,6,Bachelor's,Single,Active,
EMP03434,Hardik Dube,Hardik,Dube,Male,1979-10-24,46,2025-07-14,1,HR,HR Executive,G5,MGR027,Mumbai,Full-Time,2322786,3,PhD,Single,Resigned,2026-03-22
EMP03435,Januja Natt,Januja,Natt,Female,1976-06-25,50,2015-06-02,11,IT,Data Engineer,G5,MGR087,Mumbai,Contract,2203349,12,Master's,Married,Active,
EMP03436,Lakshit Das,Lakshit,Das,Male,1987-09-11,38,2021-01-08,5,Sales,Sales Manager,G3,MGR059,Chennai,Full-Time,840648,8,PhD,Single,Active,
EMP03437,Saksham Sarna,Saksham,Sarna,Female,1998-10-20,27,2019-10-22,6,HR,HR Manager,G4,MGR067,Mumbai,Contract,1313866,6,Master's,Married,Active,
EMP03438,Ojasvi Ahuja,Ojasvi,Ahuja,Female,2002-04-21,24,2025-04-18,1,Finance,Finance Manager,G2,MGR064,Bangalore,Full-Time,641469,3,PhD,Married,Resigned,2025-10-25
EMP03439,Urvi Om,Urvi,Om,Male,1997-10-28,28,2017-02-10,9,IT,DevOps Engineer,G2,MGR081,Pune,Full-Time,524901,7,Diploma,Married,Active,
EMP03440,Bhavini Tiwari,Bhavini,Tiwari,Male,1969-12-08,56,2024-01-16,2,Finance,Finance Manager,G4,MGR054,Bangalore,Full-Time,1304446,6,Diploma,Single,Active,
EMP03441,Onveer Chada,Onveer,Chada,Male,1969-01-24,57,2024-12-10,1,Marketing,SEO Analyst,G2,MGR042,Mumbai,Full-Time,554735,4,Bachelor's,Single,Active,
EMP03442,Amaira Pradhan,Amaira,Pradhan,Female,1967-06-13,59,2022-09-13,3,Marketing,Marketing Executive,G1,MGR096,Bangalore,Full-Time,401643,4,PhD,Single,Active,
EMP03443,Oeshi Patel,Oeshi,Patel,Female,1969-03-29,57,2018-04-14,8,IT,QA Engineer,G2,MGR014,Pune,Full-Time,549886,10,Diploma,Married,Active,
EMP03444,Yatan Doshi,Yatan,Doshi,Female,1979-03-13,47,2020-03-20,6,Operations,Operations Manager,G1,MGR098,Pune,Contract,387673,7,Diploma,Single,Active,
EMP03445,Oviya Kari,Oviya,Kari,Female,1983-07-13,43,2023-08-26,2,Sales,Sales Executive,G3,MGR054,Mumbai,Contract,782469,2,Master's,Single,Active,
EMP03446,Lakshit Sanghvi,Lakshit,Sanghvi,Female,1975-09-15,50,2019-01-20,7,HR,HR Manager,G1,MGR084,Pune,Full-Time,362864,11,PhD,Married,Resigned,2022-07-27
EMP03447,Nimrat Shanker,Nimrat,Shanker,Male,1982-10-21,43,2019-08-24,6,Finance,Finance Manager,G4,MGR022,Bangalore,Full-Time,1011378,10,Master's,Married,Active,
EMP03448,Zaitra Pathak,Zaitra,Pathak,Female,1968-08-22,57,2022-06-13,4,Finance,Finance Manager,G1,MGR061,Pune,Contract,396261,6,Bachelor's,Single,Active,
EMP03449,Ayushman Savant,Ayushman,Savant,Female,2003-09-30,22,2022-08-26,3,Marketing,SEO Analyst,G4,MGR087,Bangalore,Full-Time,1363907,1,Diploma,Married,Active,
EMP03450,Madhav Anne,Madhav,Anne,Male,1982-12-28,43,2024-02-23,2,Operations,Supply Chain Analyst,G2,MGR062,Pune,Contract,525856,5,Diploma,Single,Active,
EMP03451,Zansi Boase,Zansi,Boase,Female,1970-03-16,56,2016-10-05,9,Finance,Finance Manager,G5,MGR047,Bangalore,Contract,1826897,14,Bachelor's,Single,Resigned,2018-03-15
EMP03452,Hamsini Murty,Hamsini,Murty,Male,1984-11-26,41,2015-11-01,10,Operations,Operations Manager,G3,MGR074,Pune,Contract,748448,10,Master's,Married,Resigned,2022-08-31
EMP03453,Nitesh Saraf,Nitesh,Saraf,Female,1994-05-14,32,2015-08-08,10,Marketing,Digital Marketing Specialist,G4,MGR001,Mumbai,Contract,1388118,11,Diploma,Single,Resigned,2016-08-23
EMP03454,Maya Bansal,Maya,Bansal,Female,1969-01-03,57,2020-03-05,6,IT,DevOps Engineer,G1,MGR084,Pune,Full-Time,354079,8,Bachelor's,Married,Active,
EMP03455,Matthew Bhardwaj,Matthew,Bhardwaj,Male,2003-06-13,23,2016-01-06,10,Operations,Supply Chain Analyst,G1,MGR021,Pune,Full-Time,419295,2,PhD,Married,Active,
EMP03456,Zinal Merchant,Zinal,Merchant,Female,1976-08-23,49,2015-02-20,11,IT,Software Engineer,G5,MGR086,Delhi,Contract,1566925,11,Bachelor's,Married,Active,
EMP03457,Oni Ratti,Oni,Ratti,Female,1989-10-21,36,2024-03-12,2,HR,HR Manager,G1,MGR054,Bangalore,Full-Time,332236,4,Bachelor's,Married,Resigned,2026-07-20
EMP03458,Daksha Murthy,Daksha,Murthy,Male,2002-07-06,24,2016-05-15,10,Finance,Financial Analyst,G3,MGR085,Hyderabad,Contract,852904,3,Master's,Single,Active,
EMP03459,Hemangini Anand,Hemangini,Anand,Male,1993-11-24,32,2019-10-09,6,Finance,Accountant,G1,MGR055,Chennai,Contract,320770,11,Diploma,Single,Active,
EMP03460,Ati Wable,Ati,Wable,Female,1969-05-22,57,2022-01-15,4,Operations,Operations Manager,G5,MGR031,Bangalore,Contract,1656036,5,Master's,Single,Active,
EMP03461,Manan Raval,Manan,Raval,Female,1977-11-10,48,2019-10-06,6,Finance,Financial Analyst,G2,MGR030,Pune,Contract,699557,8,Master's,Single,Active,
EMP03462,Sanaya Jha,Sanaya,Jha,Female,1993-12-17,32,2024-03-18,2,Finance,Accountant,G1,MGR028,Hyderabad,Full-Time,481149,7,Master's,Married,Active,
EMP03463,Riya Pai,Riya,Pai,Male,1993-05-20,33,2016-03-06,10,Operations,Operations Executive,G4,MGR077,Delhi,Full-Time,1284857,12,PhD,Married,Active,
EMP03464,Nidhi Hora,Nidhi,Hora,Female,1985-04-25,41,2023-05-21,3,Sales,Sales Executive,G1,MGR099,Chennai,Full-Time,446126,3,Master's,Single,Active,
EMP03465,Charvi Chad,Charvi,Chad,Female,1993-06-10,33,2024-08-18,1,Finance,Finance Manager,G3,MGR040,Hyderabad,Full-Time,956090,5,Master's,Single,Active,
EMP03466,Balhaar Yogi,Balhaar,Yogi,Female,1976-02-26,50,2019-11-05,6,Marketing,Digital Marketing Specialist,G1,MGR086,Hyderabad,Contract,324583,11,Master's,Single,Active,
EMP03467,Gaurika Ramakrishnan,Gaurika,Ramakrishnan,Female,2000-10-02,25,2024-09-03,1,Finance,Accountant,G3,MGR073,Mumbai,Contract,702148,4,Diploma,Single,Active,
EMP03468,Jonathan Venkatesh,Jonathan,Venkatesh,Female,1989-12-27,36,2021-06-02,5,Operations,Operations Manager,G3,MGR095,Chennai,Contract,709358,9,Diploma,Married,Active,
EMP03469,Bhanumati Kala,Bhanumati,Kala,Female,1966-06-17,60,2021-09-19,4,Finance,Financial Analyst,G5,MGR065,Pune,Contract,1660601,5,Bachelor's,Married,Active,
EMP03470,Girik Vaidya,Girik,Vaidya,Male,1982-10-18,43,2025-08-12,0,HR,Talent Acquisition Specialist,G5,MGR082,Mumbai,Contract,2135021,1,PhD,Single,Active,
EMP03471,Devika Verma,Devika,Verma,Female,2003-08-30,22,2018-01-08,8,IT,DevOps Engineer,G2,MGR063,Chennai,Full-Time,693900,1,Diploma,Married,Active,
EMP03472,Harini Dutta,Harini,Dutta,Male,1968-12-29,57,2023-07-19,3,IT,Data Analyst,G1,MGR075,Bangalore,Full-Time,420677,5,Bachelor's,Single,Active,
EMP03473,Arin Bala,Arin,Bala,Male,1973-04-26,53,2018-09-10,7,Sales,Sales Manager,G4,MGR045,Pune,Full-Time,1071829,12,Master's,Married,Active,
EMP03474,Aarna Khurana,Aarna,Khurana,Male,1995-11-29,30,2020-03-01,6,Operations,Operations Executive,G3,MGR025,Bangalore,Full-Time,748197,9,PhD,Single,Active,
EMP03475,Daksha Sami,Daksha,Sami,Female,1994-03-08,32,2020-07-07,6,HR,Talent Acquisition Specialist,G4,MGR033,Mumbai,Full-Time,1452417,10,Bachelor's,Single,Active,
EMP03476,Yashasvi Choudhry,Yashasvi,Choudhry,Male,1966-07-23,60,2019-12-05,6,Marketing,Marketing Executive,G4,MGR015,Bangalore,Contract,1136788,11,Master's,Single,Active,
EMP03477,Darpan Pradhan,Darpan,Pradhan,Female,1990-06-01,36,2016-07-10,10,Operations,Operations Manager,G2,MGR001,Chennai,Contract,668033,10,PhD,Married,Active,
EMP03478,Aashi Tripathi,Aashi,Tripathi,Male,1982-09-26,43,2018-04-24,8,Operations,Operations Executive,G4,MGR059,Chennai,Contract,1110549,8,Bachelor's,Single,Active,
EMP03479,Irya Dasgupta,Irya,Dasgupta,Male,1983-12-11,42,2025-10-10,0,Operations,Operations Executive,G2,MGR020,Pune,Full-Time,652828,2,Diploma,Single,Active,
EMP03480,Champak Dash,Champak,Dash,Male,1975-09-27,50,2022-05-09,4,HR,HR Executive,G1,MGR061,Bangalore,Full-Time,307702,6,Diploma,Single,Resigned,2024-04-05
EMP03481,Chanchal Ahluwalia,Chanchal,Ahluwalia,Female,1990-11-15,35,2018-02-16,8,Marketing,Digital Marketing Specialist,G1,MGR028,Mumbai,Full-Time,344703,8,Bachelor's,Single,Resigned,2021-12-24
EMP03482,Harinakshi Keer,Harinakshi,Keer,Female,2000-03-25,26,2017-10-18,8,Marketing,Digital Marketing Specialist,G4,MGR099,Delhi,Contract,1031055,5,Diploma,Single,Active,
EMP03483,Vivaan Palla,Vivaan,Palla,Female,1990-03-16,36,2024-11-05,1,Sales,Business Development Executive,G2,MGR080,Mumbai,Full-Time,625757,5,Diploma,Married,Active,
EMP03484,Chandani Mane,Chandani,Mane,Male,1971-04-22,55,2019-03-20,7,Operations,Operations Executive,G5,MGR080,Chennai,Full-Time,1506840,7,Diploma,Married,Active,
EMP03485,Logan Purohit,Logan,Purohit,Male,1968-05-05,58,2025-05-18,1,Sales,Business Development Executive,G3,MGR092,Chennai,Full-Time,841535,4,Diploma,Single,Active,
EMP03486,Zinal Kota,Zinal,Kota,Female,1994-02-27,32,2019-11-28,6,Operations,Operations Executive,G5,MGR013,Mumbai,Full-Time,1629290,7,Diploma,Married,Active,
EMP03487,Henry Narang,Henry,Narang,Female,1972-08-01,54,2018-06-08,8,Finance,Financial Analyst,G3,MGR057,Hyderabad,Full-Time,716343,12,Master's,Single,Resigned,2022-10-29
EMP03488,Reyansh Patel,Reyansh,Patel,Female,1994-02-27,32,2025-07-30,1,Marketing,SEO Analyst,G2,MGR034,Chennai,Full-Time,553599,3,Diploma,Single,Active,
EMP03489,Suhani Chaudhari,Suhani,Chaudhari,Male,1988-03-19,38,2018-08-11,7,IT,Data Analyst,G5,MGR063,Hyderabad,Full-Time,1793949,11,PhD,Married,Active,
EMP03490,Manan Sandal,Manan,Sandal,Male,1981-08-25,44,2019-10-12,6,Finance,Accountant,G3,MGR028,Delhi,Full-Time,823133,8,Diploma,Married,Active,
EMP03491,Nisha Bumb,Nisha,Bumb,Female,1967-09-25,58,2022-03-25,4,Operations,Supply Chain Analyst,G4,MGR098,Mumbai,Full-Time,1111759,6,Diploma,Married,Active,
EMP03492,George Bhatia,George,Bhatia,Male,1991-06-25,35,2018-09-23,7,Finance,Finance Manager,G2,MGR077,Mumbai,Contract,506700,9,Diploma,Single,Active,
EMP03493,Pavani De,Pavani,De,Male,1975-05-03,51,2020-06-20,6,Sales,Business Development Executive,G1,MGR002,Mumbai,Contract,422293,8,Bachelor's,Single,Active,
EMP03494,Vamakshi Kala,Vamakshi,Kala,Male,1967-04-14,59,2025-01-18,1,IT,Data Engineer,G3,MGR017,Pune,Contract,971245,1,Diploma,Married,Active,
EMP03495,Sanaya Brahmbhatt,Sanaya,Brahmbhatt,Female,1985-02-17,41,2025-12-02,0,Operations,Operations Manager,G2,MGR056,Chennai,Contract,578264,5,Bachelor's,Single,Active,
EMP03496,Kala Vora,Kala,Vora,Female,1967-09-21,58,2023-08-11,2,Sales,Sales Manager,G2,MGR085,Chennai,Full-Time,650872,4,Bachelor's,Married,Active,
EMP03497,Neha Venkataraman,Neha,Venkataraman,Female,1993-01-02,33,2022-02-16,4,IT,Data Analyst,G1,MGR021,Delhi,Full-Time,418042,9,Master's,Married,Active,
EMP03498,Megha Lalla,Megha,Lalla,Male,2002-12-31,23,2017-08-17,8,Finance,Finance Manager,G3,MGR069,Pune,Contract,705858,2,Master's,Married,Active,
EMP03499,Wishi Sampath,Wishi,Sampath,Female,1996-08-01,30,2020-01-04,6,Operations,Supply Chain Analyst,G5,MGR011,Delhi,Contract,2317669,9,Master's,Single,Active,
EMP03500,Ria Suri,Ria,Suri,Female,1976-09-04,49,2015-08-16,10,Operations,Operations Manager,G1,MGR089,Delhi,Contract,396968,11,PhD,Married,Active,
EMP03501,Omaja Gaba,Omaja,Gaba,Male,1967-03-06,59,2016-04-24,10,Operations,Operations Manager,G4,MGR041,Chennai,Full-Time,1418849,14,Diploma,Single,Active,
EMP03502,Maanas Tiwari,Maanas,Tiwari,Female,2003-10-06,22,2022-01-14,4,IT,Data Engineer,G1,MGR095,Delhi,Full-Time,391518,1,PhD,Single,Active,
EMP03503,Joshua Sundaram,Joshua,Sundaram,Female,2000-02-22,26,2023-10-22,2,Finance,Financial Analyst,G3,MGR067,Bangalore,Full-Time,862177,4,Diploma,Single,Resigned,2025-10-02
EMP03504,Kai Varghese,Kai,Varghese,Male,1966-01-04,60,2018-04-14,8,Operations,Operations Manager,G3,MGR033,Chennai,Contract,888106,9,Bachelor's,Married,Active,
EMP03505,Jacob Kala,Jacob,Kala,Female,1980-09-29,45,2016-11-28,9,Finance,Financial Analyst,G1,MGR071,Chennai,Full-Time,373938,12,PhD,Married,Active,
EMP03506,Tamanna Solanki,Tamanna,Solanki,Female,1983-12-07,42,2015-09-05,10,IT,Data Analyst,G5,MGR090,Hyderabad,Contract,1541442,10,Diploma,Single,Active,
EMP03507,Bachittar Dugar,Bachittar,Dugar,Male,2000-07-22,26,2024-02-18,2,Sales,Sales Manager,G2,MGR085,Bangalore,Full-Time,678589,4,Diploma,Married,Active,
EMP03508,Kala Dani,Kala,Dani,Male,1978-10-30,47,2017-09-11,8,IT,Data Engineer,G1,MGR010,Hyderabad,Contract,415131,11,PhD,Married,Active,
EMP03509,Nilima Choudhary,Nilima,Choudhary,Female,2003-06-08,23,2023-08-05,3,Operations,Supply Chain Analyst,G4,MGR025,Pune,Full-Time,1460374,2,Bachelor's,Single,Active,
EMP03510,Jai Pingle,Jai,Pingle,Female,1983-01-13,43,2020-04-16,6,IT,Data Analyst,G3,MGR049,Pune,Contract,861108,11,Master's,Married,Active,
EMP03511,Bimala Baria,Bimala,Baria,Female,1977-09-09,48,2019-02-05,7,Operations,Supply Chain Analyst,G5,MGR098,Mumbai,Contract,2446406,11,Diploma,Single,Active,
EMP03512,Michael Dalal,Michael,Dalal,Male,2003-11-19,22,2015-12-27,10,HR,HR Manager,G2,MGR096,Delhi,Contract,571265,1,Bachelor's,Married,Active,
EMP03513,Kamya Mody,Kamya,Mody,Female,1990-10-12,35,2016-01-14,10,Operations,Operations Manager,G3,MGR074,Bangalore,Full-Time,978015,14,Master's,Married,Active,
EMP03514,Kavya Mitter,Kavya,Mitter,Female,1983-03-06,43,2017-08-19,8,Marketing,Marketing Executive,G3,MGR095,Chennai,Contract,993784,12,Diploma,Married,Active,
EMP03515,Chaitaly Sunder,Chaitaly,Sunder,Female,1982-10-28,43,2022-06-21,4,Operations,Supply Chain Analyst,G4,MGR033,Chennai,Contract,1219184,6,PhD,Single,Active,
EMP03516,Ayaan Dhar,Ayaan,Dhar,Female,2003-06-03,23,2016-08-29,9,Finance,Accountant,G5,MGR069,Hyderabad,Full-Time,1604454,2,Bachelor's,Married,Active,
EMP03517,Lucky Sama,Lucky,Sama,Female,2001-03-10,25,2020-02-18,6,Sales,Sales Manager,G4,MGR008,Delhi,Full-Time,1395076,4,Diploma,Single,Resigned,2020-07-18
EMP03518,Dalaja Mander,Dalaja,Mander,Male,1982-01-26,44,2024-05-27,2,Finance,Accountant,G3,MGR015,Hyderabad,Contract,810412,3,PhD,Single,Active,
EMP03519,Tanveer Goswami,Tanveer,Goswami,Female,1983-11-11,42,2023-06-08,3,Sales,Sales Manager,G5,MGR004,Delhi,Contract,1622448,5,PhD,Single,Active,
EMP03520,Vrinda Agate,Vrinda,Agate,Female,1986-10-03,39,2015-07-10,11,Operations,Operations Manager,G3,MGR062,Hyderabad,Full-Time,933482,11,Diploma,Married,Active,
EMP03521,Jason Palla,Jason,Palla,Female,1967-06-27,59,2016-07-06,10,Finance,Finance Manager,G1,MGR011,Bangalore,Contract,482769,12,Master's,Married,Active,
EMP03522,Ekansh Basu,Ekansh,Basu,Female,1985-07-23,41,2024-02-09,2,Finance,Accountant,G3,MGR081,Mumbai,Contract,904180,2,Master's,Married,Active,
EMP03523,Omisha Srivastava,Omisha,Srivastava,Female,1996-10-29,29,2022-07-03,4,Operations,Operations Manager,G4,MGR097,Delhi,Contract,1494001,8,Bachelor's,Married,Active,
EMP03524,Dayita Sethi,Dayita,Sethi,Male,1965-02-22,61,2022-12-12,3,Finance,Accountant,G5,MGR044,Mumbai,Full-Time,2442142,4,Bachelor's,Married,Resigned,2024-05-19
EMP03525,Krishna Soman,Krishna,Soman,Female,1970-11-13,55,2020-12-02,5,Operations,Supply Chain Analyst,G2,MGR050,Chennai,Contract,624466,7,PhD,Single,Resigned,2026-01-26
EMP03526,Kevin Devi,Kevin,Devi,Female,2002-10-01,23,2025-07-10,1,HR,Talent Acquisition Specialist,G4,MGR052,Pune,Full-Time,1428294,2,PhD,Single,Active,
EMP03527,Yamini Sharma,Yamini,Sharma,Male,1999-11-23,26,2020-03-18,6,Sales,Business Development Executive,G3,MGR070,Mumbai,Contract,838518,5,Master's,Single,Active,
EMP03528,Shivani Sen,Shivani,Sen,Female,1992-01-22,34,2024-04-26,2,Sales,Sales Executive,G4,MGR029,Hyderabad,Contract,1186063,3,Master's,Single,Active,
EMP03529,Manthan Nanda,Manthan,Nanda,Male,1983-11-05,42,2018-03-25,8,Marketing,Marketing Executive,G5,MGR050,Mumbai,Contract,1617122,11,Master's,Single,Resigned,2018-12-27
EMP03530,Nimrat Ram,Nimrat,Ram,Female,2001-01-05,25,2016-12-12,9,Finance,Finance Manager,G2,MGR005,Pune,Contract,590247,4,Diploma,Married,Active,
EMP03531,Viraj Rana,Viraj,Rana,Female,1988-10-13,37,2015-09-11,10,Sales,Business Development Executive,G5,MGR027,Pune,Contract,1648817,12,Diploma,Single,Active,
EMP03532,Harinakshi Zachariah,Harinakshi,Zachariah,Female,2001-12-31,24,2023-04-07,3,Marketing,Marketing Executive,G2,MGR099,Hyderabad,Contract,554657,3,Bachelor's,Married,Active,
EMP03533,Chakradev Savant,Chakradev,Savant,Male,1998-12-31,27,2023-10-01,2,Finance,Finance Manager,G3,MGR071,Pune,Full-Time,751206,6,Master's,Single,Active,
EMP03534,Arunima Chakrabarti,Arunima,Chakrabarti,Male,1990-09-04,35,2024-07-01,2,Finance,Financial Analyst,G3,MGR032,Pune,Full-Time,720670,5,Bachelor's,Married,Resigned,2026-05-04
EMP03535,Noah Bakshi,Noah,Bakshi,Male,1976-10-21,49,2019-11-16,6,Finance,Finance Manager,G3,MGR011,Delhi,Full-Time,750273,11,Bachelor's,Single,Active,
EMP03536,Dayamai Dasgupta,Dayamai,Dasgupta,Male,1981-06-26,45,2021-10-04,4,Sales,Sales Manager,G4,MGR075,Bangalore,Full-Time,1338849,4,Master's,Single,Active,
EMP03537,Frederick Hans,Frederick,Hans,Male,1997-05-06,29,2020-05-26,6,Finance,Finance Manager,G3,MGR068,Chennai,Contract,783371,6,Bachelor's,Married,Active,
EMP03538,Chatresh Vig,Chatresh,Vig,Male,1978-10-01,47,2022-01-15,4,Marketing,SEO Analyst,G3,MGR095,Mumbai,Full-Time,728159,6,PhD,Married,Active,
EMP03539,Ranbir Soni,Ranbir,Soni,Male,1985-05-13,41,2021-06-15,5,HR,HR Executive,G4,MGR046,Pune,Contract,1083038,6,Bachelor's,Single,Active,
EMP03540,Yadavi Bahl,Yadavi,Bahl,Male,1977-06-20,49,2024-08-31,1,Operations,Supply Chain Analyst,G3,MGR032,Delhi,Contract,967925,5,PhD,Married,Active,
EMP03541,Jai Wali,Jai,Wali,Female,1991-06-07,35,2024-12-04,1,HR,Talent Acquisition Specialist,G5,MGR086,Chennai,Contract,2422418,3,Diploma,Single,Resigned,2025-04-22
EMP03542,Anirudh Maharaj,Anirudh,Maharaj,Female,1984-11-05,41,2016-11-09,9,Marketing,Digital Marketing Specialist,G4,MGR064,Chennai,Contract,1134800,9,Diploma,Single,Active,
EMP03543,Samesh Korpal,Samesh,Korpal,Female,1982-01-08,44,2022-11-27,3,HR,Talent Acquisition Specialist,G4,MGR080,Hyderabad,Contract,1454138,4,Master's,Single,Active,
EMP03544,Sachi Chad,Sachi,Chad,Female,1974-11-21,51,2015-11-01,10,Operations,Supply Chain Analyst,G1,MGR003,Bangalore,Full-Time,336890,15,Diploma,Single,Active,
EMP03545,Ekani Ratti,Ekani,Ratti,Male,1990-06-05,36,2015-10-10,10,HR,Talent Acquisition Specialist,G3,MGR089,Mumbai,Contract,830732,11,Bachelor's,Married,Active,
EMP03546,Chakradev Swamy,Chakradev,Swamy,Male,1978-01-22,48,2021-12-15,4,Sales,Sales Executive,G3,MGR004,Pune,Full-Time,866645,7,Bachelor's,Single,Active,
EMP03547,Arin Oak,Arin,Oak,Male,1970-02-08,56,2023-01-25,3,Finance,Finance Manager,G3,MGR051,Hyderabad,Full-Time,893660,7,Bachelor's,Married,Active,
EMP03548,Rajeshri Gole,Rajeshri,Gole,Male,1997-06-22,29,2022-10-27,3,Operations,Operations Executive,G4,MGR073,Mumbai,Full-Time,1144300,4,Master's,Married,Resigned,2024-08-01
EMP03549,Arjun Wable,Arjun,Wable,Female,1975-06-19,51,2015-01-28,11,HR,HR Executive,G4,MGR059,Mumbai,Full-Time,1111731,14,PhD,Single,Active,
EMP03550,Edhitha Raja,Edhitha,Raja,Male,1969-05-20,57,2022-05-29,4,Finance,Finance Manager,G2,MGR021,Pune,Full-Time,608457,8,Master's,Single,Resigned,2023-07-02
EMP03551,Gavin Contractor,Gavin,Contractor,Female,1968-06-21,58,2017-05-04,9,Marketing,Digital Marketing Specialist,G3,MGR089,Chennai,Contract,841517,10,Diploma,Single,Resigned,2019-01-11
EMP03552,Om Mangal,Om,Mangal,Female,2003-05-13,23,2015-12-15,10,Finance,Accountant,G3,MGR093,Pune,Contract,984418,2,Diploma,Single,Active,
EMP03553,Maanas Goswami,Maanas,Goswami,Male,2000-04-07,26,2015-05-14,11,Finance,Financial Analyst,G1,MGR041,Delhi,Full-Time,321733,5,Diploma,Married,Active,
EMP03554,Aadhya Chakraborty,Aadhya,Chakraborty,Female,1967-08-11,59,2024-04-24,2,HR,HR Manager,G4,MGR100,Mumbai,Contract,1314795,3,PhD,Married,Active,
EMP03555,Mitesh Mohanty,Mitesh,Mohanty,Female,1976-07-07,50,2025-03-27,1,Marketing,Digital Marketing Specialist,G4,MGR041,Hyderabad,Contract,1078469,1,Master's,Single,Active,
EMP03556,Nikita Gara,Nikita,Gara,Female,2003-10-19,22,2017-12-04,8,IT,DevOps Engineer,G5,MGR034,Delhi,Contract,2419315,1,PhD,Married,Resigned,2018-12-05
EMP03557,Eshana Golla,Eshana,Golla,Male,1998-02-20,28,2020-10-23,5,HR,HR Manager,G4,MGR015,Bangalore,Full-Time,1057341,5,Diploma,Married,Resigned,2021-01-15
EMP03558,Dalbir Misra,Dalbir,Misra,Male,1968-05-24,58,2021-05-13,5,Sales,Business Development Executive,G3,MGR063,Pune,Full-Time,885661,7,PhD,Married,Resigned,2024-09-05
EMP03559,Hardik Nagarajan,Hardik,Nagarajan,Female,1967-02-04,59,2017-12-11,8,Finance,Finance Manager,G3,MGR039,Bangalore,Full-Time,747924,10,Master's,Single,Active,
EMP03560,Lucky Sachar,Lucky,Sachar,Female,2000-06-25,26,2022-01-21,4,IT,QA Engineer,G5,MGR090,Bangalore,Full-Time,1563528,5,Master's,Single,Active,
EMP03561,Ekiya Kuruvilla,Ekiya,Kuruvilla,Female,1999-08-01,27,2024-11-21,1,HR,HR Manager,G5,MGR080,Hyderabad,Full-Time,1764310,5,Bachelor's,Married,Active,
EMP03562,Keya Dara,Keya,Dara,Male,1978-03-24,48,2016-09-05,9,IT,DevOps Engineer,G4,MGR069,Pune,Contract,1345749,13,Diploma,Single,Active,
EMP03563,Charles Jain,Charles,Jain,Male,1976-11-15,49,2017-06-19,9,Sales,Sales Manager,G5,MGR020,Delhi,Full-Time,1995355,9,PhD,Married,Active,
EMP03564,Wriddhish Khalsa,Wriddhish,Khalsa,Male,1995-08-25,30,2015-07-14,11,Finance,Financial Analyst,G1,MGR011,Bangalore,Full-Time,420321,9,PhD,Married,Active,
EMP03565,Waida Trivedi,Waida,Trivedi,Female,1980-08-09,46,2023-07-01,3,IT,QA Engineer,G1,MGR058,Hyderabad,Contract,301427,8,Master's,Married,Active,
EMP03566,Yamini Rajan,Yamini,Rajan,Female,1969-08-09,57,2020-12-08,5,Operations,Operations Manager,G4,MGR006,Hyderabad,Contract,1252821,10,Bachelor's,Single,Active,
EMP03567,Ishwar Luthra,Ishwar,Luthra,Male,2000-10-24,25,2024-04-12,2,HR,Talent Acquisition Specialist,G2,MGR076,Pune,Contract,578484,4,Diploma,Single,Active,
EMP03568,Darsh Nadkarni,Darsh,Nadkarni,Male,1985-04-19,41,2025-09-04,0,HR,Talent Acquisition Specialist,G3,MGR069,Mumbai,Full-Time,954424,3,PhD,Married,Active,
EMP03569,Ucchal Ray,Ucchal,Ray,Male,1988-07-02,38,2022-08-08,3,Marketing,Marketing Executive,G2,MGR099,Pune,Contract,680086,3,Master's,Married,Active,
EMP03570,Dominic Sule,Dominic,Sule,Female,1991-07-05,35,2023-03-28,3,Marketing,SEO Analyst,G1,MGR023,Delhi,Full-Time,323751,6,PhD,Single,Active,
EMP03571,Ayush Reddy,Ayush,Reddy,Male,1983-08-13,43,2016-01-29,10,Operations,Operations Executive,G5,MGR005,Mumbai,Contract,2065934,12,Diploma,Single,Active,
EMP03572,Vivaan Bahl,Vivaan,Bahl,Male,1997-03-12,29,2015-07-13,11,Operations,Supply Chain Analyst,G4,MGR031,Hyderabad,Full-Time,1376580,8,Master's,Married,Active,
EMP03573,Amruta Chaudhuri,Amruta,Chaudhuri,Male,1979-04-08,47,2016-05-19,10,Sales,Sales Manager,G4,MGR010,Hyderabad,Contract,1394934,12,PhD,Married,Active,
EMP03574,Yatin Dass,Yatin,Dass,Female,1998-06-22,28,2017-02-28,9,Sales,Sales Executive,G2,MGR032,Hyderabad,Contract,594305,7,Bachelor's,Single,Active,
EMP03575,Daksha Ray,Daksha,Ray,Male,1979-08-20,46,2024-10-16,1,Finance,Financial Analyst,G1,MGR003,Hyderabad,Contract,444069,5,PhD,Married,Active,
EMP03576,Sanaya Chacko,Sanaya,Chacko,Female,1969-05-07,57,2024-03-01,2,Marketing,Marketing Executive,G3,MGR097,Pune,Full-Time,761479,3,Diploma,Married,Active,
EMP03577,Xiti Jani,Xiti,Jani,Female,1988-02-12,38,2018-03-22,8,HR,Talent Acquisition Specialist,G5,MGR004,Pune,Contract,1742680,8,Diploma,Single,Active,
EMP03578,Lucky Prakash,Lucky,Prakash,Female,2002-07-11,24,2022-04-16,4,Operations,Operations Manager,G1,MGR069,Chennai,Contract,485839,3,PhD,Married,Active,
EMP03579,Om Korpal,Om,Korpal,Male,1986-02-05,40,2019-03-08,7,Marketing,Marketing Executive,G3,MGR060,Chennai,Full-Time,848191,10,Master's,Single,Active,
EMP03580,Pallavi Seth,Pallavi,Seth,Female,1965-08-30,60,2016-06-02,10,Sales,Business Development Executive,G5,MGR004,Mumbai,Contract,2104975,13,Master's,Married,Active,
EMP03581,Benjamin Agarwal,Benjamin,Agarwal,Male,1965-03-13,61,2022-09-09,3,IT,Data Engineer,G1,MGR080,Chennai,Contract,331003,6,Master's,Married,Active,
EMP03582,Ucchal Mann,Ucchal,Mann,Male,1989-04-24,37,2018-03-04,8,HR,HR Manager,G3,MGR049,Mumbai,Full-Time,712772,9,Master's,Single,Active,
EMP03583,Oliver Acharya,Oliver,Acharya,Female,1979-02-13,47,2017-07-05,9,HR,HR Executive,G3,MGR069,Bangalore,Full-Time,773418,11,Master's,Single,Active,
EMP03584,Darpan Subramaniam,Darpan,Subramaniam,Female,1972-01-17,54,2017-11-01,8,Sales,Sales Executive,G1,MGR071,Chennai,Contract,414744,12,Diploma,Married,Active,
EMP03585,Anjali Krishna,Anjali,Krishna,Male,1988-10-20,37,2022-02-14,4,Finance,Accountant,G5,MGR046,Delhi,Full-Time,1525703,4,Diploma,Single,Active,
EMP03586,Lajita Panchal,Lajita,Panchal,Male,1987-02-05,39,2017-11-23,8,Operations,Operations Executive,G3,MGR009,Bangalore,Contract,895916,11,Bachelor's,Single,Active,
EMP03587,Simon Uppal,Simon,Uppal,Male,1986-03-18,40,2019-07-26,7,Operations,Supply Chain Analyst,G2,MGR072,Chennai,Contract,600315,10,Bachelor's,Married,Active,
EMP03588,Baghyawati Bath,Baghyawati,Bath,Male,1966-11-20,59,2021-05-12,5,HR,Talent Acquisition Specialist,G3,MGR027,Chennai,Full-Time,793411,5,Diploma,Married,Active,
EMP03589,Neel Walla,Neel,Walla,Female,2001-05-22,25,2015-07-05,11,Sales,Sales Executive,G2,MGR016,Mumbai,Contract,579080,4,Master's,Single,Active,
EMP03590,Ekaraj Mital,Ekaraj,Mital,Female,1989-01-03,37,2024-02-17,2,IT,QA Engineer,G2,MGR050,Chennai,Contract,612788,7,PhD,Married,Active,
EMP03591,Gaurav Rana,Gaurav,Rana,Female,1980-09-12,45,2022-08-09,3,Operations,Operations Executive,G1,MGR040,Delhi,Contract,472434,5,Master's,Married,Resigned,2025-07-28
EMP03592,Jason Dey,Jason,Dey,Male,1981-07-07,45,2015-05-10,11,Marketing,SEO Analyst,G3,MGR038,Hyderabad,Full-Time,757075,14,Diploma,Married,Active,
EMP03593,Ati Sankaran,Ati,Sankaran,Female,1983-06-07,43,2023-10-05,2,HR,HR Executive,G1,MGR026,Pune,Contract,333745,5,Bachelor's,Single,Active,
EMP03594,Shivansh Thaman,Shivansh,Thaman,Male,1969-08-26,56,2022-06-02,4,Marketing,Digital Marketing Specialist,G1,MGR042,Pune,Full-Time,338056,5,Diploma,Married,Active,
EMP03595,Eesha Oommen,Eesha,Oommen,Female,1975-12-31,50,2023-09-09,2,Marketing,Digital Marketing Specialist,G4,MGR066,Bangalore,Contract,1224783,7,PhD,Single,Active,
EMP03596,Advika Sethi,Advika,Sethi,Male,1985-10-26,40,2018-07-12,8,Sales,Business Development Executive,G5,MGR054,Hyderabad,Full-Time,2135410,12,Diploma,Married,Active,
EMP03597,Anjali Korpal,Anjali,Korpal,Female,1973-09-06,52,2020-12-10,5,IT,QA Engineer,G5,MGR026,Mumbai,Full-Time,1654385,5,PhD,Single,Active,
EMP03598,Ekanta Om,Ekanta,Om,Male,1978-03-20,48,2020-03-16,6,Sales,Sales Executive,G4,MGR013,Chennai,Contract,1189759,8,Diploma,Single,Active,
EMP03599,Shivansh Sharaf,Shivansh,Sharaf,Female,2002-08-29,23,2017-02-09,9,Sales,Sales Manager,G5,MGR088,Mumbai,Full-Time,2479899,2,PhD,Single,Active,
EMP03600,Falguni Babu,Falguni,Babu,Female,2003-04-16,23,2023-11-21,2,Marketing,SEO Analyst,G5,MGR021,Hyderabad,Full-Time,1566370,2,Bachelor's,Married,Active,
EMP03601,Kiaan Agate,Kiaan,Agate,Female,1981-12-06,44,2018-08-14,7,Marketing,Marketing Executive,G4,MGR100,Pune,Contract,1286225,12,Bachelor's,Single,Active,
EMP03602,Vamakshi Agrawal,Vamakshi,Agrawal,Male,1994-11-13,31,2021-11-08,4,Marketing,Digital Marketing Specialist,G5,MGR002,Mumbai,Full-Time,1964378,6,Diploma,Single,Active,
EMP03603,Aditya Ghose,Aditya,Ghose,Male,1992-09-18,33,2021-02-14,5,Finance,Finance Manager,G3,MGR068,Hyderabad,Full-Time,834957,6,Bachelor's,Single,Active,
EMP03604,Odika Suresh,Odika,Suresh,Female,1989-03-10,37,2019-03-25,7,Operations,Operations Manager,G2,MGR008,Mumbai,Full-Time,601420,10,Diploma,Single,Active,
EMP03605,Maya Yohannan,Maya,Yohannan,Female,1998-07-17,28,2023-02-26,3,Sales,Sales Manager,G1,MGR082,Chennai,Contract,383932,4,Master's,Single,Active,
EMP03606,Finn Brahmbhatt,Finn,Brahmbhatt,Female,1997-07-07,29,2021-03-26,5,IT,Data Analyst,G4,MGR023,Delhi,Contract,1274746,6,PhD,Single,Active,
EMP03607,Azaan Saxena,Azaan,Saxena,Female,1966-01-14,60,2018-03-22,8,IT,Data Engineer,G3,MGR070,Delhi,Full-Time,955124,9,PhD,Single,Active,
EMP03608,Jatin Pandit,Jatin,Pandit,Female,2001-09-20,24,2016-11-15,9,IT,DevOps Engineer,G3,MGR018,Bangalore,Contract,903265,3,Master's,Married,Active,
EMP03609,Krisha Parmar,Krisha,Parmar,Male,1987-04-15,39,2025-12-11,0,Marketing,Marketing Executive,G4,MGR093,Pune,Contract,1118505,4,PhD,Married,Active,
EMP03610,Lila Goel,Lila,Goel,Male,1988-09-05,37,2018-06-19,8,IT,DevOps Engineer,G5,MGR092,Hyderabad,Contract,1787563,13,Diploma,Married,Active,
EMP03611,Abhiram Dash,Abhiram,Dash,Female,1983-03-24,43,2025-11-19,0,Sales,Sales Executive,G1,MGR079,Delhi,Contract,457259,1,Master's,Married,Active,
EMP03612,Turvi Prabhakar,Turvi,Prabhakar,Male,1979-03-07,47,2025-02-15,1,Finance,Finance Manager,G3,MGR034,Bangalore,Contract,778480,1,PhD,Single,Active,
EMP03613,Reyansh Saxena,Reyansh,Saxena,Male,1985-10-12,40,2016-10-25,9,HR,Talent Acquisition Specialist,G4,MGR079,Bangalore,Full-Time,1247557,14,Diploma,Single,Active,
EMP03614,Aditya Kant,Aditya,Kant,Female,1969-09-04,56,2017-07-21,9,Marketing,Marketing Executive,G4,MGR030,Chennai,Contract,1376055,10,Bachelor's,Single,Active,
EMP03615,Anmol Mand,Anmol,Mand,Male,2002-06-05,24,2021-01-06,5,Operations,Supply Chain Analyst,G5,MGR018,Mumbai,Contract,1909235,3,Master's,Married,Active,
EMP03616,Ishita Handa,Ishita,Handa,Female,1973-05-18,53,2021-04-25,5,Sales,Sales Manager,G1,MGR030,Bangalore,Contract,315832,5,PhD,Married,Active,
EMP03617,Gautam Mitter,Gautam,Mitter,Male,1990-02-06,36,2025-04-01,1,Finance,Accountant,G4,MGR011,Delhi,Contract,1341743,6,Bachelor's,Married,Active,
EMP03618,Timothy Kaur,Timothy,Kaur,Male,1993-02-14,33,2019-02-06,7,IT,DevOps Engineer,G1,MGR094,Pune,Full-Time,313706,7,PhD,Married,Resigned,2023-04-20
EMP03619,Janani Bansal,Janani,Bansal,Male,1991-04-07,35,2023-12-19,2,Sales,Sales Executive,G3,MGR073,Pune,Full-Time,719010,6,Diploma,Married,Active,
EMP03620,Avni Tailor,Avni,Tailor,Female,1978-11-10,47,2018-10-23,7,Finance,Finance Manager,G2,MGR007,Pune,Contract,510156,7,Master's,Married,Active,
EMP03621,Shaurya Amble,Shaurya,Amble,Female,1997-08-15,28,2018-05-06,8,Operations,Supply Chain Analyst,G2,MGR083,Bangalore,Full-Time,501113,7,Master's,Married,Active,
EMP03622,Rohan Randhawa,Rohan,Randhawa,Male,1967-07-15,59,2020-08-06,5,HR,HR Executive,G1,MGR051,Bangalore,Contract,407915,10,Diploma,Single,Active,
EMP03623,Indrajit Mall,Indrajit,Mall,Male,1993-02-19,33,2020-12-19,5,Operations,Supply Chain Analyst,G4,MGR009,Pune,Contract,1393744,5,Bachelor's,Married,Active,
EMP03624,Xiti Tak,Xiti,Tak,Male,1981-01-15,45,2015-05-18,11,IT,DevOps Engineer,G3,MGR019,Hyderabad,Contract,792350,12,Bachelor's,Married,Active,
EMP03625,Onkar Hari,Onkar,Hari,Female,1999-03-21,27,2022-07-13,4,Sales,Sales Manager,G2,MGR087,Delhi,Contract,612998,6,Master's,Single,Active,
EMP03626,Parth Bhattacharyya,Parth,Bhattacharyya,Female,1995-02-21,31,2024-07-12,2,Finance,Accountant,G1,MGR002,Mumbai,Contract,407806,5,Master's,Single,Active,
EMP03627,Kabir Bhattacharyya,Kabir,Bhattacharyya,Female,1980-05-27,46,2019-01-11,7,Marketing,SEO Analyst,G5,MGR041,Chennai,Full-Time,2017518,10,Master's,Single,Active,
EMP03628,Joshua Lad,Joshua,Lad,Female,1972-05-05,54,2025-10-16,0,Marketing,SEO Analyst,G2,MGR030,Pune,Full-Time,699937,1,Master's,Single,Active,
EMP03629,Vedant Virk,Vedant,Virk,Male,1993-02-18,33,2025-11-01,0,HR,Talent Acquisition Specialist,G4,MGR091,Bangalore,Contract,1240115,5,Master's,Single,Active,
EMP03630,Anusha Handa,Anusha,Handa,Male,1991-08-11,35,2022-11-16,3,Finance,Financial Analyst,G4,MGR055,Hyderabad,Contract,1275408,7,Master's,Married,Resigned,2026-06-24
EMP03631,Arin Walia,Arin,Walia,Male,1976-09-29,49,2022-02-19,4,Operations,Operations Manager,G3,MGR020,Delhi,Full-Time,952091,4,Diploma,Single,Active,
EMP03632,Zayyan Setty,Zayyan,Setty,Male,1965-12-23,60,2015-05-12,11,Marketing,SEO Analyst,G4,MGR038,Bangalore,Full-Time,1293096,11,Bachelor's,Single,Active,
EMP03633,Aarnav Sane,Aarnav,Sane,Female,1970-11-19,55,2016-05-11,10,HR,Talent Acquisition Specialist,G2,MGR046,Chennai,Contract,611062,13,PhD,Single,Resigned,2017-03-29
EMP03634,Ekantika Sankaran,Ekantika,Sankaran,Male,1977-10-01,48,2020-10-13,5,Marketing,Marketing Executive,G1,MGR083,Bangalore,Contract,389754,10,Diploma,Married,Active,
EMP03635,Niharika Mahal,Niharika,Mahal,Female,1975-04-04,51,2017-12-19,8,Operations,Operations Manager,G4,MGR015,Delhi,Full-Time,1183646,11,Master's,Single,Resigned,2020-01-14
EMP03636,Zarna Shukla,Zarna,Shukla,Female,1967-07-05,59,2023-01-14,3,Sales,Business Development Executive,G1,MGR099,Pune,Contract,434771,7,Bachelor's,Single,Resigned,2025-02-21
EMP03637,Janaki Varughese,Janaki,Varughese,Male,1991-07-05,35,2018-09-08,7,Marketing,SEO Analyst,G3,MGR042,Hyderabad,Contract,825121,11,Diploma,Married,Active,
EMP03638,Caleb Kapur,Caleb,Kapur,Male,1972-01-01,54,2020-11-12,5,HR,HR Executive,G1,MGR024,Hyderabad,Contract,318709,9,Bachelor's,Single,Resigned,2021-04-06
EMP03639,Arunima Salvi,Arunima,Salvi,Male,1979-04-30,47,2017-11-14,8,Finance,Financial Analyst,G5,MGR075,Mumbai,Contract,2029761,8,PhD,Single,Active,
EMP03640,Saumya Mutti,Saumya,Mutti,Female,2003-05-22,23,2015-04-26,11,Sales,Sales Executive,G5,MGR083,Delhi,Full-Time,1889049,2,PhD,Single,Active,
EMP03641,Abdul Ramanathan,Abdul,Ramanathan,Male,1973-04-28,53,2019-12-23,6,Sales,Sales Executive,G3,MGR017,Hyderabad,Contract,805988,11,Bachelor's,Single,Resigned,2021-08-18
EMP03642,Gaurika Bumb,Gaurika,Bumb,Female,1992-03-14,34,2020-11-21,5,IT,Data Engineer,G4,MGR062,Chennai,Full-Time,1021020,8,PhD,Married,Active,
EMP03643,Aryan Kara,Aryan,Kara,Male,1996-06-01,30,2025-11-19,0,Operations,Operations Executive,G5,MGR080,Hyderabad,Full-Time,2117524,4,Diploma,Married,Active,
EMP03644,Pallavi Borde,Pallavi,Borde,Female,1969-10-30,56,2024-09-18,1,Operations,Supply Chain Analyst,G5,MGR029,Chennai,Contract,2206350,4,Bachelor's,Single,Active,
EMP03645,Zaid Hegde,Zaid,Hegde,Male,1998-04-20,28,2021-10-12,4,IT,Software Engineer,G4,MGR046,Pune,Contract,1421145,4,Master's,Single,Active,
EMP03646,Nitesh Narayan,Nitesh,Narayan,Female,1985-01-08,41,2024-07-22,2,Marketing,SEO Analyst,G4,MGR047,Delhi,Contract,1051830,7,Bachelor's,Single,Active,
EMP03647,Deepa Bhatnagar,Deepa,Bhatnagar,Female,1990-10-03,35,2025-07-20,1,HR,HR Executive,G2,MGR039,Hyderabad,Contract,668072,4,Diploma,Married,Active,
EMP03648,Gunbir Bala,Gunbir,Bala,Female,1982-01-09,44,2019-01-17,7,Operations,Operations Executive,G2,MGR003,Pune,Full-Time,529506,10,PhD,Married,Active,
EMP03649,Varsha Sankaran,Varsha,Sankaran,Female,2001-08-16,24,2024-03-19,2,Marketing,SEO Analyst,G4,MGR099,Pune,Contract,1029570,3,Bachelor's,Married,Active,
EMP03650,Arjun Natt,Arjun,Natt,Male,1994-02-22,32,2023-10-23,2,Sales,Sales Executive,G1,MGR090,Pune,Contract,460973,6,PhD,Married,Resigned,2024-11-14
EMP03651,Yug Chokshi,Yug,Chokshi,Male,1972-08-27,53,2023-03-10,3,Marketing,Digital Marketing Specialist,G5,MGR088,Mumbai,Contract,2450915,8,PhD,Single,Active,
EMP03652,Urvashi Khare,Urvashi,Khare,Female,1979-03-26,47,2017-03-07,9,IT,Software Engineer,G3,MGR086,Bangalore,Full-Time,785730,13,PhD,Single,Resigned,2022-12-23
EMP03653,Chatura Nath,Chatura,Nath,Male,1984-12-09,41,2018-08-24,7,Sales,Business Development Executive,G2,MGR013,Bangalore,Contract,692126,9,Master's,Single,Active,
EMP03654,Zinal Khalsa,Zinal,Khalsa,Female,1994-08-06,32,2018-01-11,8,Finance,Finance Manager,G5,MGR098,Delhi,Contract,2296656,9,Master's,Single,Active,
EMP03655,Elijah Sarna,Elijah,Sarna,Male,1990-10-12,35,2025-08-18,0,Operations,Operations Executive,G4,MGR086,Pune,Contract,1234228,1,Bachelor's,Married,Active,
EMP03656,Girish Sekhon,Girish,Sekhon,Male,1994-01-10,32,2019-12-27,6,IT,Data Engineer,G1,MGR020,Bangalore,Full-Time,441986,6,Diploma,Single,Resigned,2024-11-28
EMP03657,Jeet Chada,Jeet,Chada,Male,1994-04-18,32,2020-12-16,5,Sales,Sales Manager,G2,MGR062,Bangalore,Full-Time,504965,8,Master's,Married,Active,
EMP03658,Darsh Bandi,Darsh,Bandi,Male,1992-10-11,33,2019-07-30,7,Sales,Business Development Executive,G4,MGR049,Pune,Full-Time,1359817,9,Diploma,Married,Active,
EMP03659,Krishna Munshi,Krishna,Munshi,Male,1999-06-26,27,2015-11-29,10,IT,Data Analyst,G4,MGR048,Bangalore,Contract,1342908,6,Master's,Married,Active,
EMP03660,Dhruv Datta,Dhruv,Datta,Female,1981-04-10,45,2023-05-14,3,Sales,Sales Executive,G2,MGR083,Hyderabad,Contract,654127,7,Diploma,Single,Active,
EMP03661,David Sathe,David,Sathe,Female,1988-04-23,38,2018-08-21,7,Marketing,Marketing Executive,G2,MGR032,Pune,Contract,563256,11,Bachelor's,Single,Active,
EMP03662,Christopher Mitra,Christopher,Mitra,Female,1993-07-20,33,2015-04-06,11,Sales,Sales Executive,G4,MGR043,Mumbai,Contract,1498478,12,Diploma,Married,Active,
EMP03663,Rachana Bhatti,Rachana,Bhatti,Female,1972-05-25,54,2021-02-02,5,Marketing,Marketing Executive,G4,MGR068,Pune,Contract,1371899,6,Bachelor's,Single,Resigned,2021-12-15
EMP03664,Daksh Ben,Daksh,Ben,Female,1969-12-31,56,2018-12-11,7,IT,DevOps Engineer,G1,MGR056,Hyderabad,Full-Time,313233,11,Diploma,Single,Active,
EMP03665,Chaitaly Raj,Chaitaly,Raj,Female,1967-08-04,59,2018-09-20,7,Marketing,Marketing Executive,G3,MGR016,Hyderabad,Contract,762082,7,PhD,Single,Active,
EMP03666,Neelima Char,Neelima,Char,Female,1983-07-02,43,2019-12-21,6,IT,QA Engineer,G5,MGR087,Pune,Contract,1906053,11,PhD,Single,Resigned,2025-03-21
EMP03667,Nirja Kaul,Nirja,Kaul,Male,1992-02-22,34,2024-09-04,1,Marketing,Marketing Executive,G1,MGR086,Hyderabad,Contract,434510,2,PhD,Single,Active,
EMP03668,Advaith Setty,Advaith,Setty,Male,1985-06-04,41,2018-11-27,7,Marketing,Digital Marketing Specialist,G5,MGR051,Chennai,Contract,2276797,10,PhD,Married,Resigned,2022-03-03
EMP03669,Ucchal Sangha,Ucchal,Sangha,Male,1996-03-22,30,2017-08-17,8,IT,Software Engineer,G5,MGR057,Pune,Contract,2247665,9,PhD,Married,Active,
EMP03670,Harrison Nori,Harrison,Nori,Female,1965-09-19,60,2016-04-18,10,HR,HR Executive,G4,MGR020,Delhi,Full-Time,1237149,12,Master's,Married,Active,
EMP03671,Atharv Setty,Atharv,Setty,Male,1977-06-05,49,2015-03-14,11,Marketing,Marketing Executive,G5,MGR038,Hyderabad,Contract,1691376,15,Diploma,Single,Active,
EMP03672,Zansi Narasimhan,Zansi,Narasimhan,Female,2000-07-14,26,2018-08-28,7,IT,QA Engineer,G3,MGR085,Mumbai,Full-Time,787907,5,PhD,Single,Active,
EMP03673,Reyansh Chokshi,Reyansh,Chokshi,Male,2000-09-20,25,2017-07-01,9,IT,QA Engineer,G1,MGR014,Chennai,Full-Time,395571,4,PhD,Single,Active,
EMP03674,Harshil Arora,Harshil,Arora,Female,1991-08-27,34,2015-07-17,11,Finance,Financial Analyst,G3,MGR077,Bangalore,Full-Time,847546,11,Diploma,Married,Active,
EMP03675,Ekansh Hari,Ekansh,Hari,Male,1992-08-23,33,2017-11-10,8,HR,HR Manager,G5,MGR012,Delhi,Full-Time,2092060,10,Bachelor's,Married,Active,
EMP03676,Jonathan Upadhyay,Jonathan,Upadhyay,Male,1965-12-12,60,2021-12-29,4,Marketing,Digital Marketing Specialist,G1,MGR055,Chennai,Full-Time,467901,4,Master's,Single,Active,
EMP03677,Aahana Pant,Aahana,Pant,Female,1997-05-30,29,2019-05-12,7,IT,Software Engineer,G4,MGR060,Delhi,Full-Time,1398060,8,Master's,Single,Resigned,2022-12-10
EMP03678,Vasana Saxena,Vasana,Saxena,Female,2003-10-28,22,2020-04-04,6,IT,QA Engineer,G1,MGR095,Chennai,Contract,389728,1,Bachelor's,Married,Resigned,2021-11-02
EMP03679,Xavier Devan,Xavier,Devan,Male,1976-06-09,50,2021-12-27,4,Operations,Operations Manager,G4,MGR088,Chennai,Contract,1373129,5,Bachelor's,Married,Resigned,2022-05-12
EMP03680,Darpan Datta,Darpan,Datta,Male,1975-05-05,51,2015-08-29,10,HR,HR Executive,G3,MGR096,Chennai,Contract,733816,14,PhD,Married,Active,
EMP03681,Devika Sarin,Devika,Sarin,Female,1972-12-27,53,2023-09-02,2,HR,Talent Acquisition Specialist,G3,MGR082,Hyderabad,Contract,859252,3,Diploma,Married,Active,
EMP03682,Yochana Parmar,Yochana,Parmar,Female,2003-10-02,22,2020-09-03,5,HR,HR Executive,G3,MGR077,Chennai,Full-Time,739470,1,Diploma,Single,Resigned,2023-04-27
EMP03683,Madhav Din,Madhav,Din,Female,1975-06-05,51,2017-05-19,9,Finance,Finance Manager,G2,MGR057,Hyderabad,Contract,537990,12,Master's,Married,Resigned,2025-05-14
EMP03684,Dayamai Oza,Dayamai,Oza,Male,1983-12-17,42,2020-09-04,5,HR,HR Executive,G5,MGR096,Bangalore,Contract,2190718,9,Bachelor's,Married,Active,
EMP03685,Bishakha Pillay,Bishakha,Pillay,Male,1969-02-06,57,2017-09-14,8,Marketing,SEO Analyst,G1,MGR016,Bangalore,Contract,330720,12,PhD,Married,Active,
EMP03686,Abhiram Vasa,Abhiram,Vasa,Female,1969-08-09,57,2017-05-13,9,Marketing,SEO Analyst,G3,MGR032,Mumbai,Full-Time,893153,13,Master's,Single,Active,
EMP03687,Maanav Bhandari,Maanav,Bhandari,Male,1992-05-09,34,2020-07-20,6,HR,HR Executive,G4,MGR022,Bangalore,Full-Time,1167571,10,Bachelor's,Married,Active,
EMP03688,Wazir Tripathi,Wazir,Tripathi,Male,1969-04-22,57,2023-04-14,3,HR,Talent Acquisition Specialist,G3,MGR074,Hyderabad,Contract,952996,5,Bachelor's,Single,Active,
EMP03689,Chatura Sami,Chatura,Sami,Male,1981-10-08,44,2015-03-19,11,IT,DevOps Engineer,G3,MGR099,Bangalore,Full-Time,870758,14,Bachelor's,Married,Active,
EMP03690,Hemangini Hayre,Hemangini,Hayre,Male,1988-04-19,38,2019-04-02,7,HR,HR Manager,G3,MGR057,Delhi,Full-Time,973451,12,Bachelor's,Married,Active,
EMP03691,Sai Jaggi,Sai,Jaggi,Female,1998-10-06,27,2016-10-06,9,Operations,Supply Chain Analyst,G3,MGR060,Delhi,Full-Time,965625,6,Diploma,Single,Active,
EMP03692,Ekapad Om,Ekapad,Om,Male,2002-01-27,24,2022-08-02,4,HR,HR Manager,G2,MGR026,Delhi,Full-Time,698110,3,PhD,Married,Active,
EMP03693,Ranbir Soni,Ranbir,Soni,Male,1968-10-14,57,2019-02-24,7,HR,HR Executive,G4,MGR004,Mumbai,Contract,1391782,9,Master's,Married,Active,
EMP03694,Unni Narula,Unni,Narula,Female,1998-12-18,27,2019-04-05,7,Operations,Supply Chain Analyst,G5,MGR087,Hyderabad,Full-Time,2230432,6,Diploma,Single,Resigned,2026-07-04
EMP03695,Gautami Mistry,Gautami,Mistry,Female,1965-05-10,61,2020-11-20,5,IT,Data Engineer,G2,MGR024,Chennai,Full-Time,632612,9,Bachelor's,Single,Resigned,2024-06-12
EMP03696,Falguni Gaba,Falguni,Gaba,Female,2000-12-07,25,2024-04-13,2,Finance,Financial Analyst,G3,MGR098,Delhi,Contract,802368,4,Master's,Married,Active,
EMP03697,Henry Sha,Henry,Sha,Male,1993-02-03,33,2018-09-04,7,Sales,Sales Executive,G2,MGR002,Chennai,Full-Time,540158,8,PhD,Married,Active,
EMP03698,Brijesh Tandon,Brijesh,Tandon,Male,1991-05-20,35,2021-05-06,5,Operations,Supply Chain Analyst,G4,MGR027,Chennai,Full-Time,1063975,8,Diploma,Married,Active,
EMP03699,Theodore Aggarwal,Theodore,Aggarwal,Female,1990-08-01,36,2021-08-24,4,Operations,Operations Executive,G5,MGR034,Bangalore,Full-Time,2127913,5,PhD,Single,Active,
EMP03700,Udant Karpe,Udant,Karpe,Male,1992-08-25,33,2016-07-31,10,IT,DevOps Engineer,G2,MGR067,Delhi,Contract,652624,12,Master's,Single,Active,
EMP03701,Unnati Kala,Unnati,Kala,Female,1996-06-13,30,2020-07-22,6,IT,Software Engineer,G2,MGR084,Mumbai,Full-Time,610496,9,PhD,Married,Active,
EMP03702,William Srivastava,William,Srivastava,Female,1972-11-26,53,2018-07-18,8,Operations,Operations Executive,G5,MGR079,Bangalore,Full-Time,1901939,12,Bachelor's,Married,Active,
EMP03703,Garima Prashad,Garima,Prashad,Male,1995-05-21,31,2025-11-01,0,Marketing,SEO Analyst,G5,MGR050,Pune,Full-Time,2481447,0,Diploma,Married,Active,
EMP03704,Samesh Ratta,Samesh,Ratta,Male,1974-03-02,52,2022-11-23,3,Sales,Sales Executive,G2,MGR066,Pune,Contract,608526,3,Master's,Married,Active,
EMP03705,Qarin Ahuja,Qarin,Ahuja,Female,1974-05-25,52,2023-12-30,2,Sales,Sales Executive,G1,MGR023,Hyderabad,Contract,352010,4,PhD,Single,Resigned,2025-07-15
EMP03706,Advaith Borah,Advaith,Borah,Male,1999-10-20,26,2025-07-28,1,IT,QA Engineer,G1,MGR065,Pune,Contract,479293,2,Master's,Single,Active,
EMP03707,Ishita Balan,Ishita,Balan,Female,1990-07-27,36,2025-11-11,0,Sales,Sales Manager,G4,MGR092,Bangalore,Full-Time,1268757,5,Diploma,Single,Active,
EMP03708,Ishwar Dhar,Ishwar,Dhar,Female,1977-07-12,49,2020-03-10,6,HR,Talent Acquisition Specialist,G1,MGR089,Mumbai,Full-Time,487013,8,Bachelor's,Married,Active,
EMP03709,Bina Sarraf,Bina,Sarraf,Female,1978-11-14,47,2019-05-07,7,IT,Data Analyst,G1,MGR088,Mumbai,Full-Time,334378,11,Diploma,Married,Active,
EMP03710,Robert Parsa,Robert,Parsa,Female,2000-04-13,26,2023-06-04,3,IT,Data Engineer,G2,MGR032,Mumbai,Contract,684352,5,Diploma,Single,Active,
EMP03711,Caleb Balan,Caleb,Balan,Male,1966-02-01,60,2019-08-25,6,HR,HR Executive,G3,MGR049,Bangalore,Full-Time,761000,10,Bachelor's,Married,Active,
EMP03712,Rushil Hora,Rushil,Hora,Male,1965-06-08,61,2021-06-12,5,Finance,Accountant,G1,MGR003,Pune,Contract,311146,8,Bachelor's,Married,Active,
EMP03713,Bhanumati Ghosh,Bhanumati,Ghosh,Female,2003-11-30,22,2022-02-23,4,HR,HR Executive,G2,MGR084,Pune,Full-Time,642401,1,PhD,Single,Active,
EMP03714,Theodore Lala,Theodore,Lala,Male,2002-05-07,24,2021-09-10,4,Finance,Accountant,G1,MGR036,Hyderabad,Contract,498067,3,Bachelor's,Married,Active,
EMP03715,Owen Nori,Owen,Nori,Female,1987-03-22,39,2016-08-08,9,Sales,Sales Executive,G1,MGR096,Bangalore,Contract,465876,9,Diploma,Married,Active,
EMP03716,Yatan Gokhale,Yatan,Gokhale,Male,1995-12-13,30,2022-09-07,3,Finance,Accountant,G2,MGR047,Pune,Full-Time,554213,4,Bachelor's,Married,Active,
EMP03717,Rohan Bains,Rohan,Bains,Male,1966-08-08,60,2018-07-03,8,Marketing,Digital Marketing Specialist,G4,MGR016,Hyderabad,Full-Time,1491971,9,Master's,Single,Active,
EMP03718,Patrick Lala,Patrick,Lala,Female,1969-07-05,57,2017-04-27,9,HR,Talent Acquisition Specialist,G2,MGR076,Hyderabad,Contract,507685,10,Diploma,Single,Active,
EMP03719,Harrison Bail,Harrison,Bail,Male,1986-06-07,40,2018-06-21,8,IT,Data Analyst,G3,MGR081,Delhi,Contract,997304,8,Master's,Single,Active,
EMP03720,Laksh Raghavan,Laksh,Raghavan,Male,1974-12-22,51,2023-12-02,2,Sales,Sales Executive,G5,MGR047,Hyderabad,Contract,2498962,3,Bachelor's,Single,Active,
EMP03721,Indrajit Nigam,Indrajit,Nigam,Male,1996-07-07,30,2015-02-17,11,IT,QA Engineer,G3,MGR051,Mumbai,Contract,753462,9,Master's,Single,Active,
EMP03722,Shivansh Mody,Shivansh,Mody,Female,1984-04-24,42,2020-10-28,5,HR,Talent Acquisition Specialist,G1,MGR051,Bangalore,Full-Time,370251,5,Bachelor's,Married,Active,
EMP03723,Tanmayi Khatri,Tanmayi,Khatri,Female,2003-11-26,22,2024-06-11,2,Finance,Finance Manager,G3,MGR096,Bangalore,Full-Time,903691,1,Diploma,Single,Active,
EMP03724,Kala Pradhan,Kala,Pradhan,Male,1971-04-21,55,2017-05-24,9,HR,HR Executive,G1,MGR045,Pune,Full-Time,398383,13,Diploma,Single,Resigned,2020-04-22
EMP03725,Radha Bhattacharyya,Radha,Bhattacharyya,Female,1966-06-14,60,2020-02-13,6,Finance,Accountant,G5,MGR021,Hyderabad,Contract,2469920,7,Master's,Single,Active,
EMP03726,Jagat Dhawan,Jagat,Dhawan,Male,1982-07-24,44,2022-04-06,4,HR,Talent Acquisition Specialist,G2,MGR082,Chennai,Contract,676590,7,PhD,Married,Active,
EMP03727,Kalpit Gupta,Kalpit,Gupta,Female,2000-03-12,26,2025-09-24,0,HR,HR Executive,G2,MGR033,Chennai,Contract,500916,5,Diploma,Single,Active,
EMP03728,Rehaan Walia,Rehaan,Walia,Female,1975-03-17,51,2018-03-10,8,Sales,Sales Manager,G3,MGR033,Bangalore,Full-Time,746340,12,Diploma,Married,Resigned,2021-05-28
EMP03729,Kavya Nadkarni,Kavya,Nadkarni,Female,1974-10-10,51,2015-09-21,10,Finance,Financial Analyst,G5,MGR046,Pune,Full-Time,1886088,13,Bachelor's,Single,Resigned,2025-12-02
EMP03730,Pushti Konda,Pushti,Konda,Female,1978-09-07,47,2020-04-11,6,HR,HR Manager,G4,MGR033,Mumbai,Contract,1477768,6,Master's,Single,Active,
EMP03731,Chakradhar Gulati,Chakradhar,Gulati,Male,1966-09-15,59,2025-09-12,0,Marketing,Marketing Executive,G5,MGR021,Bangalore,Contract,2046001,0,Diploma,Married,Active,
EMP03732,Chaitaly Dixit,Chaitaly,Dixit,Female,1984-10-28,41,2015-06-18,11,HR,HR Executive,G4,MGR057,Bangalore,Full-Time,1003161,14,Diploma,Married,Active,
EMP03733,Falak Kota,Falak,Kota,Male,1981-04-14,45,2016-11-26,9,Finance,Financial Analyst,G2,MGR085,Pune,Full-Time,673209,10,Diploma,Married,Active,
EMP03734,Chatresh Mammen,Chatresh,Mammen,Male,1989-06-29,37,2015-04-26,11,Marketing,Digital Marketing Specialist,G3,MGR063,Bangalore,Contract,736314,15,Diploma,Married,Active,
EMP03735,Jonathan Trivedi,Jonathan,Trivedi,Female,1992-07-18,34,2015-05-29,11,Finance,Finance Manager,G3,MGR022,Chennai,Full-Time,990700,13,Bachelor's,Single,Active,
EMP03736,Vrinda Kadakia,Vrinda,Kadakia,Female,1992-09-28,33,2022-01-26,4,IT,Software Engineer,G5,MGR075,Hyderabad,Contract,1671583,6,Diploma,Single,Active,
EMP03737,Finn Singhal,Finn,Singhal,Female,1977-10-12,48,2019-05-02,7,Finance,Finance Manager,G4,MGR062,Hyderabad,Contract,1438681,12,Master's,Married,Active,
EMP03738,Dhruv Ganesh,Dhruv,Ganesh,Male,1989-11-25,36,2017-12-07,8,Finance,Accountant,G1,MGR040,Mumbai,Full-Time,470071,10,PhD,Single,Resigned,2026-08-02
EMP03739,Lipika Upadhyay,Lipika,Upadhyay,Male,1988-02-01,38,2019-11-05,6,IT,Software Engineer,G2,MGR045,Delhi,Contract,636568,8,Master's,Single,Active,
EMP03740,Kavya Tara,Kavya,Tara,Male,1979-06-18,47,2022-08-31,3,Finance,Accountant,G1,MGR024,Delhi,Contract,364517,5,Diploma,Single,Resigned,2024-11-14
EMP03741,Ucchal Gola,Ucchal,Gola,Male,1999-12-11,26,2018-11-30,7,HR,Talent Acquisition Specialist,G2,MGR099,Pune,Contract,658526,5,Diploma,Married,Active,
EMP03742,Ekanta Prakash,Ekanta,Prakash,Male,1997-12-04,28,2022-07-10,4,Marketing,Marketing Executive,G1,MGR072,Chennai,Contract,359505,6,Diploma,Married,Active,
EMP03743,Vasudha Talwar,Vasudha,Talwar,Female,2000-07-07,26,2019-07-04,7,Marketing,Marketing Executive,G1,MGR083,Pune,Full-Time,452482,5,Diploma,Married,Resigned,2023-07-14
EMP03744,Amrita Rattan,Amrita,Rattan,Female,1966-07-28,60,2021-10-01,4,Finance,Financial Analyst,G3,MGR045,Delhi,Contract,860712,9,PhD,Single,Resigned,2022-01-22
EMP03745,Sarthak Kanda,Sarthak,Kanda,Male,1987-11-15,38,2020-02-06,6,Sales,Sales Manager,G2,MGR083,Bangalore,Full-Time,644783,10,Master's,Married,Active,
EMP03746,Samaksh Seth,Samaksh,Seth,Female,1992-04-15,34,2018-07-12,8,Marketing,Digital Marketing Specialist,G5,MGR073,Hyderabad,Full-Time,1671441,8,Bachelor's,Single,Active,
EMP03747,Wahab Randhawa,Wahab,Randhawa,Male,1972-07-05,54,2025-10-20,0,Finance,Accountant,G4,MGR006,Mumbai,Full-Time,1396385,5,Diploma,Married,Active,
EMP03748,Tejas Mohan,Tejas,Mohan,Female,1995-08-26,30,2024-01-14,2,IT,Data Engineer,G1,MGR030,Bangalore,Full-Time,479628,5,PhD,Married,Active,
EMP03749,Pavani Purohit,Pavani,Purohit,Male,1971-09-29,54,2025-08-24,0,Marketing,SEO Analyst,G4,MGR089,Chennai,Full-Time,1201667,5,PhD,Single,Resigned,2026-04-02
EMP03750,Naksh Prasad,Naksh,Prasad,Male,1991-02-26,35,2016-02-28,10,Sales,Sales Executive,G2,MGR035,Mumbai,Full-Time,678443,13,Bachelor's,Married,Active,
EMP03751,Aachal Chad,Aachal,Chad,Male,1985-09-30,40,2017-10-18,8,Marketing,Marketing Executive,G1,MGR010,Chennai,Contract,357109,8,Master's,Single,Active,
EMP03752,Krish Chad,Krish,Chad,Female,1997-02-08,29,2016-05-03,10,Sales,Business Development Executive,G5,MGR053,Pune,Full-Time,1649829,8,Master's,Married,Active,
EMP03753,Chakrika Saxena,Chakrika,Saxena,Male,1966-02-17,60,2019-12-29,6,HR,HR Manager,G4,MGR062,Mumbai,Contract,1282422,7,Diploma,Married,Active,
EMP03754,Zilmil Pandey,Zilmil,Pandey,Female,1980-08-27,45,2023-11-25,2,Sales,Sales Manager,G4,MGR025,Pune,Full-Time,1473281,5,Master's,Single,Active,
EMP03755,Victor Barman,Victor,Barman,Male,1986-03-28,40,2022-02-22,4,Operations,Operations Executive,G1,MGR083,Chennai,Contract,442983,7,Bachelor's,Single,Active,
EMP03756,Udyati Vala,Udyati,Vala,Female,1986-04-05,40,2020-09-08,5,Operations,Operations Executive,G4,MGR056,Pune,Full-Time,1195833,6,Diploma,Single,Active,
EMP03757,Gayathri Sandhu,Gayathri,Sandhu,Male,1977-08-14,49,2018-03-10,8,Sales,Business Development Executive,G2,MGR068,Mumbai,Contract,645685,10,PhD,Single,Active,
EMP03758,Shravya Sibal,Shravya,Sibal,Female,1966-07-11,60,2025-05-27,1,Marketing,Digital Marketing Specialist,G2,MGR026,Pune,Contract,613752,3,Bachelor's,Single,Active,
EMP03759,Rachana Rege,Rachana,Rege,Male,1985-04-02,41,2025-03-20,1,HR,HR Executive,G5,MGR026,Chennai,Full-Time,2273990,2,Master's,Single,Active,
EMP03760,Jhalak Tank,Jhalak,Tank,Male,1999-10-27,26,2025-01-26,1,Operations,Supply Chain Analyst,G2,MGR073,Pune,Full-Time,572662,4,Master's,Married,Active,
EMP03761,Edhitha Mahajan,Edhitha,Mahajan,Male,1997-07-16,29,2020-05-08,6,HR,Talent Acquisition Specialist,G4,MGR013,Mumbai,Full-Time,1290970,8,Bachelor's,Single,Active,
EMP03762,Lavanya Bakshi,Lavanya,Bakshi,Male,1990-01-16,36,2015-11-04,10,Finance,Financial Analyst,G2,MGR075,Mumbai,Contract,672795,13,Bachelor's,Single,Resigned,2018-11-23
EMP03763,Riya Kaur,Riya,Kaur,Male,1973-12-23,52,2019-06-17,7,Sales,Sales Executive,G4,MGR084,Mumbai,Full-Time,1026923,12,Master's,Single,Resigned,2021-09-19
EMP03764,Faqid Parmer,Faqid,Parmer,Female,1999-01-22,27,2020-11-04,5,Sales,Sales Manager,G1,MGR066,Hyderabad,Contract,340511,5,Diploma,Married,Active,
EMP03765,Fitan Menon,Fitan,Menon,Female,1988-10-22,37,2020-09-15,5,IT,Software Engineer,G3,MGR032,Chennai,Full-Time,715876,7,PhD,Single,Active,
EMP03766,Yachana Varghese,Yachana,Varghese,Male,1984-12-05,41,2021-11-01,4,Operations,Operations Executive,G5,MGR070,Bangalore,Full-Time,2179602,9,Bachelor's,Single,Active,
EMP03767,Farhan Malhotra,Farhan,Malhotra,Male,1977-04-15,49,2019-10-10,6,Marketing,Digital Marketing Specialist,G2,MGR041,Mumbai,Contract,655599,11,Bachelor's,Single,Resigned,2021-09-16
EMP03768,Guneet Dani,Guneet,Dani,Male,1966-12-02,59,2019-12-02,6,HR,Talent Acquisition Specialist,G3,MGR054,Pune,Full-Time,968267,6,PhD,Single,Active,
EMP03769,Ekbal Parsa,Ekbal,Parsa,Male,2001-09-04,24,2022-10-17,3,Sales,Sales Manager,G5,MGR009,Delhi,Contract,1530784,3,PhD,Single,Resigned,2022-12-15
EMP03770,Sai Nath,Sai,Nath,Female,1996-07-27,30,2015-11-14,10,HR,Talent Acquisition Specialist,G1,MGR038,Hyderabad,Full-Time,366931,9,Diploma,Single,Active,
EMP03771,Ronith Narayan,Ronith,Narayan,Male,1977-10-13,48,2021-02-24,5,Sales,Sales Manager,G5,MGR052,Mumbai,Full-Time,1845743,9,PhD,Single,Active,
EMP03772,Zashil Mittal,Zashil,Mittal,Male,2001-01-08,25,2023-12-26,2,HR,HR Manager,G4,MGR004,Delhi,Contract,1213504,2,Master's,Single,Active,
EMP03773,Anvi Halder,Anvi,Halder,Female,1990-01-01,36,2021-05-19,5,Marketing,Marketing Executive,G4,MGR099,Hyderabad,Contract,1188604,5,PhD,Married,Active,
EMP03774,Lakshit Lal,Lakshit,Lal,Female,1983-02-26,43,2025-06-12,1,Operations,Operations Executive,G2,MGR095,Bangalore,Contract,624682,6,Master's,Married,Active,
EMP03775,Abhiram Mistry,Abhiram,Mistry,Female,1985-04-26,41,2020-05-26,6,Operations,Operations Manager,G5,MGR073,Mumbai,Contract,1879785,7,Bachelor's,Married,Active,
EMP03776,Baghyawati Pal,Baghyawati,Pal,Male,1984-09-23,41,2018-04-09,8,Finance,Finance Manager,G5,MGR022,Mumbai,Contract,2447883,13,Master's,Single,Active,
EMP03777,Netra Ravi,Netra,Ravi,Female,1965-03-13,61,2017-01-17,9,Finance,Financial Analyst,G4,MGR008,Mumbai,Full-Time,1335770,12,Bachelor's,Married,Active,
EMP03778,Advik Sodhi,Advik,Sodhi,Male,1982-11-08,43,2023-07-06,3,IT,Software Engineer,G2,MGR093,Hyderabad,Full-Time,614860,5,Master's,Single,Active,
EMP03779,Yauvani Dixit,Yauvani,Dixit,Male,1978-08-22,47,2017-05-26,9,Sales,Sales Manager,G1,MGR021,Hyderabad,Full-Time,463875,13,PhD,Married,Active,
EMP03780,Mitali Kari,Mitali,Kari,Male,1965-09-06,60,2020-11-16,5,Sales,Sales Executive,G5,MGR076,Hyderabad,Full-Time,2365624,5,Bachelor's,Single,Active,
EMP03781,Utkarsh Kadakia,Utkarsh,Kadakia,Male,1970-09-27,55,2021-12-24,4,Finance,Accountant,G2,MGR061,Bangalore,Contract,677274,5,Master's,Single,Active,
EMP03782,Urvi Kaur,Urvi,Kaur,Female,1981-10-03,44,2020-01-11,6,Finance,Financial Analyst,G3,MGR039,Chennai,Contract,948920,8,Bachelor's,Single,Resigned,2024-05-31
EMP03783,Upadhriti Shenoy,Upadhriti,Shenoy,Female,1995-01-15,31,2023-05-23,3,IT,Data Engineer,G4,MGR044,Bangalore,Contract,1031100,8,Master's,Single,Active,
EMP03784,Harini Chada,Harini,Chada,Female,1965-04-19,61,2023-09-26,2,IT,DevOps Engineer,G4,MGR015,Hyderabad,Full-Time,1434135,6,Bachelor's,Single,Active,
EMP03785,Dhriti Guha,Dhriti,Guha,Female,1965-12-08,60,2024-01-09,2,Operations,Operations Executive,G3,MGR089,Bangalore,Contract,853024,5,PhD,Single,Active,
EMP03786,Pushti Sahni,Pushti,Sahni,Female,1974-07-21,52,2017-07-31,9,Operations,Operations Manager,G5,MGR043,Hyderabad,Contract,1973484,11,Master's,Married,Active,
EMP03787,Shaurya Sarna,Shaurya,Sarna,Female,1989-12-20,36,2017-02-19,9,Finance,Accountant,G4,MGR048,Mumbai,Full-Time,1011218,13,Bachelor's,Married,Active,
EMP03788,Shivani Balan,Shivani,Balan,Female,1991-05-25,35,2019-06-28,7,Sales,Business Development Executive,G1,MGR091,Delhi,Full-Time,443323,11,PhD,Married,Active,
EMP03789,Kavya Dewan,Kavya,Dewan,Male,1977-12-09,48,2016-03-18,10,Finance,Finance Manager,G1,MGR054,Mumbai,Contract,350584,12,PhD,Married,Active,
EMP03790,Kabir Mody,Kabir,Mody,Male,2000-12-22,25,2023-05-02,3,Sales,Sales Executive,G5,MGR031,Hyderabad,Full-Time,2422574,4,Bachelor's,Single,Resigned,2026-06-21
EMP03791,Aditya Tata,Aditya,Tata,Female,1978-03-15,48,2017-06-01,9,IT,Data Analyst,G1,MGR036,Delhi,Contract,351720,11,PhD,Single,Resigned,2023-06-13
EMP03792,Harinakshi Kar,Harinakshi,Kar,Female,1973-04-28,53,2018-11-04,7,Sales,Sales Manager,G5,MGR017,Mumbai,Full-Time,2008678,8,Bachelor's,Married,Active,
EMP03793,Oni Sandal,Oni,Sandal,Male,1984-10-30,41,2022-10-29,3,IT,Data Engineer,G1,MGR037,Pune,Full-Time,313790,5,PhD,Married,Active,
EMP03794,Netra Yogi,Netra,Yogi,Female,1986-10-30,39,2021-10-19,4,Finance,Finance Manager,G2,MGR017,Delhi,Full-Time,694873,5,PhD,Married,Active,
EMP03795,Chandani Nanda,Chandani,Nanda,Male,1991-06-09,35,2019-09-24,6,Sales,Sales Manager,G3,MGR075,Pune,Full-Time,936743,9,Master's,Married,Active,
EMP03796,Arin Balay,Arin,Balay,Male,1972-04-28,54,2021-01-13,5,Operations,Supply Chain Analyst,G3,MGR027,Chennai,Full-Time,856310,7,PhD,Married,Active,
EMP03797,Liam Dube,Liam,Dube,Male,1975-07-27,51,2022-07-28,4,Sales,Sales Manager,G4,MGR099,Chennai,Contract,1141314,9,PhD,Single,Active,
EMP03798,Ganga Raman,Ganga,Raman,Female,1988-03-31,38,2019-10-03,6,HR,Talent Acquisition Specialist,G1,MGR016,Chennai,Full-Time,377861,7,Diploma,Married,Active,
EMP03799,Lakshmi Jayaraman,Lakshmi,Jayaraman,Female,2000-06-08,26,2018-04-07,8,Finance,Financial Analyst,G3,MGR059,Pune,Contract,797652,5,Master's,Married,Active,
EMP03800,Mahika Bhatt,Mahika,Bhatt,Male,1986-07-21,40,2021-04-15,5,Sales,Sales Executive,G1,MGR043,Bangalore,Contract,457697,8,Bachelor's,Married,Active,
EMP03801,Libni Guha,Libni,Guha,Male,1985-06-22,41,2018-07-24,8,IT,QA Engineer,G2,MGR016,Bangalore,Contract,660157,11,Bachelor's,Married,Active,
EMP03802,Vaishnavi Chopra,Vaishnavi,Chopra,Male,1975-03-31,51,2018-07-10,8,Sales,Business Development Executive,G5,MGR089,Pune,Full-Time,2138909,12,Master's,Married,Active,
EMP03803,Falguni Seth,Falguni,Seth,Male,1997-04-12,29,2020-04-07,6,Finance,Accountant,G1,MGR074,Delhi,Full-Time,350171,6,Bachelor's,Married,Active,
EMP03804,Daksha Chander,Daksha,Chander,Female,2002-07-27,24,2021-11-11,4,Sales,Business Development Executive,G3,MGR032,Pune,Contract,906786,3,Diploma,Married,Active,
EMP03805,Onveer Chawla,Onveer,Chawla,Female,1997-10-18,28,2019-12-06,6,Operations,Supply Chain Analyst,G4,MGR052,Mumbai,Full-Time,1036701,7,PhD,Single,Active,
EMP03806,Peter Balay,Peter,Balay,Male,1975-11-06,50,2015-02-12,11,HR,HR Executive,G4,MGR039,Delhi,Contract,1068066,12,Diploma,Married,Active,
EMP03807,Vrinda Bala,Vrinda,Bala,Female,2001-04-19,25,2024-04-02,2,Finance,Finance Manager,G4,MGR004,Bangalore,Full-Time,1237244,4,Master's,Married,Resigned,2025-01-17
EMP03808,Rushil Boase,Rushil,Boase,Male,2001-08-27,24,2017-11-17,8,Marketing,SEO Analyst,G3,MGR014,Mumbai,Full-Time,850609,3,PhD,Married,Active,
EMP03809,Libni Mander,Libni,Mander,Male,2003-01-13,23,2015-11-09,10,Operations,Operations Executive,G5,MGR032,Bangalore,Full-Time,2145653,2,Diploma,Single,Active,
EMP03810,Samesh Kaul,Samesh,Kaul,Male,2001-11-29,24,2015-03-18,11,Finance,Accountant,G4,MGR004,Bangalore,Contract,1168477,3,PhD,Married,Active,
EMP03811,Bishakha Viswanathan,Bishakha,Viswanathan,Male,1968-07-28,58,2021-09-28,4,HR,HR Executive,G2,MGR041,Mumbai,Contract,523455,6,Master's,Single,Resigned,2022-05-03
EMP03812,Suhani Bhandari,Suhani,Bhandari,Female,1979-09-03,46,2020-10-06,5,Operations,Operations Manager,G2,MGR055,Chennai,Contract,621154,8,Bachelor's,Married,Active,
EMP03813,Jyoti Vasa,Jyoti,Vasa,Male,2001-01-30,25,2017-09-16,8,HR,HR Executive,G3,MGR079,Bangalore,Full-Time,928531,4,Diploma,Married,Active,
EMP03814,Advay Garg,Advay,Garg,Female,1985-01-31,41,2019-06-01,7,Sales,Sales Executive,G4,MGR092,Delhi,Full-Time,1455505,8,Master's,Single,Active,
EMP03815,Eta Roy,Eta,Roy,Female,1967-12-07,58,2015-02-26,11,HR,HR Executive,G5,MGR009,Delhi,Contract,1821829,14,Bachelor's,Married,Active,
EMP03816,Mahika Dugar,Mahika,Dugar,Male,1974-07-05,52,2017-11-13,8,Operations,Operations Manager,G3,MGR037,Hyderabad,Full-Time,889794,9,Diploma,Single,Active,
EMP03817,Indrajit Dayal,Indrajit,Dayal,Female,1998-01-30,28,2025-12-23,0,Sales,Sales Manager,G2,MGR034,Bangalore,Full-Time,614188,2,Bachelor's,Single,Resigned,2026-07-19
EMP03818,Omya Sridhar,Omya,Sridhar,Male,2002-02-11,24,2018-09-29,7,HR,HR Manager,G3,MGR044,Delhi,Contract,794459,3,PhD,Single,Active,
EMP03819,Ekapad Ramachandran,Ekapad,Ramachandran,Male,2002-06-27,24,2023-07-05,3,HR,Talent Acquisition Specialist,G3,MGR043,Pune,Full-Time,938351,3,Diploma,Married,Active,
EMP03820,Samuel De,Samuel,De,Male,1987-07-25,39,2024-10-01,1,Operations,Operations Manager,G1,MGR090,Chennai,Full-Time,398121,5,Diploma,Married,Active,
EMP03821,Samesh Mukherjee,Samesh,Mukherjee,Female,1999-06-28,27,2018-01-08,8,Sales,Business Development Executive,G3,MGR017,Pune,Contract,740936,6,Diploma,Married,Active,
EMP03822,Rachana Soman,Rachana,Soman,Female,1999-08-07,27,2021-08-21,4,Sales,Sales Executive,G4,MGR043,Mumbai,Full-Time,1081544,6,Diploma,Married,Active,
EMP03823,Nathan Mukherjee,Nathan,Mukherjee,Female,1978-11-17,47,2017-07-22,9,Marketing,Digital Marketing Specialist,G3,MGR071,Pune,Contract,766958,9,Diploma,Single,Active,
EMP03824,Samaksh Thakkar,Samaksh,Thakkar,Male,1999-12-22,26,2025-03-20,1,Operations,Operations Executive,G1,MGR046,Pune,Contract,450730,5,PhD,Single,Active,
EMP03825,Tara Majumdar,Tara,Majumdar,Female,1995-09-16,30,2017-02-12,9,Marketing,Marketing Executive,G1,MGR098,Bangalore,Full-Time,362886,9,Bachelor's,Married,Active,
EMP03826,Saksham Amble,Saksham,Amble,Female,1995-07-26,31,2019-02-01,7,Operations,Operations Manager,G3,MGR019,Chennai,Contract,900578,7,PhD,Married,Active,
EMP03827,Luke Sehgal,Luke,Sehgal,Female,1997-11-22,28,2025-05-13,1,Sales,Business Development Executive,G2,MGR077,Mumbai,Contract,560145,1,Diploma,Single,Active,
EMP03828,Devansh Rastogi,Devansh,Rastogi,Female,1968-07-25,58,2025-11-21,0,Marketing,SEO Analyst,G5,MGR098,Hyderabad,Contract,1870660,0,Bachelor's,Single,Active,
EMP03829,Yatin Vora,Yatin,Vora,Female,1986-08-20,39,2017-01-07,9,Operations,Supply Chain Analyst,G2,MGR058,Chennai,Full-Time,658334,10,Diploma,Married,Active,
EMP03830,Falguni Swaminathan,Falguni,Swaminathan,Female,1983-02-18,43,2023-06-24,3,Operations,Supply Chain Analyst,G1,MGR097,Bangalore,Contract,418197,5,Bachelor's,Married,Active,
EMP03831,Triveni Shere,Triveni,Shere,Female,1993-09-22,32,2020-03-30,6,IT,Data Analyst,G2,MGR013,Chennai,Contract,617311,7,PhD,Married,Active,
EMP03832,Balveer Chand,Balveer,Chand,Male,1994-10-23,31,2016-06-25,10,IT,DevOps Engineer,G3,MGR006,Bangalore,Contract,766518,10,Diploma,Married,Resigned,2021-05-19
EMP03833,Tanmayi Palan,Tanmayi,Palan,Male,1991-01-24,35,2015-03-27,11,Operations,Operations Manager,G3,MGR033,Hyderabad,Contract,979428,11,Bachelor's,Single,Active,
EMP03834,Chameli Raman,Chameli,Raman,Female,2001-12-29,24,2025-01-18,1,Finance,Accountant,G4,MGR082,Pune,Contract,1123483,2,Diploma,Single,Active,
EMP03835,Parth Sagar,Parth,Sagar,Male,1998-12-21,27,2017-03-13,9,Sales,Sales Manager,G2,MGR088,Delhi,Full-Time,660018,6,Master's,Single,Resigned,2021-06-08
EMP03836,Praneel Sankaran,Praneel,Sankaran,Male,1993-08-25,32,2023-09-17,2,Sales,Sales Manager,G4,MGR062,Pune,Full-Time,1143962,5,Bachelor's,Married,Active,
EMP03837,Tanvi Rajagopalan,Tanvi,Rajagopalan,Female,1983-11-09,42,2019-02-10,7,HR,Talent Acquisition Specialist,G1,MGR032,Pune,Full-Time,442529,10,Diploma,Single,Active,
EMP03838,Qadim Chandran,Qadim,Chandran,Male,1993-07-05,33,2024-09-16,1,Marketing,Marketing Executive,G2,MGR043,Mumbai,Full-Time,523744,1,PhD,Married,Active,
EMP03839,Maya Bassi,Maya,Bassi,Female,1981-12-08,44,2022-12-23,3,Operations,Operations Manager,G2,MGR071,Hyderabad,Full-Time,509878,6,Bachelor's,Single,Active,
EMP03840,Wriddhish Dugar,Wriddhish,Dugar,Female,1971-04-18,55,2017-05-19,9,HR,HR Manager,G4,MGR095,Bangalore,Contract,1438711,12,Diploma,Single,Active,
EMP03841,Anusha Yogi,Anusha,Yogi,Female,1967-10-02,58,2019-10-28,6,Sales,Business Development Executive,G2,MGR059,Chennai,Full-Time,628829,7,Master's,Single,Active,
EMP03842,Bishakha Bhavsar,Bishakha,Bhavsar,Male,1967-09-10,58,2020-02-24,6,HR,Talent Acquisition Specialist,G1,MGR085,Bangalore,Contract,432063,8,Diploma,Single,Active,
EMP03843,Teerth Tak,Teerth,Tak,Female,1967-09-26,58,2023-03-29,3,Finance,Financial Analyst,G3,MGR082,Delhi,Contract,943768,8,Master's,Married,Active,
EMP03844,Nisha Dara,Nisha,Dara,Female,1991-08-01,35,2015-03-29,11,HR,Talent Acquisition Specialist,G2,MGR081,Hyderabad,Contract,604455,14,Master's,Married,Resigned,2021-07-06
EMP03845,Faraj Cheema,Faraj,Cheema,Male,2002-05-22,24,2025-11-28,0,IT,QA Engineer,G5,MGR080,Chennai,Full-Time,2250915,2,Master's,Married,Active,
EMP03846,Yamini Nanda,Yamini,Nanda,Male,1999-08-01,27,2015-06-26,11,Marketing,Marketing Executive,G3,MGR028,Mumbai,Contract,865578,6,Diploma,Married,Active,
EMP03847,Nimrat Seshadri,Nimrat,Seshadri,Male,1966-03-03,60,2023-10-31,2,Sales,Sales Executive,G1,MGR020,Hyderabad,Contract,306148,6,Master's,Married,Active,
EMP03848,Nitesh Krishnan,Nitesh,Krishnan,Male,2001-06-12,25,2022-12-13,3,Marketing,Digital Marketing Specialist,G3,MGR055,Mumbai,Full-Time,746850,4,Diploma,Single,Active,
EMP03849,Sarthak Toor,Sarthak,Toor,Male,2001-10-17,24,2022-02-12,4,HR,HR Executive,G2,MGR065,Mumbai,Full-Time,591477,3,Bachelor's,Married,Resigned,2022-06-30
EMP03850,Turvi Bala,Turvi,Bala,Male,2003-10-30,22,2015-04-30,11,Marketing,Marketing Executive,G3,MGR082,Delhi,Full-Time,990135,1,PhD,Single,Active,
EMP03851,Elijah Shenoy,Elijah,Shenoy,Female,1987-07-11,39,2015-03-26,11,Finance,Financial Analyst,G2,MGR051,Bangalore,Contract,515748,11,Bachelor's,Single,Active,
EMP03852,Lakshmi Oza,Lakshmi,Oza,Female,1969-10-20,56,2022-11-16,3,Sales,Business Development Executive,G1,MGR073,Chennai,Full-Time,300207,3,PhD,Married,Resigned,2026-01-17
EMP03853,Mohini Hayer,Mohini,Hayer,Female,1970-10-10,55,2015-12-16,10,Finance,Accountant,G4,MGR026,Delhi,Contract,1253752,11,Diploma,Single,Active,
EMP03854,Mekhala Barad,Mekhala,Barad,Male,1982-09-19,43,2020-12-27,5,Sales,Business Development Executive,G4,MGR054,Delhi,Contract,1143703,10,Master's,Married,Resigned,2021-01-29
EMP03855,Zashil Contractor,Zashil,Contractor,Female,1992-03-23,34,2024-06-02,2,Finance,Financial Analyst,G5,MGR043,Mumbai,Contract,2096924,6,Bachelor's,Married,Active,
EMP03856,Laban Narain,Laban,Narain,Female,1984-12-05,41,2025-05-18,1,Sales,Business Development Executive,G5,MGR073,Delhi,Contract,2375139,3,Bachelor's,Married,Active,
EMP03857,Ucchal Sundaram,Ucchal,Sundaram,Female,1966-07-12,60,2017-07-08,9,Operations,Operations Executive,G2,MGR062,Delhi,Full-Time,672120,13,Master's,Single,Resigned,2025-05-13
EMP03858,Ekansh Butala,Ekansh,Butala,Female,1996-12-17,29,2022-04-01,4,IT,DevOps Engineer,G1,MGR083,Pune,Contract,392051,6,Bachelor's,Single,Active,
EMP03859,Xavier Sarma,Xavier,Sarma,Female,1986-11-16,39,2025-03-19,1,Sales,Sales Executive,G3,MGR010,Delhi,Full-Time,919448,2,Master's,Single,Active,
EMP03860,Logan Sinha,Logan,Sinha,Female,1969-02-10,57,2019-05-31,7,HR,Talent Acquisition Specialist,G5,MGR100,Pune,Contract,2216686,7,Diploma,Married,Active,
EMP03861,Arya Edwin,Arya,Edwin,Female,1982-11-02,43,2015-08-08,10,Operations,Operations Executive,G1,MGR069,Pune,Contract,450913,13,Bachelor's,Married,Resigned,2018-07-03
EMP03862,Andrew Chaudhry,Andrew,Chaudhry,Female,2001-08-04,25,2021-05-13,5,HR,HR Manager,G2,MGR056,Chennai,Full-Time,584340,4,PhD,Married,Active,
EMP03863,Peter Menon,Peter,Menon,Male,1977-10-04,48,2020-06-18,6,HR,HR Manager,G3,MGR091,Hyderabad,Contract,749333,7,Bachelor's,Single,Active,
EMP03864,Jeet Warrior,Jeet,Warrior,Female,1998-06-06,28,2018-04-03,8,HR,HR Executive,G5,MGR037,Hyderabad,Contract,1926850,7,Bachelor's,Single,Active,
EMP03865,Mahika Ganguly,Mahika,Ganguly,Male,1997-09-19,28,2018-05-21,8,Marketing,Digital Marketing Specialist,G1,MGR093,Delhi,Full-Time,458344,7,Master's,Single,Active,
EMP03866,Faras Apte,Faras,Apte,Male,1990-02-16,36,2022-12-16,3,Marketing,Marketing Executive,G5,MGR045,Bangalore,Full-Time,1827333,8,Bachelor's,Married,Active,
EMP03867,Anjali Dube,Anjali,Dube,Male,1975-01-06,51,2016-02-23,10,HR,HR Manager,G5,MGR017,Delhi,Contract,1600849,11,PhD,Single,Active,
EMP03868,Ridhi Parmar,Ridhi,Parmar,Female,2000-10-09,25,2016-03-03,10,Marketing,Digital Marketing Specialist,G3,MGR060,Hyderabad,Contract,836962,4,Bachelor's,Married,Active,
EMP03869,Pranav Kalita,Pranav,Kalita,Female,1988-02-24,38,2023-12-14,2,Finance,Accountant,G4,MGR023,Pune,Contract,1310755,7,Diploma,Married,Active,
EMP03870,Bakhshi Walia,Bakhshi,Walia,Female,1995-11-06,30,2022-05-15,4,HR,Talent Acquisition Specialist,G5,MGR042,Bangalore,Contract,1811502,8,Master's,Single,Active,
EMP03871,Tarak Sathe,Tarak,Sathe,Female,2001-02-19,25,2024-12-02,1,Sales,Sales Manager,G3,MGR006,Hyderabad,Contract,976061,3,Master's,Married,Active,
EMP03872,Champak Virk,Champak,Virk,Male,1975-02-18,51,2021-02-12,5,Operations,Operations Executive,G1,MGR059,Hyderabad,Full-Time,346871,5,Bachelor's,Single,Active,
EMP03873,Harshil Ramakrishnan,Harshil,Ramakrishnan,Female,1989-04-03,37,2016-12-23,9,Operations,Operations Executive,G3,MGR017,Bangalore,Full-Time,889953,14,Diploma,Single,Resigned,2022-03-22
EMP03874,Sachi Ben,Sachi,Ben,Male,1978-11-15,47,2016-03-17,10,Sales,Sales Manager,G3,MGR053,Pune,Contract,863264,15,Diploma,Single,Active,
EMP03875,Aayush Bava,Aayush,Bava,Male,1978-02-20,48,2022-07-21,4,Sales,Sales Executive,G5,MGR085,Delhi,Full-Time,2172010,6,Bachelor's,Single,Resigned,2025-11-01
EMP03876,Krishna Jaggi,Krishna,Jaggi,Female,1988-04-26,38,2017-10-22,8,Finance,Finance Manager,G1,MGR013,Mumbai,Contract,476737,11,Diploma,Single,Resigned,2022-01-20
EMP03877,Kavya Khare,Kavya,Khare,Female,1996-04-12,30,2016-03-06,10,Finance,Financial Analyst,G5,MGR025,Chennai,Full-Time,1854522,9,Diploma,Married,Active,
EMP03878,Ryan Chand,Ryan,Chand,Female,1990-07-26,36,2025-03-16,1,Finance,Accountant,G5,MGR085,Mumbai,Full-Time,1502088,6,Bachelor's,Single,Active,
EMP03879,Amol Sama,Amol,Sama,Male,2003-09-05,22,2019-07-07,7,Finance,Accountant,G5,MGR098,Hyderabad,Contract,2147725,1,Master's,Single,Active,
EMP03880,Ayaan Atwal,Ayaan,Atwal,Male,1985-11-03,40,2019-09-20,6,Finance,Financial Analyst,G2,MGR082,Bangalore,Contract,609043,11,Diploma,Single,Active,
EMP03881,Geetika Handa,Geetika,Handa,Female,1979-05-14,47,2019-09-16,6,HR,HR Manager,G1,MGR071,Pune,Contract,303507,6,Diploma,Single,Resigned,2025-06-28
EMP03882,Dev Kannan,Dev,Kannan,Male,1965-04-24,61,2022-11-03,3,HR,HR Executive,G1,MGR025,Hyderabad,Full-Time,387078,4,PhD,Married,Active,
EMP03883,Gopal Ganesh,Gopal,Ganesh,Male,1967-04-18,59,2025-03-09,1,HR,HR Executive,G4,MGR008,Chennai,Full-Time,1036973,4,Bachelor's,Single,Active,
EMP03884,Oliver Basu,Oliver,Basu,Female,1981-12-23,44,2025-08-05,0,Operations,Operations Manager,G2,MGR047,Bangalore,Full-Time,529582,3,Diploma,Single,Active,
EMP03885,Ojasvi Vala,Ojasvi,Vala,Male,1985-05-19,41,2023-03-25,3,HR,Talent Acquisition Specialist,G2,MGR077,Bangalore,Full-Time,682068,3,PhD,Single,Active,
EMP03886,Hritik Narain,Hritik,Narain,Male,1978-09-29,47,2021-07-19,5,HR,Talent Acquisition Specialist,G4,MGR072,Chennai,Contract,1104979,8,Master's,Married,Active,
EMP03887,Ekantika Gupta,Ekantika,Gupta,Male,1967-05-19,59,2021-11-01,4,HR,Talent Acquisition Specialist,G2,MGR047,Bangalore,Contract,562851,4,Bachelor's,Single,Active,
EMP03888,Sarthak Rana,Sarthak,Rana,Male,1994-01-19,32,2020-10-13,5,Marketing,Marketing Executive,G4,MGR085,Chennai,Full-Time,1042805,10,Master's,Married,Active,
EMP03889,Priya Dara,Priya,Dara,Male,1996-04-27,30,2022-02-19,4,HR,Talent Acquisition Specialist,G4,MGR035,Delhi,Full-Time,1045242,7,Master's,Single,Active,
EMP03890,Vincent Kala,Vincent,Kala,Female,1993-02-19,33,2022-05-21,4,HR,Talent Acquisition Specialist,G1,MGR060,Chennai,Full-Time,349047,8,Master's,Married,Resigned,2022-11-01
EMP03891,Ishanvi Naik,Ishanvi,Naik,Male,2001-04-26,25,2015-10-18,10,Marketing,SEO Analyst,G1,MGR081,Mumbai,Contract,424048,4,Master's,Married,Active,
EMP03892,Oscar Aurora,Oscar,Aurora,Female,1966-12-05,59,2024-06-09,2,IT,QA Engineer,G2,MGR024,Chennai,Contract,610333,6,Diploma,Married,Active,
EMP03893,Neelima Mutti,Neelima,Mutti,Male,2002-02-25,24,2015-08-17,10,Marketing,SEO Analyst,G1,MGR059,Pune,Full-Time,393190,3,PhD,Married,Resigned,2015-10-30
EMP03894,Lopa Kala,Lopa,Kala,Female,1985-01-09,41,2018-08-09,7,Operations,Operations Executive,G5,MGR043,Bangalore,Contract,1635106,11,PhD,Single,Active,
EMP03895,Tara Kannan,Tara,Kannan,Female,1984-01-14,42,2024-03-04,2,Marketing,SEO Analyst,G1,MGR014,Bangalore,Full-Time,300376,7,Bachelor's,Married,Resigned,2024-06-14
EMP03896,Arya Pillay,Arya,Pillay,Female,1996-07-26,30,2017-02-05,9,Finance,Finance Manager,G3,MGR087,Pune,Full-Time,953491,9,Master's,Single,Active,
EMP03897,Caleb Bhavsar,Caleb,Bhavsar,Male,1982-08-21,43,2025-01-19,1,Operations,Operations Manager,G2,MGR089,Bangalore,Contract,580809,5,Master's,Married,Active,
EMP03898,Tejas Roy,Tejas,Roy,Male,2002-07-29,24,2018-03-22,8,Marketing,Digital Marketing Specialist,G4,MGR059,Hyderabad,Full-Time,1151438,3,Bachelor's,Married,Active,
EMP03899,Charvi Tata,Charvi,Tata,Male,1992-09-20,33,2016-01-23,10,Operations,Operations Executive,G1,MGR089,Hyderabad,Full-Time,487725,12,PhD,Married,Active,
EMP03900,Harsh Yadav,Harsh,Yadav,Male,1987-08-26,38,2015-02-28,11,Finance,Accountant,G1,MGR020,Mumbai,Full-Time,477722,11,Master's,Married,Resigned,2024-11-03
EMP03901,Onveer Krishnamurthy,Onveer,Krishnamurthy,Female,1976-03-06,50,2017-05-29,9,Sales,Business Development Executive,G2,MGR062,Hyderabad,Contract,631399,14,Master's,Married,Active,
EMP03902,Girish Nair,Girish,Nair,Female,1987-10-31,38,2019-08-22,6,Marketing,Digital Marketing Specialist,G4,MGR070,Bangalore,Full-Time,1459696,7,PhD,Married,Resigned,2025-01-02
EMP03903,Lipika Deol,Lipika,Deol,Female,1988-07-22,38,2016-11-18,9,Operations,Operations Manager,G3,MGR061,Pune,Full-Time,967465,12,Diploma,Single,Active,
EMP03904,Gaurangi Gill,Gaurangi,Gill,Female,1976-09-19,49,2019-07-18,7,Operations,Operations Manager,G3,MGR031,Bangalore,Contract,830718,8,Master's,Single,Active,
EMP03905,Eesha Subramaniam,Eesha,Subramaniam,Female,1977-11-29,48,2020-02-08,6,IT,Data Engineer,G1,MGR090,Bangalore,Contract,480730,11,Master's,Married,Active,
EMP03906,Ekansh Nayak,Ekansh,Nayak,Male,1986-08-22,39,2015-06-15,11,Sales,Business Development Executive,G3,MGR009,Chennai,Full-Time,755524,15,PhD,Single,Active,
EMP03907,Andrew Sen,Andrew,Sen,Female,2003-05-18,23,2024-10-22,1,Finance,Finance Manager,G5,MGR042,Chennai,Contract,1865172,2,Bachelor's,Single,Active,
EMP03908,Lavanya Vaidya,Lavanya,Vaidya,Male,1994-01-20,32,2016-09-13,9,Finance,Accountant,G5,MGR079,Hyderabad,Contract,2200169,10,Diploma,Single,Resigned,2020-08-27
EMP03909,Yahvi Arya,Yahvi,Arya,Female,1984-10-21,41,2022-10-26,3,Sales,Sales Manager,G2,MGR007,Bangalore,Full-Time,599357,6,Master's,Single,Active,
EMP03910,Viraj Bail,Viraj,Bail,Female,1975-01-08,51,2022-09-04,3,Sales,Business Development Executive,G3,MGR033,Chennai,Full-Time,946587,7,Master's,Married,Active,
EMP03911,Jeet More,Jeet,More,Male,1997-02-01,29,2020-09-02,5,Sales,Sales Executive,G4,MGR095,Pune,Contract,1331273,7,PhD,Married,Resigned,2022-09-06
EMP03912,Priya Kohli,Priya,Kohli,Female,1988-06-26,38,2022-07-23,4,IT,QA Engineer,G3,MGR011,Chennai,Contract,799117,4,Master's,Single,Active,
EMP03913,Fariq Bhasin,Fariq,Bhasin,Female,2002-07-23,24,2021-04-30,5,Operations,Operations Executive,G1,MGR025,Delhi,Full-Time,384223,3,PhD,Single,Active,
EMP03914,Laksh Prasad,Laksh,Prasad,Female,1978-06-03,48,2015-09-12,10,HR,Talent Acquisition Specialist,G5,MGR039,Bangalore,Contract,2289053,12,PhD,Married,Active,
EMP03915,Wishi Minhas,Wishi,Minhas,Female,1990-05-11,36,2024-10-07,1,IT,Data Analyst,G4,MGR012,Mumbai,Full-Time,1270454,6,Bachelor's,Married,Resigned,2025-03-12
EMP03916,Max Prashad,Max,Prashad,Male,2000-01-18,26,2020-10-31,5,Operations,Supply Chain Analyst,G2,MGR075,Bangalore,Full-Time,591371,5,Bachelor's,Married,Active,
EMP03917,Samarth Barad,Samarth,Barad,Male,1974-01-20,52,2016-12-23,9,Finance,Finance Manager,G5,MGR096,Mumbai,Contract,1558504,9,Master's,Married,Active,
EMP03918,Wazir Sawhney,Wazir,Sawhney,Male,1999-05-10,27,2019-04-19,7,HR,Talent Acquisition Specialist,G4,MGR099,Mumbai,Contract,1141553,6,Master's,Single,Active,
EMP03919,Falguni Desai,Falguni,Desai,Female,1974-01-09,52,2016-07-02,10,Sales,Business Development Executive,G1,MGR027,Pune,Contract,340333,13,Diploma,Single,Active,
EMP03920,Arunima Nadkarni,Arunima,Nadkarni,Male,1966-12-30,59,2025-10-16,0,Sales,Sales Executive,G4,MGR030,Bangalore,Contract,1203355,1,Bachelor's,Married,Active,
EMP03921,Balveer Verma,Balveer,Verma,Male,1973-02-21,53,2022-04-14,4,Operations,Operations Manager,G2,MGR093,Bangalore,Contract,564392,5,Diploma,Married,Active,
EMP03922,Oeshi Mani,Oeshi,Mani,Female,1966-09-11,59,2024-02-07,2,HR,HR Manager,G2,MGR047,Delhi,Full-Time,524808,3,Bachelor's,Married,Resigned,2024-03-14
EMP03923,Veer Narula,Veer,Narula,Male,1986-04-20,40,2016-06-19,10,Operations,Operations Executive,G4,MGR065,Bangalore,Full-Time,1483911,10,Master's,Married,Active,
EMP03924,Hema Kibe,Hema,Kibe,Male,1993-06-02,33,2024-11-28,1,HR,Talent Acquisition Specialist,G2,MGR037,Delhi,Contract,587504,5,Bachelor's,Married,Active,
EMP03925,Samesh Zacharia,Samesh,Zacharia,Female,1997-06-28,29,2025-06-17,1,Finance,Accountant,G1,MGR010,Pune,Full-Time,406327,5,Diploma,Single,Active,
EMP03926,Chatura Kothari,Chatura,Kothari,Male,1986-03-26,40,2019-01-30,7,Operations,Operations Executive,G2,MGR007,Chennai,Contract,570243,10,Master's,Married,Active,
EMP03927,Tristan Raj,Tristan,Raj,Male,1974-10-28,51,2018-10-01,7,Finance,Financial Analyst,G4,MGR066,Bangalore,Full-Time,1125756,7,Bachelor's,Married,Resigned,2023-03-09
EMP03928,Ekanta Goswami,Ekanta,Goswami,Female,1978-04-30,48,2020-12-10,5,Sales,Business Development Executive,G5,MGR006,Bangalore,Contract,1544399,6,Bachelor's,Single,Resigned,2024-09-14
EMP03929,Abeer Bhattacharyya,Abeer,Bhattacharyya,Male,1985-09-03,40,2021-12-29,4,Operations,Operations Executive,G4,MGR050,Pune,Contract,1330124,8,Master's,Married,Active,
EMP03930,Vyanjana Boase,Vyanjana,Boase,Female,1966-03-06,60,2016-02-25,10,Sales,Sales Manager,G1,MGR053,Delhi,Contract,387332,11,Master's,Single,Active,
EMP03931,Reyansh Ben,Reyansh,Ben,Female,1988-12-29,37,2025-06-19,1,Sales,Business Development Executive,G4,MGR096,Delhi,Full-Time,1453690,6,Bachelor's,Single,Active,
EMP03932,Lohit Jayaraman,Lohit,Jayaraman,Male,1976-04-22,50,2017-09-10,8,IT,Software Engineer,G4,MGR089,Pune,Full-Time,1125345,10,PhD,Married,Active,
EMP03933,Jeremiah Chand,Jeremiah,Chand,Male,1998-02-24,28,2024-07-04,2,HR,HR Manager,G2,MGR076,Pune,Full-Time,589097,3,Bachelor's,Single,Resigned,2024-11-15
EMP03934,Samarth Keer,Samarth,Keer,Male,1989-07-25,37,2019-06-18,7,IT,Data Analyst,G2,MGR021,Chennai,Contract,556701,11,Master's,Single,Active,
EMP03935,Yashica Brar,Yashica,Brar,Male,1993-07-13,33,2018-03-23,8,Finance,Financial Analyst,G2,MGR034,Delhi,Full-Time,538179,12,Master's,Single,Active,
EMP03936,Pooja Sibal,Pooja,Sibal,Male,1996-01-06,30,2016-06-22,10,Operations,Operations Executive,G1,MGR013,Mumbai,Full-Time,307138,9,Bachelor's,Single,Active,
EMP03937,Deepa Gala,Deepa,Gala,Male,1979-12-08,46,2015-09-09,10,Operations,Supply Chain Analyst,G4,MGR013,Delhi,Full-Time,1297362,15,Bachelor's,Single,Active,
EMP03938,Rudra Konda,Rudra,Konda,Female,1970-03-25,56,2022-02-18,4,Sales,Sales Manager,G2,MGR036,Delhi,Contract,654241,5,PhD,Married,Active,
EMP03939,Panini Goda,Panini,Goda,Female,1985-07-24,41,2021-07-03,5,Finance,Accountant,G4,MGR036,Pune,Full-Time,1036236,8,PhD,Single,Active,
EMP03940,Yuvraj Mitter,Yuvraj,Mitter,Female,1976-01-14,50,2025-01-18,1,HR,HR Manager,G1,MGR063,Mumbai,Full-Time,333779,1,PhD,Married,Active,
EMP03941,Bhavika Sen,Bhavika,Sen,Male,1983-11-27,42,2015-10-10,10,Sales,Business Development Executive,G2,MGR024,Chennai,Full-Time,612544,12,Master's,Married,Active,
EMP03942,Saksham Magar,Saksham,Magar,Female,1973-10-08,52,2021-02-05,5,Operations,Supply Chain Analyst,G2,MGR039,Mumbai,Full-Time,681196,9,Master's,Married,Active,
EMP03943,Vasana Buch,Vasana,Buch,Male,1972-06-08,54,2017-02-01,9,HR,Talent Acquisition Specialist,G2,MGR067,Delhi,Full-Time,551588,12,Master's,Single,Active,
EMP03944,Jagvi Rao,Jagvi,Rao,Male,1980-02-27,46,2021-09-29,4,IT,DevOps Engineer,G2,MGR088,Pune,Contract,627230,9,Diploma,Married,Active,
EMP03945,Krishna Ganesh,Krishna,Ganesh,Male,1978-12-22,47,2018-10-18,7,HR,HR Executive,G5,MGR033,Bangalore,Contract,1662367,12,Diploma,Single,Active,
EMP03946,Urishilla Sastry,Urishilla,Sastry,Male,1996-04-13,30,2022-03-23,4,Finance,Accountant,G3,MGR021,Delhi,Full-Time,917570,5,PhD,Married,Active,
EMP03947,Pahal Tiwari,Pahal,Tiwari,Male,2003-07-15,23,2018-11-01,7,Marketing,SEO Analyst,G2,MGR092,Chennai,Contract,554322,2,Master's,Single,Active,
EMP03948,Rachita Dugal,Rachita,Dugal,Male,1980-04-08,46,2017-09-19,8,IT,QA Engineer,G3,MGR072,Hyderabad,Contract,878403,10,Master's,Single,Active,
EMP03949,Vasatika Bahri,Vasatika,Bahri,Male,1980-06-29,46,2024-01-26,2,Sales,Sales Executive,G2,MGR095,Delhi,Full-Time,547685,4,Diploma,Married,Active,
EMP03950,Lakshmi Sane,Lakshmi,Sane,Female,1968-02-22,58,2021-04-02,5,Sales,Business Development Executive,G3,MGR039,Hyderabad,Contract,963693,8,PhD,Married,Active,
EMP03951,Fiyaz Mital,Fiyaz,Mital,Male,1977-01-23,49,2021-02-21,5,HR,Talent Acquisition Specialist,G3,MGR047,Pune,Contract,899661,6,Bachelor's,Single,Active,
EMP03952,Michael Gill,Michael,Gill,Male,1998-06-24,28,2016-12-08,9,Finance,Accountant,G3,MGR081,Pune,Full-Time,838507,7,Master's,Married,Active,
EMP03953,Aarini Rai,Aarini,Rai,Male,1994-04-23,32,2018-05-27,8,IT,Data Analyst,G4,MGR053,Hyderabad,Contract,1345879,10,Diploma,Married,Resigned,2022-05-06
EMP03954,Damini Setty,Damini,Setty,Female,1990-07-02,36,2019-07-06,7,Finance,Financial Analyst,G1,MGR026,Hyderabad,Contract,365104,10,Master's,Married,Active,
EMP03955,Bhanumati Prashad,Bhanumati,Prashad,Male,1966-01-20,60,2019-10-28,6,Finance,Financial Analyst,G2,MGR053,Delhi,Full-Time,536761,8,Bachelor's,Married,Resigned,2024-08-08
EMP03956,Vasana Bora,Vasana,Bora,Male,1986-06-19,40,2015-10-19,10,Finance,Accountant,G3,MGR016,Pune,Full-Time,799648,13,PhD,Single,Active,
EMP03957,Gauri Deshpande,Gauri,Deshpande,Male,1992-10-09,33,2025-03-31,1,Operations,Operations Manager,G2,MGR010,Delhi,Full-Time,690475,3,Master's,Single,Active,
EMP03958,Upasna Hayre,Upasna,Hayre,Female,1977-05-14,49,2021-07-30,5,Sales,Sales Manager,G4,MGR060,Pune,Contract,1287846,9,PhD,Married,Active,
EMP03959,Mohammed Gupta,Mohammed,Gupta,Female,1993-02-19,33,2025-07-02,1,HR,HR Executive,G4,MGR095,Pune,Contract,1345529,4,Diploma,Single,Active,
EMP03960,Aayush Arya,Aayush,Arya,Male,1969-11-24,56,2016-07-07,10,Finance,Financial Analyst,G5,MGR002,Bangalore,Contract,2308842,12,Master's,Single,Active,
EMP03961,Xiti Prasad,Xiti,Prasad,Female,1978-10-16,47,2023-01-13,3,Marketing,SEO Analyst,G1,MGR036,Bangalore,Full-Time,306689,7,Diploma,Married,Active,
EMP03962,Vyanjana Ravel,Vyanjana,Ravel,Male,1995-11-07,30,2015-10-20,10,Operations,Operations Manager,G5,MGR004,Bangalore,Full-Time,1681391,9,PhD,Married,Active,
EMP03963,Ojasvi Rana,Ojasvi,Rana,Female,1968-11-03,57,2016-06-16,10,IT,Software Engineer,G4,MGR086,Bangalore,Full-Time,1021024,11,Diploma,Married,Active,
EMP03964,Kashvi Rajagopalan,Kashvi,Rajagopalan,Male,1974-09-26,51,2015-12-28,10,Finance,Finance Manager,G5,MGR059,Chennai,Contract,2038510,10,PhD,Married,Active,
EMP03965,Vrishti Morar,Vrishti,Morar,Female,1984-12-15,41,2025-11-03,0,Finance,Finance Manager,G1,MGR015,Bangalore,Full-Time,370064,0,Diploma,Married,Active,
EMP03966,Ekavir Rege,Ekavir,Rege,Female,1970-05-28,56,2017-12-24,8,Operations,Operations Executive,G4,MGR007,Delhi,Full-Time,1248580,8,Master's,Single,Active,
EMP03967,Balvan Dash,Balvan,Dash,Male,1969-09-12,56,2025-10-26,0,Finance,Accountant,G1,MGR091,Hyderabad,Full-Time,320780,0,Diploma,Married,Active,
EMP03968,Lekha Gaba,Lekha,Gaba,Female,1992-08-25,33,2017-02-28,9,Finance,Accountant,G1,MGR014,Delhi,Contract,402992,11,Diploma,Married,Resigned,2020-06-18
EMP03969,Rajata Kumer,Rajata,Kumer,Female,1973-05-19,53,2025-08-15,0,Finance,Financial Analyst,G2,MGR090,Pune,Contract,531846,1,PhD,Single,Active,
EMP03970,Ijaya Upadhyay,Ijaya,Upadhyay,Male,1984-09-05,41,2016-08-17,9,Finance,Finance Manager,G1,MGR083,Bangalore,Contract,443062,10,Master's,Single,Active,
EMP03971,Vrinda Pillay,Vrinda,Pillay,Female,1997-04-06,29,2023-11-15,2,IT,QA Engineer,G4,MGR076,Mumbai,Contract,1353502,7,Bachelor's,Married,Active,
EMP03972,Dalbir Rajan,Dalbir,Rajan,Male,1991-02-14,35,2023-04-01,3,Operations,Supply Chain Analyst,G5,MGR010,Chennai,Full-Time,1749091,3,Diploma,Single,Active,
EMP03973,Panini Koshy,Panini,Koshy,Male,1972-05-23,54,2024-05-11,2,Operations,Supply Chain Analyst,G4,MGR091,Pune,Full-Time,1493613,7,Bachelor's,Married,Resigned,2025-05-22
EMP03974,Vanya Banerjee,Vanya,Banerjee,Female,1997-11-18,28,2015-11-11,10,Finance,Finance Manager,G5,MGR033,Chennai,Full-Time,2405510,7,Master's,Single,Active,
EMP03975,Janaki Bala,Janaki,Bala,Female,2001-10-27,24,2015-06-30,11,HR,HR Manager,G4,MGR083,Mumbai,Contract,1136628,3,PhD,Married,Active,
EMP03976,Manbir Lal,Manbir,Lal,Female,1989-08-12,37,2015-09-14,10,IT,Software Engineer,G3,MGR099,Mumbai,Full-Time,736736,12,Bachelor's,Married,Active,
EMP03977,Tamanna Din,Tamanna,Din,Female,1987-02-07,39,2020-04-12,6,Sales,Business Development Executive,G5,MGR085,Hyderabad,Contract,1744925,10,Diploma,Single,Active,
EMP03978,Aachal Kota,Aachal,Kota,Male,1976-04-12,50,2025-10-09,0,IT,QA Engineer,G5,MGR029,Delhi,Contract,2330871,2,Bachelor's,Single,Active,
EMP03979,Neel Arora,Neel,Arora,Male,1980-12-11,45,2020-02-05,6,Marketing,Marketing Executive,G1,MGR024,Delhi,Full-Time,447305,10,PhD,Single,Active,
EMP03980,Jackson Chanda,Jackson,Chanda,Female,1993-11-03,32,2016-11-02,9,IT,Software Engineer,G4,MGR020,Chennai,Contract,1433201,11,Bachelor's,Married,Active,
EMP03981,Leena Rao,Leena,Rao,Female,1967-08-08,59,2024-11-20,1,Operations,Supply Chain Analyst,G4,MGR076,Hyderabad,Full-Time,1498653,1,Diploma,Married,Active,
EMP03982,Faris Vasa,Faris,Vasa,Male,1993-01-10,33,2015-04-21,11,Operations,Supply Chain Analyst,G2,MGR084,Delhi,Contract,672566,12,PhD,Single,Active,
EMP03983,Ranbir Sampath,Ranbir,Sampath,Male,1999-09-29,26,2020-12-05,5,Sales,Sales Executive,G2,MGR075,Chennai,Contract,557289,5,PhD,Married,Active,
EMP03984,Noah Sane,Noah,Sane,Female,1984-03-17,42,2015-02-05,11,Operations,Operations Manager,G3,MGR068,Delhi,Full-Time,710381,14,Diploma,Married,Active,
EMP03985,Zayyan Mittal,Zayyan,Mittal,Male,1995-06-14,31,2021-10-28,4,IT,QA Engineer,G2,MGR054,Delhi,Full-Time,511285,9,Diploma,Single,Active,
EMP03986,Xiti Walia,Xiti,Walia,Female,1984-05-03,42,2025-05-29,1,Finance,Financial Analyst,G1,MGR074,Delhi,Contract,453364,5,Bachelor's,Married,Active,
EMP03987,Lavanya Morar,Lavanya,Morar,Male,1982-08-09,44,2015-07-17,11,Finance,Accountant,G2,MGR082,Chennai,Full-Time,656297,15,PhD,Single,Active,
EMP03988,Nisha Chakraborty,Nisha,Chakraborty,Male,1998-04-14,28,2025-01-27,1,Finance,Finance Manager,G5,MGR053,Hyderabad,Contract,1720719,4,Diploma,Single,Active,
EMP03989,Ikbal Padmanabhan,Ikbal,Padmanabhan,Male,1985-03-08,41,2019-12-18,6,Finance,Finance Manager,G1,MGR099,Hyderabad,Contract,331168,9,Master's,Married,Active,
EMP03990,Luke Luthra,Luke,Luthra,Male,1977-07-09,49,2017-02-10,9,Sales,Sales Manager,G2,MGR014,Bangalore,Contract,693412,9,Bachelor's,Single,Active,
EMP03991,Shaurya Rao,Shaurya,Rao,Male,1997-02-16,29,2021-01-14,5,HR,Talent Acquisition Specialist,G4,MGR026,Chennai,Full-Time,1018758,8,PhD,Married,Active,
EMP03992,Darika Ahuja,Darika,Ahuja,Female,1984-10-31,41,2024-07-14,2,Finance,Financial Analyst,G4,MGR048,Mumbai,Contract,1498868,7,Master's,Single,Active,
EMP03993,Om Swamy,Om,Swamy,Female,1977-10-05,48,2017-04-07,9,Marketing,Marketing Executive,G4,MGR067,Pune,Full-Time,1000544,13,PhD,Single,Active,
EMP03994,Aarav Chatterjee,Aarav,Chatterjee,Male,1974-04-23,52,2020-07-10,6,Marketing,Marketing Executive,G1,MGR001,Mumbai,Full-Time,330323,7,Bachelor's,Single,Active,
EMP03995,Ekaraj Sahni,Ekaraj,Sahni,Male,2001-06-16,25,2023-08-14,2,Sales,Sales Executive,G5,MGR079,Pune,Contract,2218651,3,PhD,Married,Active,
EMP03996,Omaja Mani,Omaja,Mani,Female,1982-11-18,43,2015-12-12,10,Marketing,Marketing Executive,G4,MGR051,Bangalore,Contract,1461399,11,Diploma,Married,Active,
EMP03997,Raagini Garde,Raagini,Garde,Female,1998-05-31,28,2022-07-13,4,Operations,Operations Manager,G1,MGR083,Mumbai,Full-Time,413815,5,PhD,Married,Active,
EMP03998,Patrick Prasad,Patrick,Prasad,Male,1965-11-02,60,2018-10-26,7,Finance,Finance Manager,G1,MGR093,Hyderabad,Full-Time,344400,9,Master's,Married,Active,
EMP03999,Quincy Desai,Quincy,Desai,Female,1991-03-26,35,2016-08-05,10,IT,QA Engineer,G5,MGR050,Chennai,Contract,1832465,10,Bachelor's,Single,Active,
EMP04000,Rudra Sur,Rudra,Sur,Female,1977-04-24,49,2018-12-13,7,HR,Talent Acquisition Specialist,G1,MGR006,Mumbai,Full-Time,439523,7,Master's,Married,Active,
EMP04001,Qabil Thakkar,Qabil,Thakkar,Female,1978-08-16,48,2017-11-10,8,HR,Talent Acquisition Specialist,G2,MGR087,Hyderabad,Full-Time,675538,9,Diploma,Single,Active,
EMP04002,Imaran Seshadri,Imaran,Seshadri,Female,1980-03-24,46,2017-07-01,9,Operations,Operations Manager,G5,MGR057,Hyderabad,Full-Time,1820822,14,Bachelor's,Married,Active,
EMP04003,Simon Grewal,Simon,Grewal,Male,1965-08-02,61,2016-10-11,9,Finance,Finance Manager,G2,MGR063,Chennai,Contract,668370,13,Bachelor's,Married,Active,
EMP04004,Sai Bhargava,Sai,Bhargava,Male,1979-03-28,47,2015-10-12,10,HR,HR Executive,G4,MGR052,Delhi,Full-Time,1257917,12,PhD,Single,Active,
EMP04005,Qadim Handa,Qadim,Handa,Female,1984-03-01,42,2024-10-18,1,Finance,Finance Manager,G5,MGR065,Delhi,Full-Time,1967433,6,Bachelor's,Married,Active,
EMP04006,Aashi Rege,Aashi,Rege,Female,1989-10-11,36,2016-06-19,10,Marketing,Marketing Executive,G5,MGR043,Bangalore,Full-Time,2357720,11,Master's,Married,Active,
EMP04007,Ridhi Chopra,Ridhi,Chopra,Male,1995-12-05,30,2017-08-10,8,Marketing,SEO Analyst,G4,MGR068,Mumbai,Contract,1101522,9,PhD,Single,Active,
EMP04008,Ojas Buch,Ojas,Buch,Female,1978-03-14,48,2021-10-22,4,Marketing,Digital Marketing Specialist,G1,MGR078,Delhi,Contract,336030,6,Bachelor's,Single,Active,
EMP04009,Chaaya Chada,Chaaya,Chada,Male,2003-11-03,22,2015-11-11,10,Finance,Finance Manager,G2,MGR062,Pune,Contract,505808,1,Diploma,Single,Active,
EMP04010,Krishna Dash,Krishna,Dash,Female,1988-03-01,38,2019-10-07,6,IT,Software Engineer,G3,MGR066,Delhi,Full-Time,732566,8,Master's,Married,Active,
EMP04011,Aradhana Bhatt,Aradhana,Bhatt,Male,1992-01-17,34,2022-03-29,4,Operations,Operations Manager,G3,MGR097,Pune,Full-Time,843326,8,PhD,Single,Active,
EMP04012,Hema Balan,Hema,Balan,Female,1998-10-08,27,2025-02-28,1,Operations,Operations Manager,G2,MGR004,Hyderabad,Contract,591765,6,Bachelor's,Single,Active,
EMP04013,Wahab Sridhar,Wahab,Sridhar,Female,2002-01-21,24,2022-07-20,4,IT,Software Engineer,G4,MGR055,Hyderabad,Contract,1266528,3,Master's,Single,Active,
EMP04014,Vedhika Chaudhuri,Vedhika,Chaudhuri,Female,1973-07-12,53,2025-11-24,0,Operations,Operations Manager,G4,MGR082,Delhi,Contract,1417032,2,Bachelor's,Married,Resigned,2025-11-27
EMP04015,Darsh Lata,Darsh,Lata,Male,1974-09-30,51,2019-05-13,7,IT,Data Engineer,G2,MGR061,Bangalore,Full-Time,566375,10,Diploma,Married,Active,
EMP04016,Abhimanyu Barman,Abhimanyu,Barman,Male,1992-08-16,33,2018-07-18,8,Sales,Sales Manager,G1,MGR036,Chennai,Full-Time,468103,8,Bachelor's,Married,Active,
EMP04017,Gunbir Kakar,Gunbir,Kakar,Female,1968-05-16,58,2019-12-23,6,Marketing,Marketing Executive,G4,MGR047,Delhi,Contract,1357139,7,Bachelor's,Single,Active,
EMP04018,Abhimanyu Prashad,Abhimanyu,Prashad,Male,1976-09-06,49,2024-10-05,1,Sales,Sales Executive,G1,MGR086,Bangalore,Full-Time,429132,1,PhD,Married,Active,
EMP04019,Zinal Lata,Zinal,Lata,Male,1967-10-04,58,2024-04-03,2,Operations,Supply Chain Analyst,G2,MGR053,Delhi,Full-Time,585826,5,PhD,Single,Active,
EMP04020,Vedika Solanki,Vedika,Solanki,Male,1993-01-28,33,2024-01-20,2,Marketing,Digital Marketing Specialist,G4,MGR049,Bangalore,Contract,1250893,5,Bachelor's,Single,Active,
EMP04021,Geetika Sanghvi,Geetika,Sanghvi,Female,1999-03-07,27,2016-05-12,10,Finance,Financial Analyst,G1,MGR058,Bangalore,Full-Time,350663,6,Bachelor's,Married,Active,
EMP04022,Gayathri Prabhakar,Gayathri,Prabhakar,Female,1980-05-02,46,2017-01-10,9,Marketing,Marketing Executive,G4,MGR047,Hyderabad,Full-Time,1250965,14,Master's,Married,Active,
EMP04023,Hemal Murty,Hemal,Murty,Female,1965-08-16,61,2017-08-17,8,Finance,Finance Manager,G5,MGR074,Mumbai,Contract,2292708,8,Master's,Married,Active,
EMP04024,Wriddhish Patel,Wriddhish,Patel,Female,1993-03-10,33,2025-07-13,1,HR,HR Executive,G1,MGR034,Hyderabad,Full-Time,451619,1,Master's,Married,Active,
EMP04025,Mohini Radhakrishnan,Mohini,Radhakrishnan,Female,1981-01-23,45,2020-08-27,5,Operations,Supply Chain Analyst,G2,MGR085,Delhi,Full-Time,659995,5,PhD,Married,Active,
EMP04026,Dakshesh Parekh,Dakshesh,Parekh,Male,2002-06-13,24,2020-01-02,6,IT,Data Engineer,G2,MGR070,Bangalore,Full-Time,634071,3,PhD,Single,Resigned,2022-10-24
EMP04027,Harish Aggarwal,Harish,Aggarwal,Female,1999-07-06,27,2022-09-25,3,Marketing,Marketing Executive,G3,MGR029,Pune,Full-Time,839729,4,PhD,Single,Active,
EMP04028,Tanmayi Ratti,Tanmayi,Ratti,Female,1977-02-15,49,2024-10-15,1,HR,HR Manager,G1,MGR079,Bangalore,Full-Time,340851,2,PhD,Married,Active,
EMP04029,Liam Bal,Liam,Bal,Male,1989-03-11,37,2022-12-27,3,Sales,Sales Manager,G2,MGR085,Mumbai,Contract,566831,5,Master's,Married,Active,
EMP04030,Jason Wali,Jason,Wali,Male,1969-12-31,56,2018-12-08,7,Sales,Business Development Executive,G4,MGR062,Chennai,Full-Time,1101464,10,PhD,Single,Active,
EMP04031,Ati Kothari,Ati,Kothari,Female,1972-01-14,54,2015-09-24,10,Operations,Operations Manager,G2,MGR061,Pune,Full-Time,599112,10,PhD,Single,Active,
EMP04032,Jyoti Seth,Jyoti,Seth,Male,1996-05-05,30,2022-03-05,4,HR,HR Executive,G5,MGR016,Hyderabad,Contract,2224397,7,Diploma,Married,Active,
EMP04033,Vaishnavi Varma,Vaishnavi,Varma,Female,1992-09-10,33,2023-02-15,3,Marketing,SEO Analyst,G5,MGR094,Hyderabad,Contract,2174285,4,Bachelor's,Single,Active,
EMP04034,Odika Guha,Odika,Guha,Male,1978-12-31,47,2020-03-17,6,Marketing,SEO Analyst,G2,MGR033,Hyderabad,Contract,533019,6,PhD,Married,Active,
EMP04035,Aarush Nagy,Aarush,Nagy,Female,1969-08-07,57,2019-05-27,7,Sales,Sales Executive,G3,MGR086,Chennai,Contract,972007,11,Bachelor's,Married,Active,
EMP04036,Anay Parsa,Anay,Parsa,Female,1996-01-14,30,2016-12-07,9,HR,HR Manager,G2,MGR065,Pune,Full-Time,656671,9,Bachelor's,Married,Active,
EMP04037,Chakradev Nanda,Chakradev,Nanda,Male,1999-11-14,26,2019-12-14,6,HR,HR Manager,G3,MGR017,Bangalore,Contract,841235,5,Diploma,Married,Resigned,2025-09-19
EMP04038,Sachi Kaur,Sachi,Kaur,Male,2003-06-20,23,2017-01-10,9,IT,QA Engineer,G1,MGR043,Pune,Contract,448318,2,Diploma,Married,Active,
EMP04039,Vedhika Ratta,Vedhika,Ratta,Female,1985-06-19,41,2020-04-17,6,Operations,Operations Manager,G5,MGR015,Mumbai,Full-Time,1707008,8,Master's,Married,Active,
EMP04040,Finn Pall,Finn,Pall,Male,1973-08-31,52,2019-06-28,7,Finance,Accountant,G3,MGR002,Mumbai,Contract,869027,8,Bachelor's,Single,Active,
EMP04041,Priya Soni,Priya,Soni,Male,1966-06-26,60,2016-02-15,10,HR,HR Manager,G3,MGR058,Bangalore,Full-Time,911549,11,Master's,Married,Active,
EMP04042,Harish Rajan,Harish,Rajan,Male,1969-04-11,57,2022-11-19,3,Sales,Sales Executive,G3,MGR069,Delhi,Full-Time,924707,6,Bachelor's,Single,Active,
EMP04043,Chaaya Hayer,Chaaya,Hayer,Female,2000-12-16,25,2025-05-07,1,HR,HR Manager,G3,MGR050,Mumbai,Contract,894456,3,Bachelor's,Married,Active,
EMP04044,Luke Venkatesh,Luke,Venkatesh,Male,1983-10-24,42,2022-02-04,4,Finance,Finance Manager,G3,MGR075,Chennai,Full-Time,862229,7,PhD,Single,Active,
EMP04045,Yamini Balay,Yamini,Balay,Female,2003-07-21,23,2020-01-11,6,HR,Talent Acquisition Specialist,G2,MGR004,Hyderabad,Full-Time,666136,2,Bachelor's,Married,Active,
EMP04046,Joshua Tank,Joshua,Tank,Male,1998-12-05,27,2015-11-09,10,IT,QA Engineer,G2,MGR058,Bangalore,Full-Time,569823,6,Master's,Single,Active,
EMP04047,Gagan Mitra,Gagan,Mitra,Female,1989-04-16,37,2025-02-02,1,HR,HR Executive,G5,MGR095,Mumbai,Contract,2107153,3,Diploma,Single,Active,
EMP04048,Unni Ganguly,Unni,Ganguly,Male,1974-09-02,51,2020-09-26,5,HR,Talent Acquisition Specialist,G5,MGR065,Mumbai,Full-Time,2145072,10,Master's,Single,Active,
EMP04049,Sanaya D’Alia,Sanaya,D’Alia,Female,1992-11-20,33,2018-12-02,7,Finance,Financial Analyst,G4,MGR056,Chennai,Full-Time,1041222,9,PhD,Single,Resigned,2023-01-08
EMP04050,Wridesh Kohli,Wridesh,Kohli,Male,1978-12-03,47,2023-02-27,3,IT,Software Engineer,G3,MGR054,Chennai,Full-Time,841605,5,Bachelor's,Single,Active,
EMP04051,Siddharth Garde,Siddharth,Garde,Female,1974-06-23,52,2025-04-16,1,HR,HR Manager,G1,MGR064,Bangalore,Full-Time,393775,6,Diploma,Single,Active,
EMP04052,Gaurav Cherian,Gaurav,Cherian,Female,1976-12-08,49,2021-06-10,5,Finance,Finance Manager,G5,MGR074,Pune,Contract,1636370,5,Diploma,Married,Active,
EMP04053,Radhika Balakrishnan,Radhika,Balakrishnan,Male,1992-01-07,34,2024-09-10,1,IT,Data Analyst,G4,MGR009,Hyderabad,Contract,1153507,4,Bachelor's,Single,Resigned,2025-01-12
EMP04054,Eta Rajagopal,Eta,Rajagopal,Female,1990-09-30,35,2018-05-24,8,Marketing,SEO Analyst,G2,MGR004,Chennai,Full-Time,604312,9,PhD,Single,Active,
EMP04055,Avni Kannan,Avni,Kannan,Male,1980-04-07,46,2025-01-09,1,Operations,Operations Executive,G4,MGR080,Hyderabad,Contract,1009460,6,Master's,Married,Active,
EMP04056,Aarini Soni,Aarini,Soni,Male,1994-05-24,32,2017-12-28,8,Marketing,Digital Marketing Specialist,G2,MGR008,Pune,Contract,533056,9,Diploma,Married,Active,
EMP04057,Jatin Deshpande,Jatin,Deshpande,Male,2001-01-26,25,2022-01-27,4,IT,Data Engineer,G2,MGR099,Bangalore,Contract,546941,4,Master's,Single,Resigned,2026-04-04
EMP04058,Gautam Natarajan,Gautam,Natarajan,Female,1991-09-25,34,2020-07-22,6,IT,Data Engineer,G4,MGR071,Delhi,Contract,1144847,6,Master's,Single,Active,
EMP04059,Udarsh Bhattacharyya,Udarsh,Bhattacharyya,Male,1972-04-24,54,2023-01-17,3,Finance,Accountant,G3,MGR097,Delhi,Contract,936174,6,Diploma,Single,Active,
EMP04060,Hemal Purohit,Hemal,Purohit,Male,1993-02-11,33,2015-01-07,11,HR,Talent Acquisition Specialist,G5,MGR089,Hyderabad,Contract,1577168,12,PhD,Single,Active,
EMP04061,Lakshmi Sarkar,Lakshmi,Sarkar,Female,1971-12-18,54,2015-10-24,10,Marketing,Digital Marketing Specialist,G5,MGR049,Chennai,Full-Time,2391808,15,Bachelor's,Married,Active,
EMP04062,Viraj Kapoor,Viraj,Kapoor,Male,1966-06-20,60,2023-11-22,2,Marketing,SEO Analyst,G5,MGR019,Bangalore,Contract,2115483,4,Bachelor's,Single,Active,
EMP04063,Aashi D’Alia,Aashi,D’Alia,Male,1974-08-13,52,2020-01-27,6,Sales,Sales Executive,G1,MGR007,Bangalore,Contract,340214,10,Master's,Married,Active,
EMP04064,Bina Chahal,Bina,Chahal,Male,1985-07-01,41,2017-10-29,8,Marketing,Digital Marketing Specialist,G5,MGR025,Bangalore,Full-Time,1581413,11,Master's,Single,Resigned,2019-09-21
EMP04065,Gaurav Oak,Gaurav,Oak,Male,1979-05-01,47,2015-08-23,10,Operations,Operations Executive,G5,MGR032,Delhi,Contract,1605882,13,PhD,Single,Active,
EMP04066,Raghav D’Alia,Raghav,D’Alia,Female,1988-02-02,38,2024-03-11,2,Finance,Financial Analyst,G1,MGR099,Delhi,Full-Time,489722,4,Master's,Single,Active,
EMP04067,Jhalak Datta,Jhalak,Datta,Female,1995-06-07,31,2018-08-25,7,HR,HR Manager,G3,MGR090,Chennai,Contract,830551,10,Master's,Married,Active,
EMP04068,Dhriti Rai,Dhriti,Rai,Female,1977-01-24,49,2016-02-19,10,HR,Talent Acquisition Specialist,G5,MGR058,Pune,Full-Time,2068403,14,Bachelor's,Single,Active,
EMP04069,Aarav Mukhopadhyay,Aarav,Mukhopadhyay,Male,1991-06-01,35,2017-11-13,8,IT,DevOps Engineer,G4,MGR015,Pune,Contract,1057456,8,Bachelor's,Single,Active,
EMP04070,David Wason,David,Wason,Male,1991-11-13,34,2019-07-22,7,Operations,Operations Manager,G2,MGR053,Pune,Full-Time,677409,9,PhD,Married,Resigned,2021-03-02
EMP04071,Lipika Sampath,Lipika,Sampath,Female,1988-02-28,38,2015-12-27,10,Operations,Supply Chain Analyst,G1,MGR010,Pune,Full-Time,300483,15,Bachelor's,Single,Active,
EMP04072,Ekaja Patla,Ekaja,Patla,Female,1991-01-02,35,2024-04-04,2,Sales,Sales Manager,G3,MGR084,Hyderabad,Full-Time,904575,6,Bachelor's,Single,Active,
EMP04073,Jonathan Venkatesh,Jonathan,Venkatesh,Female,1969-06-18,57,2018-04-16,8,HR,HR Manager,G3,MGR022,Mumbai,Full-Time,906087,8,Master's,Single,Active,
EMP04074,Tristan Chhabra,Tristan,Chhabra,Male,1987-12-27,38,2022-07-23,4,Operations,Supply Chain Analyst,G1,MGR094,Chennai,Contract,389846,7,Master's,Single,Active,
EMP04075,Megha Andra,Megha,Andra,Male,1984-07-23,42,2021-02-03,5,HR,HR Manager,G2,MGR058,Hyderabad,Full-Time,586863,8,Diploma,Married,Active,
EMP04076,Triveni Mutti,Triveni,Mutti,Female,1970-06-27,56,2025-09-10,0,IT,Data Engineer,G5,MGR045,Delhi,Contract,1583432,2,Diploma,Married,Active,
EMP04077,Maanav Minhas,Maanav,Minhas,Male,1989-10-02,36,2018-07-01,8,Marketing,Digital Marketing Specialist,G3,MGR080,Hyderabad,Contract,787800,10,Master's,Single,Active,
EMP04078,Theodore Tata,Theodore,Tata,Female,1973-11-23,52,2016-06-09,10,Marketing,Digital Marketing Specialist,G2,MGR100,Chennai,Contract,569334,15,Bachelor's,Single,Active,
EMP04079,Tamanna Din,Tamanna,Din,Male,1971-12-14,54,2021-12-03,4,IT,DevOps Engineer,G2,MGR041,Pune,Full-Time,600652,9,Bachelor's,Single,Active,
EMP04080,Bhanumati Dhingra,Bhanumati,Dhingra,Female,2002-09-23,23,2020-07-02,6,Marketing,Marketing Executive,G2,MGR038,Bangalore,Contract,527968,2,Master's,Single,Active,
EMP04081,Bakhshi Nagarajan,Bakhshi,Nagarajan,Male,1971-03-20,55,2018-02-23,8,IT,Data Analyst,G1,MGR015,Pune,Full-Time,303986,11,Master's,Married,Active,
EMP04082,Dayamai Thakkar,Dayamai,Thakkar,Female,1973-04-18,53,2015-12-09,10,Finance,Accountant,G4,MGR062,Chennai,Full-Time,1336694,11,Master's,Single,Active,
EMP04083,Jatin Mahal,Jatin,Mahal,Female,1986-04-11,40,2015-04-07,11,Operations,Operations Executive,G4,MGR095,Bangalore,Contract,1027826,15,PhD,Married,Active,
EMP04084,Vanya Kale,Vanya,Kale,Female,1983-01-27,43,2022-07-14,4,Marketing,Digital Marketing Specialist,G3,MGR009,Mumbai,Contract,740819,7,PhD,Married,Active,
EMP04085,Warda Manne,Warda,Manne,Female,1985-04-06,41,2016-11-18,9,Operations,Operations Manager,G4,MGR028,Chennai,Contract,1099614,11,Diploma,Single,Active,
EMP04086,Krisha Bhargava,Krisha,Bhargava,Male,1992-08-18,33,2024-09-07,1,Finance,Financial Analyst,G3,MGR085,Bangalore,Full-Time,725020,2,Diploma,Single,Active,
EMP04087,Gauri Dua,Gauri,Dua,Female,2001-07-16,25,2024-02-03,2,IT,Data Engineer,G2,MGR090,Bangalore,Full-Time,533708,2,Bachelor's,Single,Active,
EMP04088,Shivansh Kar,Shivansh,Kar,Male,2001-04-03,25,2018-06-01,8,HR,HR Executive,G1,MGR010,Hyderabad,Contract,406504,4,PhD,Married,Active,
EMP04089,Charles Gola,Charles,Gola,Female,1991-02-13,35,2020-06-15,6,IT,DevOps Engineer,G1,MGR078,Chennai,Contract,329361,9,Diploma,Single,Active,
EMP04090,Vinaya Ramanathan,Vinaya,Ramanathan,Female,1970-10-05,55,2017-09-09,8,Marketing,Marketing Executive,G2,MGR016,Bangalore,Contract,629687,8,PhD,Single,Active,
EMP04091,Chandani Dutta,Chandani,Dutta,Female,1970-11-04,55,2017-05-11,9,Sales,Sales Executive,G3,MGR066,Chennai,Contract,877690,9,Bachelor's,Married,Active,
EMP04092,Anthony Ramanathan,Anthony,Ramanathan,Female,1985-09-17,40,2022-04-03,4,Marketing,Digital Marketing Specialist,G3,MGR067,Delhi,Full-Time,713530,7,PhD,Single,Active,
EMP04093,Geetika Sami,Geetika,Sami,Female,1988-09-17,37,2017-11-23,8,Operations,Operations Manager,G3,MGR008,Mumbai,Contract,725733,8,Master's,Single,Active,
EMP04094,Urvashi Pall,Urvashi,Pall,Male,1984-10-22,41,2021-10-24,4,HR,HR Manager,G4,MGR007,Bangalore,Contract,1224272,6,PhD,Married,Active,
EMP04095,Mahika Raman,Mahika,Raman,Male,1983-04-07,43,2015-10-05,10,Marketing,Marketing Executive,G4,MGR057,Delhi,Full-Time,1375834,13,PhD,Married,Active,
EMP04096,Ekbal Wable,Ekbal,Wable,Female,1984-08-27,41,2025-11-26,0,Marketing,SEO Analyst,G3,MGR090,Mumbai,Contract,896554,1,Bachelor's,Single,Active,
EMP04097,Barkha Mandal,Barkha,Mandal,Male,1979-04-02,47,2019-08-29,6,Sales,Sales Manager,G3,MGR028,Bangalore,Contract,763390,7,Master's,Married,Active,
EMP04098,Robert Ramesh,Robert,Ramesh,Female,1993-07-25,33,2024-01-20,2,IT,DevOps Engineer,G5,MGR093,Pune,Contract,2321753,7,Diploma,Married,Active,
EMP04099,Gunbir Deep,Gunbir,Deep,Female,1980-02-19,46,2025-11-11,0,HR,HR Executive,G1,MGR063,Mumbai,Full-Time,318674,1,Diploma,Single,Active,
EMP04100,Ekiya Bhagat,Ekiya,Bhagat,Female,1991-05-14,35,2016-12-19,9,IT,Data Analyst,G5,MGR071,Bangalore,Contract,2156782,13,Bachelor's,Married,Active,
EMP04101,Daksha Shankar,Daksha,Shankar,Female,1980-05-04,46,2023-11-03,2,Operations,Supply Chain Analyst,G2,MGR014,Hyderabad,Contract,585594,7,Master's,Married,Active,
EMP04102,Nihal Devan,Nihal,Devan,Female,1978-10-26,47,2025-03-26,1,HR,Talent Acquisition Specialist,G3,MGR057,Bangalore,Full-Time,813260,3,Bachelor's,Single,Active,
EMP04103,Riya Subramanian,Riya,Subramanian,Male,1967-04-21,59,2018-02-01,8,IT,Software Engineer,G4,MGR074,Hyderabad,Full-Time,1153391,10,Bachelor's,Married,Active,
EMP04104,Bishakha Dhillon,Bishakha,Dhillon,Male,2002-03-04,24,2024-10-28,1,Operations,Operations Executive,G3,MGR060,Hyderabad,Full-Time,969247,2,PhD,Married,Resigned,2025-04-08
EMP04105,Tejas Hayre,Tejas,Hayre,Female,1972-08-21,53,2019-03-12,7,IT,Software Engineer,G5,MGR021,Pune,Contract,1750214,7,Bachelor's,Single,Active,
EMP04106,Aditya Pathak,Aditya,Pathak,Male,1983-12-14,42,2023-03-03,3,Finance,Accountant,G4,MGR073,Hyderabad,Full-Time,1468496,7,Master's,Married,Active,
EMP04107,Harsh Divan,Harsh,Divan,Male,1974-10-03,51,2019-06-14,7,Finance,Finance Manager,G3,MGR014,Delhi,Full-Time,737848,10,Bachelor's,Single,Active,
EMP04108,Krisha Sane,Krisha,Sane,Female,1987-01-21,39,2019-07-13,7,Operations,Operations Executive,G3,MGR053,Mumbai,Full-Time,730658,12,Diploma,Married,Active,
EMP04109,Om Bhalla,Om,Bhalla,Female,1979-02-18,47,2016-05-25,10,Marketing,Digital Marketing Specialist,G4,MGR023,Chennai,Contract,1309456,12,Master's,Married,Active,
EMP04110,Gopal Parekh,Gopal,Parekh,Male,1977-02-20,49,2022-08-12,3,HR,HR Manager,G2,MGR005,Hyderabad,Full-Time,547053,3,Bachelor's,Single,Active,
EMP04111,Urvi Gola,Urvi,Gola,Male,1985-06-06,41,2020-02-17,6,HR,HR Executive,G2,MGR060,Bangalore,Contract,647156,9,Bachelor's,Married,Active,
EMP04112,Charles Dalal,Charles,Dalal,Female,1972-05-17,54,2021-01-23,5,Operations,Operations Manager,G1,MGR063,Hyderabad,Contract,321506,7,PhD,Single,Resigned,2025-06-12
EMP04113,Hamsini Saraf,Hamsini,Saraf,Male,1970-04-19,56,2016-03-01,10,IT,Data Analyst,G1,MGR045,Mumbai,Full-Time,471157,12,Bachelor's,Married,Resigned,2018-09-10
EMP04114,Netra Konda,Netra,Konda,Male,1971-08-21,54,2017-05-11,9,Sales,Sales Manager,G3,MGR035,Bangalore,Full-Time,723192,9,Bachelor's,Single,Active,
EMP04115,Bahadurjit Dani,Bahadurjit,Dani,Female,1989-08-15,36,2017-10-22,8,Sales,Sales Executive,G3,MGR092,Mumbai,Contract,757485,12,PhD,Married,Active,
EMP04116,Wridesh Ranganathan,Wridesh,Ranganathan,Female,1970-10-28,55,2020-03-28,6,Marketing,Marketing Executive,G2,MGR076,Chennai,Contract,672671,11,Bachelor's,Single,Resigned,2024-05-24
EMP04117,Chasmum Gera,Chasmum,Gera,Female,1995-01-26,31,2019-04-10,7,IT,DevOps Engineer,G5,MGR096,Pune,Contract,2369544,7,PhD,Single,Active,
EMP04118,Keya Chakraborty,Keya,Chakraborty,Female,1994-09-12,31,2023-07-02,3,Operations,Supply Chain Analyst,G3,MGR038,Pune,Full-Time,838169,5,Bachelor's,Married,Active,
EMP04119,Ubika Raja,Ubika,Raja,Male,1972-06-28,54,2021-12-06,4,Operations,Operations Manager,G4,MGR005,Bangalore,Full-Time,1484772,6,Master's,Married,Active,
EMP04120,Anvi Saxena,Anvi,Saxena,Male,1975-08-30,50,2025-08-24,0,Sales,Sales Executive,G3,MGR086,Bangalore,Contract,908137,0,Diploma,Married,Active,
EMP04121,Jhalak Apte,Jhalak,Apte,Female,1968-11-16,57,2015-12-15,10,Marketing,SEO Analyst,G1,MGR041,Hyderabad,Full-Time,406063,10,Bachelor's,Married,Active,
EMP04122,Jagdish Dada,Jagdish,Dada,Male,1999-02-12,27,2016-04-17,10,IT,DevOps Engineer,G5,MGR015,Mumbai,Contract,1853144,6,Bachelor's,Married,Active,
EMP04123,Fitan Dara,Fitan,Dara,Male,1983-03-10,43,2021-09-10,4,Finance,Accountant,G2,MGR078,Mumbai,Contract,534272,6,Master's,Single,Active,
EMP04124,Vrinda Upadhyay,Vrinda,Upadhyay,Female,2000-06-19,26,2024-08-27,1,Sales,Sales Manager,G1,MGR052,Bangalore,Contract,428439,5,Bachelor's,Married,Resigned,2025-02-17
EMP04125,Arin Srinivasan,Arin,Srinivasan,Female,2002-09-17,23,2020-11-03,5,Marketing,Marketing Executive,G4,MGR002,Hyderabad,Full-Time,1226958,2,Master's,Single,Active,
EMP04126,Anusha Chandra,Anusha,Chandra,Male,1986-03-03,40,2020-09-25,5,HR,HR Manager,G1,MGR082,Chennai,Full-Time,392191,9,PhD,Married,Active,
EMP04127,Pratyush Rajagopalan,Pratyush,Rajagopalan,Male,1989-04-26,37,2025-08-04,1,IT,DevOps Engineer,G5,MGR054,Bangalore,Full-Time,1887155,6,Diploma,Single,Active,
EMP04128,Veda Saraf,Veda,Saraf,Male,1986-09-26,39,2019-02-02,7,IT,QA Engineer,G2,MGR053,Delhi,Full-Time,681383,7,PhD,Single,Active,
EMP04129,Chanchal Dass,Chanchal,Dass,Male,1975-07-15,51,2025-01-13,1,HR,HR Manager,G1,MGR019,Delhi,Full-Time,369432,6,PhD,Married,Active,
EMP04130,Hardik Nanda,Hardik,Nanda,Male,1987-05-18,39,2024-04-13,2,Marketing,Marketing Executive,G5,MGR081,Mumbai,Contract,1683945,7,Master's,Married,Active,
EMP04131,Devansh Yogi,Devansh,Yogi,Female,2001-12-05,24,2019-09-03,6,Operations,Operations Executive,G5,MGR094,Delhi,Full-Time,1758345,3,Bachelor's,Single,Active,
EMP04132,Qasim Ravi,Qasim,Ravi,Male,1995-06-18,31,2020-04-14,6,HR,Talent Acquisition Specialist,G1,MGR045,Chennai,Full-Time,461758,8,PhD,Single,Active,
EMP04133,Anmol Ramesh,Anmol,Ramesh,Male,1991-06-12,35,2023-12-19,2,Marketing,Marketing Executive,G5,MGR072,Delhi,Full-Time,2060212,3,Diploma,Single,Active,
EMP04134,Vrinda Bhatt,Vrinda,Bhatt,Male,1984-08-18,41,2016-08-23,9,Finance,Financial Analyst,G3,MGR024,Hyderabad,Contract,766597,9,Master's,Single,Active,
EMP04135,Zilmil Yohannan,Zilmil,Yohannan,Male,2000-10-06,25,2016-07-02,10,Operations,Supply Chain Analyst,G4,MGR024,Mumbai,Full-Time,1094083,4,Master's,Single,Active,
EMP04136,Jeet Johal,Jeet,Johal,Male,1999-11-11,26,2016-01-30,10,Sales,Business Development Executive,G5,MGR100,Mumbai,Contract,1696709,5,Master's,Single,Active,
EMP04137,Jacob Golla,Jacob,Golla,Female,1980-03-04,46,2024-02-20,2,Operations,Operations Executive,G4,MGR070,Hyderabad,Full-Time,1002209,5,Master's,Single,Active,
EMP04138,Pranit Ahluwalia,Pranit,Ahluwalia,Female,1984-02-12,42,2024-02-14,2,Operations,Operations Executive,G3,MGR042,Mumbai,Contract,943421,7,Master's,Married,Active,
EMP04139,Sanya Murthy,Sanya,Murthy,Male,1987-12-21,38,2015-12-18,10,HR,HR Executive,G1,MGR020,Mumbai,Full-Time,418875,10,Diploma,Married,Resigned,2018-01-20
EMP04140,Balveer Dave,Balveer,Dave,Female,1981-05-16,45,2024-08-25,1,IT,DevOps Engineer,G2,MGR075,Delhi,Contract,613411,6,PhD,Married,Resigned,2025-11-14
EMP04141,Samuel Edwin,Samuel,Edwin,Female,1994-02-08,32,2024-10-19,1,Finance,Financial Analyst,G5,MGR097,Chennai,Full-Time,2148714,5,PhD,Married,Active,
EMP04142,Gagan Kunda,Gagan,Kunda,Female,1967-10-04,58,2023-04-22,3,HR,HR Executive,G2,MGR036,Bangalore,Contract,599153,7,Master's,Single,Active,
EMP04143,Bakhshi Chad,Bakhshi,Chad,Male,1998-02-07,28,2018-01-06,8,HR,Talent Acquisition Specialist,G3,MGR038,Chennai,Full-Time,781305,7,Bachelor's,Married,Active,
EMP04144,Jeet Toor,Jeet,Toor,Female,1985-12-28,40,2020-04-06,6,Finance,Finance Manager,G3,MGR024,Mumbai,Full-Time,777549,11,Master's,Single,Resigned,2022-10-20
EMP04145,Januja Garg,Januja,Garg,Male,2001-05-04,25,2023-01-14,3,Marketing,Digital Marketing Specialist,G2,MGR012,Delhi,Full-Time,634535,4,Master's,Married,Active,
EMP04146,Pallavi Acharya,Pallavi,Acharya,Female,1979-08-28,46,2016-02-18,10,IT,Data Analyst,G5,MGR047,Chennai,Full-Time,2473197,13,Master's,Single,Active,
EMP04147,Yuvraj Mital,Yuvraj,Mital,Male,1975-07-20,51,2016-11-20,9,Sales,Sales Executive,G1,MGR041,Mumbai,Contract,378229,13,Bachelor's,Married,Active,
EMP04148,Chakradhar Venkataraman,Chakradhar,Venkataraman,Male,1995-02-24,31,2022-12-13,3,Finance,Accountant,G1,MGR057,Pune,Full-Time,482654,7,Bachelor's,Single,Active,
EMP04149,Chaaya Walla,Chaaya,Walla,Female,1985-01-07,41,2022-01-17,4,IT,Data Engineer,G3,MGR032,Delhi,Full-Time,810717,8,Master's,Single,Active,
EMP04150,Sai Dey,Sai,Dey,Female,1989-06-05,37,2021-05-29,5,HR,Talent Acquisition Specialist,G2,MGR051,Chennai,Full-Time,508547,8,Master's,Married,Active,
EMP04151,Vritti Munshi,Vritti,Munshi,Male,1972-10-17,53,2025-06-03,1,Marketing,Digital Marketing Specialist,G3,MGR016,Delhi,Contract,941624,3,Diploma,Single,Active,
EMP04152,Indira Yohannan,Indira,Yohannan,Male,1981-07-24,45,2025-07-23,1,Finance,Finance Manager,G5,MGR014,Bangalore,Contract,1704969,6,PhD,Married,Active,
EMP04153,Yashvi Kadakia,Yashvi,Kadakia,Male,1988-03-16,38,2025-11-02,0,Sales,Sales Executive,G2,MGR060,Delhi,Contract,608599,4,Diploma,Married,Active,
EMP04154,Hardik Basu,Hardik,Basu,Male,1979-04-19,47,2018-01-21,8,HR,HR Executive,G4,MGR003,Hyderabad,Full-Time,1357539,13,PhD,Single,Active,
EMP04155,Warjas Bansal,Warjas,Bansal,Female,1986-09-15,39,2015-01-17,11,Sales,Business Development Executive,G3,MGR010,Mumbai,Full-Time,825483,11,Master's,Single,Active,
EMP04156,Raghav Dhar,Raghav,Dhar,Female,1992-11-22,33,2023-08-19,2,Sales,Sales Executive,G5,MGR058,Mumbai,Full-Time,1946886,3,Diploma,Married,Active,
EMP04157,Chandani Kale,Chandani,Kale,Male,1967-12-04,58,2021-11-27,4,IT,DevOps Engineer,G4,MGR081,Hyderabad,Contract,1289382,4,PhD,Married,Active,
EMP04158,Krish Kalita,Krish,Kalita,Female,1965-08-22,60,2024-12-18,1,IT,QA Engineer,G2,MGR047,Bangalore,Full-Time,667296,1,PhD,Married,Active,
EMP04159,Jagrati Mall,Jagrati,Mall,Male,1976-09-07,49,2019-05-21,7,IT,DevOps Engineer,G1,MGR091,Mumbai,Contract,377322,11,Bachelor's,Married,Active,
EMP04160,Kabir Sami,Kabir,Sami,Female,1986-05-22,40,2018-10-09,7,Finance,Financial Analyst,G4,MGR076,Delhi,Full-Time,1219239,10,Master's,Single,Active,
EMP04161,Falan Kumer,Falan,Kumer,Female,1994-08-11,32,2023-06-09,3,IT,QA Engineer,G3,MGR026,Hyderabad,Full-Time,905687,3,Master's,Married,Active,
EMP04162,Abha Raj,Abha,Raj,Male,1973-07-08,53,2016-04-19,10,HR,HR Executive,G5,MGR055,Hyderabad,Full-Time,2149764,15,Bachelor's,Married,Active,
EMP04163,Nihal Ratta,Nihal,Ratta,Female,1992-09-14,33,2021-06-29,5,IT,QA Engineer,G4,MGR100,Hyderabad,Contract,1462444,9,Master's,Married,Active,
EMP04164,Tanmayi Chacko,Tanmayi,Chacko,Male,1971-05-12,55,2018-09-30,7,Operations,Supply Chain Analyst,G3,MGR063,Delhi,Contract,818794,10,PhD,Married,Active,
EMP04165,Aachal Sandal,Aachal,Sandal,Female,1969-05-08,57,2015-11-11,10,Sales,Sales Executive,G4,MGR028,Delhi,Contract,1194465,14,Master's,Married,Resigned,2018-04-19
EMP04166,Samar Bobal,Samar,Bobal,Female,1981-07-26,45,2024-01-18,2,IT,DevOps Engineer,G5,MGR079,Bangalore,Full-Time,2046699,7,Master's,Married,Active,
EMP04167,Amruta Hans,Amruta,Hans,Male,1992-03-20,34,2021-06-08,5,Operations,Operations Manager,G2,MGR043,Bangalore,Contract,636448,5,PhD,Single,Active,
EMP04168,Kashish Vaidya,Kashish,Vaidya,Female,1974-11-03,51,2015-12-15,10,Finance,Finance Manager,G1,MGR021,Pune,Contract,369024,12,Master's,Single,Active,
EMP04169,Nihal Saini,Nihal,Saini,Female,2002-10-19,23,2019-05-14,7,HR,HR Manager,G2,MGR047,Hyderabad,Contract,644243,2,Master's,Single,Resigned,2026-05-09
EMP04170,Mitesh Mutti,Mitesh,Mutti,Female,1972-02-17,54,2023-05-08,3,Operations,Supply Chain Analyst,G4,MGR089,Hyderabad,Full-Time,1333771,5,Master's,Married,Resigned,2025-03-11
EMP04171,Ladli Bal,Ladli,Bal,Female,1982-01-23,44,2025-06-22,1,HR,HR Executive,G4,MGR085,Hyderabad,Contract,1413848,6,Diploma,Single,Active,
EMP04172,Yug Brahmbhatt,Yug,Brahmbhatt,Female,1996-07-31,30,2022-05-09,4,Finance,Accountant,G5,MGR037,Pune,Contract,2392160,8,Bachelor's,Married,Resigned,2023-07-02
EMP04173,Jeet Wali,Jeet,Wali,Female,1969-08-08,57,2019-01-25,7,Operations,Operations Executive,G3,MGR092,Delhi,Full-Time,762046,12,Diploma,Single,Active,
EMP04174,Imaran Ray,Imaran,Ray,Male,1967-05-13,59,2021-08-03,5,HR,HR Manager,G1,MGR090,Mumbai,Full-Time,498459,5,Bachelor's,Married,Active,
EMP04175,Dominic Narayan,Dominic,Narayan,Male,1978-08-19,47,2019-12-13,6,Finance,Finance Manager,G4,MGR079,Chennai,Full-Time,1092528,9,Master's,Married,Active,
EMP04176,Gaurav Patil,Gaurav,Patil,Female,1987-08-11,39,2017-02-08,9,Operations,Supply Chain Analyst,G1,MGR079,Hyderabad,Contract,366179,12,Master's,Married,Active,
EMP04177,Gauri Mahajan,Gauri,Mahajan,Female,1977-09-20,48,2016-07-12,10,Sales,Sales Executive,G2,MGR032,Delhi,Contract,555243,10,Master's,Single,Active,
EMP04178,Madhav Kara,Madhav,Kara,Male,1974-04-18,52,2022-12-30,3,Finance,Finance Manager,G2,MGR072,Mumbai,Contract,513911,6,Bachelor's,Single,Active,
EMP04179,Anusha Anne,Anusha,Anne,Male,1983-03-13,43,2022-06-03,4,Finance,Finance Manager,G3,MGR026,Bangalore,Full-Time,721506,6,Diploma,Married,Active,
EMP04180,Guneet Purohit,Guneet,Purohit,Male,1974-02-23,52,2018-03-12,8,Operations,Supply Chain Analyst,G2,MGR091,Delhi,Full-Time,696854,11,Diploma,Single,Active,
EMP04181,Tristan Radhakrishnan,Tristan,Radhakrishnan,Male,1993-01-23,33,2024-07-16,2,Marketing,Marketing Executive,G1,MGR086,Pune,Contract,400376,5,Bachelor's,Single,Active,
EMP04182,Henry Dasgupta,Henry,Dasgupta,Female,1985-09-11,40,2022-02-13,4,Operations,Supply Chain Analyst,G1,MGR011,Delhi,Full-Time,476989,4,Diploma,Single,Resigned,2023-08-12
EMP04183,Damini Suri,Damini,Suri,Male,1989-04-19,37,2021-03-31,5,HR,HR Manager,G5,MGR062,Pune,Full-Time,2212952,10,PhD,Married,Active,
EMP04184,Girish Wadhwa,Girish,Wadhwa,Female,1983-12-24,42,2018-06-22,8,Finance,Finance Manager,G1,MGR078,Delhi,Full-Time,318221,12,Master's,Married,Active,
EMP04185,Ikshita Manda,Ikshita,Manda,Female,1976-03-03,50,2021-08-21,4,Marketing,SEO Analyst,G4,MGR040,Pune,Full-Time,1085218,8,Master's,Single,Active,
EMP04186,Anika Chaudhary,Anika,Chaudhary,Male,1986-04-21,40,2022-02-08,4,Finance,Finance Manager,G1,MGR042,Pune,Full-Time,368510,7,Diploma,Single,Active,
EMP04187,Chanakya Garde,Chanakya,Garde,Female,1999-05-31,27,2020-05-17,6,HR,Talent Acquisition Specialist,G4,MGR031,Chennai,Contract,1322811,6,Diploma,Single,Active,
EMP04188,Eesha Ramachandran,Eesha,Ramachandran,Female,1975-02-28,51,2017-06-20,9,HR,Talent Acquisition Specialist,G2,MGR050,Bangalore,Full-Time,616560,12,Diploma,Single,Active,
EMP04189,Pratyush Pai,Pratyush,Pai,Female,1982-07-20,44,2020-11-04,5,Marketing,SEO Analyst,G2,MGR072,Bangalore,Contract,561727,9,Bachelor's,Single,Active,
EMP04190,Neha Sood,Neha,Sood,Male,1993-06-18,33,2022-11-04,3,Operations,Supply Chain Analyst,G3,MGR039,Bangalore,Contract,862582,7,Bachelor's,Single,Active,
EMP04191,Joshua Lad,Joshua,Lad,Male,1981-06-09,45,2016-03-05,10,Operations,Supply Chain Analyst,G5,MGR060,Pune,Full-Time,2397035,12,Bachelor's,Single,Active,
EMP04192,Aditya Varghese,Aditya,Varghese,Female,1985-06-20,41,2018-09-06,7,Marketing,SEO Analyst,G1,MGR045,Bangalore,Full-Time,335113,7,Diploma,Single,Resigned,2024-09-29
EMP04193,Nachiket Date,Nachiket,Date,Male,1972-11-22,53,2015-01-26,11,Operations,Operations Manager,G1,MGR007,Mumbai,Contract,489557,16,Diploma,Single,Resigned,2017-06-30
EMP04194,Kritika Loke,Kritika,Loke,Female,1972-09-24,53,2021-09-04,4,Finance,Financial Analyst,G3,MGR015,Mumbai,Contract,887274,7,PhD,Single,Active,
EMP04195,Chatresh Prabhakar,Chatresh,Prabhakar,Female,1999-03-18,27,2021-10-23,4,Sales,Business Development Executive,G2,MGR090,Pune,Full-Time,554486,6,Master's,Single,Active,
EMP04196,Zaid Sahota,Zaid,Sahota,Female,1984-08-07,42,2024-05-15,2,Marketing,SEO Analyst,G5,MGR016,Mumbai,Contract,1682749,3,PhD,Single,Active,
EMP04197,Tanvi Goswami,Tanvi,Goswami,Male,1974-08-09,52,2018-05-25,8,Finance,Finance Manager,G3,MGR023,Delhi,Contract,994501,8,Master's,Married,Active,
EMP04198,Reva Pandya,Reva,Pandya,Male,1991-10-28,34,2025-06-26,1,Operations,Operations Manager,G5,MGR075,Delhi,Contract,1534474,2,Diploma,Married,Active,
EMP04199,Upadhriti Thakkar,Upadhriti,Thakkar,Male,1999-02-20,27,2019-12-04,6,Sales,Sales Executive,G4,MGR072,Delhi,Full-Time,1398901,6,PhD,Married,Active,
EMP04200,Bhavini Majumdar,Bhavini,Majumdar,Female,1989-05-18,37,2019-10-21,6,Finance,Financial Analyst,G4,MGR075,Bangalore,Contract,1218991,8,PhD,Single,Active,
EMP04201,Priya Verma,Priya,Verma,Female,2003-08-25,22,2019-02-05,7,IT,DevOps Engineer,G4,MGR094,Chennai,Contract,1314088,1,Master's,Single,Active,
EMP04202,Veer Mody,Veer,Mody,Male,1979-01-16,47,2021-11-29,4,HR,HR Manager,G4,MGR059,Pune,Contract,1263758,9,PhD,Married,Active,
EMP04203,Gagan Mody,Gagan,Mody,Female,1992-09-10,33,2019-01-02,7,IT,QA Engineer,G1,MGR089,Hyderabad,Contract,378487,11,PhD,Single,Active,
EMP04204,Niharika Munshi,Niharika,Munshi,Male,1987-08-20,38,2019-03-01,7,IT,Data Engineer,G1,MGR019,Hyderabad,Contract,409452,9,Bachelor's,Single,Active,
EMP04205,Gautam Buch,Gautam,Buch,Male,1973-02-05,53,2018-10-02,7,HR,HR Executive,G2,MGR072,Pune,Full-Time,558776,10,Master's,Married,Active,
EMP04206,Faraj Khatri,Faraj,Khatri,Female,2002-10-07,23,2016-07-04,10,Sales,Sales Manager,G2,MGR093,Pune,Contract,584982,2,PhD,Married,Active,
EMP04207,Girik Gandhi,Girik,Gandhi,Female,1993-04-06,33,2016-01-11,10,Finance,Finance Manager,G1,MGR087,Chennai,Contract,334486,12,Master's,Single,Active,
EMP04208,Dakshesh Chad,Dakshesh,Chad,Female,1975-01-12,51,2025-01-24,1,Operations,Operations Executive,G3,MGR085,Bangalore,Full-Time,962260,1,Master's,Single,Resigned,2025-09-03
EMP04209,Waida Anne,Waida,Anne,Female,1971-06-04,55,2016-06-30,10,Marketing,SEO Analyst,G4,MGR087,Bangalore,Full-Time,1341980,10,Diploma,Single,Active,
EMP04210,Panini Trivedi,Panini,Trivedi,Male,1987-04-11,39,2022-06-26,4,Finance,Finance Manager,G4,MGR099,Pune,Full-Time,1130772,6,Master's,Married,Active,
EMP04211,Laban Srinivasan,Laban,Srinivasan,Female,2003-02-27,23,2015-04-15,11,Marketing,SEO Analyst,G5,MGR013,Pune,Contract,2252867,2,Master's,Married,Active,
EMP04212,Widisha Varma,Widisha,Varma,Female,1993-06-28,33,2024-07-11,2,IT,QA Engineer,G4,MGR084,Bangalore,Full-Time,1471791,7,Master's,Married,Active,
EMP04213,Jeet Ravi,Jeet,Ravi,Male,1976-09-28,49,2025-03-20,1,Operations,Operations Manager,G3,MGR022,Pune,Full-Time,842895,1,Bachelor's,Single,Active,
EMP04214,Akshay Gupta,Akshay,Gupta,Female,2001-07-01,25,2016-01-03,10,Marketing,Marketing Executive,G5,MGR053,Bangalore,Contract,2157648,4,Diploma,Married,Active,
EMP04215,Abhimanyu Sandal,Abhimanyu,Sandal,Male,1979-07-22,47,2018-09-09,7,IT,Data Engineer,G3,MGR043,Pune,Full-Time,762616,9,Bachelor's,Married,Active,
EMP04216,Hemani Konda,Hemani,Konda,Female,1999-01-20,27,2020-03-23,6,IT,DevOps Engineer,G5,MGR085,Pune,Contract,1897487,6,PhD,Married,Active,
EMP04217,Brijesh Sen,Brijesh,Sen,Female,2001-08-13,24,2016-02-16,10,HR,Talent Acquisition Specialist,G3,MGR027,Hyderabad,Contract,991820,3,Master's,Single,Active,
EMP04218,Om Viswanathan,Om,Viswanathan,Male,1996-02-04,30,2019-08-04,7,Marketing,SEO Analyst,G2,MGR054,Chennai,Full-Time,535773,9,PhD,Married,Active,
EMP04219,Umang Gill,Umang,Gill,Female,1965-12-08,60,2024-07-17,2,Marketing,SEO Analyst,G2,MGR055,Pune,Full-Time,630372,6,Bachelor's,Single,Active,
EMP04220,Falan Peri,Falan,Peri,Male,1994-07-09,32,2016-07-17,10,IT,QA Engineer,G3,MGR076,Delhi,Contract,891595,11,Diploma,Married,Resigned,2018-10-23
EMP04221,Yoshita Pandit,Yoshita,Pandit,Female,1974-03-21,52,2022-11-23,3,Finance,Finance Manager,G3,MGR072,Bangalore,Contract,802064,5,Bachelor's,Married,Active,
EMP04222,Charan Sami,Charan,Sami,Female,1991-07-27,35,2022-10-08,3,IT,Data Analyst,G5,MGR061,Delhi,Contract,2271197,3,Diploma,Single,Active,
EMP04223,Warhi Raghavan,Warhi,Raghavan,Male,1970-05-20,56,2023-01-31,3,HR,HR Executive,G4,MGR042,Delhi,Full-Time,1319870,3,Bachelor's,Single,Active,
EMP04224,Onkar Prakash,Onkar,Prakash,Male,1977-05-11,49,2015-11-30,10,Operations,Operations Manager,G1,MGR060,Pune,Full-Time,475417,14,PhD,Married,Active,
EMP04225,Isaiah Nigam,Isaiah,Nigam,Female,1999-01-26,27,2024-02-13,2,Marketing,SEO Analyst,G1,MGR093,Pune,Full-Time,434393,6,Bachelor's,Single,Active,
EMP04226,Zaid Zacharia,Zaid,Zacharia,Male,1973-02-14,53,2024-11-10,1,IT,Data Engineer,G3,MGR038,Delhi,Full-Time,972136,6,Diploma,Married,Active,
EMP04227,Jacob Mannan,Jacob,Mannan,Male,1983-08-20,42,2024-11-16,1,Finance,Finance Manager,G3,MGR015,Pune,Contract,949461,1,Master's,Single,Active,
EMP04228,Chandani Subramanian,Chandani,Subramanian,Male,1987-12-07,38,2018-04-21,8,HR,HR Executive,G3,MGR064,Pune,Full-Time,751116,8,Bachelor's,Single,Active,
EMP04229,Chaaya Lanka,Chaaya,Lanka,Female,1995-04-29,31,2018-02-03,8,HR,HR Manager,G1,MGR008,Bangalore,Contract,358763,10,Bachelor's,Married,Active,
EMP04230,Tanay Agate,Tanay,Agate,Male,1987-05-05,39,2017-07-03,9,HR,HR Executive,G3,MGR015,Mumbai,Contract,972921,14,Bachelor's,Single,Active,
EMP04231,Meera Kalla,Meera,Kalla,Female,2003-06-06,23,2016-09-30,9,Marketing,SEO Analyst,G4,MGR054,Chennai,Contract,1323102,2,PhD,Single,Active,
EMP04232,Dalaja Varma,Dalaja,Varma,Female,1985-04-06,41,2015-02-05,11,Operations,Operations Executive,G4,MGR006,Chennai,Full-Time,1086050,15,Bachelor's,Married,Active,
EMP04233,Balendra Sheth,Balendra,Sheth,Female,1984-05-30,42,2018-03-11,8,Operations,Supply Chain Analyst,G3,MGR050,Mumbai,Full-Time,811717,11,Bachelor's,Married,Active,
EMP04234,Vinaya Bhandari,Vinaya,Bhandari,Male,1969-09-15,56,2017-09-09,8,Finance,Financial Analyst,G5,MGR070,Delhi,Contract,1895288,9,Bachelor's,Single,Active,
EMP04235,Ishani Ahuja,Ishani,Ahuja,Female,1987-10-28,38,2025-07-19,1,Marketing,SEO Analyst,G3,MGR035,Delhi,Contract,886631,3,PhD,Single,Active,
EMP04236,Triveni Narasimhan,Triveni,Narasimhan,Female,2002-10-19,23,2016-08-23,9,Operations,Operations Executive,G3,MGR033,Bangalore,Full-Time,956636,2,PhD,Married,Active,
EMP04237,Chanchal Pandya,Chanchal,Pandya,Female,1991-04-29,35,2015-01-08,11,Finance,Financial Analyst,G3,MGR037,Bangalore,Contract,752896,11,PhD,Married,Active,
EMP04238,Hredhaan Ahluwalia,Hredhaan,Ahluwalia,Male,2000-10-21,25,2018-04-12,8,Operations,Operations Manager,G2,MGR018,Delhi,Contract,583119,4,PhD,Married,Resigned,2021-04-02
EMP04239,Quincy Ratti,Quincy,Ratti,Male,1966-02-12,60,2017-10-21,8,HR,HR Executive,G4,MGR072,Bangalore,Full-Time,1486766,10,Bachelor's,Single,Active,
EMP04240,Isha Andra,Isha,Andra,Female,1996-07-13,30,2021-10-31,4,Marketing,Digital Marketing Specialist,G3,MGR068,Mumbai,Full-Time,836646,4,PhD,Married,Resigned,2022-09-10
EMP04241,Raagini Swamy,Raagini,Swamy,Male,1998-07-28,28,2023-09-19,2,Sales,Business Development Executive,G1,MGR033,Mumbai,Full-Time,394909,7,Diploma,Single,Resigned,2024-07-21
EMP04242,Frado Wadhwa,Frado,Wadhwa,Male,1997-02-22,29,2017-04-13,9,Marketing,SEO Analyst,G2,MGR097,Pune,Full-Time,572103,8,PhD,Single,Active,
EMP04243,Yoshita Dube,Yoshita,Dube,Female,1971-07-24,55,2015-06-28,11,Sales,Sales Manager,G1,MGR062,Bangalore,Full-Time,457076,15,Diploma,Single,Resigned,2022-06-23
EMP04244,Jatin Sura,Jatin,Sura,Male,1972-03-26,54,2017-08-19,8,Marketing,SEO Analyst,G5,MGR081,Chennai,Contract,2196298,11,Bachelor's,Single,Resigned,2017-09-30
EMP04245,Nachiket Krishna,Nachiket,Krishna,Male,1969-05-08,57,2015-01-03,11,Marketing,Digital Marketing Specialist,G5,MGR082,Hyderabad,Contract,1698379,14,Bachelor's,Married,Resigned,2018-11-07
EMP04246,Upma Rana,Upma,Rana,Male,1968-12-06,57,2020-11-30,5,Marketing,Digital Marketing Specialist,G3,MGR094,Pune,Contract,752478,8,Diploma,Single,Resigned,2024-02-05
EMP04247,Chandani Patla,Chandani,Patla,Female,1973-02-19,53,2021-04-18,5,IT,DevOps Engineer,G5,MGR037,Mumbai,Full-Time,1746570,7,Master's,Single,Active,
EMP04248,Priya Gopal,Priya,Gopal,Female,1980-03-23,46,2017-02-09,9,Finance,Accountant,G2,MGR073,Delhi,Contract,574394,12,PhD,Single,Active,
EMP04249,Amruta Chopra,Amruta,Chopra,Female,1967-04-08,59,2024-04-17,2,Marketing,SEO Analyst,G2,MGR038,Mumbai,Contract,548560,7,Diploma,Single,Active,
EMP04250,Reva Sarna,Reva,Sarna,Male,1995-07-15,31,2023-04-21,3,Sales,Sales Executive,G1,MGR025,Mumbai,Full-Time,398613,3,Bachelor's,Single,Active,
EMP04251,Neel Dey,Neel,Dey,Female,1999-04-25,27,2025-10-10,0,HR,HR Manager,G3,MGR065,Mumbai,Full-Time,951721,5,Diploma,Single,Active,
EMP04252,Irya Saraf,Irya,Saraf,Male,1981-05-30,45,2020-07-23,6,Marketing,SEO Analyst,G5,MGR077,Pune,Full-Time,1952643,9,Master's,Single,Active,
EMP04253,Abdul Parmer,Abdul,Parmer,Male,1986-02-12,40,2023-08-01,3,HR,HR Manager,G3,MGR023,Pune,Contract,888718,7,Diploma,Married,Active,
EMP04254,Rushil Choudhry,Rushil,Choudhry,Male,1968-10-28,57,2016-01-04,10,Marketing,Digital Marketing Specialist,G4,MGR074,Bangalore,Full-Time,1265673,12,PhD,Married,Resigned,2019-03-26
EMP04255,Bhavani Baria,Bhavani,Baria,Male,1969-10-13,56,2024-11-10,1,Marketing,Marketing Executive,G1,MGR036,Bangalore,Full-Time,397631,3,PhD,Married,Active,
EMP04256,Kiaan Rana,Kiaan,Rana,Male,1994-11-06,31,2024-09-14,1,HR,HR Executive,G1,MGR018,Bangalore,Contract,401964,1,Diploma,Single,Resigned,2025-08-07
EMP04257,Garima Balay,Garima,Balay,Male,1974-09-03,51,2019-04-30,7,Sales,Business Development Executive,G3,MGR040,Mumbai,Contract,947189,8,Bachelor's,Married,Resigned,2020-09-09
EMP04258,Rushil Srinivas,Rushil,Srinivas,Female,1993-08-29,32,2024-02-29,2,IT,QA Engineer,G3,MGR065,Pune,Contract,891943,3,Diploma,Single,Active,
EMP04259,Amaira Dani,Amaira,Dani,Male,1989-01-16,37,2016-10-13,9,HR,HR Manager,G2,MGR018,Bangalore,Full-Time,624408,9,Bachelor's,Single,Active,
EMP04260,Oviya Suresh,Oviya,Suresh,Male,1998-11-07,27,2023-01-28,3,IT,Software Engineer,G2,MGR020,Mumbai,Contract,599785,4,Master's,Single,Active,
EMP04261,Warhi Datta,Warhi,Datta,Female,1995-03-17,31,2018-04-22,8,Marketing,SEO Analyst,G2,MGR045,Mumbai,Full-Time,677337,10,Bachelor's,Married,Active,
EMP04262,Ekta Ratta,Ekta,Ratta,Female,1980-02-07,46,2025-09-11,0,Operations,Supply Chain Analyst,G3,MGR049,Mumbai,Full-Time,959161,2,Diploma,Married,Active,
EMP04263,Yachana Ramachandran,Yachana,Ramachandran,Male,1974-04-04,52,2019-04-26,7,Finance,Accountant,G3,MGR021,Mumbai,Contract,847921,8,Master's,Married,Active,
EMP04264,Karan Choudhary,Karan,Choudhary,Female,1998-06-08,28,2024-06-23,2,HR,HR Executive,G4,MGR090,Hyderabad,Contract,1477894,7,PhD,Married,Active,
EMP04265,Hritik Bail,Hritik,Bail,Male,1977-06-13,49,2024-01-10,2,Finance,Financial Analyst,G2,MGR019,Bangalore,Full-Time,698214,5,Master's,Married,Active,
EMP04266,Jonathan Dugal,Jonathan,Dugal,Male,1981-06-06,45,2018-03-29,8,Marketing,Digital Marketing Specialist,G5,MGR049,Bangalore,Full-Time,1555153,12,Diploma,Married,Active,
EMP04267,Hemangini Tella,Hemangini,Tella,Male,1978-01-05,48,2024-07-15,2,Marketing,SEO Analyst,G4,MGR029,Pune,Full-Time,1478429,3,Diploma,Single,Active,
EMP04268,Agastya Khalsa,Agastya,Khalsa,Female,1975-07-10,51,2024-12-16,1,Marketing,SEO Analyst,G3,MGR012,Pune,Contract,797060,5,Bachelor's,Married,Active,
EMP04269,Charles Oommen,Charles,Oommen,Female,1966-01-11,60,2022-08-03,4,Operations,Operations Manager,G2,MGR060,Chennai,Full-Time,667595,9,PhD,Single,Active,
EMP04270,Pushti Anand,Pushti,Anand,Male,1980-03-07,46,2020-11-29,5,Operations,Supply Chain Analyst,G3,MGR065,Delhi,Full-Time,884702,10,Master's,Married,Active,
EMP04271,Radha Srinivasan,Radha,Srinivasan,Female,1981-09-26,44,2023-08-02,3,Marketing,Digital Marketing Specialist,G5,MGR099,Delhi,Contract,2092607,6,Bachelor's,Married,Active,
EMP04272,Bimala Manda,Bimala,Manda,Male,1993-05-09,33,2021-07-07,5,Operations,Operations Executive,G3,MGR050,Chennai,Full-Time,811671,9,Master's,Married,Active,
EMP04273,Vedika Butala,Vedika,Butala,Female,1995-02-21,31,2020-12-02,5,Finance,Accountant,G4,MGR083,Hyderabad,Contract,1273938,9,Master's,Single,Active,
EMP04274,Pushti Kota,Pushti,Kota,Male,1979-12-18,46,2020-12-10,5,IT,QA Engineer,G4,MGR067,Delhi,Contract,1230204,7,Diploma,Single,Active,
EMP04275,Michael Vaidya,Michael,Vaidya,Male,1995-06-23,31,2025-02-26,1,HR,HR Manager,G4,MGR010,Delhi,Full-Time,1252883,4,Master's,Single,Active,
EMP04276,Rachit Krish,Rachit,Krish,Male,1965-11-29,60,2024-11-01,1,IT,Data Analyst,G5,MGR048,Chennai,Contract,2330458,1,Master's,Single,Active,
EMP04277,Avni Contractor,Avni,Contractor,Female,1980-09-27,45,2020-01-28,6,IT,Data Engineer,G2,MGR006,Chennai,Full-Time,547482,7,Diploma,Single,Active,
EMP04278,Adya Kota,Adya,Kota,Male,1967-12-03,58,2018-03-27,8,Finance,Financial Analyst,G3,MGR080,Hyderabad,Full-Time,756806,13,Master's,Single,Active,
EMP04279,Pushti Issac,Pushti,Issac,Male,1984-03-04,42,2020-07-12,6,Finance,Finance Manager,G1,MGR073,Delhi,Full-Time,401608,11,Master's,Single,Active,
EMP04280,Urvi Chauhan,Urvi,Chauhan,Male,1985-06-17,41,2015-11-14,10,HR,HR Executive,G2,MGR063,Pune,Contract,685310,14,Master's,Married,Active,
EMP04281,Yadavi Golla,Yadavi,Golla,Male,1989-10-04,36,2020-03-20,6,Sales,Business Development Executive,G2,MGR028,Delhi,Full-Time,624727,8,Bachelor's,Married,Active,
EMP04282,Ranbir Dixit,Ranbir,Dixit,Male,1986-12-30,39,2018-06-21,8,Sales,Sales Executive,G1,MGR003,Hyderabad,Contract,311307,11,Master's,Single,Active,
EMP04283,Veer Dara,Veer,Dara,Female,1967-06-21,59,2015-09-16,10,Marketing,Marketing Executive,G2,MGR081,Delhi,Contract,597096,10,Diploma,Single,Active,
EMP04284,Kevin Rattan,Kevin,Rattan,Male,1988-08-16,37,2025-03-18,1,Finance,Accountant,G4,MGR001,Hyderabad,Full-Time,1021503,1,Diploma,Single,Resigned,2025-04-16
EMP04285,Anusha Handa,Anusha,Handa,Male,1970-12-10,55,2023-02-17,3,IT,Data Analyst,G4,MGR028,Chennai,Full-Time,1293393,3,Diploma,Single,Active,
EMP04286,Madhav Sandhu,Madhav,Sandhu,Male,1999-02-26,27,2025-04-03,1,Marketing,Marketing Executive,G4,MGR026,Bangalore,Full-Time,1296900,4,PhD,Married,Active,
EMP04287,Andrew Iyengar,Andrew,Iyengar,Female,2002-10-27,23,2015-09-23,10,IT,Software Engineer,G3,MGR011,Pune,Contract,859863,2,Bachelor's,Single,Active,
EMP04288,Gavin Behl,Gavin,Behl,Female,1970-01-11,56,2021-05-13,5,Sales,Sales Manager,G2,MGR043,Chennai,Contract,654684,7,PhD,Married,Active,
EMP04289,Lajita Reddy,Lajita,Reddy,Male,1986-09-29,39,2015-03-22,11,HR,HR Manager,G3,MGR077,Hyderabad,Contract,858032,13,Diploma,Single,Active,
EMP04290,Damini Kashyap,Damini,Kashyap,Male,1997-02-12,29,2015-12-09,10,Marketing,SEO Analyst,G2,MGR034,Delhi,Full-Time,585353,8,PhD,Married,Active,
EMP04291,Tristan Nayar,Tristan,Nayar,Female,1965-02-02,61,2024-11-14,1,HR,HR Manager,G2,MGR084,Mumbai,Contract,566016,6,Bachelor's,Married,Active,
EMP04292,Pooja Srinivas,Pooja,Srinivas,Male,1994-08-01,32,2020-03-11,6,Operations,Operations Manager,G3,MGR057,Hyderabad,Full-Time,963814,7,Bachelor's,Single,Active,
EMP04293,Darsh Uppal,Darsh,Uppal,Female,1969-01-16,57,2022-09-28,3,HR,Talent Acquisition Specialist,G2,MGR031,Pune,Contract,503760,4,PhD,Married,Active,
EMP04294,Prisha Behl,Prisha,Behl,Male,1972-12-24,53,2020-09-21,5,Operations,Operations Manager,G5,MGR064,Mumbai,Full-Time,1511405,10,Master's,Married,Active,
EMP04295,Daksha Choudhary,Daksha,Choudhary,Female,1983-09-22,42,2019-05-23,7,Sales,Sales Manager,G2,MGR049,Pune,Full-Time,648808,9,PhD,Married,Active,
EMP04296,Amruta Patla,Amruta,Patla,Male,1993-08-05,33,2015-06-20,11,Finance,Finance Manager,G4,MGR054,Bangalore,Contract,1064492,12,Master's,Married,Active,
EMP04297,Avni Panchal,Avni,Panchal,Female,1980-06-09,46,2020-03-31,6,Sales,Business Development Executive,G1,MGR089,Delhi,Contract,364256,6,Master's,Single,Active,
EMP04298,Omya Koshy,Omya,Koshy,Female,1987-07-09,39,2023-05-16,3,Marketing,Marketing Executive,G2,MGR060,Mumbai,Full-Time,636609,4,PhD,Married,Active,
EMP04299,Ekaja Batta,Ekaja,Batta,Female,1976-07-13,50,2023-06-25,3,Operations,Supply Chain Analyst,G3,MGR064,Bangalore,Contract,767156,4,Master's,Married,Active,
EMP04300,Qabil Baria,Qabil,Baria,Male,1973-06-26,53,2025-01-02,1,Operations,Operations Executive,G1,MGR083,Pune,Contract,340717,5,PhD,Married,Active,
EMP04301,Aadi Ben,Aadi,Ben,Female,1981-02-09,45,2025-01-30,1,HR,Talent Acquisition Specialist,G5,MGR028,Mumbai,Full-Time,1680565,4,Master's,Single,Active,
EMP04302,Ekanta Kala,Ekanta,Kala,Female,1983-09-19,42,2020-10-09,5,HR,HR Executive,G5,MGR094,Hyderabad,Contract,2127751,9,Master's,Married,Active,
EMP04303,Bhavika Sodhi,Bhavika,Sodhi,Male,1994-10-23,31,2015-01-22,11,HR,Talent Acquisition Specialist,G5,MGR001,Pune,Full-Time,2073758,10,PhD,Married,Active,
EMP04304,Ati Chaudhuri,Ati,Chaudhuri,Male,1981-05-24,45,2022-07-15,4,Sales,Sales Manager,G1,MGR040,Pune,Full-Time,326030,9,Master's,Single,Active,
EMP04305,Raagini Goyal,Raagini,Goyal,Male,1974-07-04,52,2015-10-11,10,Finance,Accountant,G5,MGR021,Chennai,Full-Time,1786603,11,Master's,Married,Resigned,2020-01-25
EMP04306,Vyanjana Patla,Vyanjana,Patla,Female,1980-02-27,46,2015-06-09,11,Marketing,Marketing Executive,G4,MGR077,Hyderabad,Contract,1105902,11,Master's,Married,Active,
EMP04307,Gaurika Modi,Gaurika,Modi,Male,1970-06-02,56,2024-10-10,1,Finance,Accountant,G1,MGR078,Chennai,Full-Time,471845,2,Diploma,Married,Active,
EMP04308,Isaac Chatterjee,Isaac,Chatterjee,Male,1966-08-05,60,2016-07-23,10,Sales,Sales Manager,G2,MGR097,Pune,Contract,536261,14,PhD,Married,Active,
EMP04309,Agastya De,Agastya,De,Female,1993-03-12,33,2017-02-11,9,Marketing,Marketing Executive,G5,MGR049,Mumbai,Full-Time,1681543,9,PhD,Married,Active,
EMP04310,Garima Patel,Garima,Patel,Male,1968-12-08,57,2018-06-21,8,HR,HR Executive,G1,MGR044,Mumbai,Contract,420269,10,Master's,Single,Active,
EMP04311,Janaki Wadhwa,Janaki,Wadhwa,Male,1984-05-16,42,2023-02-02,3,Finance,Accountant,G5,MGR004,Hyderabad,Contract,1731463,8,Diploma,Married,Resigned,2025-08-29
EMP04312,Kamya Khanna,Kamya,Khanna,Male,2002-05-26,24,2025-02-24,1,Operations,Supply Chain Analyst,G1,MGR064,Bangalore,Full-Time,408273,3,Master's,Married,Resigned,2026-07-14
EMP04313,Anya Kade,Anya,Kade,Female,1988-11-17,37,2018-03-10,8,Operations,Operations Manager,G3,MGR072,Chennai,Contract,829040,11,Master's,Single,Active,
EMP04314,Leena Chahal,Leena,Chahal,Female,2000-12-08,25,2024-03-27,2,HR,Talent Acquisition Specialist,G3,MGR078,Hyderabad,Full-Time,874970,2,Master's,Married,Active,
EMP04315,Hitesh De,Hitesh,De,Female,1966-03-09,60,2023-03-02,3,Operations,Operations Manager,G2,MGR003,Pune,Full-Time,532012,5,PhD,Single,Active,
EMP04316,Jai Barman,Jai,Barman,Female,1984-12-26,41,2020-11-27,5,Finance,Financial Analyst,G3,MGR073,Delhi,Full-Time,809441,5,PhD,Married,Active,
EMP04317,Rayaan Hans,Rayaan,Hans,Male,1998-05-18,28,2019-11-01,6,Marketing,Marketing Executive,G2,MGR073,Bangalore,Full-Time,562105,7,Diploma,Single,Active,
EMP04318,Sanaya Chaudhary,Sanaya,Chaudhary,Female,1973-10-06,52,2021-09-02,4,Finance,Finance Manager,G2,MGR048,Hyderabad,Full-Time,667666,7,PhD,Single,Active,
EMP04319,Falan Oza,Falan,Oza,Female,1972-02-04,54,2018-06-29,8,Finance,Finance Manager,G4,MGR005,Pune,Full-Time,1422944,13,Diploma,Single,Active,
EMP04320,Charvi Som,Charvi,Som,Male,1987-01-02,39,2017-08-31,8,Operations,Operations Executive,G3,MGR026,Hyderabad,Full-Time,992124,9,Bachelor's,Single,Active,
EMP04321,Saksham Walla,Saksham,Walla,Female,1984-03-26,42,2021-06-30,5,Finance,Financial Analyst,G2,MGR064,Chennai,Contract,645016,10,PhD,Single,Active,
EMP04322,Mitesh Bassi,Mitesh,Bassi,Male,1980-08-20,45,2025-01-18,1,Operations,Supply Chain Analyst,G5,MGR075,Pune,Full-Time,2213929,4,Master's,Single,Active,
EMP04323,Joshua Handa,Joshua,Handa,Male,1997-05-15,29,2025-03-10,1,Sales,Sales Executive,G5,MGR036,Mumbai,Full-Time,1945152,2,PhD,Single,Active,
EMP04324,Omya Krishnan,Omya,Krishnan,Male,1993-11-23,32,2021-09-21,4,Marketing,Marketing Executive,G5,MGR085,Chennai,Contract,1941134,8,Master's,Single,Active,
EMP04325,Idika Pau,Idika,Pau,Female,1986-08-06,40,2018-09-15,7,IT,Data Engineer,G2,MGR085,Hyderabad,Full-Time,604075,8,PhD,Married,Active,
EMP04326,Saumya Dalal,Saumya,Dalal,Female,1981-11-05,44,2021-11-27,4,Marketing,Marketing Executive,G2,MGR070,Bangalore,Contract,692103,5,Master's,Married,Active,
EMP04327,Rajata Bir,Rajata,Bir,Female,1977-10-24,48,2024-03-19,2,Marketing,Marketing Executive,G2,MGR099,Pune,Full-Time,526043,4,PhD,Married,Active,
EMP04328,Vasudha Saini,Vasudha,Saini,Male,1972-08-19,53,2019-05-04,7,Operations,Operations Executive,G1,MGR006,Hyderabad,Full-Time,435763,11,PhD,Single,Active,
EMP04329,Yahvi Bains,Yahvi,Bains,Female,1998-03-08,28,2016-05-16,10,Marketing,Digital Marketing Specialist,G2,MGR077,Delhi,Full-Time,537909,7,Master's,Married,Active,
EMP04330,Ojas Mahal,Ojas,Mahal,Male,2002-07-11,24,2019-12-09,6,Operations,Operations Executive,G5,MGR057,Pune,Contract,2040604,3,Master's,Married,Resigned,2025-11-11
EMP04331,Kai Mann,Kai,Mann,Female,1973-12-02,52,2015-05-02,11,IT,DevOps Engineer,G3,MGR087,Hyderabad,Contract,876645,12,Master's,Single,Active,
EMP04332,Chakradev Bhat,Chakradev,Bhat,Female,1983-11-06,42,2024-03-20,2,Operations,Operations Manager,G1,MGR027,Pune,Contract,431445,5,Bachelor's,Single,Resigned,2025-01-09
EMP04333,Mitali Talwar,Mitali,Talwar,Male,2003-07-20,23,2023-10-22,2,HR,Talent Acquisition Specialist,G4,MGR006,Bangalore,Contract,1103207,2,PhD,Married,Active,
EMP04334,Yochana Borde,Yochana,Borde,Male,1985-05-01,41,2015-08-28,10,HR,HR Manager,G1,MGR093,Hyderabad,Contract,419664,11,Diploma,Married,Active,
EMP04335,Noah Sarma,Noah,Sarma,Female,1965-11-12,60,2020-10-12,5,Finance,Finance Manager,G2,MGR011,Pune,Contract,611814,5,PhD,Married,Active,
EMP04336,Yashodhara Rajagopalan,Yashodhara,Rajagopalan,Male,1971-02-06,55,2019-04-28,7,Finance,Financial Analyst,G3,MGR084,Delhi,Contract,756253,7,Bachelor's,Married,Active,
EMP04337,Madhavi Rattan,Madhavi,Rattan,Female,1973-10-08,52,2021-05-18,5,Sales,Business Development Executive,G3,MGR027,Bangalore,Contract,969902,10,Diploma,Single,Resigned,2026-07-17
EMP04338,Anita Jhaveri,Anita,Jhaveri,Male,1965-05-07,61,2025-02-10,1,Marketing,Digital Marketing Specialist,G1,MGR081,Mumbai,Full-Time,401574,5,Bachelor's,Single,Active,
EMP04339,Qarin Aggarwal,Qarin,Aggarwal,Male,1987-09-12,38,2021-08-23,4,Marketing,Marketing Executive,G5,MGR014,Chennai,Contract,2381861,8,Bachelor's,Single,Active,
EMP04340,Nathaniel Kamdar,Nathaniel,Kamdar,Male,1969-05-14,57,2024-07-04,2,Marketing,Marketing Executive,G4,MGR047,Hyderabad,Contract,1386411,4,Diploma,Single,Resigned,2025-10-06
EMP04341,Aditya Varghese,Aditya,Varghese,Female,1996-12-22,29,2019-12-06,6,Operations,Operations Manager,G2,MGR053,Mumbai,Contract,533067,7,Diploma,Married,Active,
EMP04342,Tamanna Thakur,Tamanna,Thakur,Male,1972-07-16,54,2020-09-21,5,IT,DevOps Engineer,G4,MGR096,Pune,Contract,1176682,6,Bachelor's,Single,Active,
EMP04343,Aashi Mitter,Aashi,Mitter,Female,1977-12-29,48,2021-05-21,5,HR,HR Executive,G2,MGR018,Delhi,Contract,585499,10,Bachelor's,Married,Active,
EMP04344,Thomas Minhas,Thomas,Minhas,Male,1987-01-24,39,2019-09-29,6,Operations,Operations Manager,G1,MGR067,Mumbai,Contract,324334,9,PhD,Married,Active,
EMP04345,Amrita Dani,Amrita,Dani,Male,1991-09-29,34,2016-03-25,10,Sales,Sales Executive,G4,MGR099,Bangalore,Contract,1050142,11,Bachelor's,Married,Active,
EMP04346,Onveer Kapur,Onveer,Kapur,Male,2003-12-16,22,2023-04-12,3,HR,HR Manager,G1,MGR043,Pune,Full-Time,361413,1,Master's,Married,Active,
EMP04347,Chakradev Walla,Chakradev,Walla,Female,1978-12-17,47,2021-08-24,4,Sales,Business Development Executive,G5,MGR042,Hyderabad,Contract,1962399,5,Master's,Married,Active,
EMP04348,Wazir Manne,Wazir,Manne,Female,1996-10-18,29,2017-11-02,8,Marketing,Marketing Executive,G1,MGR063,Mumbai,Full-Time,435078,8,Bachelor's,Married,Resigned,2018-07-02
EMP04349,Manbir Mall,Manbir,Mall,Female,1986-02-18,40,2018-02-18,8,IT,Data Engineer,G1,MGR099,Pune,Contract,357131,11,Bachelor's,Married,Active,
EMP04350,Kiaan Madan,Kiaan,Madan,Female,1981-10-02,44,2015-08-09,10,Marketing,SEO Analyst,G4,MGR089,Hyderabad,Contract,1169458,13,PhD,Married,Active,
EMP04351,Charan Kothari,Charan,Kothari,Female,1968-07-05,58,2017-07-24,9,Finance,Accountant,G2,MGR096,Mumbai,Full-Time,588988,12,Diploma,Single,Active,
EMP04352,Shivansh Warrior,Shivansh,Warrior,Female,2002-02-05,24,2025-01-23,1,HR,Talent Acquisition Specialist,G5,MGR058,Hyderabad,Contract,2490173,3,PhD,Single,Resigned,2025-04-23
EMP04353,Aarav Palan,Aarav,Palan,Male,1983-11-20,42,2024-03-04,2,Sales,Business Development Executive,G1,MGR078,Mumbai,Full-Time,361947,4,PhD,Married,Active,
EMP04354,Jyoti Nair,Jyoti,Nair,Female,2002-12-28,23,2016-01-24,10,IT,QA Engineer,G3,MGR075,Hyderabad,Full-Time,806416,2,Bachelor's,Single,Resigned,2017-06-24
EMP04355,Aishani Deol,Aishani,Deol,Male,1995-02-11,31,2025-04-14,1,Finance,Accountant,G5,MGR032,Bangalore,Full-Time,2271477,6,Diploma,Married,Active,
EMP04356,Nilima Menon,Nilima,Menon,Male,2001-08-01,25,2025-10-05,0,IT,Data Analyst,G1,MGR002,Hyderabad,Contract,474145,0,Master's,Married,Active,
EMP04357,Ekta Bhandari,Ekta,Bhandari,Male,2002-10-18,23,2025-08-11,0,Marketing,Digital Marketing Specialist,G4,MGR066,Hyderabad,Contract,1266744,2,Master's,Married,Resigned,2026-04-11
EMP04358,Advaith Parekh,Advaith,Parekh,Female,1992-10-11,33,2023-03-20,3,Finance,Financial Analyst,G5,MGR011,Pune,Contract,2000264,7,Diploma,Married,Resigned,2024-02-23
EMP04359,Ati Goda,Ati,Goda,Female,1983-09-11,42,2015-10-02,10,Operations,Supply Chain Analyst,G1,MGR076,Delhi,Full-Time,398454,13,Master's,Single,Active,
EMP04360,Aahana Babu,Aahana,Babu,Male,1970-12-18,55,2023-07-18,3,Sales,Business Development Executive,G5,MGR051,Chennai,Contract,1917028,4,Master's,Single,Active,
EMP04361,Hitesh Raja,Hitesh,Raja,Male,1973-05-27,53,2025-07-25,1,Sales,Sales Manager,G1,MGR030,Pune,Contract,468159,1,Master's,Single,Active,
EMP04362,Aarini Jhaveri,Aarini,Jhaveri,Male,1966-10-07,59,2023-03-27,3,Sales,Sales Manager,G3,MGR029,Mumbai,Contract,749905,4,Master's,Married,Active,
EMP04363,Riya Kannan,Riya,Kannan,Male,1976-02-27,50,2022-12-26,3,Operations,Supply Chain Analyst,G4,MGR089,Pune,Full-Time,1452398,6,Master's,Single,Active,
EMP04364,Ekta Luthra,Ekta,Luthra,Female,1967-05-31,59,2018-05-17,8,Finance,Accountant,G5,MGR070,Hyderabad,Contract,1944762,10,Bachelor's,Married,Active,
EMP04365,Samar Rana,Samar,Rana,Female,1971-11-01,54,2016-04-10,10,Operations,Operations Executive,G3,MGR081,Bangalore,Contract,857297,15,Master's,Single,Resigned,2018-12-03
EMP04366,Sanaya Kata,Sanaya,Kata,Male,1980-06-14,46,2023-04-24,3,HR,Talent Acquisition Specialist,G5,MGR025,Delhi,Contract,2157384,4,Master's,Single,Resigned,2026-05-31
EMP04367,Radha Pillay,Radha,Pillay,Male,1972-12-30,53,2024-10-04,1,IT,Software Engineer,G5,MGR043,Chennai,Full-Time,2303169,4,Diploma,Single,Resigned,2025-01-27
EMP04368,Varenya Chander,Varenya,Chander,Female,1969-08-31,56,2025-12-16,0,Operations,Operations Manager,G1,MGR052,Delhi,Contract,356341,2,Bachelor's,Married,Active,
EMP04369,Warhi Golla,Warhi,Golla,Male,1968-06-25,58,2017-04-17,9,Finance,Finance Manager,G2,MGR009,Bangalore,Contract,581611,11,PhD,Married,Active,
EMP04370,Tripti Goyal,Tripti,Goyal,Male,1999-01-28,27,2020-05-21,6,Sales,Business Development Executive,G3,MGR083,Chennai,Full-Time,773982,6,Diploma,Single,Active,
EMP04371,Patrick Gulati,Patrick,Gulati,Female,1977-01-01,49,2021-01-28,5,HR,HR Executive,G3,MGR062,Bangalore,Full-Time,745557,5,PhD,Single,Active,
EMP04372,Vritti Gole,Vritti,Gole,Male,1977-04-14,49,2022-09-16,3,IT,Data Engineer,G5,MGR011,Chennai,Contract,1908404,7,Master's,Single,Active,
EMP04373,Baghyawati Bail,Baghyawati,Bail,Female,1972-09-14,53,2020-05-25,6,IT,Data Engineer,G3,MGR007,Hyderabad,Contract,953879,11,PhD,Married,Active,
EMP04374,Dayita Gaba,Dayita,Gaba,Male,1984-10-24,41,2020-09-26,5,Finance,Finance Manager,G4,MGR013,Delhi,Contract,1242477,9,Bachelor's,Single,Active,
EMP04375,Peter Ramesh,Peter,Ramesh,Male,2003-04-28,23,2022-10-14,3,Operations,Supply Chain Analyst,G1,MGR049,Delhi,Contract,429146,2,PhD,Single,Active,
EMP04376,Raghav Boase,Raghav,Boase,Male,1994-01-04,32,2019-12-02,6,Marketing,Digital Marketing Specialist,G2,MGR036,Bangalore,Contract,693084,6,PhD,Married,Resigned,2021-02-19
EMP04377,Ekbal Sandhu,Ekbal,Sandhu,Male,1996-05-16,30,2025-11-14,0,IT,Data Analyst,G5,MGR064,Chennai,Full-Time,2071577,5,Master's,Married,Resigned,2026-02-17
EMP04378,Suhani Rau,Suhani,Rau,Female,2002-05-22,24,2021-04-29,5,Finance,Finance Manager,G5,MGR085,Chennai,Contract,1591938,3,Master's,Married,Active,
EMP04379,Harish Vyas,Harish,Vyas,Male,1996-05-06,30,2016-12-31,9,IT,Data Analyst,G5,MGR022,Hyderabad,Contract,1648079,9,PhD,Single,Active,
EMP04380,Laksh Arora,Laksh,Arora,Male,1986-02-07,40,2019-02-12,7,Finance,Finance Manager,G4,MGR048,Bangalore,Contract,1278552,8,PhD,Married,Active,
EMP04381,Harish Purohit,Harish,Purohit,Male,1976-09-10,49,2023-05-19,3,Sales,Sales Manager,G2,MGR065,Pune,Full-Time,504735,7,Bachelor's,Single,Active,
EMP04382,Leena Bail,Leena,Bail,Female,1981-08-17,44,2015-03-20,11,Finance,Accountant,G2,MGR054,Hyderabad,Contract,542893,13,Master's,Single,Active,
EMP04383,Imaran Arya,Imaran,Arya,Female,1981-08-04,45,2025-11-07,0,Operations,Supply Chain Analyst,G4,MGR013,Bangalore,Full-Time,1121852,4,PhD,Single,Active,
EMP04384,Caleb Deo,Caleb,Deo,Female,1987-01-15,39,2019-12-01,6,Sales,Sales Executive,G2,MGR020,Delhi,Full-Time,645603,6,Diploma,Single,Active,
EMP04385,Yuvraj Chacko,Yuvraj,Chacko,Female,1979-03-08,47,2020-11-22,5,Operations,Supply Chain Analyst,G4,MGR015,Delhi,Contract,1143044,8,Bachelor's,Married,Active,
EMP04386,Amrita Dhar,Amrita,Dhar,Male,1994-07-09,32,2024-10-17,1,Operations,Operations Executive,G5,MGR026,Mumbai,Full-Time,2302999,1,PhD,Married,Active,
EMP04387,Agastya Andra,Agastya,Andra,Male,1989-10-01,36,2023-01-26,3,Sales,Business Development Executive,G5,MGR068,Mumbai,Contract,2329343,5,Diploma,Married,Active,
EMP04388,Hitesh Nigam,Hitesh,Nigam,Female,1989-02-27,37,2016-02-24,10,Sales,Sales Manager,G2,MGR019,Mumbai,Contract,694714,14,PhD,Single,Active,
EMP04389,Frederick Jain,Frederick,Jain,Female,1975-06-12,51,2023-03-21,3,Operations,Operations Manager,G2,MGR075,Chennai,Full-Time,529886,8,Master's,Married,Active,
EMP04390,Liam Srinivasan,Liam,Srinivasan,Male,1974-05-11,52,2025-06-02,1,Finance,Accountant,G5,MGR100,Chennai,Contract,2452842,4,PhD,Married,Active,
EMP04391,Sachi Gade,Sachi,Gade,Male,1983-04-27,43,2022-06-07,4,Operations,Operations Manager,G2,MGR012,Pune,Contract,640143,7,PhD,Married,Active,
EMP04392,Damyanti Narula,Damyanti,Narula,Female,2001-03-07,25,2023-09-05,2,Marketing,Digital Marketing Specialist,G4,MGR092,Mumbai,Contract,1351634,3,Diploma,Single,Active,
EMP04393,Varenya Dubey,Varenya,Dubey,Female,1976-11-16,49,2025-03-05,1,Sales,Business Development Executive,G5,MGR073,Mumbai,Full-Time,2438159,5,Master's,Single,Active,
EMP04394,Yagnesh Bhalla,Yagnesh,Bhalla,Female,1966-12-04,59,2022-07-01,4,Sales,Sales Executive,G3,MGR050,Pune,Full-Time,773550,6,Bachelor's,Single,Active,
EMP04395,Amara Dasgupta,Amara,Dasgupta,Female,1987-05-06,39,2017-02-08,9,Sales,Sales Manager,G1,MGR069,Bangalore,Full-Time,438451,10,PhD,Married,Active,
EMP04396,Ansh Basu,Ansh,Basu,Male,1991-01-12,35,2018-05-18,8,IT,DevOps Engineer,G2,MGR061,Mumbai,Contract,595506,11,PhD,Single,Active,
EMP04397,Harshil Minhas,Harshil,Minhas,Female,1986-05-06,40,2023-08-02,3,HR,HR Manager,G5,MGR005,Pune,Contract,1838482,8,Master's,Single,Active,
EMP04398,Harshil Vaidya,Harshil,Vaidya,Female,1988-07-15,38,2023-09-09,2,IT,Software Engineer,G5,MGR076,Chennai,Contract,2152125,6,Bachelor's,Married,Active,
EMP04399,Ojasvi Dhar,Ojasvi,Dhar,Female,1995-12-16,30,2015-03-09,11,Finance,Accountant,G3,MGR040,Chennai,Contract,715048,9,Master's,Married,Active,
EMP04400,Aarav Kapur,Aarav,Kapur,Male,2002-07-08,24,2018-03-21,8,Finance,Accountant,G4,MGR038,Chennai,Contract,1440860,3,Diploma,Married,Active,
EMP04401,Arjun Karan,Arjun,Karan,Female,1985-06-24,41,2016-08-06,10,HR,HR Executive,G2,MGR055,Bangalore,Contract,682880,10,Master's,Single,Active,
EMP04402,Prisha Rajan,Prisha,Rajan,Male,1965-06-21,61,2016-08-28,9,Sales,Sales Executive,G2,MGR100,Bangalore,Full-Time,620642,12,PhD,Married,Active,
EMP04403,Manan Pandit,Manan,Pandit,Female,1996-02-15,30,2021-04-25,5,HR,Talent Acquisition Specialist,G1,MGR014,Bangalore,Contract,383671,6,PhD,Single,Active,
EMP04404,Bhavini Kara,Bhavini,Kara,Female,1988-02-19,38,2024-12-28,1,IT,Data Analyst,G1,MGR044,Pune,Full-Time,430536,4,PhD,Single,Resigned,2026-06-12
EMP04405,Leena Chowdhury,Leena,Chowdhury,Female,1988-10-06,37,2024-12-02,1,Finance,Finance Manager,G2,MGR085,Mumbai,Full-Time,653464,6,Master's,Married,Active,
EMP04406,Vyanjana Gara,Vyanjana,Gara,Female,1980-03-12,46,2017-01-18,9,HR,HR Executive,G2,MGR039,Delhi,Contract,525143,13,Diploma,Single,Active,
EMP04407,Imaran Kapur,Imaran,Kapur,Female,1994-06-05,32,2015-12-16,10,Sales,Sales Manager,G5,MGR026,Mumbai,Full-Time,2128827,11,Diploma,Married,Active,
EMP04408,Harsh Manda,Harsh,Manda,Female,1991-05-06,35,2025-03-25,1,IT,DevOps Engineer,G1,MGR095,Delhi,Contract,391547,1,Master's,Single,Active,
EMP04409,Ishanvi Bose,Ishanvi,Bose,Female,2001-11-19,24,2024-03-01,2,HR,HR Manager,G1,MGR009,Mumbai,Contract,470600,2,Diploma,Single,Active,
EMP04410,Gauri Dani,Gauri,Dani,Male,1966-02-12,60,2022-09-14,3,Sales,Business Development Executive,G5,MGR068,Mumbai,Full-Time,1740335,5,Master's,Single,Active,
EMP04411,Jalsa Chad,Jalsa,Chad,Female,1971-01-21,55,2020-08-31,5,Marketing,Marketing Executive,G1,MGR024,Chennai,Contract,468231,8,Master's,Single,Active,
EMP04412,Caleb Dora,Caleb,Dora,Female,1967-02-15,59,2018-08-05,8,Sales,Sales Executive,G5,MGR025,Delhi,Full-Time,2481134,9,Diploma,Single,Active,
EMP04413,Pranav Sangha,Pranav,Sangha,Male,1976-10-13,49,2022-11-14,3,Operations,Supply Chain Analyst,G3,MGR073,Hyderabad,Contract,976977,3,Diploma,Married,Active,
EMP04414,Gaurika Golla,Gaurika,Golla,Male,1991-08-28,34,2024-10-19,1,HR,Talent Acquisition Specialist,G4,MGR040,Hyderabad,Full-Time,1185183,2,Bachelor's,Married,Active,
EMP04415,Pavani Doctor,Pavani,Doctor,Male,1995-11-01,30,2025-09-08,0,Finance,Financial Analyst,G5,MGR040,Chennai,Contract,1979575,5,Master's,Married,Active,
EMP04416,Charvi Mangat,Charvi,Mangat,Male,1966-03-26,60,2024-08-14,1,Operations,Operations Executive,G3,MGR001,Chennai,Contract,905781,6,PhD,Single,Active,
EMP04417,Ijaya Chawla,Ijaya,Chawla,Male,1971-03-20,55,2024-06-02,2,Operations,Supply Chain Analyst,G2,MGR007,Hyderabad,Contract,587695,6,Master's,Married,Active,
EMP04418,Anika Tata,Anika,Tata,Male,2002-12-21,23,2024-04-22,2,Finance,Accountant,G3,MGR066,Bangalore,Contract,710915,2,PhD,Married,Active,
EMP04419,Jyoti Lanka,Jyoti,Lanka,Male,2002-01-21,24,2024-01-08,2,Sales,Business Development Executive,G2,MGR013,Chennai,Contract,652997,3,Master's,Single,Active,
EMP04420,Faraj Agate,Faraj,Agate,Male,1996-08-15,29,2017-02-20,9,Finance,Accountant,G1,MGR099,Chennai,Contract,481903,8,Diploma,Single,Active,
EMP04421,Manthan Din,Manthan,Din,Female,2000-01-25,26,2018-01-19,8,Sales,Sales Executive,G3,MGR033,Delhi,Full-Time,798194,5,Diploma,Single,Active,
EMP04422,Ekaja Divan,Ekaja,Divan,Male,1970-11-13,55,2019-11-25,6,Operations,Operations Manager,G2,MGR063,Hyderabad,Full-Time,561486,7,Diploma,Single,Resigned,2023-03-22
EMP04423,Sanya Sridhar,Sanya,Sridhar,Male,1965-05-02,61,2021-11-12,4,Marketing,Marketing Executive,G1,MGR048,Mumbai,Full-Time,368989,8,Diploma,Single,Active,
EMP04424,Ekalinga Chowdhury,Ekalinga,Chowdhury,Male,2000-11-23,25,2017-03-14,9,Operations,Operations Executive,G5,MGR034,Delhi,Full-Time,1964492,4,PhD,Married,Active,
EMP04425,Prisha Mallick,Prisha,Mallick,Female,1983-07-27,43,2023-07-12,3,Marketing,Marketing Executive,G3,MGR006,Pune,Full-Time,990349,7,Master's,Single,Active,
EMP04426,Maanav Chana,Maanav,Chana,Female,1986-01-17,40,2024-05-01,2,Finance,Accountant,G1,MGR035,Mumbai,Contract,382305,5,Diploma,Single,Resigned,2025-09-14
EMP04427,Joshua Gopal,Joshua,Gopal,Female,1992-11-09,33,2025-11-03,0,Operations,Operations Manager,G5,MGR093,Pune,Contract,2471399,0,Diploma,Married,Active,
EMP04428,Lekha Pandit,Lekha,Pandit,Male,1978-03-26,48,2018-01-15,8,Sales,Sales Manager,G1,MGR085,Chennai,Contract,456400,12,Diploma,Married,Active,
EMP04429,Eiravati Talwar,Eiravati,Talwar,Male,2003-12-04,22,2024-05-15,2,Sales,Sales Manager,G4,MGR019,Hyderabad,Contract,1442192,1,Master's,Married,Resigned,2026-03-04
EMP04430,Vasana Sachdev,Vasana,Sachdev,Female,1994-12-03,31,2018-09-24,7,HR,Talent Acquisition Specialist,G4,MGR064,Hyderabad,Contract,1115255,10,Master's,Married,Active,
EMP04431,Gauri Devi,Gauri,Devi,Male,1972-07-26,54,2022-06-07,4,HR,HR Manager,G3,MGR030,Chennai,Full-Time,769612,4,Bachelor's,Single,Active,
EMP04432,Yatan Rajagopal,Yatan,Rajagopal,Female,1987-11-23,38,2024-06-28,2,Finance,Finance Manager,G1,MGR083,Hyderabad,Full-Time,438016,2,PhD,Single,Active,
EMP04433,Omya Tank,Omya,Tank,Male,1983-02-13,43,2017-06-11,9,Operations,Operations Manager,G5,MGR008,Delhi,Contract,2486160,11,Bachelor's,Single,Active,
EMP04434,Waida Walia,Waida,Walia,Male,1993-04-05,33,2017-03-28,9,IT,Data Analyst,G3,MGR015,Pune,Contract,925954,12,Bachelor's,Married,Active,
EMP04435,Victor Rajagopalan,Victor,Rajagopalan,Female,1973-06-02,53,2018-05-01,8,Finance,Financial Analyst,G5,MGR025,Hyderabad,Full-Time,2327032,9,Bachelor's,Single,Active,
EMP04436,Fiyaz Sama,Fiyaz,Sama,Female,1968-06-01,58,2021-11-04,4,Operations,Operations Manager,G5,MGR022,Bangalore,Contract,1668274,9,Master's,Single,Active,
EMP04437,Theodore Chahal,Theodore,Chahal,Female,1996-03-25,30,2022-08-23,3,Operations,Operations Manager,G3,MGR068,Hyderabad,Contract,707920,5,Master's,Single,Resigned,2023-08-23
EMP04438,Janaki Agate,Janaki,Agate,Male,1992-05-14,34,2020-05-06,6,HR,Talent Acquisition Specialist,G4,MGR096,Hyderabad,Contract,1054711,11,Master's,Married,Active,
EMP04439,Samar Badal,Samar,Badal,Male,1982-04-07,44,2016-05-25,10,Marketing,Marketing Executive,G3,MGR020,Bangalore,Full-Time,837647,11,Diploma,Married,Active,
EMP04440,Janani Som,Janani,Som,Female,1968-06-30,58,2021-07-24,5,Operations,Operations Executive,G3,MGR048,Mumbai,Contract,754772,7,Master's,Married,Active,
EMP04441,Kiaan Choudhary,Kiaan,Choudhary,Female,2002-11-25,23,2023-09-03,2,IT,DevOps Engineer,G1,MGR086,Hyderabad,Contract,470415,2,Diploma,Married,Active,
EMP04442,Darpan Palla,Darpan,Palla,Male,1976-01-05,50,2020-07-09,6,Operations,Operations Manager,G2,MGR013,Bangalore,Contract,505261,7,Diploma,Married,Active,
EMP04443,Jalsa Dewan,Jalsa,Dewan,Male,1982-01-11,44,2022-09-06,3,Finance,Accountant,G3,MGR030,Mumbai,Contract,948530,3,Master's,Single,Active,
EMP04444,Chaitaly Sharma,Chaitaly,Sharma,Male,1974-01-17,52,2017-12-30,8,IT,DevOps Engineer,G5,MGR002,Chennai,Full-Time,1572140,8,Diploma,Married,Active,
EMP04445,Maanas Sama,Maanas,Sama,Male,1994-06-22,32,2025-09-25,0,Finance,Financial Analyst,G1,MGR075,Bangalore,Full-Time,381691,1,Master's,Married,Active,
EMP04446,Xavier Kade,Xavier,Kade,Male,1989-05-05,37,2020-06-15,6,HR,HR Manager,G5,MGR060,Mumbai,Contract,1538044,10,Diploma,Single,Active,
EMP04447,Udarsh Bhalla,Udarsh,Bhalla,Male,1988-05-07,38,2020-10-25,5,IT,DevOps Engineer,G5,MGR068,Mumbai,Contract,1826037,9,Bachelor's,Single,Active,
EMP04448,Lakshit Dalal,Lakshit,Dalal,Male,1985-06-10,41,2025-05-29,1,IT,Data Engineer,G4,MGR033,Bangalore,Full-Time,1144427,2,Diploma,Single,Active,
EMP04449,Luke Purohit,Luke,Purohit,Male,1976-09-27,49,2019-01-04,7,Operations,Supply Chain Analyst,G1,MGR079,Chennai,Full-Time,476704,8,Diploma,Married,Active,
EMP04450,Atharv Samra,Atharv,Samra,Male,1966-04-13,60,2016-12-27,9,Sales,Business Development Executive,G4,MGR092,Mumbai,Contract,1125388,9,Bachelor's,Single,Active,
EMP04451,Kamya Bhagat,Kamya,Bhagat,Male,2002-05-10,24,2019-10-14,6,Marketing,Digital Marketing Specialist,G1,MGR027,Mumbai,Contract,368608,3,Master's,Single,Active,
EMP04452,Hitesh Borah,Hitesh,Borah,Male,1980-12-31,45,2017-05-13,9,Finance,Accountant,G2,MGR097,Delhi,Contract,609661,10,Bachelor's,Single,Resigned,2025-06-22
EMP04453,Nakul Balan,Nakul,Balan,Female,2003-08-20,22,2017-05-06,9,Marketing,Digital Marketing Specialist,G2,MGR048,Pune,Full-Time,580013,1,PhD,Married,Active,
EMP04454,Manan Pau,Manan,Pau,Male,1993-06-01,33,2019-04-05,7,IT,Software Engineer,G5,MGR080,Delhi,Contract,2088948,10,PhD,Married,Resigned,2020-06-16
EMP04455,Farhan Konda,Farhan,Konda,Female,1969-01-09,57,2017-11-24,8,Operations,Supply Chain Analyst,G2,MGR050,Bangalore,Full-Time,530003,13,Diploma,Single,Active,
EMP04456,Faraj Arora,Faraj,Arora,Female,1978-12-05,47,2023-01-16,3,IT,Data Analyst,G3,MGR023,Hyderabad,Full-Time,851275,5,PhD,Single,Active,
EMP04457,Omaja Doctor,Omaja,Doctor,Male,1972-07-03,54,2017-02-14,9,Marketing,Digital Marketing Specialist,G2,MGR060,Chennai,Full-Time,594371,9,Master's,Married,Active,
EMP04458,Qabil Singhal,Qabil,Singhal,Male,1971-12-25,54,2018-08-28,7,IT,DevOps Engineer,G3,MGR042,Mumbai,Contract,954877,7,PhD,Married,Active,
EMP04459,Logan Wable,Logan,Wable,Female,1979-02-12,47,2016-02-23,10,HR,Talent Acquisition Specialist,G5,MGR080,Delhi,Contract,2205893,14,Bachelor's,Single,Active,
EMP04460,Chandani Singhal,Chandani,Singhal,Female,1983-12-30,42,2018-11-22,7,Sales,Sales Executive,G2,MGR095,Pune,Full-Time,521046,8,Bachelor's,Single,Active,
EMP04461,Nisha Nazareth,Nisha,Nazareth,Female,1980-12-27,45,2023-10-25,2,HR,Talent Acquisition Specialist,G3,MGR010,Bangalore,Contract,793613,7,Bachelor's,Married,Active,
EMP04462,Sachi Arya,Sachi,Arya,Female,1998-11-06,27,2023-10-17,2,Sales,Sales Manager,G5,MGR068,Delhi,Full-Time,2031083,4,PhD,Single,Active,
EMP04463,Bhavini Choudhry,Bhavini,Choudhry,Male,1981-03-29,45,2016-09-09,9,Finance,Financial Analyst,G2,MGR080,Mumbai,Contract,509415,14,Master's,Single,Resigned,2019-05-05
EMP04464,Darpan Balay,Darpan,Balay,Female,1967-11-01,58,2020-06-30,6,HR,Talent Acquisition Specialist,G3,MGR054,Pune,Contract,899112,11,Bachelor's,Married,Active,
EMP04465,Oscar Thakur,Oscar,Thakur,Female,1986-05-06,40,2023-09-28,2,Finance,Financial Analyst,G1,MGR070,Pune,Full-Time,304504,4,Bachelor's,Single,Active,
EMP04466,Naveen Apte,Naveen,Apte,Male,1997-02-08,29,2016-07-26,10,HR,Talent Acquisition Specialist,G3,MGR014,Mumbai,Full-Time,890520,8,Bachelor's,Single,Active,
EMP04467,Meghana Sampath,Meghana,Sampath,Female,1976-08-20,49,2016-02-09,10,Finance,Accountant,G2,MGR030,Delhi,Full-Time,607291,13,Bachelor's,Single,Active,
EMP04468,Suhani Kuruvilla,Suhani,Kuruvilla,Female,1974-02-07,52,2025-03-10,1,Sales,Sales Executive,G3,MGR035,Bangalore,Full-Time,719057,1,PhD,Married,Active,
EMP04469,Yachana Mohan,Yachana,Mohan,Female,1987-02-24,39,2021-03-04,5,Marketing,Marketing Executive,G1,MGR016,Delhi,Contract,477994,9,Diploma,Single,Active,
EMP04470,Utkarsh Sampath,Utkarsh,Sampath,Female,1973-05-09,53,2017-03-12,9,HR,Talent Acquisition Specialist,G4,MGR044,Bangalore,Contract,1099705,13,Diploma,Single,Active,
EMP04471,Naksh Magar,Naksh,Magar,Female,2001-11-22,24,2023-04-04,3,Marketing,SEO Analyst,G2,MGR005,Bangalore,Contract,522689,3,PhD,Single,Active,
EMP04472,George Vig,George,Vig,Male,1980-11-18,45,2018-04-16,8,Finance,Financial Analyst,G2,MGR072,Delhi,Contract,619031,8,Bachelor's,Married,Active,
EMP04473,Krishna Dass,Krishna,Dass,Male,1974-08-28,51,2018-09-12,7,Sales,Sales Manager,G1,MGR075,Mumbai,Full-Time,477184,12,PhD,Single,Active,
EMP04474,Siddharth Rattan,Siddharth,Rattan,Female,1965-07-23,61,2020-05-27,6,Operations,Supply Chain Analyst,G4,MGR073,Hyderabad,Full-Time,1259755,10,Diploma,Single,Resigned,2025-09-01
EMP04475,Daksh Kanda,Daksh,Kanda,Female,1990-03-18,36,2025-11-17,0,Operations,Operations Manager,G3,MGR016,Mumbai,Full-Time,903830,0,Diploma,Single,Active,
EMP04476,Manya Gour,Manya,Gour,Male,1981-04-02,45,2018-10-11,7,IT,DevOps Engineer,G3,MGR098,Hyderabad,Full-Time,972478,11,Bachelor's,Married,Active,
EMP04477,Faras Sidhu,Faras,Sidhu,Male,1986-03-30,40,2015-05-21,11,HR,Talent Acquisition Specialist,G5,MGR052,Hyderabad,Contract,2133901,11,PhD,Married,Active,
EMP04478,Vansha Munshi,Vansha,Munshi,Female,1974-07-15,52,2015-10-13,10,IT,DevOps Engineer,G2,MGR008,Delhi,Contract,517570,11,Diploma,Married,Active,
EMP04479,Nidhi Rai,Nidhi,Rai,Female,2002-10-15,23,2020-03-05,6,HR,Talent Acquisition Specialist,G4,MGR047,Delhi,Contract,1384858,2,Diploma,Single,Active,
EMP04480,Nitesh Bhagat,Nitesh,Bhagat,Female,1987-03-21,39,2015-09-29,10,Operations,Operations Executive,G2,MGR008,Delhi,Full-Time,678343,11,Master's,Married,Active,
EMP04481,Kamya Samra,Kamya,Samra,Female,1989-08-01,37,2019-04-18,7,Marketing,Digital Marketing Specialist,G5,MGR043,Chennai,Contract,1698235,7,Master's,Single,Active,
EMP04482,Robert Madan,Robert,Madan,Female,1990-06-14,36,2018-02-06,8,Finance,Accountant,G1,MGR045,Delhi,Contract,344255,11,PhD,Single,Active,
EMP04483,Ikbal Chawla,Ikbal,Chawla,Male,1998-12-10,27,2022-01-02,4,Marketing,Marketing Executive,G5,MGR088,Bangalore,Full-Time,1546671,4,Diploma,Married,Active,
EMP04484,Faras Patil,Faras,Patil,Female,1998-06-05,28,2016-03-01,10,Finance,Accountant,G3,MGR072,Bangalore,Full-Time,731239,7,Bachelor's,Married,Active,
EMP04485,Gautami Bala,Gautami,Bala,Female,1997-01-30,29,2016-10-23,9,Marketing,SEO Analyst,G4,MGR029,Hyderabad,Contract,1476511,8,Bachelor's,Single,Active,
EMP04486,Wriddhish Manda,Wriddhish,Manda,Female,1985-04-15,41,2016-07-09,10,Finance,Finance Manager,G3,MGR090,Chennai,Full-Time,814929,14,Master's,Single,Active,
EMP04487,Nicholas Chhabra,Nicholas,Chhabra,Female,1965-08-03,61,2024-07-02,2,Finance,Accountant,G3,MGR069,Pune,Contract,713719,7,Master's,Single,Active,
EMP04488,Dhruv Kakar,Dhruv,Kakar,Male,1990-08-16,35,2022-11-04,3,Operations,Supply Chain Analyst,G4,MGR084,Bangalore,Full-Time,1276783,4,PhD,Single,Active,
EMP04489,Advay More,Advay,More,Male,1989-08-02,37,2022-04-06,4,Marketing,Marketing Executive,G2,MGR040,Hyderabad,Contract,539954,4,Master's,Single,Active,
EMP04490,Raghav Jaggi,Raghav,Jaggi,Male,1992-02-28,34,2024-01-08,2,Sales,Sales Executive,G2,MGR078,Hyderabad,Full-Time,502099,4,PhD,Single,Active,
EMP04491,Bachittar Khosla,Bachittar,Khosla,Male,2002-04-12,24,2024-04-25,2,Operations,Operations Manager,G5,MGR010,Hyderabad,Contract,1581169,3,Bachelor's,Single,Active,
EMP04492,Amruta Chada,Amruta,Chada,Male,1971-01-26,55,2022-07-10,4,Finance,Accountant,G2,MGR077,Hyderabad,Full-Time,630772,6,PhD,Single,Active,
EMP04493,Chaitanya Sule,Chaitanya,Sule,Male,1985-12-24,40,2023-07-24,3,Sales,Sales Manager,G5,MGR024,Bangalore,Full-Time,1983140,5,Diploma,Married,Active,
EMP04494,Chakradev Bava,Chakradev,Bava,Male,1979-07-04,47,2017-08-01,9,HR,HR Executive,G1,MGR026,Mumbai,Contract,301938,9,PhD,Married,Active,
EMP04495,Divya Chander,Divya,Chander,Female,1968-01-06,58,2017-02-20,9,HR,HR Executive,G1,MGR012,Chennai,Contract,393528,13,Bachelor's,Married,Resigned,2022-05-22
EMP04496,Abhiram Parikh,Abhiram,Parikh,Female,1972-01-31,54,2016-07-31,10,Sales,Business Development Executive,G4,MGR012,Bangalore,Contract,1103545,11,Diploma,Single,Resigned,2021-05-20
EMP04497,Mitali Tella,Mitali,Tella,Female,1996-01-07,30,2021-05-17,5,IT,Data Analyst,G1,MGR049,Delhi,Contract,393266,8,PhD,Married,Active,
EMP04498,Robert Murty,Robert,Murty,Male,1982-12-26,43,2018-06-07,8,Sales,Business Development Executive,G2,MGR011,Delhi,Contract,586166,13,Bachelor's,Single,Active,
EMP04499,Mahika Parekh,Mahika,Parekh,Male,1974-07-15,52,2016-07-24,10,Finance,Finance Manager,G2,MGR066,Delhi,Contract,580948,12,PhD,Single,Active,
EMP04500,Kai Chatterjee,Kai,Chatterjee,Female,1980-12-09,45,2025-12-01,0,Sales,Sales Manager,G3,MGR031,Delhi,Full-Time,988243,5,Bachelor's,Single,Active,
EMP04501,Garima Reddy,Garima,Reddy,Female,1965-01-03,61,2025-12-25,0,Operations,Operations Manager,G3,MGR056,Bangalore,Full-Time,703416,4,Bachelor's,Single,Active,
EMP04502,Yahvi Chaudhuri,Yahvi,Chaudhuri,Male,1971-12-24,54,2018-06-16,8,Finance,Financial Analyst,G5,MGR002,Hyderabad,Contract,1714299,12,Diploma,Married,Active,
EMP04503,Yadavi Doctor,Yadavi,Doctor,Female,1993-06-16,33,2015-03-27,11,HR,Talent Acquisition Specialist,G3,MGR015,Bangalore,Full-Time,999433,12,Master's,Single,Active,
EMP04504,Arjun Raja,Arjun,Raja,Female,1974-01-07,52,2024-03-17,2,Sales,Sales Manager,G2,MGR020,Delhi,Full-Time,621755,5,PhD,Married,Active,
EMP04505,Vansha Barad,Vansha,Barad,Female,1974-02-04,52,2019-05-07,7,Sales,Sales Manager,G5,MGR099,Hyderabad,Contract,2179344,11,Master's,Married,Active,
EMP04506,Bina Edwin,Bina,Edwin,Male,1982-05-02,44,2021-09-06,4,Marketing,Digital Marketing Specialist,G2,MGR012,Delhi,Full-Time,501249,6,Bachelor's,Single,Active,
EMP04507,Max Sheth,Max,Sheth,Male,2001-06-01,25,2016-01-23,10,Sales,Sales Executive,G2,MGR054,Delhi,Contract,668029,4,PhD,Single,Active,
EMP04508,Farhan Chander,Farhan,Chander,Female,1992-12-13,33,2016-01-21,10,Marketing,Digital Marketing Specialist,G1,MGR095,Hyderabad,Contract,380791,10,Diploma,Married,Active,
EMP04509,Vincent Kale,Vincent,Kale,Male,1989-06-08,37,2018-03-05,8,Marketing,Digital Marketing Specialist,G2,MGR004,Hyderabad,Full-Time,604419,12,PhD,Married,Active,
EMP04510,Lohit Dyal,Lohit,Dyal,Male,1978-10-07,47,2023-09-25,2,IT,Software Engineer,G5,MGR049,Hyderabad,Full-Time,2457979,5,Bachelor's,Single,Active,
EMP04511,Yachana Varty,Yachana,Varty,Female,1985-04-08,41,2020-12-01,5,Marketing,Marketing Executive,G5,MGR043,Pune,Contract,2029196,7,Diploma,Single,Active,
EMP04512,Harita Sem,Harita,Sem,Male,1977-10-24,48,2023-04-03,3,Operations,Operations Manager,G1,MGR024,Pune,Full-Time,320539,7,Bachelor's,Single,Active,
EMP04513,Karan Nori,Karan,Nori,Male,1975-07-07,51,2024-10-16,1,Marketing,SEO Analyst,G3,MGR090,Pune,Full-Time,873306,5,Bachelor's,Single,Active,
EMP04514,Bina Parsa,Bina,Parsa,Male,1973-11-02,52,2015-07-07,11,HR,HR Executive,G3,MGR020,Mumbai,Full-Time,990166,16,Master's,Single,Active,
EMP04515,Raagini Baral,Raagini,Baral,Male,1975-10-26,50,2022-01-10,4,Marketing,SEO Analyst,G4,MGR095,Hyderabad,Full-Time,1400083,9,PhD,Single,Active,
EMP04516,Lila Khare,Lila,Khare,Female,1982-07-01,44,2025-12-29,0,Sales,Business Development Executive,G2,MGR051,Pune,Contract,564451,2,Bachelor's,Married,Active,
EMP04517,Sathvik Borde,Sathvik,Borde,Female,1979-10-05,46,2016-03-02,10,Finance,Financial Analyst,G3,MGR049,Bangalore,Contract,966849,13,Bachelor's,Single,Resigned,2018-10-04
EMP04518,Widisha Chatterjee,Widisha,Chatterjee,Male,2001-10-14,24,2015-04-06,11,Sales,Business Development Executive,G1,MGR087,Delhi,Contract,381113,3,Diploma,Married,Active,
EMP04519,Alexander Dhar,Alexander,Dhar,Male,2002-10-25,23,2021-08-14,4,Marketing,Marketing Executive,G1,MGR002,Pune,Contract,354653,2,Bachelor's,Single,Resigned,2024-04-01
EMP04520,Gagan Tara,Gagan,Tara,Male,1990-12-25,35,2022-11-29,3,Marketing,Marketing Executive,G1,MGR082,Hyderabad,Contract,483697,5,Bachelor's,Single,Active,
EMP04521,Girindra Sha,Girindra,Sha,Male,1985-05-23,41,2023-06-12,3,Finance,Finance Manager,G3,MGR037,Bangalore,Full-Time,727681,7,PhD,Single,Active,
EMP04522,Dipta Gara,Dipta,Gara,Male,1990-08-03,36,2021-04-06,5,Operations,Operations Executive,G2,MGR067,Bangalore,Contract,685115,6,PhD,Single,Active,
EMP04523,Chakrika Edwin,Chakrika,Edwin,Male,1995-09-05,30,2025-10-13,0,Sales,Sales Executive,G3,MGR067,Delhi,Contract,730522,1,PhD,Single,Active,
EMP04524,Ekansh Mammen,Ekansh,Mammen,Male,1973-10-14,52,2020-06-30,6,IT,Data Engineer,G4,MGR086,Bangalore,Full-Time,1373253,7,Bachelor's,Married,Active,
EMP04525,Januja Pandit,Januja,Pandit,Male,1972-11-10,53,2019-08-25,6,Operations,Operations Manager,G5,MGR016,Delhi,Contract,1780758,7,Master's,Single,Active,
EMP04526,Gaurav Bobal,Gaurav,Bobal,Male,2000-12-30,25,2019-11-03,6,HR,HR Manager,G4,MGR010,Pune,Contract,1271068,4,Master's,Married,Active,
EMP04527,Praneel Sharma,Praneel,Sharma,Female,2001-02-25,25,2020-05-15,6,IT,Data Analyst,G2,MGR080,Pune,Full-Time,679471,4,Bachelor's,Single,Resigned,2022-07-25
EMP04528,Urvashi Kunda,Urvashi,Kunda,Female,1995-09-26,30,2016-05-09,10,IT,QA Engineer,G3,MGR011,Pune,Full-Time,975592,9,Master's,Married,Active,
EMP04529,Riya Dey,Riya,Dey,Male,1999-05-11,27,2023-05-12,3,Finance,Accountant,G3,MGR066,Mumbai,Full-Time,908252,4,Master's,Single,Active,
EMP04530,Jatin Sura,Jatin,Sura,Male,1996-02-06,30,2017-09-19,8,Finance,Financial Analyst,G2,MGR052,Hyderabad,Contract,521385,9,Diploma,Single,Active,
EMP04531,Balveer Patla,Balveer,Patla,Female,1990-03-02,36,2021-07-16,5,HR,HR Manager,G5,MGR082,Chennai,Contract,2439646,5,PhD,Single,Active,
EMP04532,Bhavini Rattan,Bhavini,Rattan,Male,2002-11-07,23,2025-09-14,0,Marketing,Marketing Executive,G3,MGR086,Hyderabad,Full-Time,961434,2,Diploma,Single,Active,
EMP04533,Nilima Dayal,Nilima,Dayal,Female,1986-04-12,40,2017-08-10,8,IT,QA Engineer,G1,MGR067,Mumbai,Full-Time,348433,11,Diploma,Single,Active,
EMP04534,Ridhi Peri,Ridhi,Peri,Male,1978-12-15,47,2022-01-20,4,IT,Data Engineer,G2,MGR036,Bangalore,Contract,505481,6,PhD,Married,Active,
EMP04535,Yauvani Murthy,Yauvani,Murthy,Female,1990-03-28,36,2019-08-18,6,HR,HR Manager,G5,MGR097,Pune,Full-Time,2477326,9,PhD,Married,Active,
EMP04536,Kashvi Chacko,Kashvi,Chacko,Male,1976-01-26,50,2018-02-07,8,Finance,Accountant,G1,MGR014,Chennai,Contract,367717,8,Diploma,Single,Active,
EMP04537,Odika Toor,Odika,Toor,Male,1966-03-08,60,2019-12-21,6,Sales,Sales Manager,G1,MGR001,Hyderabad,Full-Time,424966,11,PhD,Married,Resigned,2023-10-19
EMP04538,Adya Basak,Adya,Basak,Female,2000-09-18,25,2022-09-27,3,Marketing,SEO Analyst,G2,MGR004,Chennai,Contract,668026,4,Master's,Single,Active,
EMP04539,Dakshesh Konda,Dakshesh,Konda,Female,1990-10-02,35,2019-05-30,7,Marketing,Marketing Executive,G2,MGR033,Bangalore,Full-Time,573606,12,Master's,Married,Active,
EMP04540,Abhiram Dubey,Abhiram,Dubey,Female,1987-05-12,39,2023-06-24,3,Sales,Sales Executive,G1,MGR100,Chennai,Contract,358311,6,PhD,Single,Active,
EMP04541,Henry Mannan,Henry,Mannan,Male,1983-04-24,43,2015-02-01,11,Operations,Operations Manager,G5,MGR038,Pune,Contract,2209916,13,Bachelor's,Single,Resigned,2021-06-24
EMP04542,Nathan Rastogi,Nathan,Rastogi,Male,1967-10-22,58,2019-12-03,6,IT,DevOps Engineer,G4,MGR068,Hyderabad,Full-Time,1431923,7,Bachelor's,Single,Active,
EMP04543,Elijah Kapoor,Elijah,Kapoor,Female,2000-04-16,26,2021-03-22,5,Marketing,Marketing Executive,G3,MGR033,Delhi,Full-Time,969272,5,PhD,Single,Active,
EMP04544,Lipika Shere,Lipika,Shere,Female,1996-02-15,30,2020-02-14,6,IT,Data Analyst,G4,MGR050,Bangalore,Contract,1166529,8,Diploma,Married,Active,
EMP04545,Girik Palla,Girik,Palla,Female,1983-10-28,42,2020-02-18,6,IT,Data Engineer,G4,MGR015,Pune,Full-Time,1405305,10,Diploma,Married,Active,
EMP04546,Unnati Sidhu,Unnati,Sidhu,Male,1996-01-26,30,2018-10-14,7,Operations,Supply Chain Analyst,G5,MGR098,Bangalore,Contract,1701078,9,Bachelor's,Married,Active,
EMP04547,Udyati Chopra,Udyati,Chopra,Female,1971-02-27,55,2018-11-14,7,Sales,Sales Manager,G1,MGR004,Delhi,Full-Time,391603,9,Master's,Married,Active,
EMP04548,Frederick Gole,Frederick,Gole,Female,1967-12-11,58,2020-08-26,5,Sales,Business Development Executive,G5,MGR025,Pune,Contract,2276395,5,Master's,Single,Active,
EMP04549,Hritik Ranganathan,Hritik,Ranganathan,Female,1989-03-26,37,2019-03-11,7,HR,HR Executive,G1,MGR089,Pune,Full-Time,481125,10,Bachelor's,Single,Active,
EMP04550,Rachita Iyengar,Rachita,Iyengar,Male,1977-08-02,49,2015-01-31,11,IT,Data Analyst,G4,MGR054,Bangalore,Contract,1488796,14,Diploma,Single,Resigned,2021-11-29
EMP04551,Falguni Bhattacharyya,Falguni,Bhattacharyya,Male,1980-03-19,46,2019-11-08,6,Finance,Finance Manager,G1,MGR046,Hyderabad,Contract,338811,6,Diploma,Married,Active,
EMP04552,Edhitha Oommen,Edhitha,Oommen,Male,1995-08-09,31,2025-04-14,1,Sales,Business Development Executive,G5,MGR001,Bangalore,Contract,2091006,2,PhD,Single,Active,
EMP04553,Vedika Kala,Vedika,Kala,Male,1988-02-29,38,2023-07-31,3,HR,Talent Acquisition Specialist,G4,MGR035,Chennai,Full-Time,1461840,5,Bachelor's,Married,Active,
EMP04554,Vamakshi Contractor,Vamakshi,Contractor,Female,1968-07-26,58,2019-08-19,6,Operations,Operations Executive,G4,MGR057,Delhi,Contract,1499951,8,PhD,Married,Active,
EMP04555,Arya Sha,Arya,Sha,Female,1997-02-10,29,2025-05-08,1,Operations,Supply Chain Analyst,G3,MGR089,Hyderabad,Full-Time,794329,1,Master's,Married,Resigned,2025-06-06
EMP04556,Nachiket Singhal,Nachiket,Singhal,Male,1995-02-16,31,2022-02-20,4,Finance,Accountant,G2,MGR042,Mumbai,Contract,567586,4,Diploma,Married,Active,
EMP04557,Madhav Kala,Madhav,Kala,Female,1980-02-27,46,2025-06-14,1,Finance,Accountant,G3,MGR021,Bangalore,Contract,925421,1,Diploma,Married,Active,
EMP04558,Ekaja Balay,Ekaja,Balay,Female,2003-10-03,22,2015-04-13,11,IT,Data Analyst,G5,MGR074,Mumbai,Contract,1618381,1,PhD,Married,Active,
EMP04559,Lajita Bhatia,Lajita,Bhatia,Male,1978-05-28,48,2024-10-26,1,HR,HR Executive,G1,MGR036,Chennai,Contract,363113,6,Bachelor's,Single,Resigned,2026-07-16
EMP04560,Janaki Sani,Janaki,Sani,Female,1965-09-30,60,2018-04-14,8,Sales,Sales Executive,G3,MGR069,Hyderabad,Full-Time,948908,8,PhD,Single,Active,
EMP04561,Urvashi Kala,Urvashi,Kala,Male,1986-08-08,40,2025-04-08,1,HR,HR Executive,G1,MGR085,Chennai,Full-Time,431478,1,Master's,Married,Active,
EMP04562,Chatura Kakar,Chatura,Kakar,Female,1982-10-19,43,2022-05-08,4,Marketing,Digital Marketing Specialist,G2,MGR023,Pune,Full-Time,699557,5,Master's,Married,Resigned,2026-01-15
EMP04563,Arin Sampath,Arin,Sampath,Female,1990-03-20,36,2019-09-11,6,IT,DevOps Engineer,G4,MGR092,Delhi,Full-Time,1420570,11,PhD,Single,Active,
EMP04564,Anamika Krishnan,Anamika,Krishnan,Male,1996-03-07,30,2024-10-05,1,Operations,Supply Chain Analyst,G5,MGR082,Delhi,Contract,2172150,3,PhD,Married,Active,
EMP04565,Patrick Chacko,Patrick,Chacko,Male,1991-10-08,34,2021-06-10,5,Finance,Accountant,G1,MGR006,Mumbai,Contract,497225,10,Bachelor's,Married,Active,
EMP04566,Lucky Biswas,Lucky,Biswas,Female,1970-12-19,55,2015-10-10,10,IT,QA Engineer,G1,MGR068,Pune,Contract,337353,10,Master's,Married,Active,
EMP04567,Anusha Ravel,Anusha,Ravel,Male,1999-04-29,27,2017-11-17,8,Finance,Financial Analyst,G1,MGR055,Hyderabad,Full-Time,390277,6,Master's,Married,Resigned,2019-04-08
EMP04568,Chanchal Seth,Chanchal,Seth,Female,1981-09-24,44,2019-11-12,6,HR,HR Executive,G1,MGR015,Hyderabad,Contract,342929,6,Bachelor's,Single,Active,
EMP04569,Oni Vohra,Oni,Vohra,Male,1979-05-17,47,2017-03-05,9,Sales,Sales Executive,G1,MGR030,Delhi,Contract,495109,9,Diploma,Married,Active,
EMP04570,Tanish Lad,Tanish,Lad,Male,1971-11-07,54,2024-12-28,1,Operations,Operations Manager,G5,MGR025,Mumbai,Full-Time,2137364,6,PhD,Married,Resigned,2025-05-19
EMP04571,Chatura Chanda,Chatura,Chanda,Female,1987-01-19,39,2020-05-03,6,Marketing,Digital Marketing Specialist,G4,MGR070,Bangalore,Full-Time,1203406,9,Master's,Single,Resigned,2023-12-25
EMP04572,Hema Mishra,Hema,Mishra,Female,1987-09-02,38,2018-03-04,8,HR,HR Manager,G5,MGR066,Chennai,Full-Time,2133678,8,PhD,Married,Active,
EMP04573,Nitesh Issac,Nitesh,Issac,Female,1984-08-12,42,2023-11-23,2,Finance,Finance Manager,G3,MGR071,Bangalore,Contract,930156,5,Master's,Single,Active,
EMP04574,Ikshita Saini,Ikshita,Saini,Male,1977-06-05,49,2016-07-17,10,Sales,Business Development Executive,G2,MGR050,Chennai,Full-Time,569563,13,Master's,Single,Active,
EMP04575,Vasatika Soman,Vasatika,Soman,Male,1973-03-27,53,2022-06-25,4,Marketing,Digital Marketing Specialist,G2,MGR014,Pune,Contract,585521,5,PhD,Single,Active,
EMP04576,Naveen Sarkar,Naveen,Sarkar,Male,1977-04-12,49,2018-03-11,8,Marketing,Digital Marketing Specialist,G4,MGR039,Hyderabad,Contract,1231378,13,PhD,Single,Resigned,2021-03-16
EMP04577,Lopa Anne,Lopa,Anne,Male,1973-09-02,52,2015-10-03,10,Marketing,SEO Analyst,G4,MGR100,Mumbai,Contract,1446989,10,PhD,Single,Resigned,2025-04-18
EMP04578,Rushil Brahmbhatt,Rushil,Brahmbhatt,Female,1984-08-26,41,2022-06-27,4,Operations,Operations Manager,G2,MGR043,Delhi,Full-Time,502401,4,PhD,Married,Active,
EMP04579,Maanav Naik,Maanav,Naik,Male,2001-11-30,24,2015-10-13,10,Sales,Sales Executive,G3,MGR043,Pune,Contract,913366,3,Diploma,Married,Active,
EMP04580,Edhitha Atwal,Edhitha,Atwal,Male,1967-11-10,58,2018-04-15,8,IT,Data Analyst,G5,MGR081,Chennai,Contract,1631446,11,Diploma,Married,Active,
EMP04581,Matthew Shanker,Matthew,Shanker,Female,1979-02-16,47,2023-11-01,2,IT,Data Engineer,G4,MGR053,Pune,Full-Time,1439415,6,Diploma,Married,Active,
EMP04582,Manbir Tata,Manbir,Tata,Female,1985-10-10,40,2015-06-01,11,IT,Data Engineer,G3,MGR024,Hyderabad,Contract,786486,16,Bachelor's,Married,Resigned,2020-10-18
EMP04583,Ishaan Ray,Ishaan,Ray,Female,1980-01-09,46,2016-09-23,9,Operations,Supply Chain Analyst,G5,MGR092,Hyderabad,Contract,1878844,14,Master's,Single,Active,
EMP04584,Adya Verma,Adya,Verma,Male,1971-04-06,55,2015-01-24,11,HR,HR Executive,G4,MGR016,Pune,Full-Time,1375705,12,Diploma,Single,Active,
EMP04585,Aarush Seshadri,Aarush,Seshadri,Male,1998-07-01,28,2018-02-12,8,Marketing,SEO Analyst,G1,MGR093,Chennai,Contract,308355,7,Master's,Married,Active,
EMP04586,Jeremiah Sengupta,Jeremiah,Sengupta,Female,1976-01-24,50,2018-04-03,8,Operations,Supply Chain Analyst,G2,MGR072,Mumbai,Full-Time,539237,13,Diploma,Single,Active,
EMP04587,Gunbir Bansal,Gunbir,Bansal,Male,1989-08-30,36,2023-11-19,2,Operations,Operations Executive,G4,MGR075,Delhi,Contract,1204591,3,Bachelor's,Married,Active,
EMP04588,Tejas Guha,Tejas,Guha,Male,1988-07-10,38,2018-01-17,8,Sales,Business Development Executive,G5,MGR097,Hyderabad,Full-Time,2352475,8,PhD,Married,Active,
EMP04589,Osha Ganesan,Osha,Ganesan,Female,1984-02-26,42,2016-08-03,10,Sales,Sales Executive,G2,MGR007,Delhi,Full-Time,622221,13,Master's,Married,Active,
EMP04590,Krishna Kalita,Krishna,Kalita,Female,1980-08-06,46,2021-04-28,5,Marketing,SEO Analyst,G1,MGR008,Hyderabad,Contract,457783,9,Master's,Married,Active,
EMP04591,Ijaya Kadakia,Ijaya,Kadakia,Male,2001-08-15,24,2019-09-03,6,HR,HR Manager,G3,MGR093,Bangalore,Contract,912589,3,Master's,Married,Active,
EMP04592,Rayaan Atwal,Rayaan,Atwal,Female,1975-11-18,50,2015-12-03,10,HR,Talent Acquisition Specialist,G5,MGR036,Mumbai,Full-Time,2217561,13,Bachelor's,Married,Active,
EMP04593,Kamala Patla,Kamala,Patla,Male,1995-10-01,30,2021-05-11,5,IT,QA Engineer,G5,MGR088,Pune,Full-Time,1596519,6,Diploma,Single,Resigned,2021-06-30
EMP04594,Chasmum Mohanty,Chasmum,Mohanty,Male,1980-04-22,46,2022-05-10,4,IT,Data Analyst,G5,MGR011,Mumbai,Contract,1871149,9,Master's,Single,Active,
EMP04595,Yadavi Dash,Yadavi,Dash,Male,1997-01-28,29,2019-05-08,7,Operations,Operations Manager,G2,MGR063,Pune,Full-Time,560274,7,PhD,Married,Active,
EMP04596,Xalak Shah,Xalak,Shah,Male,1992-07-25,34,2015-08-09,10,IT,Data Analyst,G2,MGR093,Hyderabad,Full-Time,541529,11,Bachelor's,Married,Active,
EMP04597,Odika Roy,Odika,Roy,Female,1987-11-09,38,2023-05-18,3,Finance,Accountant,G2,MGR060,Bangalore,Contract,611714,3,Master's,Single,Active,
EMP04598,Indira Pandey,Indira,Pandey,Male,2001-08-26,24,2024-01-13,2,HR,HR Executive,G2,MGR070,Delhi,Contract,560804,3,Bachelor's,Married,Active,
EMP04599,Pooja Virk,Pooja,Virk,Female,1975-08-05,51,2015-08-14,10,Operations,Operations Manager,G5,MGR069,Mumbai,Full-Time,1859508,11,PhD,Married,Active,
EMP04600,Gautami Comar,Gautami,Comar,Female,1989-06-21,37,2016-08-31,9,HR,HR Manager,G2,MGR018,Delhi,Full-Time,524425,9,Master's,Married,Resigned,2019-08-28
EMP04601,Tara Sangha,Tara,Sangha,Male,1997-12-28,28,2021-12-01,4,HR,Talent Acquisition Specialist,G2,MGR062,Chennai,Full-Time,505494,6,Diploma,Single,Resigned,2025-02-02
EMP04602,Peter Gaba,Peter,Gaba,Female,1985-12-19,40,2015-03-26,11,Operations,Operations Manager,G4,MGR008,Hyderabad,Contract,1473432,11,Bachelor's,Married,Active,
EMP04603,Rajata Raj,Rajata,Raj,Female,1978-06-24,48,2023-04-04,3,Sales,Sales Manager,G5,MGR009,Pune,Full-Time,1959391,3,Master's,Married,Active,
EMP04604,Bhavani Sarkar,Bhavani,Sarkar,Female,1974-06-18,52,2016-04-24,10,Operations,Operations Executive,G2,MGR021,Hyderabad,Contract,578245,14,PhD,Single,Active,
EMP04605,Bhanumati Chaudhary,Bhanumati,Chaudhary,Female,1984-03-04,42,2020-12-04,5,Finance,Financial Analyst,G5,MGR091,Pune,Full-Time,1724107,6,Diploma,Single,Resigned,2021-09-02
EMP04606,Hemang Chakraborty,Hemang,Chakraborty,Female,1987-08-02,39,2022-12-26,3,Sales,Sales Executive,G4,MGR088,Mumbai,Contract,1099826,5,Diploma,Single,Active,
EMP04607,Amol Sabharwal,Amol,Sabharwal,Male,1992-03-07,34,2016-09-25,9,Sales,Sales Manager,G2,MGR096,Pune,Full-Time,528952,11,PhD,Single,Resigned,2018-07-01
EMP04608,Watika Chaudhry,Watika,Chaudhry,Male,1986-12-02,39,2017-10-18,8,Sales,Sales Manager,G3,MGR064,Pune,Contract,998376,9,Master's,Single,Active,
EMP04609,Sachi Thakur,Sachi,Thakur,Male,1990-04-07,36,2024-03-19,2,Sales,Business Development Executive,G3,MGR096,Delhi,Full-Time,815673,3,PhD,Single,Active,
EMP04610,Bachittar Mann,Bachittar,Mann,Female,2000-05-10,26,2015-04-20,11,HR,HR Executive,G1,MGR066,Hyderabad,Full-Time,331648,5,Diploma,Single,Active,
EMP04611,Osha Kakar,Osha,Kakar,Male,1973-01-08,53,2016-06-07,10,IT,Data Engineer,G2,MGR096,Mumbai,Full-Time,534408,12,Bachelor's,Married,Active,
EMP04612,Udant Sha,Udant,Sha,Male,1988-09-26,37,2021-05-28,5,Marketing,Marketing Executive,G3,MGR050,Pune,Contract,922648,10,Diploma,Single,Active,
EMP04613,Lakshmi Contractor,Lakshmi,Contractor,Male,1976-10-28,49,2024-01-27,2,Sales,Sales Manager,G5,MGR093,Pune,Full-Time,2143667,4,Bachelor's,Single,Active,
EMP04614,Rohan Singh,Rohan,Singh,Female,1979-07-18,47,2015-08-27,10,Operations,Operations Manager,G5,MGR081,Delhi,Contract,2056639,10,PhD,Single,Active,
EMP04615,Jeet Panchal,Jeet,Panchal,Male,1970-06-08,56,2019-10-06,6,IT,Data Analyst,G3,MGR020,Delhi,Contract,727893,11,Diploma,Married,Active,
EMP04616,Ucchal Sachar,Ucchal,Sachar,Male,1970-09-06,55,2023-04-28,3,Sales,Sales Executive,G3,MGR036,Pune,Contract,780993,5,Master's,Married,Active,
EMP04617,Meghana Amble,Meghana,Amble,Female,1982-02-12,44,2021-01-07,5,Sales,Sales Manager,G4,MGR099,Delhi,Contract,1207906,8,Diploma,Married,Active,
EMP04618,Kavya Kapur,Kavya,Kapur,Female,1965-05-17,61,2015-03-13,11,IT,Software Engineer,G1,MGR098,Hyderabad,Contract,355503,15,PhD,Married,Active,
EMP04619,Yashica Mander,Yashica,Mander,Male,1965-10-10,60,2023-07-02,3,Sales,Sales Executive,G5,MGR023,Mumbai,Full-Time,2351159,8,Master's,Single,Active,
EMP04620,Amrita Lalla,Amrita,Lalla,Female,2000-01-03,26,2023-08-23,2,HR,Talent Acquisition Specialist,G2,MGR093,Mumbai,Contract,554808,5,Diploma,Single,Active,
EMP04621,Damyanti Sachdeva,Damyanti,Sachdeva,Male,1986-02-12,40,2020-07-15,6,Sales,Sales Manager,G4,MGR054,Hyderabad,Full-Time,1282592,8,Diploma,Single,Active,
EMP04622,Wyatt Agrawal,Wyatt,Agrawal,Female,1991-11-06,34,2015-12-20,10,IT,QA Engineer,G4,MGR083,Delhi,Contract,1085290,11,Bachelor's,Single,Active,
EMP04623,Oeshi Bali,Oeshi,Bali,Male,1978-07-09,48,2020-09-12,5,Operations,Supply Chain Analyst,G1,MGR008,Mumbai,Contract,374756,9,PhD,Single,Active,
EMP04624,Alexander Bal,Alexander,Bal,Female,1996-05-15,30,2018-11-24,7,Operations,Operations Manager,G5,MGR084,Pune,Contract,1550165,9,PhD,Married,Active,
EMP04625,Mitesh Prasad,Mitesh,Prasad,Male,1995-12-08,30,2017-05-18,9,IT,QA Engineer,G2,MGR093,Chennai,Full-Time,692780,9,PhD,Single,Active,
EMP04626,Zilmil Nadkarni,Zilmil,Nadkarni,Female,1977-04-27,49,2017-11-15,8,Sales,Business Development Executive,G3,MGR014,Delhi,Full-Time,708665,8,Diploma,Single,Active,
EMP04627,Gautami Garde,Gautami,Garde,Female,2003-04-01,23,2016-03-23,10,Marketing,Digital Marketing Specialist,G2,MGR029,Mumbai,Contract,661516,2,Master's,Married,Active,
EMP04628,Qushi Khurana,Qushi,Khurana,Female,2003-08-29,22,2024-01-31,2,Sales,Sales Executive,G2,MGR085,Pune,Full-Time,627704,1,PhD,Married,Active,
EMP04629,Mahika Hans,Mahika,Hans,Male,1980-07-09,46,2018-04-21,8,Operations,Supply Chain Analyst,G4,MGR024,Hyderabad,Full-Time,1043473,9,Diploma,Single,Resigned,2023-07-18
EMP04630,Maya Behl,Maya,Behl,Male,1994-01-14,32,2022-04-08,4,Sales,Sales Manager,G3,MGR100,Delhi,Full-Time,919362,6,Diploma,Married,Active,
EMP04631,Pushti Dave,Pushti,Dave,Female,1992-08-23,33,2024-03-15,2,Sales,Sales Executive,G5,MGR050,Hyderabad,Full-Time,1876878,5,Bachelor's,Single,Resigned,2025-11-11
EMP04632,Oscar Rau,Oscar,Rau,Male,1986-07-27,40,2018-07-06,8,Marketing,Digital Marketing Specialist,G3,MGR047,Chennai,Full-Time,815015,9,PhD,Married,Active,
EMP04633,Eesha Varughese,Eesha,Varughese,Male,1996-01-01,30,2019-03-26,7,HR,HR Executive,G3,MGR065,Delhi,Contract,770588,9,Diploma,Married,Active,
EMP04634,Nathan Sarkar,Nathan,Sarkar,Female,1979-05-07,47,2022-04-03,4,Sales,Business Development Executive,G4,MGR033,Bangalore,Contract,1114266,9,PhD,Married,Active,
EMP04635,Vihaan Chaudhary,Vihaan,Chaudhary,Male,1972-09-27,53,2015-04-28,11,Sales,Business Development Executive,G5,MGR020,Bangalore,Contract,2196636,12,Bachelor's,Single,Active,
EMP04636,Jonathan Thaman,Jonathan,Thaman,Female,1988-12-26,37,2015-08-30,10,Operations,Supply Chain Analyst,G5,MGR059,Bangalore,Contract,2314845,10,Bachelor's,Married,Active,
EMP04637,Jagat Ramanathan,Jagat,Ramanathan,Male,1997-04-03,29,2024-08-10,1,IT,QA Engineer,G5,MGR030,Bangalore,Full-Time,1864891,5,Bachelor's,Married,Active,
EMP04638,Abha Dutt,Abha,Dutt,Male,1985-04-24,41,2024-06-25,2,Sales,Business Development Executive,G2,MGR007,Hyderabad,Full-Time,575643,6,Diploma,Single,Active,
EMP04639,Ekantika Jani,Ekantika,Jani,Female,1968-11-10,57,2025-01-28,1,Sales,Sales Manager,G1,MGR001,Mumbai,Contract,331249,5,Bachelor's,Single,Resigned,2025-04-10
EMP04640,Girik Bal,Girik,Bal,Female,1974-10-25,51,2019-11-24,6,IT,DevOps Engineer,G3,MGR059,Bangalore,Full-Time,867429,9,Diploma,Married,Active,
EMP04641,Rajeshri Apte,Rajeshri,Apte,Male,1965-10-22,60,2023-11-20,2,IT,Software Engineer,G1,MGR030,Mumbai,Full-Time,323652,2,Bachelor's,Single,Active,
EMP04642,Michael Bala,Michael,Bala,Male,1976-06-14,50,2025-04-08,1,IT,Software Engineer,G1,MGR032,Delhi,Full-Time,490484,4,Master's,Single,Active,
EMP04643,Farhan Raja,Farhan,Raja,Female,1999-06-12,27,2020-07-08,6,HR,HR Manager,G3,MGR083,Hyderabad,Contract,830969,6,Master's,Married,Active,
EMP04644,Aryan De,Aryan,De,Female,1984-02-15,42,2021-04-16,5,Marketing,Marketing Executive,G3,MGR096,Mumbai,Full-Time,985913,7,Master's,Married,Active,
EMP04645,Sudiksha Parmar,Sudiksha,Parmar,Male,1993-03-29,33,2025-10-18,0,Marketing,Marketing Executive,G3,MGR060,Delhi,Full-Time,970188,2,Bachelor's,Single,Resigned,2025-12-29
EMP04646,Wriddhish Kapadia,Wriddhish,Kapadia,Male,1974-12-30,51,2025-07-29,1,Marketing,Marketing Executive,G4,MGR055,Pune,Contract,1182212,4,PhD,Single,Active,
EMP04647,Chameli Hari,Chameli,Hari,Female,1983-06-16,43,2022-08-31,3,Marketing,SEO Analyst,G1,MGR094,Chennai,Full-Time,400934,4,PhD,Single,Active,
EMP04648,Yatan Radhakrishnan,Yatan,Radhakrishnan,Female,1996-03-22,30,2023-10-20,2,Sales,Sales Manager,G4,MGR038,Chennai,Contract,1482465,2,PhD,Married,Active,
EMP04649,Abha Behl,Abha,Behl,Female,1991-12-08,34,2025-03-10,1,Sales,Sales Manager,G4,MGR028,Delhi,Full-Time,1252916,2,PhD,Married,Active,
EMP04650,Anvi Butala,Anvi,Butala,Female,1988-07-12,38,2016-06-29,10,HR,Talent Acquisition Specialist,G2,MGR031,Mumbai,Full-Time,624507,13,PhD,Married,Active,
EMP04651,Maanas Bajaj,Maanas,Bajaj,Male,1984-06-20,42,2020-08-04,6,Marketing,SEO Analyst,G4,MGR044,Hyderabad,Full-Time,1427778,8,Bachelor's,Married,Active,
EMP04652,Harshil Choudhry,Harshil,Choudhry,Female,1965-02-19,61,2023-05-05,3,Operations,Operations Manager,G2,MGR059,Mumbai,Full-Time,521327,5,Bachelor's,Single,Active,
EMP04653,Tripti Das,Tripti,Das,Female,1988-01-21,38,2023-12-14,2,Sales,Business Development Executive,G5,MGR022,Delhi,Full-Time,2112145,7,Bachelor's,Married,Active,
EMP04654,Hredhaan Dhar,Hredhaan,Dhar,Female,1982-11-14,43,2021-12-08,4,HR,HR Executive,G5,MGR069,Mumbai,Contract,2048009,6,PhD,Single,Active,
EMP04655,Barkha Lala,Barkha,Lala,Male,1983-09-23,42,2016-06-05,10,HR,Talent Acquisition Specialist,G1,MGR095,Bangalore,Full-Time,390648,13,Master's,Single,Active,
EMP04656,Pranit Chander,Pranit,Chander,Female,1978-12-02,47,2025-01-05,1,Sales,Sales Executive,G5,MGR037,Chennai,Contract,2432907,1,Diploma,Single,Active,
EMP04657,Faras Talwar,Faras,Talwar,Male,1978-02-24,48,2021-11-02,4,Marketing,SEO Analyst,G3,MGR031,Bangalore,Full-Time,897725,8,Master's,Single,Resigned,2024-11-28
EMP04658,Sarthak Raman,Sarthak,Raman,Female,1969-09-06,56,2019-09-07,6,HR,Talent Acquisition Specialist,G4,MGR023,Bangalore,Full-Time,1238631,10,PhD,Single,Active,
EMP04659,Harrison Swaminathan,Harrison,Swaminathan,Female,1967-07-20,59,2015-12-08,10,Operations,Operations Executive,G2,MGR048,Hyderabad,Contract,526487,10,Diploma,Single,Active,
EMP04660,Anthony Sachdev,Anthony,Sachdev,Male,1987-12-01,38,2020-03-20,6,IT,DevOps Engineer,G1,MGR035,Bangalore,Full-Time,301902,11,PhD,Single,Resigned,2020-11-03
EMP04661,Vidhi Bose,Vidhi,Bose,Male,1971-09-22,54,2016-12-07,9,IT,Data Analyst,G1,MGR075,Delhi,Contract,445556,12,Master's,Single,Active,
EMP04662,Shivansh Saini,Shivansh,Saini,Female,1982-04-06,44,2016-03-22,10,Operations,Operations Executive,G4,MGR038,Pune,Contract,1124739,15,Diploma,Married,Active,
EMP04663,Keya Murthy,Keya,Murthy,Female,1981-05-04,45,2018-05-13,8,Finance,Accountant,G2,MGR027,Bangalore,Contract,564834,11,Diploma,Married,Active,
EMP04664,Shravya Dyal,Shravya,Dyal,Female,1998-06-19,28,2021-12-13,4,IT,Data Engineer,G4,MGR025,Pune,Full-Time,1212951,5,Bachelor's,Single,Active,
EMP04665,Pranit Misra,Pranit,Misra,Female,1987-10-31,38,2019-06-25,7,Finance,Accountant,G1,MGR038,Bangalore,Full-Time,417035,9,Bachelor's,Married,Active,
EMP04666,Advaith Gokhale,Advaith,Gokhale,Male,1967-11-20,58,2021-05-10,5,IT,DevOps Engineer,G3,MGR051,Bangalore,Contract,821112,10,PhD,Married,Active,
EMP04667,Azad Dalal,Azad,Dalal,Female,1986-10-11,39,2020-09-08,5,Operations,Operations Executive,G2,MGR009,Bangalore,Contract,569400,6,Master's,Married,Active,
EMP04668,Hemal Palan,Hemal,Palan,Female,1977-04-28,49,2023-08-24,2,Marketing,Marketing Executive,G3,MGR045,Pune,Full-Time,813284,7,Bachelor's,Married,Active,
EMP04669,Veda Ahluwalia,Veda,Ahluwalia,Male,2002-05-22,24,2020-11-02,5,Finance,Accountant,G4,MGR027,Chennai,Full-Time,1491900,3,Master's,Married,Active,
EMP04670,Nathan Vig,Nathan,Vig,Male,1971-07-01,55,2025-04-16,1,Sales,Sales Executive,G1,MGR039,Chennai,Full-Time,309054,3,PhD,Married,Resigned,2025-10-30
EMP04671,Jairaj Hans,Jairaj,Hans,Male,1988-03-02,38,2017-12-22,8,Sales,Business Development Executive,G1,MGR079,Chennai,Full-Time,492121,9,Bachelor's,Single,Active,
EMP04672,Ayushman Wason,Ayushman,Wason,Male,1982-03-11,44,2024-08-18,1,HR,HR Executive,G5,MGR095,Mumbai,Full-Time,2208985,1,Bachelor's,Married,Active,
EMP04673,Arin Vasa,Arin,Vasa,Male,1971-01-07,55,2024-10-08,1,Marketing,Digital Marketing Specialist,G3,MGR096,Pune,Full-Time,956690,1,Bachelor's,Married,Resigned,2025-11-09
EMP04674,Michael Kalita,Michael,Kalita,Male,1971-04-13,55,2020-09-23,5,Operations,Operations Executive,G1,MGR055,Mumbai,Full-Time,306971,7,Diploma,Single,Resigned,2023-10-31
EMP04675,Ishwar Kalla,Ishwar,Kalla,Male,1977-01-13,49,2019-01-31,7,IT,DevOps Engineer,G4,MGR012,Hyderabad,Contract,1299116,7,Diploma,Married,Active,
EMP04676,Ayushman Narang,Ayushman,Narang,Male,1969-04-04,57,2020-04-18,6,HR,Talent Acquisition Specialist,G2,MGR030,Delhi,Contract,562166,9,Diploma,Single,Active,
EMP04677,Lakshit Kannan,Lakshit,Kannan,Female,1974-04-03,52,2015-12-04,10,Finance,Accountant,G3,MGR022,Delhi,Contract,926372,15,Master's,Married,Active,
EMP04678,Fiyaz Date,Fiyaz,Date,Male,1999-08-09,27,2018-01-21,8,Operations,Supply Chain Analyst,G1,MGR033,Pune,Contract,450604,6,PhD,Single,Active,
EMP04679,Amrita Mahal,Amrita,Mahal,Female,1989-09-13,36,2016-11-10,9,Marketing,SEO Analyst,G5,MGR023,Pune,Full-Time,2064406,9,Master's,Married,Active,
EMP04680,Vasatika Iyengar,Vasatika,Iyengar,Male,1982-12-14,43,2017-03-08,9,Sales,Sales Executive,G5,MGR001,Mumbai,Contract,2011922,10,Master's,Married,Resigned,2018-09-30
EMP04681,Ijaya Menon,Ijaya,Menon,Male,1997-02-23,29,2016-10-27,9,HR,HR Executive,G2,MGR021,Hyderabad,Full-Time,566112,8,Bachelor's,Married,Active,
EMP04682,Unni Tandon,Unni,Tandon,Male,1972-02-11,54,2018-10-26,7,Finance,Accountant,G3,MGR018,Chennai,Contract,879492,12,Master's,Married,Active,
EMP04683,Rajata Vala,Rajata,Vala,Male,1977-06-13,49,2017-11-23,8,Sales,Sales Manager,G1,MGR055,Bangalore,Full-Time,416072,11,Master's,Single,Active,
EMP04684,Mugdha Hans,Mugdha,Hans,Female,1991-04-19,35,2018-05-11,8,Operations,Supply Chain Analyst,G1,MGR089,Bangalore,Full-Time,401373,10,Bachelor's,Single,Active,
EMP04685,Zashil Ghose,Zashil,Ghose,Male,1977-01-10,49,2018-05-09,8,Finance,Finance Manager,G5,MGR030,Bangalore,Contract,2291457,12,Master's,Married,Resigned,2020-01-13
EMP04686,Avni Ramaswamy,Avni,Ramaswamy,Female,1986-08-29,39,2018-07-27,8,Finance,Financial Analyst,G2,MGR070,Pune,Contract,687956,9,Diploma,Married,Active,
EMP04687,Harshil Muni,Harshil,Muni,Female,2000-07-07,26,2022-12-31,3,IT,Software Engineer,G4,MGR023,Mumbai,Full-Time,1492233,5,Bachelor's,Married,Active,
EMP04688,Noah Jha,Noah,Jha,Male,1976-08-15,50,2021-11-14,4,Finance,Finance Manager,G4,MGR037,Chennai,Contract,1086515,4,Bachelor's,Married,Active,
EMP04689,Vinaya Sant,Vinaya,Sant,Male,1988-04-10,38,2024-10-09,1,Operations,Supply Chain Analyst,G2,MGR042,Hyderabad,Full-Time,501522,4,Diploma,Single,Active,
EMP04690,Sanaya Sampath,Sanaya,Sampath,Female,1993-10-09,32,2020-08-19,5,IT,QA Engineer,G5,MGR024,Mumbai,Full-Time,2039407,5,Bachelor's,Married,Active,
EMP04691,Anita Nagar,Anita,Nagar,Male,1965-03-06,61,2022-04-03,4,Operations,Supply Chain Analyst,G3,MGR026,Delhi,Contract,775600,5,PhD,Single,Active,
EMP04692,Hritik Rajagopal,Hritik,Rajagopal,Male,1986-12-23,39,2024-09-14,1,Marketing,Marketing Executive,G5,MGR075,Pune,Full-Time,2386961,5,Diploma,Single,Active,
EMP04693,Pushti Iyengar,Pushti,Iyengar,Male,1972-08-07,54,2020-05-16,6,Marketing,SEO Analyst,G2,MGR060,Chennai,Full-Time,594664,7,Master's,Single,Active,
EMP04694,Ira Prakash,Ira,Prakash,Male,1975-05-30,51,2016-12-30,9,HR,HR Manager,G1,MGR001,Delhi,Contract,444428,13,Diploma,Single,Active,
EMP04695,Devansh Sengupta,Devansh,Sengupta,Male,1987-01-05,39,2016-03-09,10,Finance,Accountant,G4,MGR042,Mumbai,Contract,1284213,12,Diploma,Married,Active,
EMP04696,Oliver Bandi,Oliver,Bandi,Male,1995-04-07,31,2015-07-24,11,Marketing,Digital Marketing Specialist,G1,MGR011,Mumbai,Full-Time,393885,10,PhD,Married,Resigned,2024-04-04
EMP04697,Zehaan Rout,Zehaan,Rout,Male,1990-09-07,35,2021-07-17,5,Marketing,SEO Analyst,G4,MGR038,Chennai,Contract,1361560,8,Diploma,Married,Active,
EMP04698,Chaaya Wali,Chaaya,Wali,Male,1975-07-13,51,2019-07-20,7,Finance,Finance Manager,G4,MGR061,Mumbai,Contract,1130078,7,Diploma,Single,Active,
EMP04699,Indira Rao,Indira,Rao,Female,1987-09-15,38,2018-02-17,8,Marketing,SEO Analyst,G2,MGR098,Mumbai,Full-Time,570535,13,PhD,Married,Active,
EMP04700,Ayushman Contractor,Ayushman,Contractor,Male,1980-01-15,46,2018-07-02,8,Operations,Operations Executive,G5,MGR098,Bangalore,Contract,2223396,9,Diploma,Married,Active,
EMP04701,Pranit Naidu,Pranit,Naidu,Female,1967-04-26,59,2015-07-02,11,Sales,Sales Executive,G5,MGR011,Delhi,Full-Time,2351717,16,Master's,Single,Active,
EMP04702,Pushti Grewal,Pushti,Grewal,Male,1980-09-02,45,2021-12-31,4,HR,HR Executive,G4,MGR026,Bangalore,Full-Time,1094130,6,Diploma,Married,Active,
EMP04703,Ishita Korpal,Ishita,Korpal,Female,1983-11-11,42,2017-10-11,8,IT,Data Engineer,G2,MGR060,Pune,Contract,642074,9,Diploma,Married,Active,
EMP04704,Elijah Kale,Elijah,Kale,Male,1970-01-16,56,2024-06-19,2,Operations,Supply Chain Analyst,G5,MGR044,Chennai,Contract,2150821,4,Diploma,Single,Active,
EMP04705,Kamya Prabhu,Kamya,Prabhu,Female,1979-08-04,47,2022-07-13,4,Marketing,Digital Marketing Specialist,G1,MGR027,Mumbai,Contract,424744,7,PhD,Married,Active,
EMP04706,Maanav Murthy,Maanav,Murthy,Male,1977-07-01,49,2017-07-02,9,IT,Data Analyst,G4,MGR034,Pune,Full-Time,1472526,9,Diploma,Single,Active,
EMP04707,Jason Andra,Jason,Andra,Male,1983-05-22,43,2017-10-12,8,Marketing,Marketing Executive,G2,MGR035,Mumbai,Full-Time,571749,11,Master's,Married,Resigned,2023-03-14
EMP04708,Advay Narasimhan,Advay,Narasimhan,Female,1968-08-08,58,2022-06-21,4,Marketing,SEO Analyst,G5,MGR083,Chennai,Contract,1626365,9,Master's,Married,Active,
EMP04709,Tanay Shroff,Tanay,Shroff,Female,1991-10-31,34,2016-04-06,10,Finance,Financial Analyst,G2,MGR075,Chennai,Full-Time,605042,12,Bachelor's,Married,Active,
EMP04710,Ekanta Kaul,Ekanta,Kaul,Female,1988-12-12,37,2025-09-18,0,Marketing,Marketing Executive,G1,MGR079,Bangalore,Full-Time,374351,5,Diploma,Single,Active,
EMP04711,Dominic Rajan,Dominic,Rajan,Male,1983-09-06,42,2021-07-30,5,Finance,Financial Analyst,G5,MGR012,Chennai,Full-Time,2067210,10,Bachelor's,Single,Active,
EMP04712,Bhanumati Kala,Bhanumati,Kala,Male,1982-06-20,44,2023-12-18,2,Sales,Sales Manager,G1,MGR090,Mumbai,Full-Time,499819,6,Master's,Single,Active,
EMP04713,Teerth Chauhan,Teerth,Chauhan,Male,1994-05-28,32,2025-08-12,0,Sales,Sales Manager,G1,MGR015,Pune,Contract,435238,1,Diploma,Single,Active,
EMP04714,Arunima Borde,Arunima,Borde,Female,1992-12-26,33,2019-03-20,7,Finance,Accountant,G1,MGR078,Mumbai,Full-Time,385468,8,PhD,Married,Active,
EMP04715,Oviya Saran,Oviya,Saran,Female,1977-12-23,48,2021-06-30,5,Finance,Financial Analyst,G3,MGR026,Chennai,Full-Time,979436,6,Master's,Married,Active,
EMP04716,Eesha Nagarajan,Eesha,Nagarajan,Female,1976-06-27,50,2024-12-01,1,Marketing,Marketing Executive,G3,MGR066,Pune,Full-Time,942337,3,Diploma,Single,Active,
EMP04717,Rudra Hegde,Rudra,Hegde,Female,1996-08-17,29,2022-01-12,4,Operations,Operations Executive,G2,MGR011,Chennai,Contract,515447,8,Bachelor's,Single,Active,
EMP04718,Chandran Tak,Chandran,Tak,Male,1985-10-29,40,2023-04-14,3,Sales,Sales Executive,G2,MGR023,Bangalore,Contract,688313,6,Diploma,Single,Active,
EMP04719,Wishi Batra,Wishi,Batra,Male,1972-06-03,54,2023-04-10,3,Sales,Sales Manager,G4,MGR047,Pune,Full-Time,1051642,3,Master's,Married,Active,
EMP04720,Anvi Sama,Anvi,Sama,Female,1986-01-03,40,2019-11-16,6,Operations,Operations Executive,G1,MGR085,Mumbai,Contract,366574,9,PhD,Married,Active,
EMP04721,Jagdish Dash,Jagdish,Dash,Male,1973-03-28,53,2018-10-18,7,Finance,Financial Analyst,G3,MGR039,Hyderabad,Contract,985770,12,PhD,Single,Active,
EMP04722,Sneha Garg,Sneha,Garg,Male,2002-11-28,23,2015-10-01,10,Operations,Supply Chain Analyst,G3,MGR089,Chennai,Full-Time,714707,2,Master's,Married,Active,
EMP04723,Eta Rajagopal,Eta,Rajagopal,Female,1972-08-16,54,2022-04-12,4,Operations,Operations Manager,G2,MGR054,Bangalore,Full-Time,528711,4,PhD,Single,Active,
EMP04724,Warjas Bail,Warjas,Bail,Male,1985-07-10,41,2025-02-06,1,Sales,Sales Manager,G4,MGR046,Delhi,Full-Time,1254838,1,Master's,Single,Active,
EMP04725,Bhavani Badami,Bhavani,Badami,Male,1969-08-28,56,2024-05-24,2,Finance,Financial Analyst,G5,MGR064,Pune,Contract,2122567,4,Diploma,Single,Resigned,2024-05-31
EMP04726,Triya Mane,Triya,Mane,Female,1981-07-17,45,2023-06-29,3,IT,DevOps Engineer,G4,MGR030,Hyderabad,Full-Time,1288705,7,Diploma,Married,Active,
EMP04727,Karan Rau,Karan,Rau,Male,1969-08-14,57,2021-05-18,5,HR,HR Executive,G4,MGR098,Hyderabad,Contract,1062789,10,Bachelor's,Single,Active,
EMP04728,Balhaar Walla,Balhaar,Walla,Female,1965-01-21,61,2015-12-14,10,Sales,Business Development Executive,G4,MGR054,Bangalore,Contract,1090911,14,Diploma,Single,Active,
EMP04729,Balveer Nazareth,Balveer,Nazareth,Female,1969-06-04,57,2017-02-16,9,Finance,Finance Manager,G3,MGR058,Pune,Full-Time,771589,11,Bachelor's,Single,Active,
EMP04730,Amol Boase,Amol,Boase,Male,1993-11-15,32,2022-01-15,4,IT,Software Engineer,G2,MGR088,Mumbai,Full-Time,585012,5,PhD,Married,Active,
EMP04731,Upma Chandran,Upma,Chandran,Male,2000-01-11,26,2020-01-31,6,IT,QA Engineer,G3,MGR030,Pune,Full-Time,815385,5,PhD,Married,Active,
EMP04732,Ojasvi Mitra,Ojasvi,Mitra,Male,1979-07-11,47,2024-07-14,2,Sales,Sales Executive,G5,MGR059,Bangalore,Full-Time,2424629,2,Master's,Single,Active,
EMP04733,Anvi Nadig,Anvi,Nadig,Female,1990-03-30,36,2016-09-09,9,IT,Data Engineer,G2,MGR076,Hyderabad,Contract,684459,11,PhD,Single,Active,
EMP04734,Hiral Ratta,Hiral,Ratta,Male,1994-02-18,32,2021-11-09,4,HR,Talent Acquisition Specialist,G1,MGR017,Mumbai,Full-Time,354392,5,Diploma,Married,Active,
EMP04735,Fariq Munshi,Fariq,Munshi,Male,2003-12-31,22,2015-12-09,10,Operations,Operations Manager,G3,MGR034,Delhi,Full-Time,956564,1,Master's,Single,Active,
EMP04736,Wakeeta Batta,Wakeeta,Batta,Male,1996-01-23,30,2017-03-09,9,Finance,Accountant,G1,MGR074,Delhi,Full-Time,422987,9,Master's,Married,Resigned,2023-11-17
EMP04737,Chanchal Sha,Chanchal,Sha,Female,1993-03-28,33,2019-02-06,7,Sales,Sales Manager,G4,MGR075,Delhi,Contract,1486506,12,Master's,Single,Active,
EMP04738,Wakeeta Dara,Wakeeta,Dara,Male,1969-08-06,57,2020-06-11,6,IT,Data Analyst,G1,MGR040,Bangalore,Contract,359809,11,Diploma,Married,Active,
EMP04739,Kashvi Chauhan,Kashvi,Chauhan,Female,2003-09-13,22,2024-02-01,2,Marketing,SEO Analyst,G2,MGR001,Pune,Full-Time,554575,1,Master's,Single,Active,
EMP04740,Ayush Kapur,Ayush,Kapur,Female,1969-02-09,57,2019-07-07,7,Sales,Sales Manager,G2,MGR085,Delhi,Full-Time,556939,9,Diploma,Married,Active,
EMP04741,Champak Anne,Champak,Anne,Male,1967-12-09,58,2015-09-28,10,IT,Data Engineer,G2,MGR021,Hyderabad,Full-Time,660853,13,Bachelor's,Single,Active,
EMP04742,Liam Cheema,Liam,Cheema,Female,1984-03-30,42,2022-01-26,4,Finance,Accountant,G1,MGR092,Delhi,Full-Time,466297,6,PhD,Single,Active,
EMP04743,Ekantika Sarin,Ekantika,Sarin,Male,1966-10-20,59,2021-11-14,4,IT,Software Engineer,G3,MGR005,Pune,Contract,905710,7,Diploma,Married,Active,
EMP04744,Upkaar Garde,Upkaar,Garde,Female,1983-09-25,42,2020-12-30,5,Sales,Business Development Executive,G3,MGR003,Mumbai,Contract,746633,8,PhD,Single,Active,
EMP04745,Gaurang Halder,Gaurang,Halder,Male,2002-01-20,24,2021-06-07,5,HR,Talent Acquisition Specialist,G5,MGR022,Bangalore,Full-Time,1508556,3,Master's,Married,Active,
EMP04746,Jyoti Yogi,Jyoti,Yogi,Male,1987-01-22,39,2023-09-02,2,Sales,Business Development Executive,G4,MGR060,Hyderabad,Contract,1187117,6,Master's,Single,Active,
EMP04747,Abdul Ben,Abdul,Ben,Male,1989-11-09,36,2021-05-10,5,IT,Data Engineer,G4,MGR098,Pune,Full-Time,1123749,8,Master's,Married,Active,
EMP04748,Aashi Bassi,Aashi,Bassi,Female,1985-05-07,41,2017-12-07,8,Marketing,SEO Analyst,G1,MGR052,Pune,Contract,319980,8,Diploma,Single,Active,
EMP04749,Indrajit Bava,Indrajit,Bava,Male,1993-11-03,32,2023-01-02,3,Finance,Finance Manager,G3,MGR036,Hyderabad,Contract,851820,7,Master's,Married,Active,
EMP04750,Daksha Borde,Daksha,Borde,Female,1999-11-30,26,2021-12-11,4,Operations,Operations Manager,G3,MGR011,Delhi,Contract,872265,4,Diploma,Married,Active,
EMP04751,Aishani Narayan,Aishani,Narayan,Male,1976-07-08,50,2016-06-26,10,Sales,Business Development Executive,G1,MGR009,Mumbai,Full-Time,425737,10,Diploma,Married,Active,
EMP04752,Ladli Madan,Ladli,Madan,Male,1984-10-08,41,2019-07-10,7,Finance,Finance Manager,G4,MGR099,Mumbai,Full-Time,1060431,8,Master's,Married,Active,
EMP04753,Onkar Devi,Onkar,Devi,Male,1980-01-12,46,2023-02-15,3,Marketing,Marketing Executive,G2,MGR023,Pune,Contract,615734,8,PhD,Single,Active,
EMP04754,Triveni Dar,Triveni,Dar,Female,1990-03-12,36,2015-04-19,11,HR,Talent Acquisition Specialist,G5,MGR028,Bangalore,Contract,2260039,11,PhD,Single,Active,
EMP04755,Jonathan Nagar,Jonathan,Nagar,Female,1980-06-01,46,2025-11-11,0,HR,Talent Acquisition Specialist,G1,MGR012,Delhi,Full-Time,457122,3,Bachelor's,Single,Active,
EMP04756,Manbir Sachdev,Manbir,Sachdev,Male,1997-06-13,29,2018-08-05,8,IT,DevOps Engineer,G2,MGR065,Bangalore,Contract,663160,8,Diploma,Married,Active,
EMP04757,Sanya Das,Sanya,Das,Male,1980-07-05,46,2016-01-20,10,Operations,Operations Executive,G3,MGR018,Hyderabad,Contract,917322,11,PhD,Single,Active,
EMP04758,Wridesh Sridhar,Wridesh,Sridhar,Female,1972-04-09,54,2022-07-27,4,Sales,Business Development Executive,G2,MGR030,Chennai,Full-Time,581202,6,Master's,Married,Active,
EMP04759,Vrishti Mand,Vrishti,Mand,Female,1968-09-26,57,2022-12-15,3,Finance,Finance Manager,G5,MGR044,Mumbai,Full-Time,1974367,6,Master's,Married,Active,
EMP04760,Ekanta Subramanian,Ekanta,Subramanian,Male,1975-12-14,50,2021-02-06,5,Finance,Financial Analyst,G3,MGR043,Pune,Full-Time,848854,7,Bachelor's,Single,Active,
EMP04761,Upkaar Chanda,Upkaar,Chanda,Female,1990-02-11,36,2016-02-15,10,HR,HR Executive,G2,MGR046,Chennai,Full-Time,514068,15,Bachelor's,Single,Resigned,2020-08-11
EMP04762,Chaman Butala,Chaman,Butala,Male,1994-04-29,32,2025-05-06,1,HR,HR Executive,G1,MGR092,Bangalore,Full-Time,343233,5,PhD,Married,Resigned,2026-02-04
EMP04763,Xavier Jha,Xavier,Jha,Female,1967-01-18,59,2024-03-13,2,Operations,Operations Manager,G5,MGR090,Chennai,Full-Time,1711101,6,Bachelor's,Married,Active,
EMP04764,Faras Borde,Faras,Borde,Female,1977-12-27,48,2015-09-05,10,Operations,Operations Executive,G1,MGR085,Hyderabad,Contract,456850,15,Master's,Married,Active,
EMP04765,Warda Bhasin,Warda,Bhasin,Female,1973-04-24,53,2019-02-05,7,Operations,Supply Chain Analyst,G3,MGR094,Pune,Full-Time,709553,10,Bachelor's,Married,Active,
EMP04766,Simon Arya,Simon,Arya,Male,1967-04-29,59,2016-04-29,10,HR,HR Manager,G2,MGR088,Mumbai,Contract,566186,14,PhD,Married,Active,
EMP04767,Tarak Sidhu,Tarak,Sidhu,Female,1967-10-06,58,2019-10-12,6,Sales,Business Development Executive,G3,MGR039,Bangalore,Full-Time,927896,8,Diploma,Married,Active,
EMP04768,Lekha Guha,Lekha,Guha,Male,1970-05-13,56,2015-10-31,10,Marketing,SEO Analyst,G3,MGR097,Delhi,Contract,873267,14,Diploma,Married,Active,
EMP04769,Vinaya Cheema,Vinaya,Cheema,Male,1972-04-20,54,2016-02-17,10,Sales,Business Development Executive,G5,MGR042,Bangalore,Contract,2380616,13,Bachelor's,Married,Active,
EMP04770,Harini Joshi,Harini,Joshi,Female,2000-10-25,25,2019-02-13,7,IT,Data Engineer,G5,MGR027,Delhi,Contract,2356053,4,PhD,Single,Active,
EMP04771,Yoshita Munshi,Yoshita,Munshi,Female,2000-01-25,26,2021-06-26,5,Marketing,Marketing Executive,G5,MGR094,Chennai,Contract,1657056,5,Diploma,Single,Active,
EMP04772,Devika Setty,Devika,Setty,Female,1999-06-27,27,2024-12-21,1,Operations,Operations Executive,G5,MGR037,Bangalore,Full-Time,1861217,4,Master's,Single,Active,
EMP04773,Mitesh Thaman,Mitesh,Thaman,Female,1969-08-19,56,2025-08-21,0,Finance,Accountant,G4,MGR030,Delhi,Contract,1434616,2,PhD,Single,Active,
EMP04774,Hitesh De,Hitesh,De,Female,1996-08-24,29,2016-07-24,10,IT,Software Engineer,G3,MGR024,Delhi,Contract,727757,8,PhD,Single,Active,
EMP04775,Theodore Patla,Theodore,Patla,Female,1986-04-01,40,2023-03-27,3,Marketing,SEO Analyst,G1,MGR034,Chennai,Contract,312360,5,Diploma,Married,Active,
EMP04776,Lekha Sethi,Lekha,Sethi,Male,1998-04-01,28,2019-01-09,7,Finance,Accountant,G3,MGR097,Hyderabad,Contract,991572,7,Diploma,Married,Active,
EMP04777,Yochana Jain,Yochana,Jain,Female,1987-05-28,39,2025-11-08,0,IT,Data Engineer,G1,MGR066,Chennai,Contract,478227,5,Master's,Single,Active,
EMP04778,Mugdha Guha,Mugdha,Guha,Female,1992-05-11,34,2021-08-08,4,HR,HR Executive,G5,MGR083,Mumbai,Contract,1620205,7,Diploma,Single,Active,
EMP04779,Ekapad Mall,Ekapad,Mall,Female,1995-04-01,31,2015-02-26,11,Finance,Finance Manager,G4,MGR052,Delhi,Full-Time,1443959,10,Diploma,Married,Active,
EMP04780,Pallavi Gala,Pallavi,Gala,Male,1978-09-03,47,2016-02-24,10,Finance,Finance Manager,G5,MGR099,Chennai,Contract,1695006,13,PhD,Married,Active,
EMP04781,Damyanti Chaudry,Damyanti,Chaudry,Female,1977-06-24,49,2016-02-24,10,Sales,Sales Manager,G2,MGR036,Hyderabad,Contract,616550,13,Master's,Married,Active,
EMP04782,Manan Shenoy,Manan,Shenoy,Female,1969-07-19,57,2019-03-28,7,Finance,Accountant,G4,MGR084,Delhi,Full-Time,1035685,10,PhD,Married,Active,
EMP04783,Hredhaan Choudhary,Hredhaan,Choudhary,Female,1971-03-16,55,2018-06-26,8,IT,DevOps Engineer,G1,MGR067,Hyderabad,Contract,412794,10,Bachelor's,Married,Active,
EMP04784,Wridesh Babu,Wridesh,Babu,Male,1977-03-29,49,2023-03-18,3,Operations,Operations Executive,G2,MGR012,Pune,Full-Time,585104,7,Diploma,Single,Active,
EMP04785,Triveni Grover,Triveni,Grover,Male,1996-02-12,30,2016-04-25,10,Finance,Finance Manager,G1,MGR010,Pune,Full-Time,370742,9,Bachelor's,Single,Active,
EMP04786,Amara Balakrishnan,Amara,Balakrishnan,Female,2001-06-08,25,2018-06-05,8,Sales,Sales Manager,G5,MGR041,Delhi,Contract,1597773,4,PhD,Single,Resigned,2022-06-23
EMP04787,Sneha Pandey,Sneha,Pandey,Female,1970-10-23,55,2017-02-12,9,Marketing,Marketing Executive,G2,MGR009,Mumbai,Contract,693705,10,Bachelor's,Married,Resigned,2021-08-20
EMP04788,Jagat Chad,Jagat,Chad,Female,1998-08-16,27,2015-02-05,11,Marketing,Marketing Executive,G4,MGR075,Mumbai,Contract,1022649,6,Master's,Married,Active,
EMP04789,Irya Sankar,Irya,Sankar,Male,1983-05-19,43,2022-10-13,3,Finance,Accountant,G3,MGR023,Delhi,Contract,843923,8,Diploma,Single,Active,
EMP04790,Simon Dora,Simon,Dora,Male,1993-03-25,33,2018-07-28,8,Operations,Operations Manager,G4,MGR056,Chennai,Full-Time,1212698,12,PhD,Single,Active,
EMP04791,Mekhala Thakkar,Mekhala,Thakkar,Male,1970-11-26,55,2023-10-16,2,HR,Talent Acquisition Specialist,G1,MGR067,Delhi,Contract,488787,2,PhD,Single,Active,
EMP04792,Raagini Trivedi,Raagini,Trivedi,Female,1998-11-12,27,2023-03-21,3,Finance,Financial Analyst,G2,MGR057,Bangalore,Full-Time,652612,6,Bachelor's,Single,Active,
EMP04793,Gauri Bera,Gauri,Bera,Female,1982-06-20,44,2022-11-09,3,Marketing,SEO Analyst,G1,MGR072,Bangalore,Contract,336285,7,Bachelor's,Married,Active,
EMP04794,Ridhi Mahajan,Ridhi,Mahajan,Female,1996-01-20,30,2016-06-24,10,Operations,Operations Manager,G5,MGR092,Bangalore,Contract,2451723,9,Master's,Married,Active,
EMP04795,Kala Chaudhari,Kala,Chaudhari,Female,1977-11-05,48,2020-02-10,6,Finance,Accountant,G3,MGR063,Delhi,Full-Time,822912,8,Diploma,Married,Active,
EMP04796,Chandran Raja,Chandran,Raja,Male,1976-03-05,50,2022-08-31,3,Marketing,Marketing Executive,G1,MGR003,Pune,Full-Time,479044,3,PhD,Single,Active,
EMP04797,Pahal Hari,Pahal,Hari,Female,1997-10-12,28,2023-11-20,2,Marketing,Marketing Executive,G3,MGR041,Delhi,Contract,921214,3,Diploma,Single,Active,
EMP04798,Chaitaly Gulati,Chaitaly,Gulati,Male,1970-06-05,56,2016-06-07,10,Marketing,SEO Analyst,G1,MGR080,Pune,Full-Time,404522,11,Bachelor's,Single,Active,
EMP04799,Neha Goda,Neha,Goda,Male,1975-03-19,51,2016-11-12,9,Sales,Sales Executive,G2,MGR034,Mumbai,Contract,579946,11,PhD,Single,Active,
EMP04800,Anya Wagle,Anya,Wagle,Male,1976-05-29,50,2023-06-30,3,Marketing,SEO Analyst,G5,MGR070,Delhi,Full-Time,1784191,4,Bachelor's,Single,Active,
EMP04801,Wakeeta Venkataraman,Wakeeta,Venkataraman,Female,1984-01-24,42,2023-06-17,3,Sales,Sales Executive,G5,MGR073,Hyderabad,Full-Time,2112056,4,Diploma,Married,Active,
EMP04802,Rachita Chopra,Rachita,Chopra,Male,1975-10-06,50,2022-03-19,4,HR,HR Manager,G3,MGR011,Bangalore,Contract,793623,4,Master's,Married,Active,
EMP04803,Chandresh Kothari,Chandresh,Kothari,Male,1986-06-12,40,2015-04-25,11,Operations,Operations Executive,G3,MGR079,Delhi,Contract,970495,14,Master's,Single,Resigned,2017-03-15
EMP04804,Theodore Contractor,Theodore,Contractor,Female,1992-07-06,34,2022-08-29,3,Sales,Sales Executive,G1,MGR063,Bangalore,Contract,357246,8,Diploma,Single,Active,
EMP04805,Chatresh Banik,Chatresh,Banik,Female,2002-09-03,23,2018-01-06,8,HR,HR Executive,G1,MGR007,Hyderabad,Full-Time,497069,2,Bachelor's,Single,Active,
EMP04806,Amaira Khare,Amaira,Khare,Female,1986-11-14,39,2017-09-23,8,Sales,Business Development Executive,G4,MGR098,Bangalore,Contract,1253223,13,PhD,Married,Resigned,2018-11-06
EMP04807,Harrison Majumdar,Harrison,Majumdar,Female,1985-12-26,40,2024-06-04,2,HR,HR Executive,G2,MGR029,Chennai,Full-Time,587135,4,Diploma,Single,Active,
EMP04808,Upkaar Ravel,Upkaar,Ravel,Female,2000-01-19,26,2022-07-27,4,IT,Data Engineer,G4,MGR094,Bangalore,Contract,1311502,5,Diploma,Single,Active,
EMP04809,Manya Ramaswamy,Manya,Ramaswamy,Male,1971-11-19,54,2023-05-02,3,Operations,Operations Executive,G4,MGR081,Hyderabad,Full-Time,1317509,8,Diploma,Married,Active,
EMP04810,Harrison Kannan,Harrison,Kannan,Female,1994-06-22,32,2016-06-28,10,Sales,Sales Manager,G4,MGR058,Delhi,Full-Time,1060734,11,Bachelor's,Single,Active,
EMP04811,Amrita Tandon,Amrita,Tandon,Male,1967-11-09,58,2016-04-05,10,Sales,Sales Manager,G3,MGR089,Hyderabad,Contract,874558,15,Master's,Married,Active,
EMP04812,Samesh Garg,Samesh,Garg,Male,1966-12-08,59,2024-12-24,1,Sales,Sales Manager,G3,MGR034,Delhi,Full-Time,855763,3,Diploma,Married,Active,
EMP04813,Samar Palan,Samar,Palan,Female,1988-04-19,38,2025-01-18,1,Operations,Supply Chain Analyst,G5,MGR031,Pune,Full-Time,1554854,6,Bachelor's,Single,Active,
EMP04814,Bhavna Mani,Bhavna,Mani,Male,1965-06-09,61,2021-04-13,5,HR,HR Executive,G3,MGR069,Hyderabad,Full-Time,763260,7,Master's,Single,Resigned,2021-04-22
EMP04815,Girindra Goyal,Girindra,Goyal,Male,1992-09-05,33,2022-01-05,4,HR,HR Executive,G2,MGR002,Mumbai,Contract,633576,9,Bachelor's,Single,Active,
EMP04816,Yahvi Sood,Yahvi,Sood,Male,1984-10-13,41,2023-04-02,3,HR,HR Executive,G2,MGR074,Bangalore,Full-Time,686438,8,Diploma,Married,Active,
EMP04817,Dalaja Khare,Dalaja,Khare,Female,1975-03-30,51,2016-07-19,10,Operations,Operations Executive,G5,MGR062,Chennai,Full-Time,1639642,11,Bachelor's,Single,Resigned,2019-06-11
EMP04818,Divya Boase,Divya,Boase,Female,1974-06-14,52,2024-10-20,1,Marketing,Marketing Executive,G1,MGR023,Pune,Contract,409982,1,PhD,Married,Resigned,2025-02-26
EMP04819,Rachit Natarajan,Rachit,Natarajan,Male,1999-06-21,27,2017-06-30,9,Marketing,Marketing Executive,G4,MGR009,Chennai,Contract,1303457,6,PhD,Married,Active,
EMP04820,Tamanna Dhar,Tamanna,Dhar,Female,1996-05-02,30,2021-11-13,4,Marketing,SEO Analyst,G4,MGR033,Bangalore,Contract,1443933,7,Diploma,Single,Active,
EMP04821,Agastya Som,Agastya,Som,Male,1966-11-24,59,2016-03-09,10,Finance,Financial Analyst,G2,MGR100,Mumbai,Contract,615435,10,PhD,Single,Active,
EMP04822,Priya Natt,Priya,Natt,Male,1987-08-13,39,2023-05-18,3,IT,QA Engineer,G4,MGR044,Chennai,Contract,1071078,3,Bachelor's,Single,Active,
EMP04823,Ansh Goel,Ansh,Goel,Female,2000-12-30,25,2017-01-06,9,Sales,Business Development Executive,G3,MGR015,Delhi,Contract,782959,4,PhD,Single,Active,
EMP04824,Aishani Bose,Aishani,Bose,Male,1996-06-13,30,2017-12-27,8,HR,HR Manager,G1,MGR050,Hyderabad,Full-Time,490902,9,Bachelor's,Married,Active,
EMP04825,Onkar Andra,Onkar,Andra,Female,2000-08-24,25,2021-07-14,5,Sales,Sales Executive,G4,MGR060,Pune,Contract,1231080,4,Diploma,Married,Active,
EMP04826,Indira Som,Indira,Som,Female,1982-09-05,43,2025-04-20,1,Operations,Operations Manager,G4,MGR098,Pune,Contract,1150175,5,Bachelor's,Married,Active,
EMP04827,Aarav Suresh,Aarav,Suresh,Female,2000-01-18,26,2022-01-06,4,Marketing,SEO Analyst,G4,MGR055,Delhi,Contract,1049203,5,Bachelor's,Single,Active,
EMP04828,Yug Sodhi,Yug,Sodhi,Female,1986-07-19,40,2023-06-07,3,HR,HR Manager,G1,MGR031,Chennai,Full-Time,385363,5,Diploma,Single,Active,
EMP04829,Imaran Bath,Imaran,Bath,Male,1966-06-08,60,2020-05-28,6,Operations,Operations Manager,G5,MGR015,Chennai,Full-Time,1747941,10,Bachelor's,Married,Active,
EMP04830,Anay Mannan,Anay,Mannan,Male,1991-04-29,35,2021-01-20,5,Sales,Business Development Executive,G1,MGR024,Mumbai,Contract,354467,5,Diploma,Single,Active,
EMP04831,Vedant Vohra,Vedant,Vohra,Male,1972-03-21,54,2020-04-28,6,Finance,Finance Manager,G3,MGR034,Delhi,Contract,893542,6,Master's,Married,Resigned,2024-08-08
EMP04832,Oliver Din,Oliver,Din,Female,1988-04-08,38,2025-03-31,1,Sales,Business Development Executive,G5,MGR023,Bangalore,Contract,2377040,3,PhD,Single,Active,
EMP04833,Girindra Chaudhry,Girindra,Chaudhry,Male,1983-04-22,43,2025-05-18,1,Sales,Business Development Executive,G4,MGR073,Chennai,Contract,1235591,5,Diploma,Married,Active,
EMP04834,Daksha Nayak,Daksha,Nayak,Female,1984-03-31,42,2021-10-31,4,Marketing,Marketing Executive,G2,MGR049,Pune,Full-Time,618657,4,Bachelor's,Single,Active,
EMP04835,Sneha Swaminathan,Sneha,Swaminathan,Female,1990-04-16,36,2015-04-30,11,Marketing,Marketing Executive,G2,MGR010,Mumbai,Full-Time,631151,15,PhD,Single,Active,
EMP04836,Indali Kurian,Indali,Kurian,Male,1981-05-22,45,2019-11-15,6,Sales,Sales Executive,G1,MGR050,Mumbai,Full-Time,345346,10,Diploma,Single,Active,
EMP04837,Vidhi Kulkarni,Vidhi,Kulkarni,Female,1970-11-09,55,2023-12-09,2,Marketing,Digital Marketing Specialist,G3,MGR063,Delhi,Full-Time,820491,3,Bachelor's,Married,Active,
EMP04838,Janya Shanker,Janya,Shanker,Male,2003-11-22,22,2016-11-18,9,Finance,Finance Manager,G2,MGR006,Bangalore,Full-Time,515301,1,Diploma,Single,Active,
EMP04839,Agastya Pandit,Agastya,Pandit,Male,1971-11-20,54,2018-04-09,8,Sales,Business Development Executive,G4,MGR054,Hyderabad,Contract,1345253,10,Bachelor's,Single,Active,
EMP04840,Charvi Nath,Charvi,Nath,Male,1986-12-28,39,2016-11-25,9,Marketing,SEO Analyst,G3,MGR079,Chennai,Full-Time,726320,9,Master's,Single,Active,
EMP04841,Zarna Sule,Zarna,Sule,Female,1995-08-09,31,2020-12-31,5,Finance,Finance Manager,G1,MGR095,Delhi,Full-Time,379449,7,PhD,Married,Active,
EMP04842,Isaiah Madan,Isaiah,Madan,Male,1989-12-20,36,2018-04-05,8,Finance,Accountant,G5,MGR001,Chennai,Contract,1660813,11,PhD,Married,Active,
EMP04843,Zilmil Bail,Zilmil,Bail,Female,1969-02-02,57,2025-03-02,1,Marketing,Digital Marketing Specialist,G1,MGR052,Chennai,Contract,397834,5,Bachelor's,Married,Active,
EMP04844,Manbir Roy,Manbir,Roy,Male,1967-02-10,59,2024-05-15,2,Sales,Sales Manager,G2,MGR058,Delhi,Contract,643864,2,Bachelor's,Married,Active,
EMP04845,Thomas Dhar,Thomas,Dhar,Female,1967-02-15,59,2016-06-11,10,HR,HR Manager,G5,MGR092,Pune,Full-Time,1760566,12,PhD,Single,Active,
EMP04846,Ishanvi Tank,Ishanvi,Tank,Female,1995-05-23,31,2023-09-26,2,Marketing,Digital Marketing Specialist,G3,MGR032,Delhi,Full-Time,706231,6,Master's,Single,Active,
EMP04847,Azaan Konda,Azaan,Konda,Female,1986-01-21,40,2025-11-03,0,Sales,Sales Executive,G2,MGR049,Hyderabad,Contract,662197,5,Bachelor's,Single,Resigned,2026-06-15
EMP04848,Raagini Parsa,Raagini,Parsa,Female,1968-08-11,58,2019-07-26,7,HR,Talent Acquisition Specialist,G1,MGR055,Mumbai,Contract,405031,7,Master's,Single,Active,
EMP04849,Samuel Chakraborty,Samuel,Chakraborty,Male,1985-08-04,41,2017-05-04,9,Sales,Business Development Executive,G2,MGR080,Delhi,Full-Time,544519,13,PhD,Married,Active,
EMP04850,Rishi Purohit,Rishi,Purohit,Male,1982-12-11,43,2015-10-10,10,Finance,Finance Manager,G3,MGR033,Pune,Full-Time,859229,11,Diploma,Married,Active,
EMP04851,Hritik Mahal,Hritik,Mahal,Male,1994-11-05,31,2024-04-17,2,Finance,Finance Manager,G5,MGR072,Bangalore,Full-Time,1794415,5,Master's,Single,Active,
EMP04852,Shivani Vyas,Shivani,Vyas,Male,2002-07-20,24,2018-09-05,7,Operations,Operations Manager,G1,MGR018,Mumbai,Full-Time,485880,3,Diploma,Single,Active,
EMP04853,Parth Lanka,Parth,Lanka,Female,1987-12-05,38,2022-02-12,4,Sales,Sales Executive,G4,MGR032,Chennai,Full-Time,1325921,6,Master's,Married,Resigned,2025-01-30
EMP04854,Garima Raman,Garima,Raman,Female,1965-04-08,61,2022-05-31,4,Finance,Accountant,G3,MGR063,Bangalore,Full-Time,755002,5,PhD,Single,Active,
EMP04855,Omisha Majumdar,Omisha,Majumdar,Male,1966-07-01,60,2021-01-25,5,Operations,Operations Manager,G3,MGR026,Delhi,Full-Time,908165,9,PhD,Married,Active,
EMP04856,Dayamai Halder,Dayamai,Halder,Male,1983-12-04,42,2018-10-07,7,IT,QA Engineer,G5,MGR078,Chennai,Contract,2246025,10,Master's,Married,Active,
EMP04857,Benjamin Venkatesh,Benjamin,Venkatesh,Female,1991-06-27,35,2021-09-28,4,Operations,Operations Manager,G5,MGR066,Pune,Contract,2478462,8,Diploma,Married,Active,
EMP04858,Hemal Das,Hemal,Das,Male,1990-10-07,35,2021-02-27,5,Marketing,SEO Analyst,G4,MGR083,Bangalore,Contract,1149858,5,Bachelor's,Single,Active,
EMP04859,Rachita Sha,Rachita,Sha,Female,1987-10-30,38,2023-07-30,3,Finance,Financial Analyst,G3,MGR037,Hyderabad,Contract,941894,3,PhD,Single,Active,
EMP04860,Idika Mani,Idika,Mani,Female,1998-02-02,28,2018-10-21,7,Marketing,SEO Analyst,G5,MGR025,Bangalore,Contract,2202378,7,Master's,Single,Resigned,2019-09-28
EMP04861,Abhiram Tara,Abhiram,Tara,Female,1996-09-02,29,2019-02-04,7,Finance,Accountant,G1,MGR042,Hyderabad,Contract,490322,8,PhD,Married,Active,
EMP04862,Manan Shukla,Manan,Shukla,Male,1993-10-26,32,2018-11-11,7,Sales,Sales Executive,G4,MGR097,Chennai,Full-Time,1210214,11,Diploma,Married,Active,
EMP04863,Mason Virk,Mason,Virk,Male,1966-03-11,60,2015-07-04,11,Marketing,Digital Marketing Specialist,G3,MGR031,Pune,Contract,908690,12,PhD,Single,Active,
EMP04864,Bimala Gaba,Bimala,Gaba,Female,1993-06-20,33,2018-06-19,8,Marketing,Marketing Executive,G2,MGR063,Bangalore,Contract,562587,10,Bachelor's,Single,Active,
EMP04865,Chavvi Sur,Chavvi,Sur,Male,1975-03-04,51,2022-05-02,4,IT,Data Engineer,G5,MGR084,Mumbai,Contract,1761092,4,Master's,Single,Active,
EMP04866,Bhavya Bhattacharyya,Bhavya,Bhattacharyya,Male,1998-06-08,28,2015-02-02,11,Sales,Sales Manager,G4,MGR027,Bangalore,Contract,1168753,7,PhD,Single,Active,
EMP04867,Chaitaly Aurora,Chaitaly,Aurora,Male,1965-12-18,60,2016-09-13,9,Marketing,Marketing Executive,G1,MGR003,Mumbai,Full-Time,310289,13,PhD,Married,Active,
EMP04868,Sudiksha Baria,Sudiksha,Baria,Female,1990-02-25,36,2015-02-23,11,Marketing,SEO Analyst,G5,MGR052,Bangalore,Contract,2365071,11,Diploma,Married,Resigned,2018-11-04
EMP04869,Barkha Dasgupta,Barkha,Dasgupta,Male,1987-03-03,39,2022-10-16,3,Sales,Sales Manager,G3,MGR019,Delhi,Contract,701844,6,Master's,Single,Active,
EMP04870,Chatresh Suresh,Chatresh,Suresh,Male,1970-12-21,55,2024-02-12,2,Marketing,Marketing Executive,G3,MGR048,Mumbai,Contract,805553,4,Bachelor's,Married,Active,
EMP04871,Damini Ahluwalia,Damini,Ahluwalia,Female,2003-10-09,22,2019-06-07,7,Operations,Operations Manager,G1,MGR022,Bangalore,Full-Time,398556,1,Bachelor's,Single,Active,
EMP04872,Qushi Pandey,Qushi,Pandey,Male,2001-10-16,24,2022-07-03,4,IT,DevOps Engineer,G1,MGR057,Hyderabad,Contract,330297,3,PhD,Single,Active,
EMP04873,Aadi Bedi,Aadi,Bedi,Female,1990-01-30,36,2025-03-17,1,Sales,Sales Manager,G5,MGR063,Delhi,Contract,1622770,3,PhD,Single,Active,
EMP04874,Zayan Devi,Zayan,Devi,Male,1974-03-12,52,2017-06-30,9,IT,Data Engineer,G2,MGR077,Hyderabad,Contract,571489,9,Diploma,Married,Active,
EMP04875,Inaya Mander,Inaya,Mander,Male,2002-09-01,23,2023-06-15,3,Operations,Operations Executive,G4,MGR014,Bangalore,Full-Time,1182680,2,Master's,Married,Active,
EMP04876,Yadavi Dubey,Yadavi,Dubey,Male,1973-07-04,53,2021-11-01,4,Operations,Operations Manager,G2,MGR017,Hyderabad,Contract,669811,5,Bachelor's,Married,Active,
EMP04877,Gabriel Madan,Gabriel,Madan,Female,1974-08-31,51,2024-12-12,1,Finance,Financial Analyst,G3,MGR009,Mumbai,Full-Time,708805,3,Diploma,Married,Resigned,2025-04-01
EMP04878,Ronith Sankaran,Ronith,Sankaran,Female,1970-10-18,55,2018-08-10,7,HR,HR Manager,G5,MGR031,Pune,Full-Time,1883072,9,PhD,Married,Active,
EMP04879,Faris Mannan,Faris,Mannan,Female,1967-08-10,59,2018-10-11,7,Marketing,Digital Marketing Specialist,G3,MGR087,Delhi,Full-Time,889177,9,Master's,Single,Active,
EMP04880,Theodore Balay,Theodore,Balay,Male,1965-03-16,61,2016-07-14,10,IT,Data Analyst,G5,MGR086,Hyderabad,Full-Time,2071766,10,PhD,Single,Active,
EMP04881,Urvashi Pant,Urvashi,Pant,Female,1965-12-30,60,2024-07-04,2,Finance,Accountant,G1,MGR013,Pune,Full-Time,337012,3,PhD,Married,Active,
EMP04882,Yuvraj Raju,Yuvraj,Raju,Female,1971-06-22,55,2015-11-28,10,IT,Software Engineer,G5,MGR071,Hyderabad,Contract,1798229,13,Bachelor's,Married,Active,
EMP04883,Pahal Rastogi,Pahal,Rastogi,Female,1996-09-28,29,2019-11-11,6,Operations,Supply Chain Analyst,G4,MGR019,Mumbai,Full-Time,1426118,8,Diploma,Married,Active,
EMP04884,Guneet Lal,Guneet,Lal,Female,2001-03-05,25,2016-01-23,10,Sales,Sales Executive,G1,MGR049,Hyderabad,Full-Time,391014,4,Bachelor's,Single,Active,
EMP04885,Chasmum Mukhopadhyay,Chasmum,Mukhopadhyay,Female,1998-10-29,27,2021-06-06,5,IT,DevOps Engineer,G1,MGR033,Delhi,Contract,399585,6,Bachelor's,Married,Active,
EMP04886,Oscar Sarin,Oscar,Sarin,Male,1990-03-11,36,2022-02-04,4,Marketing,SEO Analyst,G3,MGR060,Bangalore,Full-Time,743317,9,Master's,Married,Active,
EMP04887,Ekantika Dewan,Ekantika,Dewan,Male,1978-09-26,47,2020-11-04,5,HR,Talent Acquisition Specialist,G1,MGR058,Hyderabad,Full-Time,480118,10,Bachelor's,Single,Active,
EMP04888,Ryan Krishna,Ryan,Krishna,Male,1989-07-02,37,2016-10-07,9,Sales,Business Development Executive,G3,MGR072,Mumbai,Full-Time,813242,13,Bachelor's,Single,Active,
EMP04889,Krishna Saha,Krishna,Saha,Female,2000-03-08,26,2017-05-02,9,Finance,Finance Manager,G2,MGR031,Delhi,Full-Time,619396,5,Diploma,Single,Active,
EMP04890,Ryan Mitra,Ryan,Mitra,Female,1976-07-06,50,2019-10-03,6,Sales,Sales Manager,G1,MGR068,Pune,Contract,365264,7,Diploma,Married,Active,
EMP04891,Dalaja Chada,Dalaja,Chada,Male,1974-07-07,52,2021-07-23,5,Sales,Sales Executive,G1,MGR089,Pune,Contract,331698,10,Bachelor's,Single,Active,
EMP04892,Chameli Shenoy,Chameli,Shenoy,Male,1991-03-12,35,2021-01-18,5,IT,QA Engineer,G5,MGR031,Bangalore,Full-Time,2438457,6,PhD,Single,Active,
EMP04893,Qadim Prashad,Qadim,Prashad,Female,1983-02-18,43,2020-08-25,5,Finance,Finance Manager,G5,MGR048,Bangalore,Contract,1911349,10,Bachelor's,Married,Active,
EMP04894,Rajeshri Char,Rajeshri,Char,Female,1984-09-24,41,2019-05-18,7,Marketing,Digital Marketing Specialist,G4,MGR047,Delhi,Contract,1175935,7,Master's,Single,Active,
EMP04895,Lakshit Vyas,Lakshit,Vyas,Female,1987-02-23,39,2018-10-29,7,IT,Software Engineer,G5,MGR019,Bangalore,Full-Time,1720397,12,PhD,Married,Active,
EMP04896,Riya Munshi,Riya,Munshi,Male,2003-06-30,23,2017-02-05,9,HR,HR Executive,G4,MGR008,Chennai,Contract,1202049,2,Bachelor's,Single,Resigned,2025-09-01
EMP04897,Ishita Sidhu,Ishita,Sidhu,Female,1968-05-25,58,2022-09-23,3,Finance,Accountant,G1,MGR090,Mumbai,Contract,491671,7,PhD,Married,Active,
EMP04898,Irya Sane,Irya,Sane,Male,1972-12-06,53,2017-11-04,8,IT,Data Engineer,G5,MGR067,Hyderabad,Full-Time,1757303,10,Bachelor's,Single,Resigned,2025-10-12
EMP04899,Osha Roy,Osha,Roy,Female,1980-02-28,46,2022-03-03,4,Finance,Accountant,G2,MGR060,Mumbai,Contract,691712,8,PhD,Married,Active,
EMP04900,Triya Bala,Triya,Bala,Female,1979-05-15,47,2025-12-13,0,Marketing,Digital Marketing Specialist,G5,MGR059,Hyderabad,Contract,1649792,2,PhD,Single,Active,
EMP04901,Avi Sama,Avi,Sama,Female,1974-10-30,51,2022-02-15,4,IT,Data Analyst,G4,MGR066,Bangalore,Full-Time,1394894,4,Master's,Single,Resigned,2022-11-16
EMP04902,Logan Mittal,Logan,Mittal,Male,1983-04-25,43,2020-12-19,5,Sales,Sales Manager,G1,MGR003,Hyderabad,Contract,463594,6,Master's,Married,Active,
EMP04903,Xavier Vala,Xavier,Vala,Female,1999-08-23,26,2018-12-17,7,Finance,Accountant,G1,MGR039,Chennai,Full-Time,429428,5,PhD,Married,Resigned,2022-02-18
EMP04904,Joshua Memon,Joshua,Memon,Male,1981-09-12,44,2021-03-22,5,Marketing,SEO Analyst,G1,MGR063,Pune,Contract,316812,6,PhD,Single,Active,
EMP04905,Chatresh Ramaswamy,Chatresh,Ramaswamy,Male,1983-08-08,43,2020-09-07,5,HR,Talent Acquisition Specialist,G1,MGR098,Hyderabad,Full-Time,393355,10,Master's,Single,Active,
EMP04906,Jeremiah Rau,Jeremiah,Rau,Male,1981-10-16,44,2022-03-02,4,IT,Software Engineer,G4,MGR099,Hyderabad,Contract,1327673,4,Diploma,Married,Active,
EMP04907,Abeer Shere,Abeer,Shere,Female,1999-04-07,27,2016-09-15,9,Sales,Business Development Executive,G2,MGR100,Pune,Contract,692529,6,Diploma,Single,Active,
EMP04908,Zarna Sharma,Zarna,Sharma,Male,1972-10-07,53,2020-07-27,6,Operations,Operations Executive,G1,MGR061,Mumbai,Full-Time,482743,8,PhD,Married,Active,
EMP04909,Chatura Chad,Chatura,Chad,Male,1970-05-28,56,2025-07-10,1,HR,HR Executive,G1,MGR039,Chennai,Full-Time,353168,5,PhD,Married,Resigned,2025-08-21
EMP04910,Anamika Chhabra,Anamika,Chhabra,Male,1968-08-30,57,2019-12-19,6,HR,HR Executive,G1,MGR084,Bangalore,Contract,469353,8,Diploma,Single,Active,
EMP04911,Gauri Chatterjee,Gauri,Chatterjee,Female,1999-03-07,27,2024-12-17,1,Operations,Operations Manager,G1,MGR009,Chennai,Contract,470904,5,Bachelor's,Married,Active,
EMP04912,Bina Subramaniam,Bina,Subramaniam,Female,1978-07-02,48,2025-05-04,1,Finance,Financial Analyst,G5,MGR014,Chennai,Full-Time,1698764,5,Diploma,Single,Active,
EMP04913,Garima Bhat,Garima,Bhat,Female,1965-02-28,61,2025-10-02,0,Marketing,SEO Analyst,G4,MGR033,Pune,Full-Time,1101235,5,Diploma,Married,Active,
EMP04914,Jairaj Vaidya,Jairaj,Vaidya,Male,1985-03-02,41,2025-01-27,1,Sales,Sales Manager,G4,MGR084,Chennai,Contract,1057445,3,Master's,Single,Active,
EMP04915,Chatresh Jayaraman,Chatresh,Jayaraman,Male,1973-07-02,53,2015-12-28,10,Finance,Financial Analyst,G2,MGR079,Bangalore,Full-Time,697574,14,Bachelor's,Single,Active,
EMP04916,Zaitra Dhawan,Zaitra,Dhawan,Female,1999-04-18,27,2020-12-18,5,Finance,Finance Manager,G3,MGR036,Bangalore,Contract,971598,6,Bachelor's,Single,Active,
EMP04917,Warhi Deshpande,Warhi,Deshpande,Female,1981-12-30,44,2022-09-10,3,IT,Data Analyst,G1,MGR007,Hyderabad,Contract,445229,5,Bachelor's,Married,Active,
EMP04918,Udant Dubey,Udant,Dubey,Male,1998-09-11,27,2023-02-24,3,Operations,Operations Manager,G3,MGR045,Pune,Full-Time,842084,3,PhD,Married,Active,
EMP04919,Charvi Mukhopadhyay,Charvi,Mukhopadhyay,Male,1967-12-07,58,2023-03-20,3,IT,QA Engineer,G2,MGR054,Mumbai,Contract,503900,7,Bachelor's,Married,Active,
EMP04920,Abeer Sundaram,Abeer,Sundaram,Female,1972-06-30,54,2018-09-20,7,Sales,Business Development Executive,G3,MGR024,Mumbai,Contract,841334,12,Master's,Single,Active,
EMP04921,Sai Contractor,Sai,Contractor,Female,1970-08-20,55,2025-12-18,0,Finance,Finance Manager,G4,MGR080,Chennai,Full-Time,1272735,3,Bachelor's,Married,Active,
EMP04922,Ekalinga Acharya,Ekalinga,Acharya,Male,1980-02-07,46,2015-04-18,11,HR,HR Executive,G4,MGR058,Bangalore,Contract,1489742,11,Diploma,Single,Active,
EMP04923,Michael Dara,Michael,Dara,Female,1987-01-29,39,2024-10-21,1,IT,Data Analyst,G4,MGR002,Bangalore,Contract,1464970,4,Master's,Single,Active,
EMP04924,Zinal Chatterjee,Zinal,Chatterjee,Male,2003-02-05,23,2022-08-28,3,Operations,Supply Chain Analyst,G2,MGR006,Pune,Contract,689695,2,Bachelor's,Single,Active,
EMP04925,Yug Jayaraman,Yug,Jayaraman,Female,1970-12-17,55,2025-10-29,0,IT,Data Analyst,G2,MGR070,Hyderabad,Full-Time,677706,2,Master's,Married,Resigned,2025-12-08
EMP04926,Urvi Bakshi,Urvi,Bakshi,Male,1981-02-06,45,2024-05-15,2,IT,Software Engineer,G2,MGR041,Delhi,Contract,525421,4,Bachelor's,Married,Active,
EMP04927,Yashasvi Sawhney,Yashasvi,Sawhney,Female,1993-09-15,32,2023-06-22,3,HR,HR Manager,G3,MGR049,Delhi,Contract,966208,4,Diploma,Married,Active,
EMP04928,Mahika Bhakta,Mahika,Bhakta,Female,2003-03-22,23,2022-10-12,3,IT,Data Analyst,G3,MGR041,Delhi,Contract,854013,2,Bachelor's,Married,Active,
EMP04929,Jairaj Mital,Jairaj,Mital,Male,1987-01-20,39,2024-07-27,2,Finance,Finance Manager,G3,MGR070,Mumbai,Full-Time,781875,2,PhD,Single,Active,
EMP04930,Nidhi Sule,Nidhi,Sule,Female,1982-12-12,43,2017-07-29,9,HR,HR Manager,G2,MGR005,Chennai,Full-Time,634256,9,Master's,Married,Active,
EMP04931,Qarin Keer,Qarin,Keer,Female,1987-11-28,38,2016-12-06,9,Finance,Finance Manager,G4,MGR001,Bangalore,Contract,1239235,13,Diploma,Single,Resigned,2026-03-26
EMP04932,Abha Sarna,Abha,Sarna,Female,1966-06-02,60,2025-07-31,1,Sales,Sales Manager,G3,MGR051,Bangalore,Full-Time,959023,1,PhD,Married,Active,
EMP04933,Jatin Sankaran,Jatin,Sankaran,Female,1991-10-15,34,2024-12-29,1,IT,DevOps Engineer,G3,MGR045,Pune,Full-Time,818303,1,Bachelor's,Married,Resigned,2025-04-21
EMP04934,Anthony Goyal,Anthony,Goyal,Female,1972-05-15,54,2024-03-19,2,Marketing,Marketing Executive,G2,MGR086,Chennai,Contract,579161,7,Master's,Single,Active,
EMP04935,Lucky Khosla,Lucky,Khosla,Male,1971-12-13,54,2022-11-27,3,HR,HR Executive,G5,MGR039,Hyderabad,Contract,2362396,6,Master's,Married,Active,
EMP04936,Onkar Vaidya,Onkar,Vaidya,Female,1995-01-21,31,2023-07-22,3,Sales,Sales Executive,G2,MGR073,Chennai,Full-Time,571607,3,Master's,Married,Active,
EMP04937,Sai Soni,Sai,Soni,Female,1986-10-16,39,2023-12-16,2,Marketing,Digital Marketing Specialist,G5,MGR095,Mumbai,Full-Time,2267538,3,Bachelor's,Single,Active,
EMP04938,Varsha Mann,Varsha,Mann,Male,1986-03-28,40,2025-09-19,0,HR,HR Manager,G2,MGR007,Chennai,Full-Time,660726,1,Diploma,Married,Active,
EMP04939,Bimala Chaudhry,Bimala,Chaudhry,Female,1985-01-30,41,2022-09-26,3,Finance,Financial Analyst,G4,MGR056,Chennai,Contract,1274817,7,Bachelor's,Single,Active,
EMP04940,Waida Pillai,Waida,Pillai,Male,1969-05-11,57,2019-07-13,7,Marketing,Digital Marketing Specialist,G3,MGR085,Chennai,Full-Time,760104,7,PhD,Single,Active,
EMP04941,Anvi Raman,Anvi,Raman,Female,1995-10-18,30,2015-08-21,10,Operations,Operations Executive,G3,MGR093,Chennai,Contract,819686,9,Diploma,Married,Active,
EMP04942,Libni Chhabra,Libni,Chhabra,Male,1990-11-30,35,2015-09-22,10,Marketing,SEO Analyst,G5,MGR092,Delhi,Contract,1813766,11,Diploma,Married,Active,
EMP04943,Ucchal Saha,Ucchal,Saha,Female,1968-08-02,58,2018-06-29,8,HR,HR Executive,G4,MGR004,Bangalore,Contract,1162684,9,Bachelor's,Single,Active,
EMP04944,Pavani Divan,Pavani,Divan,Female,2003-03-25,23,2024-06-12,2,Marketing,SEO Analyst,G2,MGR059,Pune,Full-Time,670327,2,Bachelor's,Married,Active,
EMP04945,Ayaan Mander,Ayaan,Mander,Female,1975-01-15,51,2025-03-10,1,IT,QA Engineer,G5,MGR005,Pune,Contract,1622242,3,Bachelor's,Married,Active,
EMP04946,Tanvi Dara,Tanvi,Dara,Male,2003-09-06,22,2025-10-20,0,HR,Talent Acquisition Specialist,G3,MGR086,Delhi,Contract,836081,1,PhD,Single,Active,
EMP04947,Lopa Apte,Lopa,Apte,Female,1967-05-12,59,2020-09-28,5,IT,Software Engineer,G5,MGR056,Hyderabad,Full-Time,1955938,9,Bachelor's,Married,Active,
EMP04948,Chavvi Bandi,Chavvi,Bandi,Female,1991-11-11,34,2015-03-17,11,HR,HR Manager,G3,MGR050,Bangalore,Full-Time,724153,12,Bachelor's,Single,Resigned,2026-03-07
EMP04949,Sai Basak,Sai,Basak,Female,2001-04-05,25,2020-12-22,5,Marketing,Digital Marketing Specialist,G4,MGR080,Delhi,Full-Time,1497023,4,PhD,Married,Resigned,2023-12-29
EMP04950,Liam Sidhu,Liam,Sidhu,Female,1968-05-27,58,2016-12-20,9,IT,Data Analyst,G2,MGR073,Hyderabad,Full-Time,573850,9,Bachelor's,Married,Active,
EMP04951,Tara Malhotra,Tara,Malhotra,Female,1971-07-24,55,2020-03-14,6,HR,HR Executive,G3,MGR051,Bangalore,Full-Time,773000,8,Diploma,Single,Active,
EMP04952,Aditya Dutt,Aditya,Dutt,Female,1967-08-05,59,2022-12-07,3,Finance,Financial Analyst,G1,MGR021,Chennai,Contract,413364,5,Master's,Married,Active,
EMP04953,Ishita Tella,Ishita,Tella,Male,1998-02-15,28,2023-12-26,2,IT,QA Engineer,G4,MGR053,Pune,Contract,1133679,7,Master's,Single,Resigned,2026-02-14
EMP04954,Shivansh Palla,Shivansh,Palla,Female,1983-03-02,43,2023-02-07,3,IT,Software Engineer,G4,MGR055,Chennai,Contract,1422644,8,PhD,Married,Resigned,2026-02-08
EMP04955,Madhavi Varghese,Madhavi,Varghese,Female,1988-08-17,37,2021-10-07,4,Finance,Accountant,G2,MGR080,Hyderabad,Contract,580455,8,Bachelor's,Single,Active,
EMP04956,Dev Ghosh,Dev,Ghosh,Female,1968-05-27,58,2024-10-21,1,Marketing,SEO Analyst,G5,MGR017,Hyderabad,Full-Time,1718675,1,PhD,Single,Active,
EMP04957,Max Pandey,Max,Pandey,Female,1993-10-21,32,2023-11-26,2,Finance,Accountant,G2,MGR069,Mumbai,Contract,603011,5,Diploma,Single,Active,
EMP04958,Harinakshi Sharaf,Harinakshi,Sharaf,Female,1968-04-07,58,2021-03-02,5,Sales,Sales Manager,G5,MGR070,Pune,Contract,2423073,9,PhD,Single,Active,
EMP04959,Logan Mallick,Logan,Mallick,Male,1976-04-10,50,2024-05-20,2,Sales,Sales Manager,G3,MGR049,Bangalore,Contract,871219,3,Bachelor's,Married,Active,
EMP04960,Chavvi Ramesh,Chavvi,Ramesh,Male,1982-07-12,44,2017-03-09,9,Operations,Supply Chain Analyst,G1,MGR080,Mumbai,Full-Time,354749,9,Bachelor's,Single,Resigned,2018-05-06
EMP04961,Veda Puri,Veda,Puri,Male,1969-05-06,57,2015-08-21,10,HR,HR Manager,G5,MGR074,Chennai,Full-Time,2285972,15,Master's,Married,Active,
EMP04962,Urmi Gole,Urmi,Gole,Male,1987-05-11,39,2023-02-09,3,IT,Software Engineer,G2,MGR026,Bangalore,Contract,560751,6,Bachelor's,Married,Active,
EMP04963,Yashica Vora,Yashica,Vora,Female,1991-10-14,34,2015-01-29,11,IT,Data Analyst,G5,MGR076,Delhi,Full-Time,1636145,13,Bachelor's,Single,Active,
EMP04964,Aashi Dayal,Aashi,Dayal,Male,1984-11-30,41,2015-03-01,11,Operations,Operations Manager,G3,MGR035,Delhi,Full-Time,948669,11,Master's,Single,Resigned,2020-09-03
EMP04965,Ijaya Raval,Ijaya,Raval,Female,1996-08-31,29,2018-04-30,8,Marketing,SEO Analyst,G1,MGR029,Chennai,Full-Time,321188,8,Bachelor's,Single,Resigned,2018-11-25
EMP04966,Chakradev Balan,Chakradev,Balan,Female,1991-01-04,35,2019-09-27,6,Operations,Operations Manager,G5,MGR070,Mumbai,Contract,1751177,10,Bachelor's,Single,Active,
EMP04967,Nathan Kata,Nathan,Kata,Male,1995-11-07,30,2015-03-20,11,Operations,Supply Chain Analyst,G2,MGR072,Mumbai,Full-Time,565468,9,PhD,Single,Resigned,2016-11-08
EMP04968,Hitesh Tata,Hitesh,Tata,Female,1968-02-24,58,2018-05-10,8,Operations,Operations Executive,G3,MGR087,Hyderabad,Full-Time,961591,8,Master's,Married,Resigned,2026-04-20
EMP04969,Vamakshi Naik,Vamakshi,Naik,Female,1968-11-30,57,2025-02-28,1,Operations,Supply Chain Analyst,G3,MGR014,Chennai,Full-Time,980985,1,Diploma,Single,Active,
EMP04970,Vincent Khalsa,Vincent,Khalsa,Female,1994-09-03,31,2025-01-26,1,HR,Talent Acquisition Specialist,G2,MGR031,Pune,Contract,543026,3,Master's,Single,Active,
EMP04971,Henry Ghosh,Henry,Ghosh,Male,1966-11-18,59,2015-09-21,10,IT,QA Engineer,G5,MGR067,Delhi,Full-Time,2331963,13,PhD,Single,Active,
EMP04972,Leena Salvi,Leena,Salvi,Male,1994-05-02,32,2025-01-13,1,Operations,Operations Manager,G3,MGR067,Mumbai,Full-Time,930588,5,Master's,Married,Active,
EMP04973,Devansh Bhatia,Devansh,Bhatia,Male,1978-10-10,47,2023-07-17,3,Finance,Financial Analyst,G2,MGR032,Hyderabad,Contract,588942,6,Master's,Married,Active,
EMP04974,Zashil Contractor,Zashil,Contractor,Female,1987-06-26,39,2018-09-20,7,Marketing,Digital Marketing Specialist,G4,MGR064,Pune,Full-Time,1392559,8,Bachelor's,Single,Active,
EMP04975,Baljiwan Bora,Baljiwan,Bora,Male,1981-10-14,44,2019-12-04,6,IT,QA Engineer,G1,MGR038,Delhi,Full-Time,302779,9,PhD,Single,Resigned,2023-09-05
EMP04976,Kavya Balan,Kavya,Balan,Male,1978-12-02,47,2025-02-04,1,IT,Software Engineer,G2,MGR019,Bangalore,Full-Time,578856,1,PhD,Single,Active,
EMP04977,Owen Nagi,Owen,Nagi,Female,1999-03-18,27,2016-10-07,9,Sales,Business Development Executive,G3,MGR009,Chennai,Contract,847646,6,PhD,Married,Active,
EMP04978,Hritik Sengupta,Hritik,Sengupta,Female,1984-03-08,42,2022-02-08,4,Marketing,Digital Marketing Specialist,G2,MGR054,Mumbai,Full-Time,647589,7,Bachelor's,Married,Active,
EMP04979,Krishna Deol,Krishna,Deol,Male,1967-08-10,59,2025-08-23,0,IT,Data Engineer,G1,MGR093,Pune,Full-Time,312312,1,Bachelor's,Single,Active,
EMP04980,Ryan Hayre,Ryan,Hayre,Female,1969-05-04,57,2016-04-19,10,Sales,Sales Manager,G5,MGR042,Pune,Contract,1668877,13,Diploma,Single,Active,
EMP04981,Zayyan Swaminathan,Zayyan,Swaminathan,Female,1966-02-08,60,2024-03-29,2,Finance,Financial Analyst,G4,MGR004,Bangalore,Full-Time,1295648,2,Master's,Married,Active,
EMP04982,Raksha Mangal,Raksha,Mangal,Male,1986-04-18,40,2023-05-23,3,IT,Data Engineer,G2,MGR098,Bangalore,Contract,513027,4,Diploma,Married,Active,
EMP04983,Umang Jaggi,Umang,Jaggi,Female,1979-11-14,46,2025-05-31,1,HR,HR Manager,G2,MGR022,Delhi,Contract,542221,1,Diploma,Single,Active,
EMP04984,Neel Saraf,Neel,Saraf,Male,1979-06-06,47,2021-03-10,5,Operations,Operations Executive,G2,MGR010,Pune,Full-Time,679130,7,PhD,Single,Active,
EMP04985,Rehaan Chadha,Rehaan,Chadha,Male,2002-01-09,24,2017-05-28,9,Finance,Finance Manager,G2,MGR043,Pune,Contract,551985,3,PhD,Married,Active,
EMP04986,Arjun Char,Arjun,Char,Female,1986-03-27,40,2025-01-23,1,IT,QA Engineer,G5,MGR022,Chennai,Contract,1711476,5,Master's,Single,Active,
EMP04987,Samar Bandi,Samar,Bandi,Female,1975-01-31,51,2018-10-31,7,Finance,Accountant,G3,MGR092,Delhi,Full-Time,758878,9,Master's,Married,Active,
EMP04988,Logan Ahluwalia,Logan,Ahluwalia,Female,1994-03-15,32,2019-09-20,6,Operations,Operations Manager,G2,MGR030,Pune,Contract,551342,8,Bachelor's,Single,Active,
EMP04989,Jagvi Reddy,Jagvi,Reddy,Female,1989-07-24,37,2023-09-20,2,IT,QA Engineer,G1,MGR085,Chennai,Contract,394456,2,Master's,Single,Resigned,2026-02-18
EMP04990,Ekbal Oak,Ekbal,Oak,Female,1970-08-18,56,2021-10-03,4,HR,HR Manager,G5,MGR005,Delhi,Contract,2195807,5,Diploma,Married,Active,
EMP04991,Qasim Wable,Qasim,Wable,Female,1973-10-14,52,2017-09-02,8,HR,HR Executive,G2,MGR027,Delhi,Contract,661194,10,Master's,Married,Active,
EMP04992,Watika Gupta,Watika,Gupta,Female,2003-12-02,22,2022-05-17,4,IT,Data Analyst,G2,MGR082,Chennai,Full-Time,502557,1,Bachelor's,Married,Active,
EMP04993,Sarthak Som,Sarthak,Som,Male,1985-03-08,41,2021-08-30,4,Finance,Accountant,G2,MGR100,Delhi,Contract,548277,9,Master's,Single,Active,
EMP04994,Xiti Pandey,Xiti,Pandey,Female,1991-08-27,34,2016-02-12,10,Finance,Financial Analyst,G1,MGR022,Pune,Full-Time,464999,13,Diploma,Married,Active,
EMP04995,Ishanvi Devi,Ishanvi,Devi,Male,1977-04-26,49,2015-03-16,11,IT,DevOps Engineer,G4,MGR010,Delhi,Contract,1413251,15,Diploma,Single,Active,
EMP04996,Ekalinga Sarna,Ekalinga,Sarna,Male,1999-10-14,26,2016-03-25,10,Sales,Sales Executive,G3,MGR056,Mumbai,Full-Time,996157,5,Master's,Married,Active,
EMP04997,Prisha Puri,Prisha,Puri,Male,2003-02-13,23,2021-11-30,4,Sales,Sales Manager,G2,MGR064,Bangalore,Full-Time,526668,2,PhD,Single,Active,
EMP04998,Ekavir Brar,Ekavir,Brar,Male,1976-06-16,50,2015-04-05,11,Operations,Supply Chain Analyst,G1,MGR018,Bangalore,Full-Time,308626,12,Master's,Single,Active,
EMP04999,Joshua Varughese,Joshua,Varughese,Female,1966-09-20,59,2022-03-02,4,IT,Data Analyst,G2,MGR061,Delhi,Contract,646967,4,PhD,Married,Resigned,2024-09-13
EMP05000,Harrison Dalal,Harrison,Dalal,Female,1996-07-19,30,2020-10-17,5,Operations,Operations Manager,G2,MGR045,Pune,Full-Time,560008,6,PhD,Married,Active,
