hiring_id,employee_id,application_date,interview_date,joining_date,source,lead_time_days,status
HIRE0000001,EMP00001,2025-04-11,2025-04-16,2025-09-25,Naukri,167,Joined
HIRE0000002,EMP00002,2024-06-17,2024-06-22,2015-11-19,Campus,-3133,Joined
HIRE0000003,EMP00003,2024-04-30,2024-05-15,2017-08-11,Campus,-2454,Joined
HIRE0000004,EMP00004,2024-07-15,2024-07-21,2022-02-13,Employee Referral,-883,Joined
HIRE0000005,EMP00005,2024-07-30,2024-08-09,2024-03-20,Campus,-132,Joined
HIRE0000006,EMP00006,2025-07-25,2025-08-07,2017-12-20,Campus,-2774,Joined
HIRE0000007,EMP00007,2023-08-07,2023-08-21,2020-07-14,Indeed,-1119,Joined
HIRE0000008,EMP00008,2025-05-24,2025-06-07,2017-10-26,Employee Referral,-2767,Joined
HIRE0000009,EMP00009,2025-05-19,2025-06-02,2024-10-27,LinkedIn,-204,Joined
HIRE0000010,EMP00010,2024-08-14,2024-08-21,2025-09-10,LinkedIn,392,Joined
HIRE0000011,EMP00011,2024-07-04,2024-07-14,2023-03-17,Indeed,-475,Joined
HIRE0000012,EMP00012,2024-12-19,2024-12-27,2025-06-01,Employee Referral,164,Joined
HIRE0000013,EMP00013,2024-09-18,2024-09-24,2015-03-28,Consultancy,-3462,Joined
HIRE0000014,EMP00014,2025-03-27,2025-04-04,2018-09-15,LinkedIn,-2385,Joined
HIRE0000015,EMP00015,2025-07-11,2025-07-21,2019-07-26,Indeed,-2177,Joined
HIRE0000016,EMP00016,2025-01-03,2025-01-11,2019-07-08,LinkedIn,-2006,Joined
HIRE0000017,EMP00017,2024-06-11,2024-06-16,2019-12-21,Indeed,-1634,Joined
HIRE0000018,EMP00018,2024-08-01,2024-08-09,2019-07-01,Employee Referral,-1858,Joined
HIRE0000019,EMP00019,2025-01-01,2025-01-15,2025-11-11,Indeed,314,Joined
HIRE0000020,EMP00020,2024-11-11,2024-11-24,2017-01-31,Indeed,-2841,Joined
HIRE0000021,EMP00021,2023-08-20,2023-09-01,2021-07-18,Employee Referral,-763,Joined
HIRE0000022,EMP00022,2024-11-19,2024-12-02,2018-07-19,Naukri,-2315,Joined
HIRE0000023,EMP00023,2024-02-13,2024-02-21,2024-11-10,Indeed,271,Joined
HIRE0000024,EMP00024,2023-11-23,2023-12-04,2017-12-19,Indeed,-2165,Joined
HIRE0000025,EMP00025,2024-02-10,2024-02-18,2015-07-28,LinkedIn,-3119,Joined
HIRE0000026,EMP00026,2024-08-30,2024-09-06,2015-02-09,Campus,-3490,Joined
HIRE0000027,EMP00027,2025-04-13,2025-04-18,2017-05-10,LinkedIn,-2895,Joined
HIRE0000028,EMP00028,2023-10-08,2023-10-18,2015-04-12,Indeed,-3101,Joined
HIRE0000029,EMP00029,2025-07-29,2025-08-12,2020-04-11,LinkedIn,-1935,Joined
HIRE0000030,EMP00030,2025-07-31,2025-08-11,2018-02-17,Consultancy,-2721,Joined
HIRE0000031,EMP00031,2024-10-18,2024-10-25,2016-03-20,Naukri,-3134,Joined
HIRE0000032,EMP00032,2023-11-13,2023-11-23,2020-10-30,Naukri,-1109,Joined
HIRE0000033,EMP00033,2024-01-02,2024-01-11,2018-06-20,Indeed,-2022,Joined
HIRE0000034,EMP00034,2024-04-30,2024-05-08,2021-05-20,Employee Referral,-1076,Joined
HIRE0000035,EMP00035,2023-12-24,2024-01-08,2017-05-25,Naukri,-2404,Joined
HIRE0000036,EMP00036,2024-11-23,2024-11-30,2015-04-11,LinkedIn,-3514,Joined
HIRE0000037,EMP00037,2025-02-28,2025-03-06,2022-05-11,Campus,-1024,Joined
HIRE0000038,EMP00038,2023-11-25,2023-12-03,2020-12-15,Campus,-1075,Joined
HIRE0000039,EMP00039,2025-06-24,2025-07-06,2017-11-27,Campus,-2766,Joined
HIRE0000040,EMP00040,2024-08-31,2024-09-12,2018-10-07,Consultancy,-2155,Joined
HIRE0000041,EMP00041,2024-09-26,2024-10-07,2020-03-23,Consultancy,-1648,Joined
HIRE0000042,EMP00042,2025-02-26,2025-03-13,2023-06-14,Indeed,-623,Joined
HIRE0000043,EMP00043,2024-07-23,2024-08-01,2018-10-08,LinkedIn,-2115,Joined
HIRE0000044,EMP00044,2025-06-01,2025-06-16,2022-03-17,Indeed,-1172,Joined
HIRE0000045,EMP00045,2025-02-06,2025-02-12,2023-06-08,LinkedIn,-609,Joined
HIRE0000046,EMP00046,2024-10-29,2024-11-04,2015-05-08,Naukri,-3462,Joined
HIRE0000047,EMP00047,2025-07-28,2025-08-08,2019-02-19,Naukri,-2351,Joined
HIRE0000048,EMP00048,2025-04-19,2025-04-26,2025-07-23,Campus,95,Joined
HIRE0000049,EMP00049,2024-03-25,2024-04-01,2020-12-22,Campus,-1189,Joined
HIRE0000050,EMP00050,2025-05-26,2025-06-02,2024-12-30,LinkedIn,-147,Joined
HIRE0000051,EMP00051,2025-07-14,2025-07-25,2024-07-20,Campus,-359,Joined
HIRE0000052,EMP00052,2024-04-02,2024-04-12,2017-05-18,LinkedIn,-2511,Joined
HIRE0000053,EMP00053,2023-08-25,2023-09-07,2021-03-24,Indeed,-884,Joined
HIRE0000054,EMP00054,2024-01-16,2024-01-26,2022-06-12,Indeed,-583,Joined
HIRE0000055,EMP00055,2025-01-16,2025-01-30,2017-10-26,Consultancy,-2639,Joined
HIRE0000056,EMP00056,2024-09-23,2024-09-28,2024-05-03,Employee Referral,-143,Joined
HIRE0000057,EMP00057,2023-10-31,2023-11-14,2018-04-11,Campus,-2029,Joined
HIRE0000058,EMP00058,2025-03-10,2025-03-25,2025-07-21,Campus,133,Joined
HIRE0000059,EMP00059,2024-09-02,2024-09-10,2021-04-04,Campus,-1247,Joined
HIRE0000060,EMP00060,2023-10-10,2023-10-25,2021-05-18,Employee Referral,-875,Joined
HIRE0000061,EMP00061,2023-08-24,2023-08-29,2015-01-11,LinkedIn,-3147,Joined
HIRE0000062,EMP00062,2024-08-21,2024-08-27,2023-11-01,Campus,-294,Joined
HIRE0000063,EMP00063,2024-12-10,2024-12-24,2016-11-10,Indeed,-2952,Joined
HIRE0000064,EMP00064,2025-04-29,2025-05-10,2015-11-26,Employee Referral,-3442,Joined
HIRE0000065,EMP00065,2025-06-30,2025-07-15,2022-07-16,Naukri,-1080,Joined
HIRE0000066,EMP00066,2024-06-15,2024-06-26,2020-04-09,Consultancy,-1528,Joined
HIRE0000067,EMP00067,2025-05-13,2025-05-18,2023-07-13,Indeed,-670,Joined
HIRE0000068,EMP00068,2024-06-23,2024-07-07,2015-08-11,Indeed,-3239,Joined
HIRE0000069,EMP00069,2025-05-12,2025-05-20,2020-06-08,Campus,-1799,Joined
HIRE0000070,EMP00070,2023-08-21,2023-09-01,2025-08-15,Indeed,725,Joined
HIRE0000071,EMP00071,2024-03-15,2024-03-21,2017-02-19,Consultancy,-2581,Joined
HIRE0000072,EMP00072,2023-11-12,2023-11-26,2021-08-01,Employee Referral,-833,Joined
HIRE0000073,EMP00073,2023-09-27,2023-10-07,2025-12-31,Employee Referral,826,Joined
HIRE0000074,EMP00074,2025-03-09,2025-03-18,2025-10-26,Consultancy,231,Joined
HIRE0000075,EMP00075,2024-09-16,2024-09-22,2025-11-16,Employee Referral,426,Joined
HIRE0000076,EMP00076,2025-01-19,2025-01-31,2022-01-11,Indeed,-1104,Joined
HIRE0000077,EMP00077,2024-01-28,2024-02-02,2023-07-12,Naukri,-200,Joined
HIRE0000078,EMP00078,2024-12-09,2024-12-14,2019-03-16,LinkedIn,-2095,Joined
HIRE0000079,EMP00079,2024-01-26,2024-02-06,2022-08-30,Indeed,-514,Joined
HIRE0000080,EMP00080,2024-12-28,2025-01-02,2022-08-07,Campus,-874,Joined
HIRE0000081,EMP00081,2024-03-29,2024-04-05,2019-04-25,Campus,-1800,Joined
HIRE0000082,EMP00082,2024-07-06,2024-07-20,2023-05-11,Consultancy,-422,Joined
HIRE0000083,EMP00083,2024-02-22,2024-02-29,2023-11-05,Employee Referral,-109,Joined
HIRE0000084,EMP00084,2024-09-16,2024-09-29,2021-01-18,Consultancy,-1337,Joined
HIRE0000085,EMP00085,2025-06-18,2025-06-30,2016-07-30,Campus,-3245,Joined
HIRE0000086,EMP00086,2025-05-24,2025-06-01,2022-07-18,Campus,-1041,Joined
HIRE0000087,EMP00087,2024-04-06,2024-04-21,2017-06-25,Employee Referral,-2477,Joined
HIRE0000088,EMP00088,2024-01-02,2024-01-15,2016-04-20,LinkedIn,-2813,Joined
HIRE0000089,EMP00089,2024-04-04,2024-04-09,2020-06-27,Consultancy,-1377,Joined
HIRE0000090,EMP00090,2023-11-22,2023-12-01,2019-02-13,Employee Referral,-1743,Joined
HIRE0000091,EMP00091,2024-05-29,2024-06-10,2023-10-28,Consultancy,-214,Joined
HIRE0000092,EMP00092,2024-12-18,2024-12-23,2025-02-05,Indeed,49,Joined
HIRE0000093,EMP00093,2025-03-26,2025-04-10,2023-11-04,Employee Referral,-508,Joined
HIRE0000094,EMP00094,2024-02-02,2024-02-07,2023-09-22,Employee Referral,-133,Joined
HIRE0000095,EMP00095,2025-01-14,2025-01-29,2020-05-15,LinkedIn,-1705,Joined
HIRE0000096,EMP00096,2024-12-17,2024-12-24,2022-02-06,Indeed,-1045,Joined
HIRE0000097,EMP00097,2025-04-28,2025-05-04,2022-05-05,Naukri,-1089,Joined
HIRE0000098,EMP00098,2024-07-05,2024-07-20,2019-10-15,Campus,-1725,Joined
HIRE0000099,EMP00099,2025-02-13,2025-02-18,2023-04-15,Consultancy,-670,Joined
HIRE0000100,EMP00100,2024-08-23,2024-09-07,2025-04-09,Employee Referral,229,Joined
HIRE0000101,EMP00101,2024-02-22,2024-02-29,2021-03-28,Employee Referral,-1061,Joined
HIRE0000102,EMP00102,2024-11-28,2024-12-06,2018-12-08,LinkedIn,-2182,Joined
HIRE0000103,EMP00103,2024-06-11,2024-06-23,2019-09-16,Employee Referral,-1730,Joined
HIRE0000104,EMP00104,2025-01-30,2025-02-13,2015-12-01,Consultancy,-3348,Joined
HIRE0000105,EMP00105,2023-12-19,2023-12-26,2022-08-09,Campus,-497,Joined
HIRE0000106,EMP00106,2024-07-17,2024-07-27,2023-08-10,Indeed,-342,Joined
HIRE0000107,EMP00107,2025-07-09,2025-07-24,2021-04-07,Campus,-1554,Joined
HIRE0000108,EMP00108,2024-01-27,2024-02-03,2019-07-15,Naukri,-1657,Joined
HIRE0000109,EMP00109,2023-11-02,2023-11-15,2019-11-24,LinkedIn,-1439,Joined
HIRE0000110,EMP00110,2024-08-03,2024-08-16,2020-09-21,Indeed,-1412,Joined
HIRE0000111,EMP00111,2023-11-30,2023-12-14,2016-12-11,Indeed,-2545,Joined
HIRE0000112,EMP00112,2025-03-06,2025-03-19,2019-12-07,Naukri,-1916,Joined
HIRE0000113,EMP00113,2024-11-21,2024-11-26,2019-02-19,Campus,-2102,Joined
HIRE0000114,EMP00114,2025-07-09,2025-07-19,2021-10-14,Consultancy,-1364,Joined
HIRE0000115,EMP00115,2024-04-09,2024-04-15,2020-11-16,Naukri,-1240,Joined
HIRE0000116,EMP00116,2024-08-12,2024-08-24,2018-09-12,Employee Referral,-2161,Joined
HIRE0000117,EMP00117,2024-08-30,2024-09-09,2022-10-31,Indeed,-669,Joined
HIRE0000118,EMP00118,2025-04-04,2025-04-19,2022-07-09,Naukri,-1000,Joined
HIRE0000119,EMP00119,2023-12-14,2023-12-20,2015-11-13,Employee Referral,-2953,Joined
HIRE0000120,EMP00120,2025-04-28,2025-05-11,2022-10-08,Naukri,-933,Joined
HIRE0000121,EMP00121,2025-04-24,2025-04-30,2025-10-30,Indeed,189,Joined
HIRE0000122,EMP00122,2024-01-08,2024-01-19,2015-08-02,Indeed,-3081,Joined
HIRE0000123,EMP00123,2025-07-11,2025-07-18,2019-11-27,Employee Referral,-2053,Joined
HIRE0000124,EMP00124,2024-10-10,2024-10-22,2017-07-08,Campus,-2651,Joined
HIRE0000125,EMP00125,2024-10-30,2024-11-04,2024-04-27,LinkedIn,-186,Joined
HIRE0000126,EMP00126,2024-05-06,2024-05-16,2023-09-15,LinkedIn,-234,Joined
HIRE0000127,EMP00127,2023-11-12,2023-11-17,2021-01-04,LinkedIn,-1042,Joined
HIRE0000128,EMP00128,2024-12-15,2024-12-24,2022-06-14,Campus,-915,Joined
HIRE0000129,EMP00129,2025-03-21,2025-04-05,2023-05-20,Employee Referral,-671,Joined
HIRE0000130,EMP00130,2024-10-15,2024-10-26,2022-03-17,LinkedIn,-943,Joined
HIRE0000131,EMP00131,2024-07-20,2024-07-25,2023-11-15,LinkedIn,-248,Joined
HIRE0000132,EMP00132,2024-06-05,2024-06-18,2022-05-09,Naukri,-758,Joined
HIRE0000133,EMP00133,2025-03-27,2025-04-03,2025-05-13,Employee Referral,47,Joined
HIRE0000134,EMP00134,2023-09-03,2023-09-12,2022-05-31,Campus,-460,Joined
HIRE0000135,EMP00135,2023-10-16,2023-10-25,2019-11-17,Indeed,-1429,Joined
HIRE0000136,EMP00136,2024-04-15,2024-04-23,2016-06-01,Consultancy,-2875,Joined
HIRE0000137,EMP00137,2024-08-30,2024-09-14,2023-07-23,Naukri,-404,Joined
HIRE0000138,EMP00138,2025-03-04,2025-03-12,2017-02-01,Indeed,-2953,Joined
HIRE0000139,EMP00139,2025-06-13,2025-06-25,2025-04-11,Employee Referral,-63,Joined
HIRE0000140,EMP00140,2024-10-17,2024-10-24,2021-01-29,Consultancy,-1357,Joined
HIRE0000141,EMP00141,2025-07-04,2025-07-10,2023-11-12,LinkedIn,-600,Joined
HIRE0000142,EMP00142,2024-07-21,2024-07-27,2023-01-23,LinkedIn,-545,Joined
HIRE0000143,EMP00143,2025-05-22,2025-05-30,2024-11-05,Employee Referral,-198,Joined
HIRE0000144,EMP00144,2024-11-12,2024-11-24,2016-10-25,Campus,-2940,Joined
HIRE0000145,EMP00145,2024-08-15,2024-08-28,2020-12-25,Campus,-1329,Joined
HIRE0000146,EMP00146,2023-08-30,2023-09-10,2015-07-06,LinkedIn,-2977,Joined
HIRE0000147,EMP00147,2024-02-05,2024-02-14,2025-09-23,Consultancy,596,Joined
HIRE0000148,EMP00148,2025-07-31,2025-08-06,2017-04-15,Campus,-3029,Joined
HIRE0000149,EMP00149,2024-01-12,2024-01-21,2017-09-17,Employee Referral,-2308,Joined
HIRE0000150,EMP00150,2024-02-12,2024-02-21,2025-10-18,Consultancy,614,Joined
HIRE0000151,EMP00151,2025-03-08,2025-03-14,2016-01-04,Indeed,-3351,Joined
HIRE0000152,EMP00152,2024-11-24,2024-12-08,2021-01-07,LinkedIn,-1417,Joined
HIRE0000153,EMP00153,2025-02-11,2025-02-25,2021-03-16,Employee Referral,-1428,Joined
HIRE0000154,EMP00154,2024-05-21,2024-05-31,2023-11-30,Campus,-173,Joined
HIRE0000155,EMP00155,2025-04-12,2025-04-23,2020-04-24,Consultancy,-1814,Joined
HIRE0000156,EMP00156,2024-10-28,2024-11-02,2018-10-09,Campus,-2211,Joined
HIRE0000157,EMP00157,2023-11-25,2023-12-07,2021-07-18,Employee Referral,-860,Joined
HIRE0000158,EMP00158,2023-11-30,2023-12-05,2024-03-19,Indeed,110,Joined
HIRE0000159,EMP00159,2024-10-08,2024-10-14,2017-04-15,LinkedIn,-2733,Joined
HIRE0000160,EMP00160,2024-06-27,2024-07-08,2019-03-24,Employee Referral,-1922,Joined
HIRE0000161,EMP00161,2025-05-14,2025-05-24,2021-04-04,LinkedIn,-1501,Joined
HIRE0000162,EMP00162,2025-01-03,2025-01-10,2016-05-14,LinkedIn,-3156,Joined
HIRE0000163,EMP00163,2025-05-07,2025-05-19,2025-05-12,Indeed,5,Joined
HIRE0000164,EMP00164,2024-01-26,2024-02-10,2015-07-27,Campus,-3105,Joined
HIRE0000165,EMP00165,2023-09-12,2023-09-21,2025-10-25,Consultancy,774,Joined
HIRE0000166,EMP00166,2025-02-10,2025-02-23,2021-06-09,Naukri,-1342,Joined
HIRE0000167,EMP00167,2024-07-31,2024-08-11,2015-02-07,Indeed,-3462,Joined
HIRE0000168,EMP00168,2023-12-10,2023-12-20,2017-02-28,Employee Referral,-2476,Joined
HIRE0000169,EMP00169,2024-12-22,2025-01-03,2021-11-07,Employee Referral,-1141,Joined
HIRE0000170,EMP00170,2024-08-15,2024-08-23,2017-12-04,Employee Referral,-2446,Joined
HIRE0000171,EMP00171,2023-08-19,2023-09-02,2022-06-28,Employee Referral,-417,Joined
HIRE0000172,EMP00172,2025-02-21,2025-02-28,2020-05-12,LinkedIn,-1746,Joined
HIRE0000173,EMP00173,2024-12-29,2025-01-12,2020-01-04,Employee Referral,-1821,Joined
HIRE0000174,EMP00174,2023-10-05,2023-10-13,2022-08-18,LinkedIn,-413,Joined
HIRE0000175,EMP00175,2025-06-12,2025-06-25,2015-08-25,Consultancy,-3579,Joined
HIRE0000176,EMP00176,2024-09-25,2024-10-02,2015-09-04,Indeed,-3309,Joined
HIRE0000177,EMP00177,2024-05-09,2024-05-22,2024-10-01,LinkedIn,145,Joined
HIRE0000178,EMP00178,2024-08-19,2024-09-02,2016-06-05,Consultancy,-2997,Joined
HIRE0000179,EMP00179,2023-10-08,2023-10-20,2018-11-18,Campus,-1785,Joined
HIRE0000180,EMP00180,2024-06-06,2024-06-18,2015-05-18,Campus,-3307,Joined
HIRE0000181,EMP00181,2024-04-08,2024-04-14,2020-08-25,Employee Referral,-1322,Joined
HIRE0000182,EMP00182,2025-01-15,2025-01-25,2018-05-15,Consultancy,-2437,Joined
HIRE0000183,EMP00183,2023-08-09,2023-08-16,2022-07-12,Employee Referral,-393,Joined
HIRE0000184,EMP00184,2024-12-12,2024-12-23,2024-08-13,LinkedIn,-121,Joined
HIRE0000185,EMP00185,2025-02-01,2025-02-11,2022-04-02,Consultancy,-1036,Joined
HIRE0000186,EMP00186,2024-04-25,2024-05-08,2017-02-09,Naukri,-2632,Joined
HIRE0000187,EMP00187,2025-06-29,2025-07-11,2023-06-17,Employee Referral,-743,Joined
HIRE0000188,EMP00188,2024-11-03,2024-11-17,2017-12-07,Consultancy,-2523,Joined
HIRE0000189,EMP00189,2024-10-06,2024-10-16,2024-09-09,Naukri,-27,Joined
HIRE0000190,EMP00190,2024-05-03,2024-05-10,2024-05-06,Consultancy,3,Joined
HIRE0000191,EMP00191,2023-09-19,2023-09-25,2016-07-27,Naukri,-2610,Joined
HIRE0000192,EMP00192,2025-01-22,2025-01-28,2015-01-27,Campus,-3648,Joined
HIRE0000193,EMP00193,2025-02-19,2025-03-01,2020-06-21,Indeed,-1704,Joined
HIRE0000194,EMP00194,2025-06-06,2025-06-12,2025-07-16,Campus,40,Joined
HIRE0000195,EMP00195,2025-04-28,2025-05-13,2019-03-09,Indeed,-2242,Joined
HIRE0000196,EMP00196,2025-01-06,2025-01-14,2020-05-03,Naukri,-1709,Joined
HIRE0000197,EMP00197,2025-02-04,2025-02-09,2015-07-10,Consultancy,-3497,Joined
HIRE0000198,EMP00198,2024-03-22,2024-03-31,2018-05-10,Employee Referral,-2143,Joined
HIRE0000199,EMP00199,2025-07-26,2025-08-06,2016-02-05,Employee Referral,-3459,Joined
HIRE0000200,EMP00200,2025-07-12,2025-07-19,2017-07-23,LinkedIn,-2911,Joined
HIRE0000201,EMP00201,2025-01-01,2025-01-14,2016-09-23,Indeed,-3022,Joined
HIRE0000202,EMP00202,2024-11-08,2024-11-13,2023-07-16,Employee Referral,-481,Joined
HIRE0000203,EMP00203,2023-08-25,2023-08-31,2016-01-17,Indeed,-2777,Joined
HIRE0000204,EMP00204,2024-04-29,2024-05-04,2019-04-09,Employee Referral,-1847,Joined
HIRE0000205,EMP00205,2025-04-21,2025-05-06,2023-10-11,Consultancy,-558,Joined
HIRE0000206,EMP00206,2024-09-09,2024-09-23,2025-08-22,Campus,347,Joined
HIRE0000207,EMP00207,2023-09-08,2023-09-13,2018-07-10,Naukri,-1886,Joined
HIRE0000208,EMP00208,2024-11-01,2024-11-12,2016-04-11,LinkedIn,-3126,Joined
HIRE0000209,EMP00209,2025-04-22,2025-05-02,2024-07-04,LinkedIn,-292,Joined
HIRE0000210,EMP00210,2024-07-22,2024-07-28,2021-09-15,LinkedIn,-1041,Joined
HIRE0000211,EMP00211,2025-02-09,2025-02-22,2023-08-16,Indeed,-543,Joined
HIRE0000212,EMP00212,2023-11-23,2023-12-08,2015-02-13,Consultancy,-3205,Joined
HIRE0000213,EMP00213,2024-07-06,2024-07-13,2015-04-11,Naukri,-3374,Joined
HIRE0000214,EMP00214,2024-04-01,2024-04-10,2020-06-01,LinkedIn,-1400,Joined
HIRE0000215,EMP00215,2025-04-02,2025-04-09,2024-07-10,Naukri,-266,Joined
HIRE0000216,EMP00216,2024-12-11,2024-12-24,2017-08-07,Consultancy,-2683,Joined
HIRE0000217,EMP00217,2023-08-18,2023-08-25,2015-01-19,Consultancy,-3133,Joined
HIRE0000218,EMP00218,2024-08-22,2024-08-28,2016-04-11,Consultancy,-3055,Joined
HIRE0000219,EMP00219,2023-12-27,2024-01-08,2016-12-07,Employee Referral,-2576,Joined
HIRE0000220,EMP00220,2023-08-04,2023-08-18,2016-08-02,Indeed,-2558,Joined
HIRE0000221,EMP00221,2025-04-28,2025-05-09,2016-11-14,Campus,-3087,Joined
HIRE0000222,EMP00222,2023-12-16,2023-12-30,2020-09-01,Indeed,-1201,Joined
HIRE0000223,EMP00223,2024-09-30,2024-10-14,2015-05-14,Naukri,-3427,Joined
HIRE0000224,EMP00224,2024-08-15,2024-08-20,2024-03-23,Campus,-145,Joined
HIRE0000225,EMP00225,2025-07-24,2025-07-30,2024-09-14,Naukri,-313,Joined
HIRE0000226,EMP00226,2024-08-04,2024-08-13,2017-04-27,Indeed,-2656,Joined
HIRE0000227,EMP00227,2024-03-29,2024-04-12,2025-10-18,Campus,568,Joined
HIRE0000228,EMP00228,2024-02-02,2024-02-12,2016-08-05,Consultancy,-2737,Joined
HIRE0000229,EMP00229,2024-03-19,2024-03-31,2025-07-02,Indeed,470,Joined
HIRE0000230,EMP00230,2024-05-27,2024-06-09,2025-11-09,Consultancy,531,Joined
HIRE0000231,EMP00231,2023-10-07,2023-10-22,2016-02-12,Consultancy,-2794,Joined
HIRE0000232,EMP00232,2024-05-31,2024-06-10,2018-05-21,Consultancy,-2202,Joined
HIRE0000233,EMP00233,2024-01-20,2024-02-04,2022-11-04,LinkedIn,-442,Joined
HIRE0000234,EMP00234,2024-09-13,2024-09-22,2015-02-03,Campus,-3510,Joined
HIRE0000235,EMP00235,2025-05-27,2025-06-08,2018-07-07,Consultancy,-2516,Joined
HIRE0000236,EMP00236,2024-12-15,2024-12-27,2023-05-23,Naukri,-572,Joined
HIRE0000237,EMP00237,2024-08-19,2024-09-01,2025-10-20,Naukri,427,Joined
HIRE0000238,EMP00238,2024-07-03,2024-07-14,2020-10-21,Indeed,-1351,Joined
HIRE0000239,EMP00239,2023-08-19,2023-08-27,2021-08-29,Employee Referral,-720,Joined
HIRE0000240,EMP00240,2024-12-04,2024-12-11,2020-04-13,Campus,-1696,Joined
HIRE0000241,EMP00241,2024-02-06,2024-02-11,2022-11-14,Campus,-449,Joined
HIRE0000242,EMP00242,2024-04-03,2024-04-16,2016-09-28,Consultancy,-2744,Joined
HIRE0000243,EMP00243,2025-05-16,2025-05-29,2016-04-20,Employee Referral,-3313,Joined
HIRE0000244,EMP00244,2025-06-07,2025-06-15,2025-09-08,Consultancy,93,Joined
HIRE0000245,EMP00245,2025-01-09,2025-01-21,2025-02-02,Consultancy,24,Joined
HIRE0000246,EMP00246,2025-05-03,2025-05-16,2020-08-08,LinkedIn,-1729,Joined
HIRE0000247,EMP00247,2025-07-16,2025-07-25,2015-07-08,Campus,-3661,Joined
HIRE0000248,EMP00248,2024-04-17,2024-04-26,2018-08-03,Campus,-2084,Joined
HIRE0000249,EMP00249,2023-12-26,2024-01-01,2024-09-17,Employee Referral,266,Joined
HIRE0000250,EMP00250,2024-05-19,2024-06-01,2021-12-25,Campus,-876,Joined
HIRE0000251,EMP00251,2024-05-01,2024-05-10,2024-05-31,Indeed,30,Joined
HIRE0000252,EMP00252,2023-12-10,2023-12-23,2020-07-08,LinkedIn,-1250,Joined
HIRE0000253,EMP00253,2023-09-13,2023-09-22,2024-03-12,Campus,181,Joined
HIRE0000254,EMP00254,2024-08-03,2024-08-12,2024-04-30,Employee Referral,-95,Joined
HIRE0000255,EMP00255,2024-05-30,2024-06-11,2020-03-23,LinkedIn,-1529,Joined
HIRE0000256,EMP00256,2025-02-04,2025-02-13,2024-01-21,Consultancy,-380,Joined
HIRE0000257,EMP00257,2025-03-20,2025-03-25,2018-05-09,Campus,-2507,Joined
HIRE0000258,EMP00258,2024-08-29,2024-09-06,2015-02-18,Campus,-3480,Joined
HIRE0000259,EMP00259,2023-11-02,2023-11-09,2025-02-13,Consultancy,469,Joined
HIRE0000260,EMP00260,2024-03-10,2024-03-16,2023-02-15,Campus,-389,Joined
HIRE0000261,EMP00261,2024-12-28,2025-01-02,2015-05-22,Consultancy,-3508,Joined
HIRE0000262,EMP00262,2023-10-21,2023-11-02,2019-09-14,Campus,-1498,Joined
HIRE0000263,EMP00263,2024-10-19,2024-10-24,2025-03-27,Indeed,159,Joined
HIRE0000264,EMP00264,2024-04-15,2024-04-29,2024-01-26,LinkedIn,-80,Joined
HIRE0000265,EMP00265,2024-05-10,2024-05-16,2024-06-29,LinkedIn,50,Joined
HIRE0000266,EMP00266,2024-05-05,2024-05-12,2025-08-20,Campus,472,Joined
HIRE0000267,EMP00267,2023-09-17,2023-09-23,2020-05-11,Campus,-1224,Joined
HIRE0000268,EMP00268,2023-09-18,2023-10-02,2016-03-30,Consultancy,-2728,Joined
HIRE0000269,EMP00269,2024-07-22,2024-07-31,2023-03-19,LinkedIn,-491,Joined
HIRE0000270,EMP00270,2025-04-13,2025-04-23,2016-12-28,Campus,-3028,Joined
HIRE0000271,EMP00271,2024-07-23,2024-08-04,2016-07-30,Consultancy,-2915,Joined
HIRE0000272,EMP00272,2023-11-12,2023-11-18,2017-10-19,Employee Referral,-2215,Joined
HIRE0000273,EMP00273,2025-04-05,2025-04-16,2020-07-12,LinkedIn,-1728,Joined
HIRE0000274,EMP00274,2024-07-26,2024-08-05,2015-03-24,Indeed,-3412,Joined
HIRE0000275,EMP00275,2024-12-20,2024-12-31,2015-05-07,Campus,-3515,Joined
HIRE0000276,EMP00276,2024-04-24,2024-05-05,2021-03-19,Consultancy,-1132,Joined
HIRE0000277,EMP00277,2024-05-12,2024-05-24,2015-08-12,Indeed,-3196,Joined
HIRE0000278,EMP00278,2023-12-05,2023-12-19,2020-04-23,Campus,-1321,Joined
HIRE0000279,EMP00279,2024-04-27,2024-05-07,2017-02-03,LinkedIn,-2640,Joined
HIRE0000280,EMP00280,2025-05-22,2025-06-06,2022-06-29,Campus,-1058,Joined
HIRE0000281,EMP00281,2025-06-08,2025-06-17,2018-05-09,Employee Referral,-2587,Joined
HIRE0000282,EMP00282,2024-01-01,2024-01-12,2024-01-25,LinkedIn,24,Joined
HIRE0000283,EMP00283,2025-03-31,2025-04-14,2019-05-09,Indeed,-2153,Joined
HIRE0000284,EMP00284,2025-04-01,2025-04-09,2021-08-05,Campus,-1335,Joined
HIRE0000285,EMP00285,2025-06-26,2025-07-11,2021-10-30,Employee Referral,-1335,Joined
HIRE0000286,EMP00286,2023-12-15,2023-12-21,2020-04-30,Consultancy,-1324,Joined
HIRE0000287,EMP00287,2025-04-27,2025-05-08,2024-04-05,Consultancy,-387,Joined
HIRE0000288,EMP00288,2025-02-20,2025-03-05,2015-08-19,Consultancy,-3473,Joined
HIRE0000289,EMP00289,2024-05-27,2024-06-11,2015-08-25,Consultancy,-3198,Joined
HIRE0000290,EMP00290,2024-11-10,2024-11-18,2015-05-06,Naukri,-3476,Joined
HIRE0000291,EMP00291,2024-12-29,2025-01-10,2024-04-26,Campus,-247,Joined
HIRE0000292,EMP00292,2024-12-14,2024-12-24,2022-04-22,Naukri,-967,Joined
HIRE0000293,EMP00293,2025-05-26,2025-05-31,2025-11-04,Campus,162,Joined
HIRE0000294,EMP00294,2024-04-18,2024-05-02,2016-02-24,Employee Referral,-2976,Joined
HIRE0000295,EMP00295,2023-10-11,2023-10-22,2018-08-24,Consultancy,-1874,Joined
HIRE0000296,EMP00296,2024-04-20,2024-05-04,2020-07-30,Campus,-1360,Joined
HIRE0000297,EMP00297,2024-03-30,2024-04-07,2020-12-29,Consultancy,-1187,Joined
HIRE0000298,EMP00298,2024-08-24,2024-08-30,2024-01-24,Employee Referral,-213,Joined
HIRE0000299,EMP00299,2024-01-31,2024-02-05,2024-07-18,LinkedIn,169,Joined
HIRE0000300,EMP00300,2025-03-07,2025-03-19,2018-05-07,Indeed,-2496,Joined
HIRE0000301,EMP00301,2023-10-15,2023-10-22,2015-11-28,Employee Referral,-2878,Joined
HIRE0000302,EMP00302,2025-04-26,2025-05-07,2023-07-29,Consultancy,-637,Joined
HIRE0000303,EMP00303,2024-10-26,2024-11-07,2017-03-27,Naukri,-2770,Joined
HIRE0000304,EMP00304,2024-07-26,2024-08-03,2016-06-12,Naukri,-2966,Joined
HIRE0000305,EMP00305,2025-01-27,2025-02-07,2024-12-16,Employee Referral,-42,Joined
HIRE0000306,EMP00306,2023-10-02,2023-10-09,2023-03-26,Naukri,-190,Joined
HIRE0000307,EMP00307,2024-01-07,2024-01-14,2016-03-18,Employee Referral,-2851,Joined
HIRE0000308,EMP00308,2024-05-02,2024-05-10,2022-10-18,LinkedIn,-562,Joined
HIRE0000309,EMP00309,2024-07-20,2024-07-26,2023-01-23,Campus,-544,Joined
HIRE0000310,EMP00310,2024-12-07,2024-12-13,2022-11-21,Consultancy,-747,Joined
HIRE0000311,EMP00311,2024-10-28,2024-11-08,2024-05-14,Employee Referral,-167,Joined
HIRE0000312,EMP00312,2023-10-21,2023-10-27,2020-03-16,Campus,-1314,Joined
HIRE0000313,EMP00313,2024-03-29,2024-04-08,2024-07-21,Consultancy,114,Joined
HIRE0000314,EMP00314,2025-07-19,2025-07-31,2025-10-16,LinkedIn,89,Joined
HIRE0000315,EMP00315,2023-09-01,2023-09-07,2019-09-01,Employee Referral,-1461,Joined
HIRE0000316,EMP00316,2024-11-02,2024-11-15,2024-12-14,Naukri,42,Joined
HIRE0000317,EMP00317,2024-05-21,2024-06-03,2022-06-03,Campus,-718,Joined
HIRE0000318,EMP00318,2024-08-30,2024-09-13,2024-07-08,LinkedIn,-53,Joined
HIRE0000319,EMP00319,2025-01-23,2025-02-01,2022-03-20,Naukri,-1040,Joined
HIRE0000320,EMP00320,2025-06-05,2025-06-13,2022-04-30,Indeed,-1132,Joined
HIRE0000321,EMP00321,2024-08-08,2024-08-22,2019-01-28,Campus,-2019,Joined
HIRE0000322,EMP00322,2024-09-20,2024-09-25,2018-10-30,Consultancy,-2152,Joined
HIRE0000323,EMP00323,2023-08-20,2023-08-31,2017-11-07,Campus,-2112,Joined
HIRE0000324,EMP00324,2024-06-17,2024-06-25,2024-05-23,LinkedIn,-25,Joined
HIRE0000325,EMP00325,2023-12-23,2024-01-01,2021-07-24,Employee Referral,-882,Joined
HIRE0000326,EMP00326,2024-11-26,2024-12-09,2025-12-26,Indeed,395,Joined
HIRE0000327,EMP00327,2024-04-09,2024-04-24,2022-11-13,LinkedIn,-513,Joined
HIRE0000328,EMP00328,2024-03-28,2024-04-07,2022-04-16,Campus,-712,Joined
HIRE0000329,EMP00329,2024-10-13,2024-10-23,2019-09-27,LinkedIn,-1843,Joined
HIRE0000330,EMP00330,2025-02-02,2025-02-17,2022-08-31,LinkedIn,-886,Joined
HIRE0000331,EMP00331,2024-09-15,2024-09-26,2022-04-04,Naukri,-895,Joined
HIRE0000332,EMP00332,2024-12-06,2024-12-17,2015-08-09,Employee Referral,-3407,Joined
HIRE0000333,EMP00333,2024-02-02,2024-02-15,2020-01-13,LinkedIn,-1481,Joined
HIRE0000334,EMP00334,2025-03-07,2025-03-13,2016-10-21,LinkedIn,-3059,Joined
HIRE0000335,EMP00335,2024-01-19,2024-01-27,2023-11-10,LinkedIn,-70,Joined
HIRE0000336,EMP00336,2023-08-15,2023-08-27,2018-12-02,Indeed,-1717,Joined
HIRE0000337,EMP00337,2025-07-10,2025-07-25,2017-09-11,LinkedIn,-2859,Joined
HIRE0000338,EMP00338,2024-05-14,2024-05-26,2025-03-21,LinkedIn,311,Joined
HIRE0000339,EMP00339,2025-04-25,2025-05-04,2016-11-16,Indeed,-3082,Joined
HIRE0000340,EMP00340,2024-03-05,2024-03-13,2024-02-28,Employee Referral,-6,Joined
HIRE0000341,EMP00341,2025-04-09,2025-04-22,2015-10-16,Employee Referral,-3463,Joined
HIRE0000342,EMP00342,2025-07-16,2025-07-22,2015-01-25,Naukri,-3825,Joined
HIRE0000343,EMP00343,2024-07-16,2024-07-24,2015-12-21,Naukri,-3130,Joined
HIRE0000344,EMP00344,2024-03-22,2024-03-28,2016-08-13,Employee Referral,-2778,Joined
HIRE0000345,EMP00345,2025-04-30,2025-05-13,2021-02-20,Consultancy,-1530,Joined
HIRE0000346,EMP00346,2023-10-21,2023-10-28,2024-05-12,LinkedIn,204,Joined
HIRE0000347,EMP00347,2025-05-29,2025-06-03,2016-02-07,Campus,-3399,Joined
HIRE0000348,EMP00348,2024-05-06,2024-05-12,2018-07-25,Employee Referral,-2112,Joined
HIRE0000349,EMP00349,2025-07-24,2025-07-30,2018-07-06,Consultancy,-2575,Joined
HIRE0000350,EMP00350,2025-06-12,2025-06-27,2021-03-09,Naukri,-1556,Joined
HIRE0000351,EMP00351,2024-11-01,2024-11-11,2021-07-11,Employee Referral,-1209,Joined
HIRE0000352,EMP00352,2024-08-22,2024-09-02,2021-08-12,Indeed,-1106,Joined
HIRE0000353,EMP00353,2023-08-27,2023-09-02,2020-10-06,Consultancy,-1055,Joined
HIRE0000354,EMP00354,2024-08-12,2024-08-25,2015-09-15,Consultancy,-3254,Joined
HIRE0000355,EMP00355,2025-07-08,2025-07-20,2018-08-20,Naukri,-2514,Joined
HIRE0000356,EMP00356,2024-06-06,2024-06-18,2017-10-27,LinkedIn,-2414,Joined
HIRE0000357,EMP00357,2024-05-14,2024-05-21,2020-10-08,Consultancy,-1314,Joined
HIRE0000358,EMP00358,2023-12-29,2024-01-08,2016-04-09,LinkedIn,-2820,Joined
HIRE0000359,EMP00359,2025-04-03,2025-04-15,2021-08-23,Indeed,-1319,Joined
HIRE0000360,EMP00360,2025-07-26,2025-08-08,2025-11-14,Consultancy,111,Joined
HIRE0000361,EMP00361,2025-07-06,2025-07-19,2020-05-26,Campus,-1867,Joined
HIRE0000362,EMP00362,2024-06-13,2024-06-23,2021-09-09,Indeed,-1008,Joined
HIRE0000363,EMP00363,2023-12-18,2023-12-31,2020-05-03,Campus,-1324,Joined
HIRE0000364,EMP00364,2024-08-20,2024-09-04,2019-09-20,Campus,-1796,Joined
HIRE0000365,EMP00365,2025-01-13,2025-01-24,2017-08-10,Indeed,-2713,Joined
HIRE0000366,EMP00366,2024-12-16,2024-12-27,2015-01-30,Consultancy,-3608,Joined
HIRE0000367,EMP00367,2024-07-01,2024-07-06,2024-08-02,Indeed,32,Joined
HIRE0000368,EMP00368,2023-08-23,2023-08-30,2018-06-10,Naukri,-1900,Joined
HIRE0000369,EMP00369,2024-03-17,2024-03-23,2018-10-18,Employee Referral,-1977,Joined
HIRE0000370,EMP00370,2025-01-31,2025-02-05,2015-09-20,Indeed,-3421,Joined
HIRE0000371,EMP00371,2024-09-24,2024-09-30,2020-07-17,Naukri,-1530,Joined
HIRE0000372,EMP00372,2024-12-30,2025-01-10,2022-05-06,Indeed,-969,Joined
HIRE0000373,EMP00373,2024-03-01,2024-03-16,2021-03-01,LinkedIn,-1096,Joined
HIRE0000374,EMP00374,2024-02-09,2024-02-24,2015-01-20,Consultancy,-3307,Joined
HIRE0000375,EMP00375,2024-11-24,2024-12-09,2024-02-13,Employee Referral,-285,Joined
HIRE0000376,EMP00376,2024-09-04,2024-09-19,2016-04-21,Consultancy,-3058,Joined
HIRE0000377,EMP00377,2024-12-01,2024-12-14,2024-05-01,Campus,-214,Joined
HIRE0000378,EMP00378,2025-02-05,2025-02-14,2018-01-07,Indeed,-2586,Joined
HIRE0000379,EMP00379,2023-11-02,2023-11-13,2021-12-08,Campus,-694,Joined
HIRE0000380,EMP00380,2025-05-09,2025-05-24,2018-07-15,Consultancy,-2490,Joined
HIRE0000381,EMP00381,2025-01-29,2025-02-08,2025-07-15,Consultancy,167,Joined
HIRE0000382,EMP00382,2024-06-30,2024-07-12,2022-07-24,LinkedIn,-707,Joined
HIRE0000383,EMP00383,2023-11-21,2023-11-30,2017-01-23,Naukri,-2493,Joined
HIRE0000384,EMP00384,2024-05-01,2024-05-07,2022-09-10,Naukri,-599,Joined
HIRE0000385,EMP00385,2024-07-08,2024-07-15,2019-09-23,Consultancy,-1750,Joined
HIRE0000386,EMP00386,2024-09-20,2024-10-03,2017-06-01,LinkedIn,-2668,Joined
HIRE0000387,EMP00387,2025-03-26,2025-04-05,2018-12-09,Consultancy,-2299,Joined
HIRE0000388,EMP00388,2024-03-17,2024-03-22,2023-04-05,Naukri,-347,Joined
HIRE0000389,EMP00389,2024-07-09,2024-07-23,2025-03-04,LinkedIn,238,Joined
HIRE0000390,EMP00390,2025-03-01,2025-03-12,2024-12-14,Naukri,-77,Joined
HIRE0000391,EMP00391,2025-05-18,2025-06-02,2022-11-10,Naukri,-920,Joined
HIRE0000392,EMP00392,2023-11-08,2023-11-14,2023-07-31,Naukri,-100,Joined
HIRE0000393,EMP00393,2023-11-13,2023-11-23,2016-06-01,Naukri,-2721,Joined
HIRE0000394,EMP00394,2024-12-08,2024-12-22,2019-12-28,Campus,-1807,Joined
HIRE0000395,EMP00395,2025-05-13,2025-05-21,2017-07-19,Naukri,-2855,Joined
HIRE0000396,EMP00396,2024-03-31,2024-04-08,2018-03-20,Naukri,-2203,Joined
HIRE0000397,EMP00397,2024-10-12,2024-10-25,2019-03-11,Employee Referral,-2042,Joined
HIRE0000398,EMP00398,2025-07-07,2025-07-16,2022-01-05,Naukri,-1279,Joined
HIRE0000399,EMP00399,2025-01-21,2025-01-30,2016-07-13,Consultancy,-3114,Joined
HIRE0000400,EMP00400,2024-12-11,2024-12-21,2025-11-26,LinkedIn,350,Joined
HIRE0000401,EMP00401,2023-10-24,2023-10-29,2019-09-18,Naukri,-1497,Joined
HIRE0000402,EMP00402,2024-06-14,2024-06-26,2021-02-02,LinkedIn,-1228,Joined
HIRE0000403,EMP00403,2024-12-03,2024-12-14,2020-03-02,Indeed,-1737,Joined
HIRE0000404,EMP00404,2024-08-14,2024-08-29,2025-07-06,Employee Referral,326,Joined
HIRE0000405,EMP00405,2025-06-21,2025-06-26,2017-08-24,Naukri,-2858,Joined
HIRE0000406,EMP00406,2023-08-19,2023-08-26,2021-09-08,LinkedIn,-710,Joined
HIRE0000407,EMP00407,2025-06-09,2025-06-18,2021-01-05,Naukri,-1616,Joined
HIRE0000408,EMP00408,2025-07-19,2025-07-27,2016-07-05,LinkedIn,-3301,Joined
HIRE0000409,EMP00409,2024-11-04,2024-11-10,2023-03-19,Consultancy,-596,Joined
HIRE0000410,EMP00410,2024-03-28,2024-04-07,2019-02-12,Indeed,-1871,Joined
HIRE0000411,EMP00411,2024-06-25,2024-06-30,2025-11-05,Consultancy,498,Joined
HIRE0000412,EMP00412,2025-06-09,2025-06-15,2016-01-30,Indeed,-3418,Joined
HIRE0000413,EMP00413,2025-01-10,2025-01-21,2022-03-13,Naukri,-1034,Joined
HIRE0000414,EMP00414,2025-06-30,2025-07-07,2025-06-07,Consultancy,-23,Joined
HIRE0000415,EMP00415,2024-03-27,2024-04-06,2021-12-01,Indeed,-847,Joined
HIRE0000416,EMP00416,2023-08-07,2023-08-17,2017-03-02,LinkedIn,-2349,Joined
HIRE0000417,EMP00417,2024-01-13,2024-01-23,2016-11-14,LinkedIn,-2616,Joined
HIRE0000418,EMP00418,2024-09-25,2024-10-04,2019-03-03,Employee Referral,-2033,Joined
HIRE0000419,EMP00419,2023-09-27,2023-10-05,2025-10-13,Consultancy,747,Joined
HIRE0000420,EMP00420,2025-02-10,2025-02-25,2018-05-15,Naukri,-2463,Joined
HIRE0000421,EMP00421,2023-12-04,2023-12-19,2016-07-20,LinkedIn,-2693,Joined
HIRE0000422,EMP00422,2024-04-21,2024-05-01,2020-05-30,Indeed,-1422,Joined
HIRE0000423,EMP00423,2024-12-28,2025-01-09,2024-11-12,Indeed,-46,Joined
HIRE0000424,EMP00424,2023-09-03,2023-09-17,2021-01-20,Naukri,-956,Joined
HIRE0000425,EMP00425,2024-12-27,2025-01-08,2019-11-05,Campus,-1879,Joined
HIRE0000426,EMP00426,2025-02-28,2025-03-11,2019-11-15,Employee Referral,-1932,Joined
HIRE0000427,EMP00427,2025-07-15,2025-07-23,2019-10-28,Employee Referral,-2087,Joined
HIRE0000428,EMP00428,2024-12-13,2024-12-21,2022-05-08,Employee Referral,-950,Joined
HIRE0000429,EMP00429,2023-11-24,2023-12-05,2023-07-01,Naukri,-146,Joined
HIRE0000430,EMP00430,2023-12-03,2023-12-15,2020-01-18,Indeed,-1415,Joined
HIRE0000431,EMP00431,2025-02-21,2025-03-02,2022-11-02,Naukri,-842,Joined
HIRE0000432,EMP00432,2025-07-13,2025-07-25,2020-03-19,Indeed,-1942,Joined
HIRE0000433,EMP00433,2025-03-30,2025-04-04,2025-12-27,Campus,272,Joined
HIRE0000434,EMP00434,2025-01-13,2025-01-23,2017-10-10,Consultancy,-2652,Joined
HIRE0000435,EMP00435,2025-06-08,2025-06-13,2025-12-20,Naukri,195,Joined
HIRE0000436,EMP00436,2024-02-27,2024-03-13,2016-07-16,Campus,-2782,Joined
HIRE0000437,EMP00437,2025-04-23,2025-05-02,2018-09-10,Indeed,-2417,Joined
HIRE0000438,EMP00438,2024-11-06,2024-11-15,2025-06-18,Employee Referral,224,Joined
HIRE0000439,EMP00439,2024-10-24,2024-10-30,2025-10-12,Employee Referral,353,Joined
HIRE0000440,EMP00440,2023-10-14,2023-10-20,2021-11-11,Employee Referral,-702,Joined
HIRE0000441,EMP00441,2025-02-24,2025-03-07,2020-08-19,Naukri,-1650,Joined
HIRE0000442,EMP00442,2024-10-24,2024-11-03,2025-11-12,Campus,384,Joined
HIRE0000443,EMP00443,2025-05-11,2025-05-20,2021-12-02,Naukri,-1256,Joined
HIRE0000444,EMP00444,2023-10-14,2023-10-22,2016-03-23,Consultancy,-2761,Joined
HIRE0000445,EMP00445,2024-07-18,2024-07-31,2024-12-01,Naukri,136,Joined
HIRE0000446,EMP00446,2023-11-03,2023-11-09,2023-02-07,Naukri,-269,Joined
HIRE0000447,EMP00447,2024-06-01,2024-06-12,2021-08-14,LinkedIn,-1022,Joined
HIRE0000448,EMP00448,2023-11-16,2023-11-27,2020-11-15,LinkedIn,-1096,Joined
HIRE0000449,EMP00449,2023-09-13,2023-09-27,2024-09-28,Employee Referral,381,Joined
HIRE0000450,EMP00450,2024-07-15,2024-07-24,2021-12-25,LinkedIn,-933,Joined
HIRE0000451,EMP00451,2024-05-26,2024-06-04,2019-08-07,Consultancy,-1754,Joined
HIRE0000452,EMP00452,2024-11-21,2024-12-01,2018-11-30,Employee Referral,-2183,Joined
HIRE0000453,EMP00453,2024-04-06,2024-04-13,2022-07-15,LinkedIn,-631,Joined
HIRE0000454,EMP00454,2023-12-06,2023-12-19,2019-02-18,Campus,-1752,Joined
HIRE0000455,EMP00455,2024-06-05,2024-06-17,2020-11-28,Employee Referral,-1285,Joined
HIRE0000456,EMP00456,2023-08-05,2023-08-10,2021-10-29,LinkedIn,-645,Joined
HIRE0000457,EMP00457,2024-12-05,2024-12-12,2017-08-11,LinkedIn,-2673,Joined
HIRE0000458,EMP00458,2024-08-22,2024-08-31,2015-07-06,Employee Referral,-3335,Joined
HIRE0000459,EMP00459,2025-06-16,2025-06-29,2018-05-14,Indeed,-2590,Joined
HIRE0000460,EMP00460,2023-11-01,2023-11-16,2024-05-08,Employee Referral,189,Joined
HIRE0000461,EMP00461,2024-12-20,2025-01-03,2023-10-17,Indeed,-430,Joined
HIRE0000462,EMP00462,2023-08-04,2023-08-11,2025-04-10,Consultancy,615,Joined
HIRE0000463,EMP00463,2024-09-02,2024-09-16,2023-10-10,Campus,-328,Joined
HIRE0000464,EMP00464,2025-05-20,2025-05-31,2020-11-20,Employee Referral,-1642,Joined
HIRE0000465,EMP00465,2024-07-13,2024-07-28,2018-10-25,Naukri,-2088,Joined
HIRE0000466,EMP00466,2025-03-02,2025-03-14,2023-01-02,LinkedIn,-790,Joined
HIRE0000467,EMP00467,2025-03-31,2025-04-11,2021-06-23,LinkedIn,-1377,Joined
HIRE0000468,EMP00468,2024-03-23,2024-04-01,2016-10-07,Indeed,-2724,Joined
HIRE0000469,EMP00469,2024-03-03,2024-03-10,2017-09-29,LinkedIn,-2347,Joined
HIRE0000470,EMP00470,2025-07-11,2025-07-17,2019-04-21,Naukri,-2273,Joined
HIRE0000471,EMP00471,2023-10-18,2023-10-31,2023-07-04,Employee Referral,-106,Joined
HIRE0000472,EMP00472,2023-11-30,2023-12-12,2017-08-07,Employee Referral,-2306,Joined
HIRE0000473,EMP00473,2023-12-27,2024-01-11,2016-04-07,Campus,-2820,Joined
HIRE0000474,EMP00474,2024-04-13,2024-04-19,2021-03-27,LinkedIn,-1113,Joined
HIRE0000475,EMP00475,2025-01-31,2025-02-09,2018-10-27,Campus,-2288,Joined
HIRE0000476,EMP00476,2025-02-22,2025-03-07,2025-06-09,LinkedIn,107,Joined
HIRE0000477,EMP00477,2025-04-17,2025-05-01,2021-09-16,Campus,-1309,Joined
HIRE0000478,EMP00478,2024-07-16,2024-07-24,2016-08-23,LinkedIn,-2884,Joined
HIRE0000479,EMP00479,2025-01-22,2025-02-05,2023-01-19,Consultancy,-734,Joined
HIRE0000480,EMP00480,2024-04-27,2024-05-07,2022-11-20,Consultancy,-524,Joined
HIRE0000481,EMP00481,2024-09-23,2024-09-29,2019-11-18,Indeed,-1771,Joined
HIRE0000482,EMP00482,2024-06-27,2024-07-11,2015-02-17,Naukri,-3418,Joined
HIRE0000483,EMP00483,2025-05-21,2025-05-31,2020-02-11,Employee Referral,-1926,Joined
HIRE0000484,EMP00484,2024-10-17,2024-10-29,2021-10-12,Naukri,-1101,Joined
HIRE0000485,EMP00485,2025-06-27,2025-07-05,2019-02-18,Consultancy,-2321,Joined
HIRE0000486,EMP00486,2023-09-19,2023-10-03,2022-02-08,Campus,-588,Joined
HIRE0000487,EMP00487,2024-02-18,2024-02-25,2018-12-16,Consultancy,-1890,Joined
HIRE0000488,EMP00488,2024-08-16,2024-08-24,2015-07-31,LinkedIn,-3304,Joined
HIRE0000489,EMP00489,2024-06-21,2024-07-06,2024-08-14,LinkedIn,54,Joined
HIRE0000490,EMP00490,2024-01-18,2024-02-01,2017-01-10,Campus,-2564,Joined
HIRE0000491,EMP00491,2024-12-16,2024-12-22,2022-02-24,Naukri,-1026,Joined
HIRE0000492,EMP00492,2024-02-05,2024-02-17,2020-05-04,Indeed,-1372,Joined
HIRE0000493,EMP00493,2024-04-09,2024-04-21,2018-03-28,Naukri,-2204,Joined
HIRE0000494,EMP00494,2024-12-07,2024-12-15,2018-01-12,Campus,-2521,Joined
HIRE0000495,EMP00495,2023-10-17,2023-10-22,2021-02-21,Indeed,-968,Joined
HIRE0000496,EMP00496,2024-05-22,2024-06-03,2015-05-20,Naukri,-3290,Joined
HIRE0000497,EMP00497,2024-03-05,2024-03-10,2022-05-12,Consultancy,-663,Joined
HIRE0000498,EMP00498,2024-11-15,2024-11-28,2019-10-15,LinkedIn,-1858,Joined
HIRE0000499,EMP00499,2024-12-17,2024-12-24,2025-09-19,Naukri,276,Joined
HIRE0000500,EMP00500,2024-07-06,2024-07-16,2021-11-19,Consultancy,-960,Joined
HIRE0000501,EMP00501,2024-02-04,2024-02-12,2016-09-01,Employee Referral,-2712,Joined
HIRE0000502,EMP00502,2025-04-10,2025-04-16,2019-11-22,LinkedIn,-1966,Joined
HIRE0000503,EMP00503,2024-03-13,2024-03-27,2015-08-15,Consultancy,-3133,Joined
HIRE0000504,EMP00504,2023-11-22,2023-11-30,2022-05-30,Indeed,-541,Joined
HIRE0000505,EMP00505,2024-12-15,2024-12-27,2017-03-01,Employee Referral,-2846,Joined
HIRE0000506,EMP00506,2024-03-22,2024-03-28,2023-11-01,LinkedIn,-142,Joined
HIRE0000507,EMP00507,2025-04-14,2025-04-23,2016-08-02,Indeed,-3177,Joined
HIRE0000508,EMP00508,2023-09-05,2023-09-20,2024-03-15,LinkedIn,192,Joined
HIRE0000509,EMP00509,2025-02-04,2025-02-17,2018-10-13,Employee Referral,-2306,Joined
HIRE0000510,EMP00510,2023-09-24,2023-09-30,2016-05-09,Indeed,-2694,Joined
HIRE0000511,EMP00511,2024-03-22,2024-03-29,2016-10-08,Naukri,-2722,Joined
HIRE0000512,EMP00512,2025-04-23,2025-05-02,2016-06-03,Campus,-3246,Joined
HIRE0000513,EMP00513,2024-10-15,2024-10-24,2024-04-08,Consultancy,-190,Joined
HIRE0000514,EMP00514,2024-02-24,2024-03-08,2023-08-22,LinkedIn,-186,Joined
HIRE0000515,EMP00515,2024-12-04,2024-12-12,2022-03-26,Consultancy,-984,Joined
HIRE0000516,EMP00516,2024-08-21,2024-09-04,2023-10-23,Consultancy,-303,Joined
HIRE0000517,EMP00517,2023-11-25,2023-12-05,2023-09-26,Indeed,-60,Joined
HIRE0000518,EMP00518,2024-08-06,2024-08-15,2024-12-26,Consultancy,142,Joined
HIRE0000519,EMP00519,2023-10-14,2023-10-21,2017-04-08,Naukri,-2380,Joined
HIRE0000520,EMP00520,2024-07-29,2024-08-07,2018-11-08,Naukri,-2090,Joined
HIRE0000521,EMP00521,2023-10-25,2023-11-09,2017-06-05,Campus,-2333,Joined
HIRE0000522,EMP00522,2024-07-12,2024-07-26,2025-08-11,Consultancy,395,Joined
HIRE0000523,EMP00523,2024-03-17,2024-03-30,2023-12-13,Naukri,-95,Joined
HIRE0000524,EMP00524,2024-07-22,2024-08-05,2016-01-07,Employee Referral,-3119,Joined
HIRE0000525,EMP00525,2024-09-17,2024-09-22,2023-11-10,Campus,-312,Joined
HIRE0000526,EMP00526,2024-02-10,2024-02-15,2025-08-11,Employee Referral,548,Joined
HIRE0000527,EMP00527,2024-06-27,2024-07-09,2016-03-30,Indeed,-3011,Joined
HIRE0000528,EMP00528,2024-10-20,2024-11-01,2021-01-19,Employee Referral,-1370,Joined
HIRE0000529,EMP00529,2025-04-21,2025-04-28,2015-08-12,Naukri,-3540,Joined
HIRE0000530,EMP00530,2024-09-08,2024-09-14,2025-01-01,Employee Referral,115,Joined
HIRE0000531,EMP00531,2024-10-18,2024-10-25,2016-09-08,LinkedIn,-2962,Joined
HIRE0000532,EMP00532,2025-01-16,2025-01-31,2017-02-13,Indeed,-2894,Joined
HIRE0000533,EMP00533,2023-09-02,2023-09-12,2018-05-30,LinkedIn,-1921,Joined
HIRE0000534,EMP00534,2024-10-30,2024-11-12,2025-09-21,LinkedIn,326,Joined
HIRE0000535,EMP00535,2025-03-27,2025-04-04,2021-06-11,Naukri,-1385,Joined
HIRE0000536,EMP00536,2025-04-30,2025-05-08,2018-05-20,Indeed,-2537,Joined
HIRE0000537,EMP00537,2025-02-04,2025-02-16,2022-11-29,Naukri,-798,Joined
HIRE0000538,EMP00538,2025-06-29,2025-07-13,2021-03-06,Campus,-1576,Joined
HIRE0000539,EMP00539,2024-04-22,2024-05-04,2020-11-26,LinkedIn,-1243,Joined
HIRE0000540,EMP00540,2024-03-29,2024-04-07,2019-01-18,Naukri,-1897,Joined
HIRE0000541,EMP00541,2025-03-16,2025-03-31,2015-12-25,Naukri,-3369,Joined
HIRE0000542,EMP00542,2025-02-11,2025-02-22,2017-05-01,LinkedIn,-2843,Joined
HIRE0000543,EMP00543,2024-11-21,2024-12-06,2016-12-17,Indeed,-2896,Joined
HIRE0000544,EMP00544,2024-12-08,2024-12-21,2021-07-25,Indeed,-1232,Joined
HIRE0000545,EMP00545,2024-01-31,2024-02-10,2022-05-02,Campus,-639,Joined
HIRE0000546,EMP00546,2023-08-24,2023-08-31,2023-05-12,Consultancy,-104,Joined
HIRE0000547,EMP00547,2025-04-05,2025-04-19,2015-08-28,Naukri,-3508,Joined
HIRE0000548,EMP00548,2024-08-22,2024-09-01,2018-04-02,LinkedIn,-2334,Joined
HIRE0000549,EMP00549,2025-02-09,2025-02-20,2022-09-08,Employee Referral,-885,Joined
HIRE0000550,EMP00550,2025-04-16,2025-04-24,2020-06-09,Consultancy,-1772,Joined
HIRE0000551,EMP00551,2024-04-24,2024-05-05,2024-03-07,LinkedIn,-48,Joined
HIRE0000552,EMP00552,2023-08-13,2023-08-19,2023-05-08,Employee Referral,-97,Joined
HIRE0000553,EMP00553,2025-04-17,2025-04-28,2022-09-30,Indeed,-930,Joined
HIRE0000554,EMP00554,2024-07-28,2024-08-08,2016-05-02,LinkedIn,-3009,Joined
HIRE0000555,EMP00555,2023-09-18,2023-09-26,2016-01-07,Indeed,-2811,Joined
HIRE0000556,EMP00556,2023-09-19,2023-09-24,2017-06-07,Consultancy,-2295,Joined
HIRE0000557,EMP00557,2025-03-12,2025-03-26,2022-07-21,Consultancy,-965,Joined
HIRE0000558,EMP00558,2024-07-20,2024-07-26,2016-07-10,LinkedIn,-2932,Joined
HIRE0000559,EMP00559,2024-06-15,2024-06-27,2023-04-04,Campus,-438,Joined
HIRE0000560,EMP00560,2024-10-12,2024-10-25,2019-02-14,Consultancy,-2067,Joined
HIRE0000561,EMP00561,2024-02-22,2024-03-08,2021-08-15,Employee Referral,-921,Joined
HIRE0000562,EMP00562,2025-07-29,2025-08-06,2020-08-06,Employee Referral,-1818,Joined
HIRE0000563,EMP00563,2023-12-18,2024-01-01,2023-08-12,Employee Referral,-128,Joined
HIRE0000564,EMP00564,2024-11-10,2024-11-18,2015-10-07,Consultancy,-3322,Joined
HIRE0000565,EMP00565,2024-05-17,2024-05-24,2020-03-23,LinkedIn,-1516,Joined
HIRE0000566,EMP00566,2024-02-08,2024-02-20,2020-01-18,Employee Referral,-1482,Joined
HIRE0000567,EMP00567,2025-03-30,2025-04-04,2023-01-10,LinkedIn,-810,Joined
HIRE0000568,EMP00568,2024-05-07,2024-05-22,2025-11-20,Indeed,562,Joined
HIRE0000569,EMP00569,2023-11-01,2023-11-11,2023-04-28,Indeed,-187,Joined
HIRE0000570,EMP00570,2023-11-11,2023-11-16,2017-08-19,Campus,-2275,Joined
HIRE0000571,EMP00571,2025-01-17,2025-01-29,2020-03-02,LinkedIn,-1782,Joined
HIRE0000572,EMP00572,2023-12-22,2023-12-28,2021-06-03,Naukri,-932,Joined
HIRE0000573,EMP00573,2024-05-22,2024-05-28,2017-04-06,Campus,-2603,Joined
HIRE0000574,EMP00574,2023-11-24,2023-11-30,2024-06-19,Naukri,208,Joined
HIRE0000575,EMP00575,2024-09-19,2024-10-02,2024-01-07,Employee Referral,-256,Joined
HIRE0000576,EMP00576,2025-07-18,2025-07-24,2020-08-06,Consultancy,-1807,Joined
HIRE0000577,EMP00577,2023-09-20,2023-09-29,2016-09-08,Employee Referral,-2568,Joined
HIRE0000578,EMP00578,2024-01-25,2024-02-06,2016-10-19,Indeed,-2654,Joined
HIRE0000579,EMP00579,2025-06-03,2025-06-14,2020-06-11,LinkedIn,-1818,Joined
HIRE0000580,EMP00580,2024-08-17,2024-08-23,2021-03-05,Campus,-1261,Joined
HIRE0000581,EMP00581,2025-03-01,2025-03-10,2022-07-14,LinkedIn,-961,Joined
HIRE0000582,EMP00582,2024-03-25,2024-04-06,2021-09-22,Naukri,-915,Joined
HIRE0000583,EMP00583,2024-12-18,2025-01-01,2019-12-06,Indeed,-1839,Joined
HIRE0000584,EMP00584,2024-12-25,2025-01-02,2024-11-11,Employee Referral,-44,Joined
HIRE0000585,EMP00585,2025-02-13,2025-02-20,2021-03-13,Naukri,-1433,Joined
HIRE0000586,EMP00586,2025-03-18,2025-03-31,2016-01-05,Indeed,-3360,Joined
HIRE0000587,EMP00587,2024-06-03,2024-06-08,2023-09-28,Campus,-249,Joined
HIRE0000588,EMP00588,2024-08-26,2024-09-09,2021-10-02,Consultancy,-1059,Joined
HIRE0000589,EMP00589,2024-03-22,2024-04-03,2019-06-30,Employee Referral,-1727,Joined
HIRE0000590,EMP00590,2024-06-27,2024-07-07,2025-07-14,LinkedIn,382,Joined
HIRE0000591,EMP00591,2024-01-18,2024-01-27,2017-01-15,Consultancy,-2559,Joined
HIRE0000592,EMP00592,2024-11-23,2024-12-02,2019-07-01,Campus,-1972,Joined
HIRE0000593,EMP00593,2023-09-20,2023-09-26,2025-04-26,Naukri,584,Joined
HIRE0000594,EMP00594,2025-02-19,2025-02-24,2019-11-02,Naukri,-1936,Joined
HIRE0000595,EMP00595,2025-06-16,2025-06-26,2025-12-12,LinkedIn,179,Joined
HIRE0000596,EMP00596,2025-01-29,2025-02-13,2019-06-17,Campus,-2053,Joined
HIRE0000597,EMP00597,2024-05-11,2024-05-20,2025-03-09,Consultancy,302,Joined
HIRE0000598,EMP00598,2024-02-26,2024-03-05,2025-11-09,Indeed,622,Joined
HIRE0000599,EMP00599,2023-11-09,2023-11-20,2017-12-02,Naukri,-2168,Joined
HIRE0000600,EMP00600,2023-11-26,2023-12-03,2018-07-06,Campus,-1969,Joined
HIRE0000601,EMP00601,2024-01-11,2024-01-20,2020-04-10,Campus,-1371,Joined
HIRE0000602,EMP00602,2024-02-02,2024-02-16,2023-01-27,Campus,-371,Joined
HIRE0000603,EMP00603,2024-09-17,2024-09-23,2023-08-08,Naukri,-406,Joined
HIRE0000604,EMP00604,2024-12-12,2024-12-24,2019-03-11,Consultancy,-2103,Joined
HIRE0000605,EMP00605,2024-10-30,2024-11-14,2025-11-16,Consultancy,382,Joined
HIRE0000606,EMP00606,2023-10-03,2023-10-15,2015-10-17,Indeed,-2908,Joined
HIRE0000607,EMP00607,2024-10-15,2024-10-20,2019-05-11,Consultancy,-1984,Joined
HIRE0000608,EMP00608,2025-03-04,2025-03-16,2017-03-29,Indeed,-2897,Joined
HIRE0000609,EMP00609,2024-11-30,2024-12-11,2019-10-11,Consultancy,-1877,Joined
HIRE0000610,EMP00610,2025-03-15,2025-03-29,2020-04-01,Naukri,-1809,Joined
HIRE0000611,EMP00611,2025-02-12,2025-02-22,2020-10-03,LinkedIn,-1593,Joined
HIRE0000612,EMP00612,2023-09-18,2023-09-27,2023-04-22,Campus,-149,Joined
HIRE0000613,EMP00613,2025-04-24,2025-05-02,2022-07-08,Consultancy,-1021,Joined
HIRE0000614,EMP00614,2025-07-02,2025-07-12,2019-06-06,Campus,-2218,Joined
HIRE0000615,EMP00615,2023-08-30,2023-09-11,2022-07-22,Consultancy,-404,Joined
HIRE0000616,EMP00616,2024-07-28,2024-08-07,2025-11-19,Employee Referral,479,Joined
HIRE0000617,EMP00617,2024-06-08,2024-06-18,2020-04-25,Consultancy,-1505,Joined
HIRE0000618,EMP00618,2023-12-01,2023-12-15,2018-04-22,Campus,-2049,Joined
HIRE0000619,EMP00619,2023-12-18,2024-01-01,2020-10-03,Consultancy,-1171,Joined
HIRE0000620,EMP00620,2024-01-22,2024-01-31,2025-01-05,Employee Referral,349,Joined
HIRE0000621,EMP00621,2025-02-11,2025-02-26,2018-11-09,Naukri,-2286,Joined
HIRE0000622,EMP00622,2024-06-07,2024-06-22,2024-05-05,LinkedIn,-33,Joined
HIRE0000623,EMP00623,2024-09-02,2024-09-08,2021-10-17,Employee Referral,-1051,Joined
HIRE0000624,EMP00624,2024-02-12,2024-02-25,2022-08-04,Indeed,-557,Joined
HIRE0000625,EMP00625,2025-07-16,2025-07-30,2018-10-25,Indeed,-2456,Joined
HIRE0000626,EMP00626,2024-08-24,2024-09-03,2023-10-07,Campus,-322,Joined
HIRE0000627,EMP00627,2024-02-17,2024-02-23,2018-04-11,Indeed,-2138,Joined
HIRE0000628,EMP00628,2024-04-15,2024-04-28,2017-04-06,Naukri,-2566,Joined
HIRE0000629,EMP00629,2024-11-23,2024-12-03,2022-01-22,Consultancy,-1036,Joined
HIRE0000630,EMP00630,2023-10-03,2023-10-10,2025-09-03,Campus,701,Joined
HIRE0000631,EMP00631,2024-05-10,2024-05-15,2016-11-04,Indeed,-2744,Joined
HIRE0000632,EMP00632,2023-09-25,2023-10-02,2023-05-01,Naukri,-147,Joined
HIRE0000633,EMP00633,2025-06-04,2025-06-12,2018-11-15,Employee Referral,-2393,Joined
HIRE0000634,EMP00634,2024-03-23,2024-04-01,2018-10-27,Employee Referral,-1974,Joined
HIRE0000635,EMP00635,2023-12-19,2024-01-01,2015-09-03,Consultancy,-3029,Joined
HIRE0000636,EMP00636,2024-07-22,2024-08-02,2023-05-13,LinkedIn,-436,Joined
HIRE0000637,EMP00637,2024-07-18,2024-07-23,2018-09-04,LinkedIn,-2144,Joined
HIRE0000638,EMP00638,2023-11-20,2023-11-29,2020-05-04,Indeed,-1295,Joined
HIRE0000639,EMP00639,2024-04-13,2024-04-23,2022-09-23,Indeed,-568,Joined
HIRE0000640,EMP00640,2024-04-02,2024-04-11,2017-05-20,Consultancy,-2509,Joined
HIRE0000641,EMP00641,2023-09-24,2023-09-29,2020-11-11,Naukri,-1047,Joined
HIRE0000642,EMP00642,2024-07-17,2024-07-26,2025-07-04,Consultancy,352,Joined
HIRE0000643,EMP00643,2024-06-06,2024-06-20,2021-06-05,Employee Referral,-1097,Joined
HIRE0000644,EMP00644,2024-03-12,2024-03-19,2020-01-17,Campus,-1516,Joined
HIRE0000645,EMP00645,2024-09-29,2024-10-07,2024-12-24,LinkedIn,86,Joined
HIRE0000646,EMP00646,2023-10-18,2023-10-24,2025-09-17,Indeed,700,Joined
HIRE0000647,EMP00647,2025-06-03,2025-06-09,2018-01-31,Indeed,-2680,Joined
HIRE0000648,EMP00648,2023-09-06,2023-09-17,2019-11-26,Consultancy,-1380,Joined
HIRE0000649,EMP00649,2024-08-07,2024-08-13,2017-01-18,Indeed,-2758,Joined
HIRE0000650,EMP00650,2024-01-15,2024-01-23,2019-05-17,LinkedIn,-1704,Joined
HIRE0000651,EMP00651,2024-10-15,2024-10-26,2020-09-14,Indeed,-1492,Joined
HIRE0000652,EMP00652,2025-06-29,2025-07-14,2017-08-15,Naukri,-2875,Joined
HIRE0000653,EMP00653,2024-02-21,2024-03-07,2024-06-28,Campus,128,Joined
HIRE0000654,EMP00654,2024-12-20,2025-01-02,2021-12-17,Consultancy,-1099,Joined
HIRE0000655,EMP00655,2025-04-08,2025-04-23,2024-06-05,Employee Referral,-307,Joined
HIRE0000656,EMP00656,2024-10-12,2024-10-19,2021-03-29,Employee Referral,-1293,Joined
HIRE0000657,EMP00657,2023-09-22,2023-09-29,2017-05-12,Naukri,-2324,Joined
HIRE0000658,EMP00658,2024-09-06,2024-09-15,2021-03-26,LinkedIn,-1260,Joined
HIRE0000659,EMP00659,2023-11-18,2023-12-03,2016-05-20,Indeed,-2738,Joined
HIRE0000660,EMP00660,2025-05-30,2025-06-07,2017-06-26,Indeed,-2895,Joined
HIRE0000661,EMP00661,2024-03-21,2024-04-01,2020-07-11,LinkedIn,-1349,Joined
HIRE0000662,EMP00662,2023-09-17,2023-09-22,2023-04-15,Employee Referral,-155,Joined
HIRE0000663,EMP00663,2025-07-26,2025-08-02,2023-03-05,Consultancy,-874,Joined
HIRE0000664,EMP00664,2024-02-22,2024-03-03,2025-07-12,LinkedIn,506,Joined
HIRE0000665,EMP00665,2023-10-22,2023-11-01,2018-02-12,Naukri,-2078,Joined
HIRE0000666,EMP00666,2024-11-12,2024-11-21,2019-10-02,Indeed,-1868,Joined
HIRE0000667,EMP00667,2024-12-01,2024-12-15,2023-12-10,LinkedIn,-357,Joined
HIRE0000668,EMP00668,2024-08-18,2024-08-23,2023-09-13,Naukri,-340,Joined
HIRE0000669,EMP00669,2024-08-19,2024-08-27,2018-07-07,Naukri,-2235,Joined
HIRE0000670,EMP00670,2024-03-30,2024-04-08,2015-08-02,Employee Referral,-3163,Joined
HIRE0000671,EMP00671,2024-05-01,2024-05-16,2021-12-11,Consultancy,-872,Joined
HIRE0000672,EMP00672,2023-10-30,2023-11-12,2023-11-08,Campus,9,Joined
HIRE0000673,EMP00673,2023-10-03,2023-10-08,2015-06-30,LinkedIn,-3017,Joined
HIRE0000674,EMP00674,2023-11-13,2023-11-26,2019-02-19,Naukri,-1728,Joined
HIRE0000675,EMP00675,2024-09-02,2024-09-10,2025-03-10,Consultancy,189,Joined
HIRE0000676,EMP00676,2024-02-03,2024-02-18,2016-10-26,Employee Referral,-2656,Joined
HIRE0000677,EMP00677,2025-06-05,2025-06-12,2023-04-20,LinkedIn,-777,Joined
HIRE0000678,EMP00678,2024-12-15,2024-12-28,2019-12-09,Campus,-1833,Joined
HIRE0000679,EMP00679,2024-06-14,2024-06-27,2023-01-23,Campus,-508,Joined
HIRE0000680,EMP00680,2025-03-05,2025-03-11,2022-05-06,Campus,-1034,Joined
HIRE0000681,EMP00681,2024-01-22,2024-02-04,2016-08-14,Employee Referral,-2717,Joined
HIRE0000682,EMP00682,2025-05-28,2025-06-04,2021-01-02,LinkedIn,-1607,Joined
HIRE0000683,EMP00683,2024-09-22,2024-09-28,2022-06-10,LinkedIn,-835,Joined
HIRE0000684,EMP00684,2025-07-03,2025-07-13,2022-10-15,Naukri,-992,Joined
HIRE0000685,EMP00685,2025-03-02,2025-03-13,2024-09-05,Campus,-178,Joined
HIRE0000686,EMP00686,2024-07-16,2024-07-23,2019-12-26,LinkedIn,-1664,Joined
HIRE0000687,EMP00687,2024-11-03,2024-11-17,2020-07-30,Campus,-1557,Joined
HIRE0000688,EMP00688,2024-11-28,2024-12-10,2020-08-17,Naukri,-1564,Joined
HIRE0000689,EMP00689,2023-08-26,2023-08-31,2022-07-28,Employee Referral,-394,Joined
HIRE0000690,EMP00690,2024-12-31,2025-01-07,2018-11-20,Naukri,-2233,Joined
HIRE0000691,EMP00691,2023-09-13,2023-09-28,2017-08-15,Campus,-2220,Joined
HIRE0000692,EMP00692,2024-11-15,2024-11-27,2025-07-25,LinkedIn,252,Joined
HIRE0000693,EMP00693,2024-08-25,2024-08-31,2024-02-02,Consultancy,-205,Joined
HIRE0000694,EMP00694,2024-10-04,2024-10-19,2016-09-21,Naukri,-2935,Joined
HIRE0000695,EMP00695,2025-03-01,2025-03-06,2020-04-28,LinkedIn,-1768,Joined
HIRE0000696,EMP00696,2024-12-06,2024-12-18,2017-02-03,Naukri,-2863,Joined
HIRE0000697,EMP00697,2025-07-19,2025-08-01,2018-08-31,Indeed,-2514,Joined
HIRE0000698,EMP00698,2025-07-21,2025-08-01,2024-10-05,Naukri,-289,Joined
HIRE0000699,EMP00699,2025-02-22,2025-03-07,2017-04-06,LinkedIn,-2879,Joined
HIRE0000700,EMP00700,2024-11-14,2024-11-21,2016-01-09,Naukri,-3232,Joined
HIRE0000701,EMP00701,2025-07-21,2025-07-26,2019-04-25,Indeed,-2279,Joined
HIRE0000702,EMP00702,2025-01-07,2025-01-16,2025-04-11,Employee Referral,94,Joined
HIRE0000703,EMP00703,2025-01-08,2025-01-23,2020-01-22,Employee Referral,-1813,Joined
HIRE0000704,EMP00704,2024-11-17,2024-12-01,2017-03-07,Employee Referral,-2812,Joined
HIRE0000705,EMP00705,2024-01-01,2024-01-13,2022-05-15,Campus,-596,Joined
HIRE0000706,EMP00706,2024-10-19,2024-11-03,2023-04-25,Indeed,-543,Joined
HIRE0000707,EMP00707,2023-08-11,2023-08-20,2020-12-20,Campus,-964,Joined
HIRE0000708,EMP00708,2023-08-19,2023-08-25,2023-08-30,Campus,11,Joined
HIRE0000709,EMP00709,2025-04-04,2025-04-17,2017-02-26,Naukri,-2959,Joined
HIRE0000710,EMP00710,2024-03-27,2024-04-03,2021-04-21,Indeed,-1071,Joined
HIRE0000711,EMP00711,2024-05-12,2024-05-17,2015-03-03,LinkedIn,-3358,Joined
HIRE0000712,EMP00712,2025-05-13,2025-05-19,2015-10-03,Employee Referral,-3510,Joined
HIRE0000713,EMP00713,2025-01-23,2025-02-05,2025-05-14,Indeed,111,Joined
HIRE0000714,EMP00714,2023-09-10,2023-09-17,2020-09-24,Campus,-1081,Joined
HIRE0000715,EMP00715,2024-08-13,2024-08-27,2017-09-24,LinkedIn,-2515,Joined
HIRE0000716,EMP00716,2025-01-13,2025-01-22,2025-05-10,Consultancy,117,Joined
HIRE0000717,EMP00717,2024-07-26,2024-08-05,2015-04-08,Campus,-3397,Joined
HIRE0000718,EMP00718,2024-02-03,2024-02-16,2022-01-23,Campus,-741,Joined
HIRE0000719,EMP00719,2025-03-18,2025-03-31,2020-09-09,LinkedIn,-1651,Joined
HIRE0000720,EMP00720,2024-10-04,2024-10-11,2021-06-19,Indeed,-1203,Joined
HIRE0000721,EMP00721,2025-05-01,2025-05-12,2021-11-01,Campus,-1277,Joined
HIRE0000722,EMP00722,2024-05-13,2024-05-19,2019-04-08,Consultancy,-1862,Joined
HIRE0000723,EMP00723,2024-11-29,2024-12-04,2025-04-10,Indeed,132,Joined
HIRE0000724,EMP00724,2025-07-05,2025-07-10,2020-06-28,Indeed,-1833,Joined
HIRE0000725,EMP00725,2024-05-17,2024-05-24,2025-03-29,Naukri,316,Joined
HIRE0000726,EMP00726,2024-08-31,2024-09-14,2015-05-22,Consultancy,-3389,Joined
HIRE0000727,EMP00727,2024-03-24,2024-04-03,2016-04-23,Indeed,-2892,Joined
HIRE0000728,EMP00728,2024-08-06,2024-08-19,2025-11-07,Campus,458,Joined
HIRE0000729,EMP00729,2025-07-22,2025-07-29,2017-05-08,LinkedIn,-2997,Joined
HIRE0000730,EMP00730,2025-07-26,2025-08-10,2019-11-01,Naukri,-2094,Joined
HIRE0000731,EMP00731,2024-04-07,2024-04-12,2017-04-03,Indeed,-2561,Joined
HIRE0000732,EMP00732,2024-12-16,2024-12-29,2018-02-07,LinkedIn,-2504,Joined
HIRE0000733,EMP00733,2024-08-10,2024-08-25,2021-07-13,Employee Referral,-1124,Joined
HIRE0000734,EMP00734,2025-07-30,2025-08-11,2022-08-24,Indeed,-1071,Joined
HIRE0000735,EMP00735,2025-04-06,2025-04-14,2020-02-15,Consultancy,-1877,Joined
HIRE0000736,EMP00736,2024-04-02,2024-04-10,2019-08-20,Consultancy,-1687,Joined
HIRE0000737,EMP00737,2025-07-29,2025-08-04,2023-04-16,LinkedIn,-835,Joined
HIRE0000738,EMP00738,2024-01-03,2024-01-18,2020-08-01,Consultancy,-1250,Joined
HIRE0000739,EMP00739,2024-12-15,2024-12-28,2025-08-03,Campus,231,Joined
HIRE0000740,EMP00740,2024-05-08,2024-05-20,2017-11-21,Indeed,-2360,Joined
HIRE0000741,EMP00741,2025-01-26,2025-02-08,2018-11-06,Campus,-2273,Joined
HIRE0000742,EMP00742,2025-07-19,2025-07-28,2016-01-01,Naukri,-3487,Joined
HIRE0000743,EMP00743,2024-03-23,2024-04-06,2023-04-07,Naukri,-351,Joined
HIRE0000744,EMP00744,2024-01-25,2024-02-09,2022-06-11,Naukri,-593,Joined
HIRE0000745,EMP00745,2023-11-16,2023-11-29,2020-02-10,LinkedIn,-1375,Joined
HIRE0000746,EMP00746,2024-12-18,2024-12-30,2024-07-04,Indeed,-167,Joined
HIRE0000747,EMP00747,2025-07-25,2025-08-04,2023-03-20,Consultancy,-858,Joined
HIRE0000748,EMP00748,2025-04-27,2025-05-06,2022-08-08,Naukri,-993,Joined
HIRE0000749,EMP00749,2023-08-26,2023-09-10,2023-11-16,Campus,82,Joined
HIRE0000750,EMP00750,2023-09-04,2023-09-15,2024-01-08,Indeed,126,Joined
HIRE0000751,EMP00751,2023-09-13,2023-09-23,2016-01-29,LinkedIn,-2784,Joined
HIRE0000752,EMP00752,2025-02-16,2025-02-28,2015-05-20,LinkedIn,-3560,Joined
HIRE0000753,EMP00753,2023-11-19,2023-12-04,2022-02-03,Employee Referral,-654,Joined
HIRE0000754,EMP00754,2024-04-26,2024-05-02,2022-10-12,Employee Referral,-562,Joined
HIRE0000755,EMP00755,2024-02-19,2024-03-04,2024-02-12,LinkedIn,-7,Joined
HIRE0000756,EMP00756,2024-02-01,2024-02-15,2024-08-31,Naukri,212,Joined
HIRE0000757,EMP00757,2024-07-04,2024-07-09,2021-04-22,Naukri,-1169,Joined
HIRE0000758,EMP00758,2024-06-02,2024-06-17,2018-05-16,LinkedIn,-2209,Joined
HIRE0000759,EMP00759,2025-01-08,2025-01-13,2015-05-31,Employee Referral,-3510,Joined
HIRE0000760,EMP00760,2024-01-07,2024-01-20,2021-03-02,Naukri,-1041,Joined
HIRE0000761,EMP00761,2024-02-27,2024-03-11,2017-04-14,Naukri,-2510,Joined
HIRE0000762,EMP00762,2024-10-01,2024-10-12,2015-04-17,Campus,-3455,Joined
HIRE0000763,EMP00763,2025-07-02,2025-07-12,2025-03-13,Naukri,-111,Joined
HIRE0000764,EMP00764,2024-06-25,2024-07-07,2020-11-26,LinkedIn,-1307,Joined
HIRE0000765,EMP00765,2024-06-21,2024-06-27,2018-07-26,Consultancy,-2157,Joined
HIRE0000766,EMP00766,2024-08-07,2024-08-15,2016-06-01,Consultancy,-2989,Joined
HIRE0000767,EMP00767,2024-05-26,2024-06-10,2020-04-03,Campus,-1514,Joined
HIRE0000768,EMP00768,2024-09-13,2024-09-21,2016-01-05,Employee Referral,-3174,Joined
HIRE0000769,EMP00769,2025-06-02,2025-06-09,2024-10-21,Employee Referral,-224,Joined
HIRE0000770,EMP00770,2025-01-15,2025-01-26,2023-05-14,Campus,-612,Joined
HIRE0000771,EMP00771,2025-01-24,2025-02-01,2015-11-04,Consultancy,-3369,Joined
HIRE0000772,EMP00772,2025-07-25,2025-08-08,2017-10-20,Campus,-2835,Joined
HIRE0000773,EMP00773,2025-06-29,2025-07-06,2020-10-12,Employee Referral,-1721,Joined
HIRE0000774,EMP00774,2024-12-13,2024-12-20,2018-12-03,Indeed,-2202,Joined
HIRE0000775,EMP00775,2024-09-03,2024-09-09,2016-05-22,Indeed,-3026,Joined
HIRE0000776,EMP00776,2023-09-09,2023-09-15,2024-02-07,Naukri,151,Joined
HIRE0000777,EMP00777,2024-01-26,2024-02-06,2017-02-15,Consultancy,-2536,Joined
HIRE0000778,EMP00778,2023-12-13,2023-12-26,2019-09-21,Indeed,-1544,Joined
HIRE0000779,EMP00779,2024-02-01,2024-02-14,2015-03-28,LinkedIn,-3232,Joined
HIRE0000780,EMP00780,2024-08-14,2024-08-28,2020-05-20,Consultancy,-1547,Joined
HIRE0000781,EMP00781,2024-01-21,2024-01-31,2017-12-15,Employee Referral,-2228,Joined
HIRE0000782,EMP00782,2024-07-23,2024-08-06,2016-05-08,Indeed,-2998,Joined
HIRE0000783,EMP00783,2024-05-21,2024-06-04,2020-11-20,Employee Referral,-1278,Joined
HIRE0000784,EMP00784,2025-01-24,2025-01-29,2018-02-23,Consultancy,-2527,Joined
HIRE0000785,EMP00785,2025-07-25,2025-07-30,2018-03-14,Employee Referral,-2690,Joined
HIRE0000786,EMP00786,2024-06-07,2024-06-14,2015-02-25,Consultancy,-3390,Joined
HIRE0000787,EMP00787,2024-10-24,2024-10-31,2019-04-23,Naukri,-2011,Joined
HIRE0000788,EMP00788,2024-05-27,2024-06-07,2025-07-24,Naukri,423,Joined
HIRE0000789,EMP00789,2023-09-29,2023-10-09,2022-12-24,Employee Referral,-279,Joined
HIRE0000790,EMP00790,2024-01-07,2024-01-17,2021-09-20,Indeed,-839,Joined
HIRE0000791,EMP00791,2024-09-19,2024-10-01,2019-11-29,Naukri,-1756,Joined
HIRE0000792,EMP00792,2024-07-25,2024-08-09,2022-10-24,Employee Referral,-640,Joined
HIRE0000793,EMP00793,2024-08-04,2024-08-18,2017-07-06,Indeed,-2586,Joined
HIRE0000794,EMP00794,2024-05-22,2024-06-03,2025-12-28,Naukri,585,Joined
HIRE0000795,EMP00795,2023-09-09,2023-09-17,2016-07-01,Campus,-2626,Joined
HIRE0000796,EMP00796,2025-07-03,2025-07-16,2022-05-16,Indeed,-1144,Joined
HIRE0000797,EMP00797,2023-12-22,2023-12-29,2020-01-02,Naukri,-1450,Joined
HIRE0000798,EMP00798,2023-11-17,2023-12-02,2021-05-22,Naukri,-909,Joined
HIRE0000799,EMP00799,2024-09-14,2024-09-19,2016-08-10,Naukri,-2957,Joined
HIRE0000800,EMP00800,2024-06-19,2024-06-28,2015-03-26,Campus,-3373,Joined
HIRE0000801,EMP00801,2024-06-03,2024-06-10,2023-04-04,Indeed,-426,Joined
HIRE0000802,EMP00802,2025-04-20,2025-05-03,2021-02-04,Indeed,-1536,Joined
HIRE0000803,EMP00803,2024-04-01,2024-04-08,2015-01-05,LinkedIn,-3374,Joined
HIRE0000804,EMP00804,2024-06-06,2024-06-18,2024-11-30,Employee Referral,177,Joined
HIRE0000805,EMP00805,2024-02-09,2024-02-18,2025-05-09,Campus,455,Joined
HIRE0000806,EMP00806,2024-09-09,2024-09-21,2024-03-02,Employee Referral,-191,Joined
HIRE0000807,EMP00807,2024-12-23,2025-01-03,2022-05-10,Naukri,-958,Joined
HIRE0000808,EMP00808,2023-08-05,2023-08-13,2016-01-06,Campus,-2768,Joined
HIRE0000809,EMP00809,2025-02-15,2025-02-22,2023-12-30,Campus,-413,Joined
HIRE0000810,EMP00810,2025-01-13,2025-01-25,2021-06-24,Employee Referral,-1299,Joined
HIRE0000811,EMP00811,2024-08-14,2024-08-29,2025-04-30,Indeed,259,Joined
HIRE0000812,EMP00812,2024-09-24,2024-10-08,2023-05-18,Consultancy,-495,Joined
HIRE0000813,EMP00813,2024-04-09,2024-04-17,2024-05-23,Consultancy,44,Joined
HIRE0000814,EMP00814,2024-10-29,2024-11-09,2023-08-02,Employee Referral,-454,Joined
HIRE0000815,EMP00815,2023-08-07,2023-08-13,2016-03-31,Employee Referral,-2685,Joined
HIRE0000816,EMP00816,2025-01-17,2025-01-28,2022-12-23,Naukri,-756,Joined
HIRE0000817,EMP00817,2025-03-10,2025-03-21,2017-05-17,Campus,-2854,Joined
HIRE0000818,EMP00818,2025-07-14,2025-07-24,2019-04-08,Employee Referral,-2289,Joined
HIRE0000819,EMP00819,2024-01-26,2024-02-08,2017-09-08,Indeed,-2331,Joined
HIRE0000820,EMP00820,2024-11-01,2024-11-06,2018-01-07,Campus,-2490,Joined
HIRE0000821,EMP00821,2024-03-11,2024-03-19,2023-06-06,LinkedIn,-279,Joined
HIRE0000822,EMP00822,2024-08-04,2024-08-13,2024-01-21,Indeed,-196,Joined
HIRE0000823,EMP00823,2025-05-06,2025-05-19,2016-01-18,Employee Referral,-3396,Joined
HIRE0000824,EMP00824,2023-11-18,2023-12-01,2019-01-15,Employee Referral,-1768,Joined
HIRE0000825,EMP00825,2024-04-15,2024-04-24,2024-01-10,Campus,-96,Joined
HIRE0000826,EMP00826,2024-11-03,2024-11-14,2018-02-21,Campus,-2447,Joined
HIRE0000827,EMP00827,2024-08-09,2024-08-22,2025-05-13,Indeed,277,Joined
HIRE0000828,EMP00828,2025-02-27,2025-03-07,2015-12-08,Indeed,-3369,Joined
HIRE0000829,EMP00829,2024-05-14,2024-05-25,2024-07-26,LinkedIn,73,Joined
HIRE0000830,EMP00830,2024-03-11,2024-03-24,2020-04-02,Naukri,-1439,Joined
HIRE0000831,EMP00831,2024-09-07,2024-09-22,2018-11-03,LinkedIn,-2135,Joined
HIRE0000832,EMP00832,2025-04-27,2025-05-02,2022-03-07,LinkedIn,-1147,Joined
HIRE0000833,EMP00833,2023-11-30,2023-12-14,2015-04-04,Campus,-3162,Joined
HIRE0000834,EMP00834,2024-06-20,2024-07-03,2020-01-24,Campus,-1609,Joined
HIRE0000835,EMP00835,2024-01-23,2024-02-06,2017-03-24,Consultancy,-2496,Joined
HIRE0000836,EMP00836,2024-09-05,2024-09-20,2023-02-08,Naukri,-575,Joined
HIRE0000837,EMP00837,2024-05-25,2024-05-30,2018-07-20,Consultancy,-2136,Joined
HIRE0000838,EMP00838,2023-12-25,2024-01-04,2022-10-23,Indeed,-428,Joined
HIRE0000839,EMP00839,2025-05-20,2025-05-26,2025-01-20,Campus,-120,Joined
HIRE0000840,EMP00840,2023-10-03,2023-10-09,2025-12-03,Employee Referral,792,Joined
HIRE0000841,EMP00841,2023-11-30,2023-12-06,2018-03-06,Employee Referral,-2095,Joined
HIRE0000842,EMP00842,2024-05-25,2024-06-04,2019-12-25,Indeed,-1613,Joined
HIRE0000843,EMP00843,2024-06-06,2024-06-20,2018-12-07,Indeed,-2008,Joined
HIRE0000844,EMP00844,2023-10-01,2023-10-10,2017-09-16,Campus,-2206,Joined
HIRE0000845,EMP00845,2024-04-08,2024-04-15,2021-03-26,Consultancy,-1109,Joined
HIRE0000846,EMP00846,2024-01-21,2024-01-28,2016-10-10,Campus,-2659,Joined
HIRE0000847,EMP00847,2024-03-14,2024-03-24,2017-04-14,Naukri,-2526,Joined
HIRE0000848,EMP00848,2024-05-05,2024-05-14,2022-02-11,Employee Referral,-814,Joined
HIRE0000849,EMP00849,2025-06-18,2025-06-27,2015-12-06,Campus,-3482,Joined
HIRE0000850,EMP00850,2024-02-06,2024-02-20,2016-01-16,Campus,-2943,Joined
HIRE0000851,EMP00851,2024-04-29,2024-05-10,2022-09-16,Campus,-591,Joined
HIRE0000852,EMP00852,2024-10-20,2024-10-25,2020-06-05,Campus,-1598,Joined
HIRE0000853,EMP00853,2024-05-21,2024-05-27,2024-09-20,Employee Referral,122,Joined
HIRE0000854,EMP00854,2025-05-09,2025-05-23,2018-11-28,Naukri,-2354,Joined
HIRE0000855,EMP00855,2025-01-23,2025-01-30,2024-06-27,Naukri,-210,Joined
HIRE0000856,EMP00856,2025-07-06,2025-07-12,2021-09-08,Employee Referral,-1397,Joined
HIRE0000857,EMP00857,2025-04-27,2025-05-02,2016-11-16,LinkedIn,-3084,Joined
HIRE0000858,EMP00858,2024-01-04,2024-01-12,2023-11-14,Naukri,-51,Joined
HIRE0000859,EMP00859,2024-05-03,2024-05-18,2015-02-14,Indeed,-3366,Joined
HIRE0000860,EMP00860,2024-01-23,2024-01-31,2017-06-09,Campus,-2419,Joined
HIRE0000861,EMP00861,2023-08-18,2023-08-29,2020-07-16,LinkedIn,-1128,Joined
HIRE0000862,EMP00862,2025-01-16,2025-01-30,2015-03-15,Employee Referral,-3595,Joined
HIRE0000863,EMP00863,2024-06-17,2024-06-27,2016-01-25,Naukri,-3066,Joined
HIRE0000864,EMP00864,2023-10-20,2023-11-02,2022-10-23,Naukri,-362,Joined
HIRE0000865,EMP00865,2024-11-26,2024-12-06,2022-09-17,Consultancy,-801,Joined
HIRE0000866,EMP00866,2025-02-03,2025-02-12,2015-07-16,Naukri,-3490,Joined
HIRE0000867,EMP00867,2024-07-11,2024-07-18,2018-07-31,Employee Referral,-2172,Joined
HIRE0000868,EMP00868,2023-12-22,2023-12-29,2023-08-31,Naukri,-113,Joined
HIRE0000869,EMP00869,2024-12-11,2024-12-22,2015-09-04,LinkedIn,-3386,Joined
HIRE0000870,EMP00870,2025-01-23,2025-02-04,2025-08-04,Employee Referral,193,Joined
HIRE0000871,EMP00871,2024-05-19,2024-06-03,2021-12-16,Employee Referral,-885,Joined
HIRE0000872,EMP00872,2024-05-20,2024-05-25,2016-03-27,Campus,-2976,Joined
HIRE0000873,EMP00873,2025-05-06,2025-05-16,2019-11-03,Consultancy,-2011,Joined
HIRE0000874,EMP00874,2025-07-04,2025-07-11,2019-04-16,Campus,-2271,Joined
HIRE0000875,EMP00875,2025-03-20,2025-03-25,2015-07-24,Employee Referral,-3527,Joined
HIRE0000876,EMP00876,2025-04-20,2025-04-30,2017-07-16,Naukri,-2835,Joined
HIRE0000877,EMP00877,2024-09-14,2024-09-20,2022-02-21,Indeed,-936,Joined
HIRE0000878,EMP00878,2023-09-06,2023-09-19,2018-07-14,LinkedIn,-1880,Joined
HIRE0000879,EMP00879,2025-03-28,2025-04-10,2024-11-18,Employee Referral,-130,Joined
HIRE0000880,EMP00880,2024-03-23,2024-04-04,2022-08-17,Employee Referral,-584,Joined
HIRE0000881,EMP00881,2024-04-29,2024-05-08,2017-11-20,Employee Referral,-2352,Joined
HIRE0000882,EMP00882,2024-01-21,2024-02-01,2025-12-22,Campus,701,Joined
HIRE0000883,EMP00883,2024-12-23,2025-01-01,2025-04-28,Employee Referral,126,Joined
HIRE0000884,EMP00884,2023-09-26,2023-10-05,2019-05-21,Campus,-1589,Joined
HIRE0000885,EMP00885,2023-11-01,2023-11-09,2016-03-27,LinkedIn,-2775,Joined
HIRE0000886,EMP00886,2024-06-18,2024-06-23,2018-04-22,Indeed,-2249,Joined
HIRE0000887,EMP00887,2025-08-01,2025-08-09,2024-05-09,Indeed,-449,Joined
HIRE0000888,EMP00888,2025-02-15,2025-02-25,2021-07-25,Employee Referral,-1301,Joined
HIRE0000889,EMP00889,2023-11-04,2023-11-15,2025-04-27,Naukri,540,Joined
HIRE0000890,EMP00890,2024-05-03,2024-05-18,2017-03-28,Consultancy,-2593,Joined
HIRE0000891,EMP00891,2025-01-26,2025-01-31,2016-07-21,Campus,-3111,Joined
HIRE0000892,EMP00892,2024-12-25,2024-12-31,2015-04-24,LinkedIn,-3533,Joined
HIRE0000893,EMP00893,2023-12-29,2024-01-08,2023-06-21,Naukri,-191,Joined
HIRE0000894,EMP00894,2024-04-03,2024-04-12,2021-08-31,Employee Referral,-946,Joined
HIRE0000895,EMP00895,2025-04-26,2025-05-10,2017-07-04,Consultancy,-2853,Joined
HIRE0000896,EMP00896,2025-01-07,2025-01-13,2024-11-13,Naukri,-55,Joined
HIRE0000897,EMP00897,2024-04-17,2024-05-01,2019-07-16,Consultancy,-1737,Joined
HIRE0000898,EMP00898,2024-12-28,2025-01-07,2016-08-03,Naukri,-3069,Joined
HIRE0000899,EMP00899,2024-08-25,2024-08-30,2020-07-12,Naukri,-1505,Joined
HIRE0000900,EMP00900,2024-12-23,2024-12-30,2016-05-07,LinkedIn,-3152,Joined
HIRE0000901,EMP00901,2025-07-14,2025-07-24,2015-02-07,Indeed,-3810,Joined
HIRE0000902,EMP00902,2024-01-12,2024-01-24,2022-05-10,LinkedIn,-612,Joined
HIRE0000903,EMP00903,2024-05-27,2024-06-11,2025-10-17,Indeed,508,Joined
HIRE0000904,EMP00904,2024-07-04,2024-07-10,2015-07-04,Indeed,-3288,Joined
HIRE0000905,EMP00905,2024-11-13,2024-11-25,2025-02-02,Consultancy,81,Joined
HIRE0000906,EMP00906,2023-08-17,2023-08-30,2023-07-24,Employee Referral,-24,Joined
HIRE0000907,EMP00907,2024-05-02,2024-05-08,2022-08-12,Consultancy,-629,Joined
HIRE0000908,EMP00908,2023-08-22,2023-08-27,2019-01-12,Consultancy,-1683,Joined
HIRE0000909,EMP00909,2024-05-03,2024-05-18,2018-12-13,Consultancy,-1968,Joined
HIRE0000910,EMP00910,2024-01-26,2024-02-10,2020-10-19,Consultancy,-1194,Joined
HIRE0000911,EMP00911,2024-02-01,2024-02-16,2022-11-20,Campus,-438,Joined
HIRE0000912,EMP00912,2023-12-01,2023-12-09,2020-04-13,Naukri,-1327,Joined
HIRE0000913,EMP00913,2025-01-18,2025-01-28,2022-06-10,LinkedIn,-953,Joined
HIRE0000914,EMP00914,2025-01-28,2025-02-08,2020-05-15,LinkedIn,-1719,Joined
HIRE0000915,EMP00915,2023-12-17,2024-01-01,2025-06-11,Employee Referral,542,Joined
HIRE0000916,EMP00916,2023-12-13,2023-12-22,2016-05-27,Naukri,-2756,Joined
HIRE0000917,EMP00917,2024-09-26,2024-10-05,2017-09-02,Naukri,-2581,Joined
HIRE0000918,EMP00918,2024-04-03,2024-04-16,2017-01-09,Consultancy,-2641,Joined
HIRE0000919,EMP00919,2024-01-01,2024-01-07,2015-11-11,Campus,-2973,Joined
HIRE0000920,EMP00920,2024-02-23,2024-03-01,2022-05-01,Indeed,-663,Joined
HIRE0000921,EMP00921,2025-07-31,2025-08-12,2015-11-18,Consultancy,-3543,Joined
HIRE0000922,EMP00922,2025-05-04,2025-05-15,2019-12-09,Naukri,-1973,Joined
HIRE0000923,EMP00923,2024-06-06,2024-06-18,2018-02-17,Naukri,-2301,Joined
HIRE0000924,EMP00924,2024-11-17,2024-11-27,2015-08-03,LinkedIn,-3394,Joined
HIRE0000925,EMP00925,2025-03-02,2025-03-11,2015-04-23,Indeed,-3601,Joined
HIRE0000926,EMP00926,2024-09-08,2024-09-23,2021-06-03,Consultancy,-1193,Joined
HIRE0000927,EMP00927,2024-02-20,2024-02-29,2017-10-20,Naukri,-2314,Joined
HIRE0000928,EMP00928,2024-03-20,2024-03-30,2018-06-11,LinkedIn,-2109,Joined
HIRE0000929,EMP00929,2025-06-05,2025-06-12,2022-02-25,Campus,-1196,Joined
HIRE0000930,EMP00930,2024-01-04,2024-01-11,2023-10-28,Campus,-68,Joined
HIRE0000931,EMP00931,2025-01-30,2025-02-08,2022-09-04,LinkedIn,-879,Joined
HIRE0000932,EMP00932,2025-03-31,2025-04-14,2023-01-21,LinkedIn,-800,Joined
HIRE0000933,EMP00933,2024-07-31,2024-08-07,2024-03-23,Consultancy,-130,Joined
HIRE0000934,EMP00934,2023-11-14,2023-11-23,2019-03-15,Employee Referral,-1705,Joined
HIRE0000935,EMP00935,2024-11-10,2024-11-15,2018-07-06,Indeed,-2319,Joined
HIRE0000936,EMP00936,2025-07-09,2025-07-18,2023-07-21,Consultancy,-719,Joined
HIRE0000937,EMP00937,2024-09-27,2024-10-08,2018-01-07,LinkedIn,-2455,Joined
HIRE0000938,EMP00938,2024-03-26,2024-04-05,2017-09-14,Campus,-2385,Joined
HIRE0000939,EMP00939,2023-09-04,2023-09-10,2021-05-21,Campus,-836,Joined
HIRE0000940,EMP00940,2025-02-09,2025-02-18,2019-08-01,LinkedIn,-2019,Joined
HIRE0000941,EMP00941,2025-01-01,2025-01-06,2023-08-02,Campus,-518,Joined
HIRE0000942,EMP00942,2024-08-25,2024-08-31,2024-09-20,LinkedIn,26,Joined
HIRE0000943,EMP00943,2025-04-02,2025-04-14,2021-10-29,Employee Referral,-1251,Joined
HIRE0000944,EMP00944,2024-09-17,2024-09-23,2016-07-05,Indeed,-2996,Joined
HIRE0000945,EMP00945,2024-04-15,2024-04-24,2020-09-14,Naukri,-1309,Joined
HIRE0000946,EMP00946,2025-01-24,2025-02-06,2023-06-29,LinkedIn,-575,Joined
HIRE0000947,EMP00947,2024-11-03,2024-11-13,2016-04-30,Indeed,-3109,Joined
HIRE0000948,EMP00948,2024-01-04,2024-01-11,2017-04-27,Employee Referral,-2443,Joined
HIRE0000949,EMP00949,2024-09-09,2024-09-22,2019-10-13,Indeed,-1793,Joined
HIRE0000950,EMP00950,2024-08-07,2024-08-20,2016-07-14,Campus,-2946,Joined
HIRE0000951,EMP00951,2024-08-28,2024-09-04,2022-01-27,Employee Referral,-944,Joined
HIRE0000952,EMP00952,2024-11-05,2024-11-20,2022-01-13,Campus,-1027,Joined
HIRE0000953,EMP00953,2023-10-04,2023-10-12,2020-07-27,LinkedIn,-1164,Joined
HIRE0000954,EMP00954,2023-10-10,2023-10-23,2016-12-30,Naukri,-2475,Joined
HIRE0000955,EMP00955,2024-06-14,2024-06-27,2024-06-05,Indeed,-9,Joined
HIRE0000956,EMP00956,2025-06-06,2025-06-13,2023-07-27,Employee Referral,-680,Joined
HIRE0000957,EMP00957,2025-01-30,2025-02-13,2022-10-25,Employee Referral,-828,Joined
HIRE0000958,EMP00958,2024-02-16,2024-02-24,2023-10-12,Naukri,-127,Joined
HIRE0000959,EMP00959,2024-04-09,2024-04-15,2018-01-04,LinkedIn,-2287,Joined
HIRE0000960,EMP00960,2024-10-08,2024-10-23,2017-04-24,Consultancy,-2724,Joined
HIRE0000961,EMP00961,2025-04-06,2025-04-19,2023-08-07,Naukri,-608,Joined
HIRE0000962,EMP00962,2025-05-31,2025-06-05,2018-09-19,LinkedIn,-2446,Joined
HIRE0000963,EMP00963,2025-05-12,2025-05-22,2018-03-05,Campus,-2625,Joined
HIRE0000964,EMP00964,2024-09-09,2024-09-16,2019-06-30,Employee Referral,-1898,Joined
HIRE0000965,EMP00965,2024-08-04,2024-08-15,2024-04-28,Naukri,-98,Joined
HIRE0000966,EMP00966,2024-04-01,2024-04-16,2021-06-18,Naukri,-1018,Joined
HIRE0000967,EMP00967,2024-12-07,2024-12-18,2015-03-12,Indeed,-3558,Joined
HIRE0000968,EMP00968,2024-10-20,2024-10-25,2019-02-23,Campus,-2066,Joined
HIRE0000969,EMP00969,2025-06-17,2025-06-29,2025-07-25,Employee Referral,38,Joined
HIRE0000970,EMP00970,2024-01-26,2024-02-01,2018-06-29,Indeed,-2037,Joined
HIRE0000971,EMP00971,2023-08-29,2023-09-03,2020-08-09,Consultancy,-1115,Joined
HIRE0000972,EMP00972,2024-08-31,2024-09-08,2016-06-05,Indeed,-3009,Joined
HIRE0000973,EMP00973,2025-03-07,2025-03-18,2022-01-08,Campus,-1154,Joined
HIRE0000974,EMP00974,2025-05-04,2025-05-19,2025-05-04,Employee Referral,0,Joined
HIRE0000975,EMP00975,2024-01-13,2024-01-26,2021-10-12,Consultancy,-823,Joined
HIRE0000976,EMP00976,2024-05-17,2024-05-22,2020-04-11,Naukri,-1497,Joined
HIRE0000977,EMP00977,2024-12-27,2025-01-09,2016-10-02,Employee Referral,-3008,Joined
HIRE0000978,EMP00978,2024-11-19,2024-11-25,2023-03-07,Indeed,-623,Joined
HIRE0000979,EMP00979,2025-06-30,2025-07-09,2017-12-12,Naukri,-2757,Joined
HIRE0000980,EMP00980,2024-07-30,2024-08-05,2017-08-07,Campus,-2549,Joined
HIRE0000981,EMP00981,2023-11-18,2023-11-29,2020-09-26,Naukri,-1148,Joined
HIRE0000982,EMP00982,2024-05-30,2024-06-08,2018-06-30,Consultancy,-2161,Joined
HIRE0000983,EMP00983,2024-09-25,2024-10-08,2022-10-18,Naukri,-708,Joined
HIRE0000984,EMP00984,2024-05-01,2024-05-07,2019-10-04,LinkedIn,-1671,Joined
HIRE0000985,EMP00985,2025-05-01,2025-05-09,2021-07-29,Campus,-1372,Joined
HIRE0000986,EMP00986,2024-12-22,2025-01-03,2015-06-29,Campus,-3464,Joined
HIRE0000987,EMP00987,2025-01-08,2025-01-18,2019-02-22,Consultancy,-2147,Joined
HIRE0000988,EMP00988,2024-05-17,2024-05-29,2016-02-04,Consultancy,-3025,Joined
HIRE0000989,EMP00989,2024-01-26,2024-02-01,2015-02-28,LinkedIn,-3254,Joined
HIRE0000990,EMP00990,2023-09-24,2023-10-09,2019-12-22,Campus,-1372,Joined
HIRE0000991,EMP00991,2025-04-27,2025-05-05,2018-10-30,LinkedIn,-2371,Joined
HIRE0000992,EMP00992,2024-01-25,2024-01-31,2016-11-24,Naukri,-2618,Joined
HIRE0000993,EMP00993,2023-08-14,2023-08-22,2018-03-21,Campus,-1972,Joined
HIRE0000994,EMP00994,2024-11-15,2024-11-29,2022-10-28,Employee Referral,-749,Joined
HIRE0000995,EMP00995,2024-05-24,2024-06-06,2021-01-12,Employee Referral,-1228,Joined
HIRE0000996,EMP00996,2025-02-10,2025-02-15,2017-06-12,Campus,-2800,Joined
HIRE0000997,EMP00997,2024-04-10,2024-04-23,2019-03-28,Indeed,-1840,Joined
HIRE0000998,EMP00998,2023-12-05,2023-12-12,2025-02-15,Consultancy,438,Joined
HIRE0000999,EMP00999,2024-08-10,2024-08-23,2019-06-24,LinkedIn,-1874,Joined
HIRE0001000,EMP01000,2023-10-08,2023-10-21,2025-06-25,LinkedIn,626,Joined
HIRE0001001,EMP01001,2024-06-11,2024-06-24,2025-10-28,Naukri,504,Joined
HIRE0001002,EMP01002,2025-03-22,2025-04-01,2018-11-18,Employee Referral,-2316,Joined
HIRE0001003,EMP01003,2023-09-14,2023-09-19,2024-08-14,Employee Referral,335,Joined
HIRE0001004,EMP01004,2025-04-15,2025-04-21,2022-09-14,LinkedIn,-944,Joined
HIRE0001005,EMP01005,2024-01-19,2024-02-02,2023-09-03,Indeed,-138,Joined
HIRE0001006,EMP01006,2024-10-23,2024-11-03,2017-08-21,Indeed,-2620,Joined
HIRE0001007,EMP01007,2024-12-14,2024-12-29,2018-05-21,Campus,-2399,Joined
HIRE0001008,EMP01008,2024-01-12,2024-01-18,2017-12-05,Campus,-2229,Joined
HIRE0001009,EMP01009,2025-04-01,2025-04-09,2024-09-02,Naukri,-211,Joined
HIRE0001010,EMP01010,2023-09-26,2023-10-09,2023-08-26,Campus,-31,Joined
HIRE0001011,EMP01011,2025-06-26,2025-07-08,2020-12-31,Employee Referral,-1638,Joined
HIRE0001012,EMP01012,2024-11-28,2024-12-04,2020-10-10,Campus,-1510,Joined
HIRE0001013,EMP01013,2024-08-25,2024-09-04,2022-09-12,Campus,-713,Joined
HIRE0001014,EMP01014,2025-02-08,2025-02-23,2020-01-04,Campus,-1862,Joined
HIRE0001015,EMP01015,2024-10-14,2024-10-19,2023-02-24,Indeed,-598,Joined
HIRE0001016,EMP01016,2024-10-29,2024-11-06,2015-06-06,Consultancy,-3433,Joined
HIRE0001017,EMP01017,2024-06-29,2024-07-08,2017-11-18,Naukri,-2415,Joined
HIRE0001018,EMP01018,2023-11-27,2023-12-09,2023-07-13,Indeed,-137,Joined
HIRE0001019,EMP01019,2025-07-30,2025-08-12,2019-07-26,Naukri,-2196,Joined
HIRE0001020,EMP01020,2023-09-29,2023-10-06,2018-08-22,Employee Referral,-1864,Joined
HIRE0001021,EMP01021,2025-02-08,2025-02-16,2015-02-21,LinkedIn,-3640,Joined
HIRE0001022,EMP01022,2023-08-25,2023-09-01,2015-05-13,Campus,-3026,Joined
HIRE0001023,EMP01023,2023-08-12,2023-08-24,2022-07-25,Consultancy,-383,Joined
HIRE0001024,EMP01024,2024-05-05,2024-05-18,2025-11-30,LinkedIn,574,Joined
HIRE0001025,EMP01025,2025-03-30,2025-04-04,2021-05-26,LinkedIn,-1404,Joined
HIRE0001026,EMP01026,2025-05-07,2025-05-15,2023-08-22,Employee Referral,-624,Joined
HIRE0001027,EMP01027,2025-03-09,2025-03-24,2020-03-15,Employee Referral,-1820,Joined
HIRE0001028,EMP01028,2025-03-12,2025-03-17,2021-07-04,Campus,-1347,Joined
HIRE0001029,EMP01029,2025-04-27,2025-05-09,2021-05-26,Campus,-1432,Joined
HIRE0001030,EMP01030,2023-10-29,2023-11-04,2021-09-29,Naukri,-760,Joined
HIRE0001031,EMP01031,2025-04-01,2025-04-09,2016-06-27,Campus,-3200,Joined
HIRE0001032,EMP01032,2024-07-23,2024-08-03,2022-03-12,Naukri,-864,Joined
HIRE0001033,EMP01033,2025-05-15,2025-05-24,2019-04-28,Campus,-2209,Joined
HIRE0001034,EMP01034,2024-01-31,2024-02-06,2024-03-22,Naukri,51,Joined
HIRE0001035,EMP01035,2024-05-26,2024-06-08,2024-04-03,Employee Referral,-53,Joined
HIRE0001036,EMP01036,2025-01-02,2025-01-09,2022-03-14,Campus,-1025,Joined
HIRE0001037,EMP01037,2023-12-15,2023-12-26,2020-01-19,Naukri,-1426,Joined
HIRE0001038,EMP01038,2024-02-13,2024-02-18,2019-01-25,Indeed,-1845,Joined
HIRE0001039,EMP01039,2023-11-26,2023-12-05,2021-10-24,Consultancy,-763,Joined
HIRE0001040,EMP01040,2025-04-23,2025-05-08,2021-12-08,Campus,-1232,Joined
HIRE0001041,EMP01041,2023-10-25,2023-11-02,2020-06-05,Employee Referral,-1237,Joined
HIRE0001042,EMP01042,2023-12-02,2023-12-08,2017-03-17,Employee Referral,-2451,Joined
HIRE0001043,EMP01043,2024-03-03,2024-03-16,2020-09-09,Naukri,-1271,Joined
HIRE0001044,EMP01044,2024-06-21,2024-06-26,2025-07-02,Naukri,376,Joined
HIRE0001045,EMP01045,2024-02-02,2024-02-07,2024-04-25,Consultancy,83,Joined
HIRE0001046,EMP01046,2024-04-22,2024-04-29,2023-11-10,Campus,-164,Joined
HIRE0001047,EMP01047,2025-01-06,2025-01-21,2020-06-18,Indeed,-1663,Joined
HIRE0001048,EMP01048,2024-11-22,2024-12-01,2019-07-26,Indeed,-1946,Joined
HIRE0001049,EMP01049,2024-03-29,2024-04-05,2018-02-01,LinkedIn,-2248,Joined
HIRE0001050,EMP01050,2025-05-10,2025-05-23,2016-10-30,Naukri,-3114,Joined
HIRE0001051,EMP01051,2025-01-18,2025-02-02,2018-06-12,Indeed,-2412,Joined
HIRE0001052,EMP01052,2025-05-10,2025-05-25,2019-06-11,Campus,-2160,Joined
HIRE0001053,EMP01053,2024-04-21,2024-04-29,2025-06-24,Naukri,429,Joined
HIRE0001054,EMP01054,2023-10-31,2023-11-11,2019-09-05,Naukri,-1517,Joined
HIRE0001055,EMP01055,2024-10-03,2024-10-11,2022-06-04,Indeed,-852,Joined
HIRE0001056,EMP01056,2024-01-01,2024-01-16,2018-01-27,Consultancy,-2165,Joined
HIRE0001057,EMP01057,2025-03-22,2025-04-01,2025-10-06,Campus,198,Joined
HIRE0001058,EMP01058,2025-06-13,2025-06-24,2019-02-22,Indeed,-2303,Joined
HIRE0001059,EMP01059,2024-09-05,2024-09-19,2017-03-30,Consultancy,-2716,Joined
HIRE0001060,EMP01060,2024-02-08,2024-02-13,2022-11-04,Employee Referral,-461,Joined
HIRE0001061,EMP01061,2024-03-17,2024-03-23,2017-03-26,Indeed,-2548,Joined
HIRE0001062,EMP01062,2024-01-08,2024-01-21,2015-07-16,Naukri,-3098,Joined
HIRE0001063,EMP01063,2024-01-09,2024-01-22,2015-10-02,Employee Referral,-3021,Joined
HIRE0001064,EMP01064,2025-04-22,2025-05-06,2015-10-27,Naukri,-3465,Joined
HIRE0001065,EMP01065,2023-09-02,2023-09-09,2020-12-01,Employee Referral,-1005,Joined
HIRE0001066,EMP01066,2024-07-13,2024-07-24,2016-09-08,Employee Referral,-2865,Joined
HIRE0001067,EMP01067,2024-07-29,2024-08-06,2023-09-02,Indeed,-331,Joined
HIRE0001068,EMP01068,2025-01-11,2025-01-21,2022-05-19,LinkedIn,-968,Joined
HIRE0001069,EMP01069,2025-06-03,2025-06-12,2024-05-09,Indeed,-390,Joined
HIRE0001070,EMP01070,2023-10-24,2023-11-02,2023-08-24,Employee Referral,-61,Joined
HIRE0001071,EMP01071,2024-12-02,2024-12-09,2018-07-21,Naukri,-2326,Joined
HIRE0001072,EMP01072,2024-07-15,2024-07-21,2019-09-17,Indeed,-1763,Joined
HIRE0001073,EMP01073,2024-11-28,2024-12-12,2022-03-21,Naukri,-983,Joined
HIRE0001074,EMP01074,2024-04-04,2024-04-19,2020-10-25,LinkedIn,-1257,Joined
HIRE0001075,EMP01075,2024-07-03,2024-07-11,2016-12-16,Campus,-2756,Joined
HIRE0001076,EMP01076,2024-11-07,2024-11-21,2017-12-22,Indeed,-2512,Joined
HIRE0001077,EMP01077,2024-10-03,2024-10-12,2021-09-17,Employee Referral,-1112,Joined
HIRE0001078,EMP01078,2025-02-27,2025-03-07,2020-03-17,Indeed,-1808,Joined
HIRE0001079,EMP01079,2024-11-28,2024-12-10,2018-08-15,Employee Referral,-2297,Joined
HIRE0001080,EMP01080,2024-06-21,2024-07-01,2022-05-24,Consultancy,-759,Joined
HIRE0001081,EMP01081,2024-09-22,2024-10-07,2022-12-20,Campus,-642,Joined
HIRE0001082,EMP01082,2025-06-10,2025-06-20,2023-04-05,Campus,-797,Joined
HIRE0001083,EMP01083,2025-05-04,2025-05-17,2021-06-01,Employee Referral,-1433,Joined
HIRE0001084,EMP01084,2023-11-18,2023-11-25,2023-05-10,Employee Referral,-192,Joined
HIRE0001085,EMP01085,2023-08-26,2023-09-08,2016-01-31,Campus,-2764,Joined
HIRE0001086,EMP01086,2025-01-12,2025-01-20,2016-03-31,Naukri,-3209,Joined
HIRE0001087,EMP01087,2024-07-16,2024-07-30,2024-06-02,Naukri,-44,Joined
HIRE0001088,EMP01088,2024-11-05,2024-11-18,2017-08-01,Campus,-2653,Joined
HIRE0001089,EMP01089,2024-05-14,2024-05-25,2017-04-08,LinkedIn,-2593,Joined
HIRE0001090,EMP01090,2025-06-15,2025-06-28,2015-11-03,LinkedIn,-3512,Joined
HIRE0001091,EMP01091,2024-02-23,2024-03-01,2025-11-25,LinkedIn,641,Joined
HIRE0001092,EMP01092,2025-04-03,2025-04-13,2025-01-04,Consultancy,-89,Joined
HIRE0001093,EMP01093,2025-05-20,2025-05-29,2016-04-25,LinkedIn,-3312,Joined
HIRE0001094,EMP01094,2025-06-21,2025-06-28,2015-10-16,Campus,-3536,Joined
HIRE0001095,EMP01095,2024-06-09,2024-06-24,2018-04-07,LinkedIn,-2255,Joined
HIRE0001096,EMP01096,2024-07-19,2024-07-27,2023-08-20,Employee Referral,-334,Joined
HIRE0001097,EMP01097,2025-06-25,2025-07-10,2024-01-15,Employee Referral,-527,Joined
HIRE0001098,EMP01098,2024-03-04,2024-03-18,2020-10-26,LinkedIn,-1225,Joined
HIRE0001099,EMP01099,2025-04-16,2025-04-21,2021-07-04,Consultancy,-1382,Joined
HIRE0001100,EMP01100,2025-04-14,2025-04-22,2024-02-13,Employee Referral,-426,Joined
HIRE0001101,EMP01101,2025-05-25,2025-05-30,2015-04-27,Indeed,-3681,Joined
HIRE0001102,EMP01102,2024-09-26,2024-10-01,2022-11-03,Indeed,-693,Joined
HIRE0001103,EMP01103,2023-11-14,2023-11-29,2018-12-11,Consultancy,-1799,Joined
HIRE0001104,EMP01104,2025-01-11,2025-01-26,2019-04-17,Indeed,-2096,Joined
HIRE0001105,EMP01105,2024-08-17,2024-08-30,2018-06-25,Naukri,-2245,Joined
HIRE0001106,EMP01106,2024-01-31,2024-02-15,2017-12-14,Indeed,-2239,Joined
HIRE0001107,EMP01107,2024-05-06,2024-05-20,2017-07-09,Naukri,-2493,Joined
HIRE0001108,EMP01108,2023-10-16,2023-10-24,2024-10-24,Consultancy,374,Joined
HIRE0001109,EMP01109,2024-08-19,2024-09-03,2017-02-01,Employee Referral,-2756,Joined
HIRE0001110,EMP01110,2024-05-11,2024-05-16,2021-01-22,Indeed,-1205,Joined
HIRE0001111,EMP01111,2023-10-27,2023-11-08,2018-11-27,Consultancy,-1795,Joined
HIRE0001112,EMP01112,2023-12-13,2023-12-23,2019-11-22,Consultancy,-1482,Joined
HIRE0001113,EMP01113,2024-06-07,2024-06-16,2025-09-15,Indeed,465,Joined
HIRE0001114,EMP01114,2024-10-31,2024-11-15,2021-01-14,Naukri,-1386,Joined
HIRE0001115,EMP01115,2023-08-31,2023-09-15,2023-06-18,Campus,-74,Joined
HIRE0001116,EMP01116,2023-09-04,2023-09-18,2017-01-12,Naukri,-2426,Joined
HIRE0001117,EMP01117,2024-08-13,2024-08-27,2024-07-02,Naukri,-42,Joined
HIRE0001118,EMP01118,2025-02-21,2025-03-08,2017-07-17,LinkedIn,-2776,Joined
HIRE0001119,EMP01119,2023-10-26,2023-10-31,2015-01-08,Employee Referral,-3213,Joined
HIRE0001120,EMP01120,2024-02-19,2024-02-28,2021-12-18,Indeed,-793,Joined
HIRE0001121,EMP01121,2025-06-09,2025-06-19,2016-09-01,LinkedIn,-3203,Joined
HIRE0001122,EMP01122,2025-03-19,2025-03-26,2020-07-31,Indeed,-1692,Joined
HIRE0001123,EMP01123,2024-02-04,2024-02-18,2017-09-07,Consultancy,-2341,Joined
HIRE0001124,EMP01124,2023-11-11,2023-11-26,2021-04-25,Naukri,-930,Joined
HIRE0001125,EMP01125,2025-04-26,2025-05-10,2025-08-03,LinkedIn,99,Joined
HIRE0001126,EMP01126,2025-06-22,2025-07-05,2019-05-12,Consultancy,-2233,Joined
HIRE0001127,EMP01127,2024-09-11,2024-09-21,2015-04-25,LinkedIn,-3427,Joined
HIRE0001128,EMP01128,2024-12-07,2024-12-13,2016-02-09,Consultancy,-3224,Joined
HIRE0001129,EMP01129,2024-10-18,2024-10-25,2025-02-04,LinkedIn,109,Joined
HIRE0001130,EMP01130,2024-03-21,2024-04-05,2016-09-30,Consultancy,-2729,Joined
HIRE0001131,EMP01131,2024-06-20,2024-07-05,2022-09-28,LinkedIn,-631,Joined
HIRE0001132,EMP01132,2024-06-22,2024-07-03,2022-06-08,Campus,-745,Joined
HIRE0001133,EMP01133,2023-09-01,2023-09-12,2017-11-16,Naukri,-2115,Joined
HIRE0001134,EMP01134,2024-06-07,2024-06-22,2024-12-06,Consultancy,182,Joined
HIRE0001135,EMP01135,2025-06-27,2025-07-05,2015-06-05,Consultancy,-3675,Joined
HIRE0001136,EMP01136,2023-12-27,2024-01-04,2023-08-17,Consultancy,-132,Joined
HIRE0001137,EMP01137,2023-12-28,2024-01-07,2018-12-05,Consultancy,-1849,Joined
HIRE0001138,EMP01138,2024-06-19,2024-07-03,2022-05-19,LinkedIn,-762,Joined
HIRE0001139,EMP01139,2023-12-22,2024-01-02,2016-04-01,Indeed,-2821,Joined
HIRE0001140,EMP01140,2023-10-30,2023-11-11,2017-08-15,LinkedIn,-2267,Joined
HIRE0001141,EMP01141,2024-06-25,2024-07-05,2022-03-26,Indeed,-822,Joined
HIRE0001142,EMP01142,2024-11-25,2024-12-09,2025-04-23,LinkedIn,149,Joined
HIRE0001143,EMP01143,2025-05-13,2025-05-26,2023-04-20,LinkedIn,-754,Joined
HIRE0001144,EMP01144,2025-07-02,2025-07-11,2025-07-24,Consultancy,22,Joined
HIRE0001145,EMP01145,2023-11-01,2023-11-06,2023-02-10,Campus,-264,Joined
HIRE0001146,EMP01146,2024-03-19,2024-03-28,2022-03-22,Employee Referral,-728,Joined
HIRE0001147,EMP01147,2023-08-04,2023-08-09,2024-12-24,Consultancy,508,Joined
HIRE0001148,EMP01148,2025-06-01,2025-06-07,2023-05-14,Employee Referral,-749,Joined
HIRE0001149,EMP01149,2024-01-26,2024-02-03,2025-06-11,Indeed,502,Joined
HIRE0001150,EMP01150,2025-02-21,2025-03-04,2024-07-24,Consultancy,-212,Joined
HIRE0001151,EMP01151,2023-12-19,2023-12-29,2025-02-21,LinkedIn,430,Joined
HIRE0001152,EMP01152,2025-06-29,2025-07-05,2025-03-17,Consultancy,-104,Joined
HIRE0001153,EMP01153,2024-03-10,2024-03-24,2016-02-02,Consultancy,-2959,Joined
HIRE0001154,EMP01154,2024-11-07,2024-11-12,2025-01-09,Campus,63,Joined
HIRE0001155,EMP01155,2024-07-02,2024-07-11,2016-03-30,Naukri,-3016,Joined
HIRE0001156,EMP01156,2023-11-24,2023-12-09,2019-02-04,Campus,-1754,Joined
HIRE0001157,EMP01157,2025-06-13,2025-06-26,2020-01-13,LinkedIn,-1978,Joined
HIRE0001158,EMP01158,2025-02-11,2025-02-23,2021-06-07,LinkedIn,-1345,Joined
HIRE0001159,EMP01159,2025-06-29,2025-07-13,2022-12-07,Consultancy,-935,Joined
HIRE0001160,EMP01160,2024-03-07,2024-03-12,2022-06-21,Consultancy,-625,Joined
HIRE0001161,EMP01161,2025-07-20,2025-08-03,2015-12-24,Consultancy,-3496,Joined
HIRE0001162,EMP01162,2024-07-22,2024-07-27,2016-05-14,Employee Referral,-2991,Joined
HIRE0001163,EMP01163,2023-09-27,2023-10-09,2015-07-24,Employee Referral,-2987,Joined
HIRE0001164,EMP01164,2024-11-29,2024-12-14,2018-03-25,Naukri,-2441,Joined
HIRE0001165,EMP01165,2023-12-11,2023-12-26,2016-08-12,Consultancy,-2677,Joined
HIRE0001166,EMP01166,2025-02-04,2025-02-17,2019-06-05,Naukri,-2071,Joined
HIRE0001167,EMP01167,2025-07-31,2025-08-14,2015-01-29,Employee Referral,-3836,Joined
HIRE0001168,EMP01168,2025-05-05,2025-05-19,2023-06-23,Indeed,-682,Joined
HIRE0001169,EMP01169,2024-11-24,2024-12-01,2019-01-06,Naukri,-2149,Joined
HIRE0001170,EMP01170,2025-05-30,2025-06-04,2018-12-16,Campus,-2357,Joined
HIRE0001171,EMP01171,2024-02-17,2024-03-01,2025-08-25,Campus,555,Joined
HIRE0001172,EMP01172,2024-02-17,2024-02-23,2021-08-25,Campus,-906,Joined
HIRE0001173,EMP01173,2023-10-24,2023-11-06,2018-05-28,Indeed,-1975,Joined
HIRE0001174,EMP01174,2025-05-22,2025-06-01,2025-10-13,Campus,144,Joined
HIRE0001175,EMP01175,2023-11-09,2023-11-22,2022-01-30,Campus,-648,Joined
HIRE0001176,EMP01176,2024-02-05,2024-02-14,2021-05-04,Naukri,-1007,Joined
HIRE0001177,EMP01177,2024-07-29,2024-08-13,2025-04-08,Employee Referral,253,Joined
HIRE0001178,EMP01178,2023-11-16,2023-11-28,2024-03-11,LinkedIn,116,Joined
HIRE0001179,EMP01179,2024-10-21,2024-10-26,2021-10-04,Naukri,-1113,Joined
HIRE0001180,EMP01180,2025-06-21,2025-06-30,2015-01-13,LinkedIn,-3812,Joined
HIRE0001181,EMP01181,2025-04-05,2025-04-13,2024-02-03,Campus,-427,Joined
HIRE0001182,EMP01182,2024-11-25,2024-12-10,2024-03-06,Indeed,-264,Joined
HIRE0001183,EMP01183,2025-01-28,2025-02-02,2022-01-07,Consultancy,-1117,Joined
HIRE0001184,EMP01184,2023-09-03,2023-09-09,2016-10-29,LinkedIn,-2500,Joined
HIRE0001185,EMP01185,2024-06-26,2024-07-05,2015-04-15,Campus,-3360,Joined
HIRE0001186,EMP01186,2024-06-05,2024-06-14,2015-08-17,LinkedIn,-3215,Joined
HIRE0001187,EMP01187,2025-03-08,2025-03-23,2023-06-19,Consultancy,-628,Joined
HIRE0001188,EMP01188,2024-12-21,2024-12-30,2016-09-26,Employee Referral,-3008,Joined
HIRE0001189,EMP01189,2025-04-15,2025-04-29,2022-03-18,Employee Referral,-1124,Joined
HIRE0001190,EMP01190,2024-02-28,2024-03-12,2020-09-20,Naukri,-1256,Joined
HIRE0001191,EMP01191,2025-03-05,2025-03-20,2017-07-29,Consultancy,-2776,Joined
HIRE0001192,EMP01192,2024-09-14,2024-09-19,2023-05-07,Indeed,-496,Joined
HIRE0001193,EMP01193,2024-06-02,2024-06-13,2019-05-28,Employee Referral,-1832,Joined
HIRE0001194,EMP01194,2023-12-10,2023-12-16,2025-06-18,Indeed,556,Joined
HIRE0001195,EMP01195,2025-05-03,2025-05-16,2024-12-25,Campus,-129,Joined
HIRE0001196,EMP01196,2024-10-21,2024-10-31,2018-09-02,Consultancy,-2241,Joined
HIRE0001197,EMP01197,2024-12-04,2024-12-11,2024-07-24,Indeed,-133,Joined
HIRE0001198,EMP01198,2024-07-17,2024-07-31,2022-03-30,Consultancy,-840,Joined
HIRE0001199,EMP01199,2023-12-21,2023-12-27,2025-06-06,Campus,533,Joined
HIRE0001200,EMP01200,2023-11-09,2023-11-20,2015-04-03,Consultancy,-3142,Joined
HIRE0001201,EMP01201,2024-04-10,2024-04-19,2020-07-30,Consultancy,-1350,Joined
HIRE0001202,EMP01202,2024-04-23,2024-05-04,2017-12-30,Campus,-2306,Joined
HIRE0001203,EMP01203,2023-10-11,2023-10-24,2017-08-06,Indeed,-2257,Joined
HIRE0001204,EMP01204,2025-07-30,2025-08-14,2021-03-06,Naukri,-1607,Joined
HIRE0001205,EMP01205,2025-07-28,2025-08-10,2022-07-18,Campus,-1106,Joined
HIRE0001206,EMP01206,2023-11-25,2023-12-08,2020-03-26,Employee Referral,-1339,Joined
HIRE0001207,EMP01207,2024-01-29,2024-02-13,2023-11-20,Indeed,-70,Joined
HIRE0001208,EMP01208,2024-07-13,2024-07-24,2017-07-17,LinkedIn,-2553,Joined
HIRE0001209,EMP01209,2023-10-04,2023-10-18,2019-07-30,Naukri,-1527,Joined
HIRE0001210,EMP01210,2024-06-05,2024-06-11,2025-08-27,LinkedIn,448,Joined
HIRE0001211,EMP01211,2024-02-29,2024-03-09,2017-01-30,Consultancy,-2586,Joined
HIRE0001212,EMP01212,2025-01-09,2025-01-14,2019-05-08,Consultancy,-2073,Joined
HIRE0001213,EMP01213,2024-11-29,2024-12-07,2018-12-10,Campus,-2181,Joined
HIRE0001214,EMP01214,2025-06-16,2025-06-27,2025-10-18,Consultancy,124,Joined
HIRE0001215,EMP01215,2024-05-13,2024-05-27,2021-10-08,Consultancy,-948,Joined
HIRE0001216,EMP01216,2024-04-24,2024-05-05,2024-09-03,Naukri,132,Joined
HIRE0001217,EMP01217,2023-08-24,2023-09-04,2021-07-26,LinkedIn,-759,Joined
HIRE0001218,EMP01218,2024-12-07,2024-12-16,2015-11-11,LinkedIn,-3314,Joined
HIRE0001219,EMP01219,2024-07-03,2024-07-13,2022-08-29,Campus,-674,Joined
HIRE0001220,EMP01220,2023-09-27,2023-10-05,2020-07-25,Naukri,-1159,Joined
HIRE0001221,EMP01221,2023-12-02,2023-12-08,2021-04-01,Naukri,-975,Joined
HIRE0001222,EMP01222,2025-07-31,2025-08-09,2015-04-09,Campus,-3766,Joined
HIRE0001223,EMP01223,2024-07-12,2024-07-20,2019-08-20,Naukri,-1788,Joined
HIRE0001224,EMP01224,2025-03-03,2025-03-14,2020-11-18,Naukri,-1566,Joined
HIRE0001225,EMP01225,2024-12-03,2024-12-11,2020-04-28,Indeed,-1680,Joined
HIRE0001226,EMP01226,2023-11-24,2023-12-04,2020-10-03,Consultancy,-1147,Joined
HIRE0001227,EMP01227,2025-02-21,2025-03-03,2024-10-06,Naukri,-138,Joined
HIRE0001228,EMP01228,2024-06-08,2024-06-23,2021-11-23,Consultancy,-928,Joined
HIRE0001229,EMP01229,2023-08-22,2023-09-05,2021-04-19,Naukri,-855,Joined
HIRE0001230,EMP01230,2025-02-23,2025-03-03,2024-08-04,Campus,-203,Joined
HIRE0001231,EMP01231,2023-10-31,2023-11-05,2020-10-18,Campus,-1108,Joined
HIRE0001232,EMP01232,2025-07-12,2025-07-17,2021-05-07,LinkedIn,-1527,Joined
HIRE0001233,EMP01233,2024-08-25,2024-09-05,2021-11-16,Naukri,-1013,Joined
HIRE0001234,EMP01234,2023-08-09,2023-08-23,2023-02-15,Consultancy,-175,Joined
HIRE0001235,EMP01235,2025-01-17,2025-01-31,2018-01-13,Employee Referral,-2561,Joined
HIRE0001236,EMP01236,2024-05-09,2024-05-24,2015-09-30,Employee Referral,-3144,Joined
HIRE0001237,EMP01237,2024-04-10,2024-04-24,2020-06-28,Consultancy,-1382,Joined
HIRE0001238,EMP01238,2025-06-19,2025-06-24,2024-07-02,Employee Referral,-352,Joined
HIRE0001239,EMP01239,2024-12-30,2025-01-04,2016-04-01,Campus,-3195,Joined
HIRE0001240,EMP01240,2023-10-04,2023-10-18,2021-03-17,Employee Referral,-931,Joined
HIRE0001241,EMP01241,2024-07-04,2024-07-17,2017-10-05,Naukri,-2464,Joined
HIRE0001242,EMP01242,2025-05-23,2025-06-01,2021-07-02,Employee Referral,-1421,Joined
HIRE0001243,EMP01243,2024-08-29,2024-09-04,2021-11-24,Employee Referral,-1009,Joined
HIRE0001244,EMP01244,2025-07-26,2025-08-09,2019-12-17,Employee Referral,-2048,Joined
HIRE0001245,EMP01245,2024-02-13,2024-02-22,2018-01-27,Indeed,-2208,Joined
HIRE0001246,EMP01246,2024-04-01,2024-04-08,2021-05-30,LinkedIn,-1037,Joined
HIRE0001247,EMP01247,2024-03-06,2024-03-16,2019-02-10,Consultancy,-1851,Joined
HIRE0001248,EMP01248,2025-06-24,2025-07-05,2022-12-06,Employee Referral,-931,Joined
HIRE0001249,EMP01249,2024-09-01,2024-09-14,2019-11-21,Indeed,-1746,Joined
HIRE0001250,EMP01250,2024-06-26,2024-07-10,2021-02-22,Consultancy,-1220,Joined
HIRE0001251,EMP01251,2023-10-05,2023-10-20,2016-05-23,Naukri,-2691,Joined
HIRE0001252,EMP01252,2024-01-19,2024-01-29,2024-02-14,Naukri,26,Joined
HIRE0001253,EMP01253,2025-02-22,2025-03-06,2024-08-30,Campus,-176,Joined
HIRE0001254,EMP01254,2025-01-18,2025-01-25,2021-10-18,Campus,-1188,Joined
HIRE0001255,EMP01255,2023-10-29,2023-11-12,2020-03-26,Employee Referral,-1312,Joined
HIRE0001256,EMP01256,2024-03-02,2024-03-10,2021-09-22,LinkedIn,-892,Joined
HIRE0001257,EMP01257,2023-08-30,2023-09-04,2015-03-07,Naukri,-3098,Joined
HIRE0001258,EMP01258,2023-12-25,2024-01-06,2025-02-18,Indeed,421,Joined
HIRE0001259,EMP01259,2024-05-04,2024-05-10,2025-08-17,LinkedIn,470,Joined
HIRE0001260,EMP01260,2024-07-21,2024-08-03,2024-03-17,Campus,-126,Joined
HIRE0001261,EMP01261,2025-02-17,2025-03-04,2016-02-19,LinkedIn,-3286,Joined
HIRE0001262,EMP01262,2024-01-26,2024-02-05,2021-11-15,LinkedIn,-802,Joined
HIRE0001263,EMP01263,2024-11-28,2024-12-09,2020-10-06,Indeed,-1514,Joined
HIRE0001264,EMP01264,2024-02-03,2024-02-16,2021-12-01,LinkedIn,-794,Joined
HIRE0001265,EMP01265,2024-07-14,2024-07-22,2023-12-19,LinkedIn,-208,Joined
HIRE0001266,EMP01266,2023-08-29,2023-09-13,2015-09-28,Naukri,-2892,Joined
HIRE0001267,EMP01267,2024-11-22,2024-12-07,2021-04-06,Naukri,-1326,Joined
HIRE0001268,EMP01268,2025-02-16,2025-02-25,2018-01-19,LinkedIn,-2585,Joined
HIRE0001269,EMP01269,2024-02-07,2024-02-22,2017-07-04,LinkedIn,-2409,Joined
HIRE0001270,EMP01270,2025-03-09,2025-03-20,2017-09-20,Campus,-2727,Joined
HIRE0001271,EMP01271,2025-01-13,2025-01-27,2020-04-22,Consultancy,-1727,Joined
HIRE0001272,EMP01272,2025-07-23,2025-08-03,2017-09-23,Campus,-2860,Joined
HIRE0001273,EMP01273,2025-03-20,2025-03-30,2021-01-22,Naukri,-1518,Joined
HIRE0001274,EMP01274,2023-09-04,2023-09-12,2019-02-11,LinkedIn,-1666,Joined
HIRE0001275,EMP01275,2025-02-28,2025-03-07,2021-11-21,Consultancy,-1195,Joined
HIRE0001276,EMP01276,2023-11-12,2023-11-17,2015-09-24,Indeed,-2971,Joined
HIRE0001277,EMP01277,2024-03-15,2024-03-28,2016-10-28,Consultancy,-2695,Joined
HIRE0001278,EMP01278,2025-07-23,2025-08-04,2024-07-01,LinkedIn,-387,Joined
HIRE0001279,EMP01279,2024-06-23,2024-07-03,2016-03-17,Employee Referral,-3020,Joined
HIRE0001280,EMP01280,2023-12-19,2023-12-30,2022-06-30,Naukri,-537,Joined
HIRE0001281,EMP01281,2025-04-17,2025-04-29,2015-09-28,Employee Referral,-3489,Joined
HIRE0001282,EMP01282,2024-06-19,2024-06-26,2025-11-03,Indeed,502,Joined
HIRE0001283,EMP01283,2025-05-06,2025-05-16,2015-06-22,Employee Referral,-3606,Joined
HIRE0001284,EMP01284,2024-12-21,2025-01-05,2018-11-05,Indeed,-2238,Joined
HIRE0001285,EMP01285,2024-01-15,2024-01-29,2019-05-20,LinkedIn,-1701,Joined
HIRE0001286,EMP01286,2025-01-01,2025-01-11,2018-03-11,Naukri,-2488,Joined
HIRE0001287,EMP01287,2023-11-12,2023-11-24,2017-12-20,Indeed,-2153,Joined
HIRE0001288,EMP01288,2024-10-02,2024-10-16,2025-09-04,Indeed,337,Joined
HIRE0001289,EMP01289,2024-02-17,2024-03-03,2021-09-24,Campus,-876,Joined
HIRE0001290,EMP01290,2023-12-14,2023-12-21,2021-02-10,Campus,-1037,Joined
HIRE0001291,EMP01291,2024-08-20,2024-08-29,2023-03-14,Consultancy,-525,Joined
HIRE0001292,EMP01292,2024-09-20,2024-10-03,2021-01-30,Naukri,-1329,Joined
HIRE0001293,EMP01293,2025-01-17,2025-01-30,2020-01-23,Employee Referral,-1821,Joined
HIRE0001294,EMP01294,2023-12-30,2024-01-05,2015-12-08,LinkedIn,-2944,Joined
HIRE0001295,EMP01295,2025-07-09,2025-07-20,2020-11-08,Employee Referral,-1704,Joined
HIRE0001296,EMP01296,2025-01-10,2025-01-19,2024-01-20,Indeed,-356,Joined
HIRE0001297,EMP01297,2024-03-21,2024-03-30,2023-08-24,LinkedIn,-210,Joined
HIRE0001298,EMP01298,2024-03-11,2024-03-18,2025-06-22,Employee Referral,468,Joined
HIRE0001299,EMP01299,2023-08-22,2023-09-02,2016-07-10,LinkedIn,-2599,Joined
HIRE0001300,EMP01300,2023-09-26,2023-10-05,2015-06-09,Naukri,-3031,Joined
HIRE0001301,EMP01301,2023-10-23,2023-10-30,2019-01-30,Naukri,-1727,Joined
HIRE0001302,EMP01302,2025-03-24,2025-03-30,2021-10-05,LinkedIn,-1266,Joined
HIRE0001303,EMP01303,2024-08-14,2024-08-24,2015-07-21,Indeed,-3312,Joined
HIRE0001304,EMP01304,2024-06-06,2024-06-17,2025-04-21,Indeed,319,Joined
HIRE0001305,EMP01305,2024-01-22,2024-01-27,2020-04-05,Campus,-1387,Joined
HIRE0001306,EMP01306,2024-06-23,2024-07-05,2024-02-09,Campus,-135,Joined
HIRE0001307,EMP01307,2024-11-15,2024-11-24,2023-11-29,Indeed,-352,Joined
HIRE0001308,EMP01308,2025-07-04,2025-07-12,2016-07-11,Indeed,-3280,Joined
HIRE0001309,EMP01309,2023-10-22,2023-11-02,2025-12-19,Naukri,789,Joined
HIRE0001310,EMP01310,2024-05-04,2024-05-15,2022-12-22,Consultancy,-499,Joined
HIRE0001311,EMP01311,2023-09-19,2023-10-03,2015-01-12,Indeed,-3172,Joined
HIRE0001312,EMP01312,2024-09-08,2024-09-23,2019-02-19,Campus,-2028,Joined
HIRE0001313,EMP01313,2025-04-23,2025-05-01,2024-10-03,Indeed,-202,Joined
HIRE0001314,EMP01314,2024-07-22,2024-07-29,2023-10-06,Indeed,-290,Joined
HIRE0001315,EMP01315,2024-08-10,2024-08-21,2015-02-26,Employee Referral,-3453,Joined
HIRE0001316,EMP01316,2024-03-31,2024-04-05,2020-05-07,Employee Referral,-1424,Joined
HIRE0001317,EMP01317,2024-11-17,2024-11-27,2018-01-01,Indeed,-2512,Joined
HIRE0001318,EMP01318,2023-12-01,2023-12-12,2025-01-29,LinkedIn,425,Joined
HIRE0001319,EMP01319,2024-04-22,2024-05-01,2023-08-14,Employee Referral,-252,Joined
HIRE0001320,EMP01320,2023-10-16,2023-10-23,2022-10-21,Campus,-360,Joined
HIRE0001321,EMP01321,2025-04-06,2025-04-13,2015-07-07,Employee Referral,-3561,Joined
HIRE0001322,EMP01322,2024-10-25,2024-11-02,2015-11-09,Campus,-3273,Joined
HIRE0001323,EMP01323,2024-11-03,2024-11-09,2016-07-09,Indeed,-3039,Joined
HIRE0001324,EMP01324,2023-09-26,2023-10-03,2021-08-08,Naukri,-779,Joined
HIRE0001325,EMP01325,2024-10-20,2024-10-30,2016-11-15,Employee Referral,-2896,Joined
HIRE0001326,EMP01326,2023-08-24,2023-08-29,2019-10-16,Consultancy,-1408,Joined
HIRE0001327,EMP01327,2023-09-17,2023-09-28,2024-03-22,Consultancy,187,Joined
HIRE0001328,EMP01328,2024-09-21,2024-10-01,2021-12-08,Employee Referral,-1018,Joined
HIRE0001329,EMP01329,2025-02-02,2025-02-07,2025-02-08,Employee Referral,6,Joined
HIRE0001330,EMP01330,2024-12-04,2024-12-14,2015-10-27,Employee Referral,-3326,Joined
HIRE0001331,EMP01331,2024-03-14,2024-03-26,2019-10-07,Consultancy,-1620,Joined
HIRE0001332,EMP01332,2024-03-08,2024-03-15,2024-10-22,Campus,228,Joined
HIRE0001333,EMP01333,2025-07-21,2025-07-26,2020-10-22,Employee Referral,-1733,Joined
HIRE0001334,EMP01334,2025-07-31,2025-08-09,2017-12-05,Naukri,-2795,Joined
HIRE0001335,EMP01335,2024-04-27,2024-05-12,2016-08-28,Naukri,-2799,Joined
HIRE0001336,EMP01336,2023-10-02,2023-10-17,2015-05-16,Employee Referral,-3061,Joined
HIRE0001337,EMP01337,2024-02-02,2024-02-08,2016-02-07,Indeed,-2917,Joined
HIRE0001338,EMP01338,2024-05-07,2024-05-22,2025-04-02,LinkedIn,330,Joined
HIRE0001339,EMP01339,2024-07-29,2024-08-08,2016-12-20,Indeed,-2778,Joined
HIRE0001340,EMP01340,2024-05-13,2024-05-26,2015-07-20,Employee Referral,-3220,Joined
HIRE0001341,EMP01341,2023-08-22,2023-09-06,2021-04-25,Consultancy,-849,Joined
HIRE0001342,EMP01342,2024-10-11,2024-10-20,2021-06-20,Naukri,-1209,Joined
HIRE0001343,EMP01343,2024-06-11,2024-06-18,2018-12-25,Naukri,-1995,Joined
HIRE0001344,EMP01344,2023-08-17,2023-08-31,2020-12-05,Indeed,-985,Joined
HIRE0001345,EMP01345,2024-11-12,2024-11-18,2017-03-05,Employee Referral,-2809,Joined
HIRE0001346,EMP01346,2025-06-27,2025-07-10,2019-06-27,Naukri,-2192,Joined
HIRE0001347,EMP01347,2024-02-20,2024-03-01,2023-01-15,LinkedIn,-401,Joined
HIRE0001348,EMP01348,2024-04-24,2024-05-08,2025-08-08,Campus,471,Joined
HIRE0001349,EMP01349,2025-01-02,2025-01-16,2021-02-04,Naukri,-1428,Joined
HIRE0001350,EMP01350,2024-04-14,2024-04-26,2018-04-05,Employee Referral,-2201,Joined
HIRE0001351,EMP01351,2024-07-15,2024-07-30,2023-02-19,Naukri,-512,Joined
HIRE0001352,EMP01352,2025-03-17,2025-03-29,2017-04-18,Naukri,-2890,Joined
HIRE0001353,EMP01353,2023-10-30,2023-11-05,2016-01-23,LinkedIn,-2837,Joined
HIRE0001354,EMP01354,2024-10-20,2024-10-29,2022-08-12,LinkedIn,-800,Joined
HIRE0001355,EMP01355,2025-02-16,2025-02-24,2025-04-18,Indeed,61,Joined
HIRE0001356,EMP01356,2025-01-12,2025-01-18,2024-03-14,Employee Referral,-304,Joined
HIRE0001357,EMP01357,2024-05-24,2024-05-31,2020-04-18,Naukri,-1497,Joined
HIRE0001358,EMP01358,2024-10-18,2024-11-02,2024-12-07,Employee Referral,50,Joined
HIRE0001359,EMP01359,2023-09-17,2023-09-23,2024-05-25,Naukri,251,Joined
HIRE0001360,EMP01360,2024-06-21,2024-07-06,2018-10-04,Employee Referral,-2087,Joined
HIRE0001361,EMP01361,2024-10-13,2024-10-27,2023-11-19,Employee Referral,-329,Joined
HIRE0001362,EMP01362,2025-05-06,2025-05-18,2024-06-29,Employee Referral,-311,Joined
HIRE0001363,EMP01363,2025-04-17,2025-04-28,2016-09-22,Campus,-3129,Joined
HIRE0001364,EMP01364,2024-06-01,2024-06-07,2024-03-02,LinkedIn,-91,Joined
HIRE0001365,EMP01365,2025-03-05,2025-03-15,2017-05-13,Indeed,-2853,Joined
HIRE0001366,EMP01366,2023-08-23,2023-08-29,2017-08-30,Naukri,-2184,Joined
HIRE0001367,EMP01367,2023-12-05,2023-12-19,2016-02-24,Indeed,-2841,Joined
HIRE0001368,EMP01368,2025-04-01,2025-04-11,2017-01-14,Campus,-2999,Joined
HIRE0001369,EMP01369,2024-11-08,2024-11-20,2024-12-20,LinkedIn,42,Joined
HIRE0001370,EMP01370,2025-02-22,2025-03-08,2015-03-29,LinkedIn,-3618,Joined
HIRE0001371,EMP01371,2025-04-13,2025-04-24,2025-11-13,Consultancy,214,Joined
HIRE0001372,EMP01372,2024-01-06,2024-01-15,2023-07-26,Naukri,-164,Joined
HIRE0001373,EMP01373,2024-01-31,2024-02-11,2017-09-26,LinkedIn,-2318,Joined
HIRE0001374,EMP01374,2023-11-14,2023-11-22,2015-05-03,LinkedIn,-3117,Joined
HIRE0001375,EMP01375,2023-11-01,2023-11-09,2019-03-30,Indeed,-1677,Joined
HIRE0001376,EMP01376,2024-09-25,2024-10-03,2018-10-11,Indeed,-2176,Joined
HIRE0001377,EMP01377,2024-06-18,2024-06-25,2015-05-01,LinkedIn,-3336,Joined
HIRE0001378,EMP01378,2024-10-09,2024-10-20,2024-05-07,Campus,-155,Joined
HIRE0001379,EMP01379,2024-10-09,2024-10-23,2020-12-01,Consultancy,-1408,Joined
HIRE0001380,EMP01380,2024-12-14,2024-12-21,2022-01-22,LinkedIn,-1057,Joined
HIRE0001381,EMP01381,2025-04-16,2025-04-27,2018-02-20,Campus,-2612,Joined
HIRE0001382,EMP01382,2024-03-09,2024-03-18,2023-02-21,LinkedIn,-382,Joined
HIRE0001383,EMP01383,2023-08-31,2023-09-11,2025-05-08,Campus,616,Joined
HIRE0001384,EMP01384,2025-04-11,2025-04-19,2017-04-10,Consultancy,-2923,Joined
HIRE0001385,EMP01385,2024-05-10,2024-05-22,2015-02-13,Consultancy,-3374,Joined
HIRE0001386,EMP01386,2024-11-04,2024-11-13,2020-10-03,Indeed,-1493,Joined
HIRE0001387,EMP01387,2023-09-07,2023-09-18,2021-02-11,Campus,-938,Joined
HIRE0001388,EMP01388,2024-10-04,2024-10-13,2016-01-23,Indeed,-3177,Joined
HIRE0001389,EMP01389,2024-12-16,2024-12-29,2025-02-24,Campus,70,Joined
HIRE0001390,EMP01390,2025-02-13,2025-02-27,2021-08-09,Employee Referral,-1284,Joined
HIRE0001391,EMP01391,2024-05-03,2024-05-09,2023-07-02,Employee Referral,-306,Joined
HIRE0001392,EMP01392,2023-11-22,2023-11-27,2023-06-01,Indeed,-174,Joined
HIRE0001393,EMP01393,2025-02-24,2025-03-01,2024-08-27,Consultancy,-181,Joined
HIRE0001394,EMP01394,2023-09-19,2023-09-29,2024-06-05,Campus,260,Joined
HIRE0001395,EMP01395,2024-10-07,2024-10-15,2020-01-07,Consultancy,-1735,Joined
HIRE0001396,EMP01396,2024-05-09,2024-05-15,2021-05-14,Campus,-1091,Joined
HIRE0001397,EMP01397,2024-12-30,2025-01-04,2016-06-03,LinkedIn,-3132,Joined
HIRE0001398,EMP01398,2024-11-11,2024-11-20,2016-06-16,Employee Referral,-3070,Joined
HIRE0001399,EMP01399,2024-02-17,2024-03-01,2023-06-04,LinkedIn,-258,Joined
HIRE0001400,EMP01400,2023-10-10,2023-10-20,2025-06-22,Naukri,621,Joined
HIRE0001401,EMP01401,2024-09-18,2024-09-28,2021-01-28,Indeed,-1329,Joined
HIRE0001402,EMP01402,2023-08-17,2023-08-28,2023-05-30,Naukri,-79,Joined
HIRE0001403,EMP01403,2024-04-16,2024-04-24,2022-06-10,LinkedIn,-676,Joined
HIRE0001404,EMP01404,2023-10-19,2023-10-25,2025-02-02,LinkedIn,472,Joined
HIRE0001405,EMP01405,2025-06-17,2025-06-29,2018-12-16,Consultancy,-2375,Joined
HIRE0001406,EMP01406,2023-11-12,2023-11-22,2025-07-19,Indeed,615,Joined
HIRE0001407,EMP01407,2024-11-11,2024-11-26,2020-12-23,Employee Referral,-1419,Joined
HIRE0001408,EMP01408,2024-10-21,2024-11-02,2022-10-16,LinkedIn,-736,Joined
HIRE0001409,EMP01409,2023-09-26,2023-10-04,2020-06-28,LinkedIn,-1185,Joined
HIRE0001410,EMP01410,2023-09-21,2023-10-05,2017-12-07,Employee Referral,-2114,Joined
HIRE0001411,EMP01411,2024-06-11,2024-06-22,2015-07-12,Indeed,-3257,Joined
HIRE0001412,EMP01412,2024-06-23,2024-06-29,2020-02-02,Consultancy,-1603,Joined
HIRE0001413,EMP01413,2024-03-25,2024-04-05,2023-12-16,Campus,-100,Joined
HIRE0001414,EMP01414,2025-07-17,2025-07-28,2023-09-15,Indeed,-671,Joined
HIRE0001415,EMP01415,2023-10-12,2023-10-24,2020-05-11,Employee Referral,-1249,Joined
HIRE0001416,EMP01416,2024-10-24,2024-10-31,2015-08-28,LinkedIn,-3345,Joined
HIRE0001417,EMP01417,2024-06-06,2024-06-12,2018-10-13,Campus,-2063,Joined
HIRE0001418,EMP01418,2024-12-30,2025-01-06,2025-09-28,LinkedIn,272,Joined
HIRE0001419,EMP01419,2025-02-14,2025-02-28,2022-03-03,LinkedIn,-1079,Joined
HIRE0001420,EMP01420,2024-12-22,2024-12-29,2020-05-22,Employee Referral,-1675,Joined
HIRE0001421,EMP01421,2024-09-09,2024-09-22,2021-07-30,Employee Referral,-1137,Joined
HIRE0001422,EMP01422,2024-02-19,2024-03-02,2019-08-20,Campus,-1644,Joined
HIRE0001423,EMP01423,2024-09-26,2024-10-03,2017-06-13,Employee Referral,-2662,Joined
HIRE0001424,EMP01424,2023-12-22,2023-12-30,2022-03-27,Naukri,-635,Joined
HIRE0001425,EMP01425,2024-11-09,2024-11-14,2023-01-18,Employee Referral,-661,Joined
HIRE0001426,EMP01426,2024-11-20,2024-12-05,2020-05-20,LinkedIn,-1645,Joined
HIRE0001427,EMP01427,2025-03-09,2025-03-17,2016-08-06,Consultancy,-3137,Joined
HIRE0001428,EMP01428,2025-02-14,2025-02-27,2019-12-06,Employee Referral,-1897,Joined
HIRE0001429,EMP01429,2025-07-05,2025-07-13,2025-05-21,Indeed,-45,Joined
HIRE0001430,EMP01430,2024-07-04,2024-07-14,2024-07-29,Consultancy,25,Joined
HIRE0001431,EMP01431,2025-06-08,2025-06-15,2021-06-23,Consultancy,-1446,Joined
HIRE0001432,EMP01432,2024-03-02,2024-03-08,2016-10-23,Indeed,-2687,Joined
HIRE0001433,EMP01433,2024-04-05,2024-04-19,2024-04-01,Indeed,-4,Joined
HIRE0001434,EMP01434,2024-05-15,2024-05-28,2020-11-28,LinkedIn,-1264,Joined
HIRE0001435,EMP01435,2023-12-16,2023-12-23,2023-11-24,Campus,-22,Joined
HIRE0001436,EMP01436,2024-03-07,2024-03-14,2020-08-24,Campus,-1291,Joined
HIRE0001437,EMP01437,2024-12-23,2025-01-01,2023-12-16,Consultancy,-373,Joined
HIRE0001438,EMP01438,2023-10-13,2023-10-28,2024-05-13,Campus,213,Joined
HIRE0001439,EMP01439,2023-10-24,2023-11-08,2017-03-25,Consultancy,-2404,Joined
HIRE0001440,EMP01440,2024-01-13,2024-01-18,2021-10-29,LinkedIn,-806,Joined
HIRE0001441,EMP01441,2025-06-20,2025-07-03,2020-03-26,Consultancy,-1912,Joined
HIRE0001442,EMP01442,2024-07-14,2024-07-20,2015-06-21,Campus,-3311,Joined
HIRE0001443,EMP01443,2024-12-29,2025-01-12,2018-04-17,Naukri,-2448,Joined
HIRE0001444,EMP01444,2024-10-23,2024-10-28,2023-07-28,Naukri,-453,Joined
HIRE0001445,EMP01445,2025-02-16,2025-02-25,2016-09-06,Indeed,-3085,Joined
HIRE0001446,EMP01446,2025-06-28,2025-07-13,2023-04-28,Indeed,-792,Joined
HIRE0001447,EMP01447,2024-10-11,2024-10-19,2016-04-30,LinkedIn,-3086,Joined
HIRE0001448,EMP01448,2023-10-04,2023-10-13,2024-06-28,LinkedIn,268,Joined
HIRE0001449,EMP01449,2025-01-18,2025-01-24,2016-10-25,Employee Referral,-3007,Joined
HIRE0001450,EMP01450,2025-06-17,2025-06-27,2019-10-12,LinkedIn,-2075,Joined
HIRE0001451,EMP01451,2024-09-10,2024-09-25,2024-11-07,Campus,58,Joined
HIRE0001452,EMP01452,2025-03-06,2025-03-15,2025-09-23,Indeed,201,Joined
HIRE0001453,EMP01453,2024-08-23,2024-09-06,2016-12-07,Naukri,-2816,Joined
HIRE0001454,EMP01454,2024-11-24,2024-11-30,2016-04-30,LinkedIn,-3130,Joined
HIRE0001455,EMP01455,2024-09-17,2024-09-29,2025-07-30,Consultancy,316,Joined
HIRE0001456,EMP01456,2024-09-29,2024-10-06,2015-05-05,Campus,-3435,Joined
HIRE0001457,EMP01457,2024-11-30,2024-12-07,2020-03-07,Campus,-1729,Joined
HIRE0001458,EMP01458,2024-12-25,2025-01-02,2016-04-12,LinkedIn,-3179,Joined
HIRE0001459,EMP01459,2025-02-25,2025-03-05,2017-11-05,Campus,-2669,Joined
HIRE0001460,EMP01460,2024-02-11,2024-02-24,2024-05-26,Campus,105,Joined
HIRE0001461,EMP01461,2025-04-02,2025-04-15,2015-05-12,Indeed,-3613,Joined
HIRE0001462,EMP01462,2024-05-14,2024-05-27,2021-08-07,Employee Referral,-1011,Joined
HIRE0001463,EMP01463,2025-01-14,2025-01-25,2023-01-07,Consultancy,-738,Joined
HIRE0001464,EMP01464,2024-02-09,2024-02-22,2021-08-12,Indeed,-911,Joined
HIRE0001465,EMP01465,2024-09-18,2024-09-26,2016-05-07,Naukri,-3056,Joined
HIRE0001466,EMP01466,2025-07-13,2025-07-28,2025-09-06,Naukri,55,Joined
HIRE0001467,EMP01467,2025-05-16,2025-05-22,2021-05-17,Consultancy,-1460,Joined
HIRE0001468,EMP01468,2025-03-31,2025-04-07,2020-10-12,Indeed,-1631,Joined
HIRE0001469,EMP01469,2024-10-29,2024-11-05,2019-02-21,Indeed,-2077,Joined
HIRE0001470,EMP01470,2023-09-10,2023-09-20,2024-05-18,Campus,251,Joined
HIRE0001471,EMP01471,2025-07-20,2025-07-28,2023-07-02,LinkedIn,-749,Joined
HIRE0001472,EMP01472,2024-06-07,2024-06-13,2016-12-07,Naukri,-2739,Joined
HIRE0001473,EMP01473,2025-03-02,2025-03-17,2017-02-12,Employee Referral,-2940,Joined
HIRE0001474,EMP01474,2024-09-27,2024-10-12,2024-03-01,Campus,-210,Joined
HIRE0001475,EMP01475,2025-03-07,2025-03-21,2015-06-26,Indeed,-3542,Joined
HIRE0001476,EMP01476,2024-03-08,2024-03-16,2025-02-01,Naukri,330,Joined
HIRE0001477,EMP01477,2023-09-02,2023-09-07,2023-12-13,Campus,102,Joined
HIRE0001478,EMP01478,2024-03-17,2024-03-27,2021-02-17,Naukri,-1124,Joined
HIRE0001479,EMP01479,2023-12-23,2023-12-28,2021-04-16,Employee Referral,-981,Joined
HIRE0001480,EMP01480,2024-12-23,2024-12-30,2020-08-20,LinkedIn,-1586,Joined
HIRE0001481,EMP01481,2023-08-23,2023-09-01,2020-05-18,Naukri,-1192,Joined
HIRE0001482,EMP01482,2025-07-29,2025-08-12,2016-04-07,Consultancy,-3400,Joined
HIRE0001483,EMP01483,2024-11-28,2024-12-03,2019-07-28,Indeed,-1950,Joined
HIRE0001484,EMP01484,2024-01-20,2024-01-26,2019-01-15,Naukri,-1831,Joined
HIRE0001485,EMP01485,2024-10-13,2024-10-21,2015-04-26,Employee Referral,-3458,Joined
HIRE0001486,EMP01486,2025-06-14,2025-06-22,2021-01-25,Campus,-1601,Joined
HIRE0001487,EMP01487,2023-08-16,2023-08-26,2017-07-16,Indeed,-2222,Joined
HIRE0001488,EMP01488,2024-09-11,2024-09-25,2021-12-08,Campus,-1008,Joined
HIRE0001489,EMP01489,2023-12-18,2023-12-27,2022-05-26,Naukri,-571,Joined
HIRE0001490,EMP01490,2024-03-13,2024-03-23,2015-07-02,LinkedIn,-3177,Joined
HIRE0001491,EMP01491,2025-05-24,2025-06-07,2025-12-11,Campus,201,Joined
HIRE0001492,EMP01492,2023-12-29,2024-01-05,2015-04-12,Indeed,-3183,Joined
HIRE0001493,EMP01493,2024-07-11,2024-07-25,2024-09-13,Indeed,64,Joined
HIRE0001494,EMP01494,2024-08-08,2024-08-19,2015-02-28,Indeed,-3449,Joined
HIRE0001495,EMP01495,2025-05-06,2025-05-17,2018-07-30,Naukri,-2472,Joined
HIRE0001496,EMP01496,2024-12-28,2025-01-02,2023-10-14,Indeed,-441,Joined
HIRE0001497,EMP01497,2024-01-03,2024-01-11,2025-05-18,LinkedIn,501,Joined
HIRE0001498,EMP01498,2023-12-11,2023-12-25,2025-10-24,LinkedIn,683,Joined
HIRE0001499,EMP01499,2024-07-05,2024-07-19,2018-02-24,Indeed,-2323,Joined
HIRE0001500,EMP01500,2024-09-09,2024-09-18,2022-12-22,Naukri,-627,Joined
HIRE0001501,EMP01501,2025-03-26,2025-04-03,2017-12-13,Naukri,-2660,Joined
HIRE0001502,EMP01502,2024-07-30,2024-08-06,2023-07-09,Indeed,-387,Joined
HIRE0001503,EMP01503,2024-03-08,2024-03-21,2017-12-20,LinkedIn,-2270,Joined
HIRE0001504,EMP01504,2024-08-23,2024-09-02,2015-05-09,Consultancy,-3394,Joined
HIRE0001505,EMP01505,2024-10-22,2024-11-02,2024-11-13,LinkedIn,22,Joined
HIRE0001506,EMP01506,2024-11-27,2024-12-08,2017-04-24,LinkedIn,-2774,Joined
HIRE0001507,EMP01507,2025-04-27,2025-05-06,2023-01-04,Campus,-844,Joined
HIRE0001508,EMP01508,2023-12-02,2023-12-08,2019-05-03,Employee Referral,-1674,Joined
HIRE0001509,EMP01509,2023-10-01,2023-10-14,2015-05-27,LinkedIn,-3049,Joined
HIRE0001510,EMP01510,2024-09-01,2024-09-06,2019-10-07,Campus,-1791,Joined
HIRE0001511,EMP01511,2024-11-08,2024-11-17,2020-12-31,Indeed,-1408,Joined
HIRE0001512,EMP01512,2024-12-23,2025-01-01,2022-03-21,LinkedIn,-1008,Joined
HIRE0001513,EMP01513,2025-06-12,2025-06-22,2022-09-29,Indeed,-987,Joined
HIRE0001514,EMP01514,2023-10-14,2023-10-21,2019-03-24,Campus,-1665,Joined
HIRE0001515,EMP01515,2024-11-27,2024-12-02,2021-03-30,Campus,-1338,Joined
HIRE0001516,EMP01516,2023-10-08,2023-10-17,2019-05-25,Employee Referral,-1597,Joined
HIRE0001517,EMP01517,2023-10-22,2023-10-31,2016-04-24,Naukri,-2737,Joined
HIRE0001518,EMP01518,2024-09-05,2024-09-11,2025-03-16,Employee Referral,192,Joined
HIRE0001519,EMP01519,2025-06-20,2025-06-25,2019-03-07,Campus,-2297,Joined
HIRE0001520,EMP01520,2025-05-12,2025-05-25,2020-05-30,Consultancy,-1808,Joined
HIRE0001521,EMP01521,2025-04-26,2025-05-11,2015-01-15,Employee Referral,-3754,Joined
HIRE0001522,EMP01522,2024-12-01,2024-12-08,2024-05-09,Indeed,-206,Joined
HIRE0001523,EMP01523,2024-09-24,2024-10-07,2019-05-29,Campus,-1945,Joined
HIRE0001524,EMP01524,2023-12-12,2023-12-26,2021-11-20,Campus,-752,Joined
HIRE0001525,EMP01525,2023-11-05,2023-11-17,2021-03-19,Consultancy,-961,Joined
HIRE0001526,EMP01526,2025-02-07,2025-02-20,2019-11-11,Indeed,-1915,Joined
HIRE0001527,EMP01527,2025-07-19,2025-07-24,2021-08-19,Employee Referral,-1430,Joined
HIRE0001528,EMP01528,2024-04-12,2024-04-19,2019-11-03,Consultancy,-1622,Joined
HIRE0001529,EMP01529,2023-09-29,2023-10-12,2025-08-01,Employee Referral,672,Joined
HIRE0001530,EMP01530,2024-03-17,2024-03-27,2022-12-02,Indeed,-471,Joined
HIRE0001531,EMP01531,2024-09-23,2024-10-04,2019-11-20,Indeed,-1769,Joined
HIRE0001532,EMP01532,2025-02-28,2025-03-12,2023-03-15,LinkedIn,-716,Joined
HIRE0001533,EMP01533,2023-08-27,2023-09-11,2024-06-22,LinkedIn,300,Joined
HIRE0001534,EMP01534,2023-12-14,2023-12-28,2018-01-31,Indeed,-2143,Joined
HIRE0001535,EMP01535,2025-05-17,2025-05-26,2015-08-28,Naukri,-3550,Joined
HIRE0001536,EMP01536,2023-09-27,2023-10-05,2019-05-15,Naukri,-1596,Joined
HIRE0001537,EMP01537,2024-08-23,2024-08-28,2021-11-05,LinkedIn,-1022,Joined
HIRE0001538,EMP01538,2024-02-27,2024-03-06,2024-09-01,Consultancy,187,Joined
HIRE0001539,EMP01539,2023-12-08,2023-12-22,2025-09-24,Indeed,656,Joined
HIRE0001540,EMP01540,2025-04-27,2025-05-05,2021-08-26,Naukri,-1340,Joined
HIRE0001541,EMP01541,2025-05-01,2025-05-15,2023-11-23,Consultancy,-525,Joined
HIRE0001542,EMP01542,2024-08-30,2024-09-04,2018-12-11,Employee Referral,-2089,Joined
HIRE0001543,EMP01543,2024-05-28,2024-06-06,2017-11-14,Campus,-2387,Joined
HIRE0001544,EMP01544,2025-03-25,2025-04-01,2017-03-04,Employee Referral,-2943,Joined
HIRE0001545,EMP01545,2025-03-23,2025-03-28,2025-04-30,Naukri,38,Joined
HIRE0001546,EMP01546,2024-11-21,2024-12-01,2022-11-26,Campus,-726,Joined
HIRE0001547,EMP01547,2023-10-04,2023-10-19,2024-03-31,Naukri,179,Joined
HIRE0001548,EMP01548,2024-03-16,2024-03-21,2016-02-13,LinkedIn,-2954,Joined
HIRE0001549,EMP01549,2024-10-19,2024-10-26,2025-07-27,Indeed,281,Joined
HIRE0001550,EMP01550,2025-05-20,2025-06-02,2018-07-14,Indeed,-2502,Joined
HIRE0001551,EMP01551,2025-04-21,2025-05-05,2015-02-13,Consultancy,-3720,Joined
HIRE0001552,EMP01552,2024-11-02,2024-11-09,2022-02-08,Employee Referral,-998,Joined
HIRE0001553,EMP01553,2024-11-07,2024-11-12,2021-03-05,LinkedIn,-1343,Joined
HIRE0001554,EMP01554,2024-01-20,2024-01-25,2025-09-26,Indeed,615,Joined
HIRE0001555,EMP01555,2025-05-23,2025-05-31,2024-11-06,Naukri,-198,Joined
HIRE0001556,EMP01556,2023-09-28,2023-10-09,2022-05-02,Consultancy,-514,Joined
HIRE0001557,EMP01557,2024-02-14,2024-02-26,2015-07-07,Indeed,-3144,Joined
HIRE0001558,EMP01558,2025-06-12,2025-06-21,2021-02-20,Campus,-1573,Joined
HIRE0001559,EMP01559,2023-11-12,2023-11-27,2022-08-18,Campus,-451,Joined
HIRE0001560,EMP01560,2024-02-15,2024-02-25,2020-02-21,Consultancy,-1455,Joined
HIRE0001561,EMP01561,2024-09-14,2024-09-20,2018-07-06,LinkedIn,-2262,Joined
HIRE0001562,EMP01562,2025-05-25,2025-06-08,2025-08-15,Indeed,82,Joined
HIRE0001563,EMP01563,2024-03-08,2024-03-19,2015-06-13,LinkedIn,-3191,Joined
HIRE0001564,EMP01564,2025-04-17,2025-04-26,2019-04-22,Employee Referral,-2187,Joined
HIRE0001565,EMP01565,2024-04-29,2024-05-08,2024-08-12,LinkedIn,105,Joined
HIRE0001566,EMP01566,2024-03-01,2024-03-16,2022-07-11,Naukri,-599,Joined
HIRE0001567,EMP01567,2024-12-29,2025-01-03,2021-09-06,LinkedIn,-1210,Joined
HIRE0001568,EMP01568,2025-04-20,2025-04-29,2022-04-04,Campus,-1112,Joined
HIRE0001569,EMP01569,2023-08-14,2023-08-21,2016-03-11,LinkedIn,-2712,Joined
HIRE0001570,EMP01570,2025-06-15,2025-06-21,2025-11-28,Indeed,166,Joined
HIRE0001571,EMP01571,2024-05-04,2024-05-16,2021-02-20,Naukri,-1169,Joined
HIRE0001572,EMP01572,2024-09-26,2024-10-04,2015-08-07,Indeed,-3338,Joined
HIRE0001573,EMP01573,2024-12-01,2024-12-14,2018-04-21,Naukri,-2416,Joined
HIRE0001574,EMP01574,2024-01-07,2024-01-17,2017-05-15,Indeed,-2428,Joined
HIRE0001575,EMP01575,2023-10-10,2023-10-18,2015-05-28,Indeed,-3057,Joined
HIRE0001576,EMP01576,2024-01-07,2024-01-21,2024-07-15,Naukri,190,Joined
HIRE0001577,EMP01577,2025-01-26,2025-02-10,2017-11-04,Campus,-2640,Joined
HIRE0001578,EMP01578,2025-03-24,2025-04-02,2021-01-09,LinkedIn,-1535,Joined
HIRE0001579,EMP01579,2023-09-06,2023-09-14,2018-05-07,Indeed,-1948,Joined
HIRE0001580,EMP01580,2024-02-26,2024-03-02,2021-12-14,Campus,-804,Joined
HIRE0001581,EMP01581,2024-08-09,2024-08-17,2019-07-21,Consultancy,-1846,Joined
HIRE0001582,EMP01582,2025-05-18,2025-06-01,2020-09-28,Naukri,-1693,Joined
HIRE0001583,EMP01583,2024-07-11,2024-07-24,2025-12-26,Naukri,533,Joined
HIRE0001584,EMP01584,2023-10-03,2023-10-13,2020-02-02,Employee Referral,-1339,Joined
HIRE0001585,EMP01585,2024-10-06,2024-10-20,2016-07-16,LinkedIn,-3004,Joined
HIRE0001586,EMP01586,2024-02-16,2024-02-21,2021-12-25,Campus,-783,Joined
HIRE0001587,EMP01587,2024-09-03,2024-09-16,2017-09-07,Consultancy,-2553,Joined
HIRE0001588,EMP01588,2024-09-21,2024-10-03,2015-05-23,Campus,-3409,Joined
HIRE0001589,EMP01589,2025-07-22,2025-08-05,2024-09-07,Campus,-318,Joined
HIRE0001590,EMP01590,2024-07-25,2024-07-31,2023-08-29,LinkedIn,-331,Joined
HIRE0001591,EMP01591,2024-01-23,2024-02-01,2015-09-18,Employee Referral,-3049,Joined
HIRE0001592,EMP01592,2024-08-16,2024-08-23,2018-09-22,Employee Referral,-2155,Joined
HIRE0001593,EMP01593,2023-09-23,2023-10-01,2019-04-11,Indeed,-1626,Joined
HIRE0001594,EMP01594,2024-01-31,2024-02-15,2017-01-13,Employee Referral,-2574,Joined
HIRE0001595,EMP01595,2023-12-27,2024-01-05,2018-07-21,Naukri,-1985,Joined
HIRE0001596,EMP01596,2023-12-04,2023-12-18,2020-12-27,Naukri,-1072,Joined
HIRE0001597,EMP01597,2024-03-16,2024-03-27,2025-04-10,Naukri,390,Joined
HIRE0001598,EMP01598,2024-04-18,2024-04-27,2016-04-05,Employee Referral,-2935,Joined
HIRE0001599,EMP01599,2023-12-04,2023-12-10,2016-06-24,Campus,-2719,Joined
HIRE0001600,EMP01600,2024-11-01,2024-11-10,2024-04-12,Campus,-203,Joined
HIRE0001601,EMP01601,2024-11-26,2024-12-07,2024-08-08,LinkedIn,-110,Joined
HIRE0001602,EMP01602,2025-01-19,2025-02-01,2025-11-07,Consultancy,292,Joined
HIRE0001603,EMP01603,2024-07-19,2024-07-26,2021-12-24,Campus,-938,Joined
HIRE0001604,EMP01604,2024-11-21,2024-12-04,2023-01-24,Employee Referral,-667,Joined
HIRE0001605,EMP01605,2025-01-17,2025-01-22,2021-10-07,LinkedIn,-1198,Joined
HIRE0001606,EMP01606,2024-04-27,2024-05-08,2020-09-08,Consultancy,-1327,Joined
HIRE0001607,EMP01607,2023-08-10,2023-08-23,2020-09-02,Consultancy,-1072,Joined
HIRE0001608,EMP01608,2023-09-03,2023-09-17,2022-08-08,Campus,-391,Joined
HIRE0001609,EMP01609,2023-09-30,2023-10-06,2023-06-15,Indeed,-107,Joined
HIRE0001610,EMP01610,2024-03-18,2024-03-25,2016-09-22,Indeed,-2734,Joined
HIRE0001611,EMP01611,2023-09-20,2023-10-05,2024-12-18,Naukri,455,Joined
HIRE0001612,EMP01612,2024-06-27,2024-07-12,2015-08-16,LinkedIn,-3238,Joined
HIRE0001613,EMP01613,2024-05-02,2024-05-10,2016-05-14,Campus,-2910,Joined
HIRE0001614,EMP01614,2025-07-11,2025-07-16,2023-10-19,Naukri,-631,Joined
HIRE0001615,EMP01615,2024-02-19,2024-03-01,2020-05-04,Naukri,-1386,Joined
HIRE0001616,EMP01616,2024-06-18,2024-06-25,2015-11-14,Naukri,-3139,Joined
HIRE0001617,EMP01617,2023-10-30,2023-11-05,2018-08-07,Employee Referral,-1910,Joined
HIRE0001618,EMP01618,2024-11-29,2024-12-04,2022-06-23,Naukri,-890,Joined
HIRE0001619,EMP01619,2024-02-15,2024-02-26,2017-09-24,LinkedIn,-2335,Joined
HIRE0001620,EMP01620,2024-08-15,2024-08-26,2020-07-02,LinkedIn,-1505,Joined
HIRE0001621,EMP01621,2024-08-01,2024-08-06,2021-06-20,Campus,-1138,Joined
HIRE0001622,EMP01622,2025-01-25,2025-02-06,2016-04-17,Consultancy,-3205,Joined
HIRE0001623,EMP01623,2025-02-16,2025-02-23,2016-10-11,LinkedIn,-3050,Joined
HIRE0001624,EMP01624,2023-11-29,2023-12-07,2025-05-03,Naukri,521,Joined
HIRE0001625,EMP01625,2023-12-27,2024-01-10,2019-07-01,Indeed,-1640,Joined
HIRE0001626,EMP01626,2024-03-03,2024-03-13,2015-05-19,Employee Referral,-3211,Joined
HIRE0001627,EMP01627,2025-04-26,2025-05-02,2021-05-03,Naukri,-1454,Joined
HIRE0001628,EMP01628,2025-07-26,2025-08-05,2018-08-08,LinkedIn,-2544,Joined
HIRE0001629,EMP01629,2025-03-10,2025-03-19,2019-08-21,Naukri,-2028,Joined
HIRE0001630,EMP01630,2024-12-17,2024-12-25,2019-08-23,Indeed,-1943,Joined
HIRE0001631,EMP01631,2023-12-01,2023-12-09,2016-05-11,Naukri,-2760,Joined
HIRE0001632,EMP01632,2024-05-10,2024-05-21,2017-12-16,Naukri,-2337,Joined
HIRE0001633,EMP01633,2023-10-08,2023-10-20,2025-06-27,LinkedIn,628,Joined
HIRE0001634,EMP01634,2024-02-03,2024-02-13,2021-05-27,Indeed,-982,Joined
HIRE0001635,EMP01635,2024-03-04,2024-03-09,2018-03-21,Naukri,-2175,Joined
HIRE0001636,EMP01636,2024-07-21,2024-07-30,2021-05-10,Consultancy,-1168,Joined
HIRE0001637,EMP01637,2023-11-23,2023-12-03,2016-07-12,Indeed,-2690,Joined
HIRE0001638,EMP01638,2023-10-09,2023-10-24,2021-03-24,Naukri,-929,Joined
HIRE0001639,EMP01639,2025-02-17,2025-03-04,2019-05-08,Campus,-2112,Joined
HIRE0001640,EMP01640,2025-04-04,2025-04-10,2019-07-27,LinkedIn,-2078,Joined
HIRE0001641,EMP01641,2024-07-15,2024-07-21,2016-03-17,Naukri,-3042,Joined
HIRE0001642,EMP01642,2023-09-15,2023-09-25,2022-12-09,Employee Referral,-280,Joined
HIRE0001643,EMP01643,2025-08-02,2025-08-12,2020-03-22,LinkedIn,-1959,Joined
HIRE0001644,EMP01644,2024-01-16,2024-01-25,2024-02-21,Indeed,36,Joined
HIRE0001645,EMP01645,2025-01-11,2025-01-20,2016-09-19,Naukri,-3036,Joined
HIRE0001646,EMP01646,2024-04-03,2024-04-08,2015-03-31,Consultancy,-3291,Joined
HIRE0001647,EMP01647,2025-01-13,2025-01-24,2024-08-06,Indeed,-160,Joined
HIRE0001648,EMP01648,2025-02-27,2025-03-09,2015-08-18,LinkedIn,-3481,Joined
HIRE0001649,EMP01649,2025-03-30,2025-04-05,2025-04-17,Employee Referral,18,Joined
HIRE0001650,EMP01650,2025-03-14,2025-03-20,2022-06-04,LinkedIn,-1014,Joined
HIRE0001651,EMP01651,2024-09-06,2024-09-20,2022-02-18,Indeed,-931,Joined
HIRE0001652,EMP01652,2024-12-21,2025-01-05,2024-10-13,Employee Referral,-69,Joined
HIRE0001653,EMP01653,2025-02-22,2025-03-08,2019-06-03,Consultancy,-2091,Joined
HIRE0001654,EMP01654,2024-03-26,2024-04-08,2023-08-18,Campus,-221,Joined
HIRE0001655,EMP01655,2024-01-12,2024-01-22,2021-03-14,Campus,-1034,Joined
HIRE0001656,EMP01656,2023-10-09,2023-10-16,2016-09-10,Naukri,-2585,Joined
HIRE0001657,EMP01657,2024-08-24,2024-09-03,2016-08-05,Naukri,-2941,Joined
HIRE0001658,EMP01658,2024-02-20,2024-03-01,2016-08-14,Consultancy,-2746,Joined
HIRE0001659,EMP01659,2025-01-08,2025-01-23,2021-01-19,Employee Referral,-1450,Joined
HIRE0001660,EMP01660,2023-09-01,2023-09-10,2024-01-08,Employee Referral,129,Joined
HIRE0001661,EMP01661,2024-04-06,2024-04-17,2017-11-20,Employee Referral,-2329,Joined
HIRE0001662,EMP01662,2024-09-21,2024-09-29,2025-05-01,Indeed,222,Joined
HIRE0001663,EMP01663,2025-02-15,2025-02-26,2015-12-09,Naukri,-3356,Joined
HIRE0001664,EMP01664,2023-10-13,2023-10-22,2015-06-22,Consultancy,-3035,Joined
HIRE0001665,EMP01665,2024-03-06,2024-03-21,2019-08-01,LinkedIn,-1679,Joined
HIRE0001666,EMP01666,2023-12-12,2023-12-19,2022-07-02,Campus,-528,Joined
HIRE0001667,EMP01667,2025-03-21,2025-03-31,2024-08-05,Employee Referral,-228,Joined
HIRE0001668,EMP01668,2025-01-28,2025-02-07,2019-03-06,Campus,-2155,Joined
HIRE0001669,EMP01669,2024-01-26,2024-02-05,2018-08-31,Employee Referral,-1974,Joined
HIRE0001670,EMP01670,2025-03-07,2025-03-13,2025-05-29,LinkedIn,83,Joined
HIRE0001671,EMP01671,2023-12-16,2023-12-24,2023-05-26,Employee Referral,-204,Joined
HIRE0001672,EMP01672,2024-05-07,2024-05-21,2025-06-06,Consultancy,395,Joined
HIRE0001673,EMP01673,2024-07-08,2024-07-17,2017-06-07,Campus,-2588,Joined
HIRE0001674,EMP01674,2025-02-17,2025-02-22,2021-11-01,Employee Referral,-1204,Joined
HIRE0001675,EMP01675,2023-11-11,2023-11-17,2017-06-17,Consultancy,-2338,Joined
HIRE0001676,EMP01676,2025-05-13,2025-05-26,2016-10-22,Indeed,-3125,Joined
HIRE0001677,EMP01677,2024-10-12,2024-10-19,2017-09-27,Consultancy,-2572,Joined
HIRE0001678,EMP01678,2024-02-13,2024-02-23,2022-10-27,Naukri,-474,Joined
HIRE0001679,EMP01679,2023-11-12,2023-11-26,2024-02-19,Indeed,99,Joined
HIRE0001680,EMP01680,2025-01-23,2025-02-01,2019-11-13,Indeed,-1898,Joined
HIRE0001681,EMP01681,2025-03-19,2025-03-28,2022-07-19,Consultancy,-974,Joined
HIRE0001682,EMP01682,2024-07-15,2024-07-29,2025-09-07,LinkedIn,419,Joined
HIRE0001683,EMP01683,2025-04-10,2025-04-21,2022-05-03,Employee Referral,-1073,Joined
HIRE0001684,EMP01684,2024-02-20,2024-02-27,2025-11-16,Employee Referral,635,Joined
HIRE0001685,EMP01685,2024-07-12,2024-07-19,2022-07-30,Indeed,-713,Joined
HIRE0001686,EMP01686,2024-06-05,2024-06-11,2024-04-20,Consultancy,-46,Joined
HIRE0001687,EMP01687,2024-11-14,2024-11-19,2022-02-19,Campus,-999,Joined
HIRE0001688,EMP01688,2024-04-05,2024-04-18,2021-08-14,Indeed,-965,Joined
HIRE0001689,EMP01689,2024-09-27,2024-10-09,2021-04-09,Campus,-1267,Joined
HIRE0001690,EMP01690,2023-09-22,2023-10-04,2019-08-11,Campus,-1503,Joined
HIRE0001691,EMP01691,2024-05-29,2024-06-08,2021-07-21,Naukri,-1043,Joined
HIRE0001692,EMP01692,2025-06-30,2025-07-15,2024-05-16,Indeed,-410,Joined
HIRE0001693,EMP01693,2024-02-01,2024-02-10,2020-12-29,Employee Referral,-1129,Joined
HIRE0001694,EMP01694,2023-09-26,2023-10-08,2024-02-20,LinkedIn,147,Joined
HIRE0001695,EMP01695,2025-04-19,2025-05-02,2016-09-03,Employee Referral,-3150,Joined
HIRE0001696,EMP01696,2025-02-17,2025-02-25,2017-04-12,Consultancy,-2868,Joined
HIRE0001697,EMP01697,2025-05-03,2025-05-09,2020-01-13,Naukri,-1937,Joined
HIRE0001698,EMP01698,2025-04-20,2025-05-04,2016-04-07,Consultancy,-3300,Joined
HIRE0001699,EMP01699,2023-08-10,2023-08-25,2021-09-29,Campus,-680,Joined
HIRE0001700,EMP01700,2024-04-10,2024-04-22,2016-08-03,Employee Referral,-2807,Joined
HIRE0001701,EMP01701,2024-10-22,2024-10-29,2025-07-12,Indeed,263,Joined
HIRE0001702,EMP01702,2024-01-30,2024-02-13,2018-06-12,Campus,-2058,Joined
HIRE0001703,EMP01703,2024-06-14,2024-06-20,2024-03-29,Consultancy,-77,Joined
HIRE0001704,EMP01704,2024-05-01,2024-05-15,2016-11-11,LinkedIn,-2728,Joined
HIRE0001705,EMP01705,2024-02-23,2024-03-05,2023-09-27,Campus,-149,Joined
HIRE0001706,EMP01706,2023-11-26,2023-12-10,2022-07-28,Campus,-486,Joined
HIRE0001707,EMP01707,2024-11-03,2024-11-10,2019-07-22,Campus,-1931,Joined
HIRE0001708,EMP01708,2023-11-11,2023-11-24,2024-07-20,Consultancy,252,Joined
HIRE0001709,EMP01709,2024-03-31,2024-04-11,2019-02-08,Consultancy,-1878,Joined
HIRE0001710,EMP01710,2024-10-20,2024-10-28,2024-01-14,Naukri,-280,Joined
HIRE0001711,EMP01711,2023-10-31,2023-11-11,2017-03-10,Consultancy,-2426,Joined
HIRE0001712,EMP01712,2025-02-02,2025-02-13,2020-12-31,LinkedIn,-1494,Joined
HIRE0001713,EMP01713,2025-05-19,2025-05-31,2018-07-18,Naukri,-2497,Joined
HIRE0001714,EMP01714,2024-11-26,2024-12-03,2024-02-09,Employee Referral,-291,Joined
HIRE0001715,EMP01715,2024-08-08,2024-08-15,2015-12-25,Employee Referral,-3149,Joined
HIRE0001716,EMP01716,2024-12-11,2024-12-20,2021-08-04,Naukri,-1225,Joined
HIRE0001717,EMP01717,2024-03-05,2024-03-13,2020-12-20,Indeed,-1171,Joined
HIRE0001718,EMP01718,2025-06-20,2025-07-05,2021-08-31,Consultancy,-1389,Joined
HIRE0001719,EMP01719,2025-03-06,2025-03-21,2019-02-27,LinkedIn,-2199,Joined
HIRE0001720,EMP01720,2023-08-09,2023-08-16,2021-08-23,Employee Referral,-716,Joined
HIRE0001721,EMP01721,2023-08-21,2023-09-01,2021-10-28,Employee Referral,-662,Joined
HIRE0001722,EMP01722,2024-09-06,2024-09-13,2020-07-26,Employee Referral,-1503,Joined
HIRE0001723,EMP01723,2025-01-22,2025-02-02,2019-11-15,Consultancy,-1895,Joined
HIRE0001724,EMP01724,2024-04-16,2024-04-21,2015-02-16,Consultancy,-3347,Joined
HIRE0001725,EMP01725,2025-04-22,2025-05-03,2021-07-24,Indeed,-1368,Joined
HIRE0001726,EMP01726,2025-03-09,2025-03-24,2024-05-17,Employee Referral,-296,Joined
HIRE0001727,EMP01727,2025-06-10,2025-06-18,2017-10-15,Naukri,-2795,Joined
HIRE0001728,EMP01728,2023-08-08,2023-08-14,2015-08-30,Campus,-2900,Joined
HIRE0001729,EMP01729,2024-03-03,2024-03-10,2017-05-19,Consultancy,-2480,Joined
HIRE0001730,EMP01730,2024-07-01,2024-07-10,2017-06-07,LinkedIn,-2581,Joined
HIRE0001731,EMP01731,2024-07-04,2024-07-11,2015-01-30,Indeed,-3443,Joined
HIRE0001732,EMP01732,2025-07-02,2025-07-09,2018-10-01,Consultancy,-2466,Joined
HIRE0001733,EMP01733,2024-09-24,2024-10-07,2019-05-29,LinkedIn,-1945,Joined
HIRE0001734,EMP01734,2025-04-11,2025-04-22,2021-09-01,LinkedIn,-1318,Joined
HIRE0001735,EMP01735,2023-08-07,2023-08-16,2015-10-09,Campus,-2859,Joined
HIRE0001736,EMP01736,2024-07-04,2024-07-10,2024-04-15,Employee Referral,-80,Joined
HIRE0001737,EMP01737,2025-06-24,2025-07-02,2019-09-16,Indeed,-2108,Joined
HIRE0001738,EMP01738,2024-01-23,2024-01-29,2018-07-22,Campus,-2011,Joined
HIRE0001739,EMP01739,2024-06-10,2024-06-24,2016-12-12,Campus,-2737,Joined
HIRE0001740,EMP01740,2024-03-29,2024-04-08,2024-04-28,Campus,30,Joined
HIRE0001741,EMP01741,2024-06-09,2024-06-20,2021-03-14,Campus,-1183,Joined
HIRE0001742,EMP01742,2024-06-12,2024-06-22,2020-07-14,LinkedIn,-1429,Joined
HIRE0001743,EMP01743,2024-05-15,2024-05-30,2020-04-29,Consultancy,-1477,Joined
HIRE0001744,EMP01744,2025-04-08,2025-04-20,2020-09-30,Consultancy,-1651,Joined
HIRE0001745,EMP01745,2025-04-04,2025-04-18,2015-10-05,Consultancy,-3469,Joined
HIRE0001746,EMP01746,2024-05-05,2024-05-18,2015-03-22,Campus,-3332,Joined
HIRE0001747,EMP01747,2024-08-13,2024-08-19,2021-03-06,Employee Referral,-1256,Joined
HIRE0001748,EMP01748,2024-01-01,2024-01-16,2021-08-02,Naukri,-882,Joined
HIRE0001749,EMP01749,2024-12-08,2024-12-16,2020-07-24,LinkedIn,-1598,Joined
HIRE0001750,EMP01750,2023-08-26,2023-09-03,2017-02-27,Indeed,-2371,Joined
HIRE0001751,EMP01751,2025-02-09,2025-02-24,2022-10-15,LinkedIn,-848,Joined
HIRE0001752,EMP01752,2025-02-01,2025-02-08,2016-07-09,Employee Referral,-3129,Joined
HIRE0001753,EMP01753,2024-12-04,2024-12-19,2015-09-03,Naukri,-3380,Joined
HIRE0001754,EMP01754,2023-12-26,2024-01-07,2023-06-10,Campus,-199,Joined
HIRE0001755,EMP01755,2025-07-02,2025-07-17,2022-05-07,Employee Referral,-1152,Joined
HIRE0001756,EMP01756,2024-06-08,2024-06-14,2021-05-21,LinkedIn,-1114,Joined
HIRE0001757,EMP01757,2024-11-01,2024-11-14,2017-07-12,Indeed,-2669,Joined
HIRE0001758,EMP01758,2024-01-02,2024-01-09,2025-03-21,Campus,444,Joined
HIRE0001759,EMP01759,2023-09-12,2023-09-25,2024-06-13,Employee Referral,275,Joined
HIRE0001760,EMP01760,2024-09-18,2024-09-25,2019-08-03,Consultancy,-1873,Joined
HIRE0001761,EMP01761,2023-08-18,2023-08-30,2021-01-21,LinkedIn,-939,Joined
HIRE0001762,EMP01762,2025-06-21,2025-06-28,2024-01-13,Indeed,-525,Joined
HIRE0001763,EMP01763,2025-04-03,2025-04-10,2017-05-26,Consultancy,-2869,Joined
HIRE0001764,EMP01764,2024-02-01,2024-02-09,2024-03-16,Employee Referral,44,Joined
HIRE0001765,EMP01765,2024-05-20,2024-05-30,2015-07-26,LinkedIn,-3221,Joined
HIRE0001766,EMP01766,2024-05-27,2024-06-09,2021-01-22,Employee Referral,-1221,Joined
HIRE0001767,EMP01767,2024-05-03,2024-05-13,2016-08-29,Employee Referral,-2804,Joined
HIRE0001768,EMP01768,2024-09-02,2024-09-07,2023-07-16,Indeed,-414,Joined
HIRE0001769,EMP01769,2025-03-16,2025-03-24,2015-01-20,Campus,-3708,Joined
HIRE0001770,EMP01770,2023-09-02,2023-09-12,2021-07-02,Naukri,-792,Joined
HIRE0001771,EMP01771,2024-10-19,2024-10-30,2024-04-29,Campus,-173,Joined
HIRE0001772,EMP01772,2023-08-13,2023-08-18,2021-02-03,Campus,-921,Joined
HIRE0001773,EMP01773,2024-11-07,2024-11-12,2017-06-16,Naukri,-2701,Joined
HIRE0001774,EMP01774,2023-08-05,2023-08-15,2017-11-27,LinkedIn,-2077,Joined
HIRE0001775,EMP01775,2024-01-08,2024-01-21,2019-01-26,Naukri,-1808,Joined
HIRE0001776,EMP01776,2023-09-28,2023-10-10,2021-07-11,Campus,-809,Joined
HIRE0001777,EMP01777,2025-03-31,2025-04-09,2016-07-24,Employee Referral,-3172,Joined
HIRE0001778,EMP01778,2024-03-18,2024-03-25,2016-09-03,Indeed,-2753,Joined
HIRE0001779,EMP01779,2023-12-03,2023-12-16,2023-11-09,Consultancy,-24,Joined
HIRE0001780,EMP01780,2024-11-04,2024-11-14,2021-12-13,LinkedIn,-1057,Joined
HIRE0001781,EMP01781,2024-03-09,2024-03-20,2022-01-30,Employee Referral,-769,Joined
HIRE0001782,EMP01782,2024-03-13,2024-03-23,2015-08-15,Campus,-3133,Joined
HIRE0001783,EMP01783,2025-04-24,2025-05-08,2023-02-11,Naukri,-803,Joined
HIRE0001784,EMP01784,2024-07-09,2024-07-23,2023-01-08,Indeed,-548,Joined
HIRE0001785,EMP01785,2025-01-30,2025-02-09,2022-05-07,LinkedIn,-999,Joined
HIRE0001786,EMP01786,2023-12-04,2023-12-09,2015-01-29,Indeed,-3231,Joined
HIRE0001787,EMP01787,2024-06-05,2024-06-12,2020-07-04,Consultancy,-1432,Joined
HIRE0001788,EMP01788,2024-11-08,2024-11-16,2019-05-25,Consultancy,-1994,Joined
HIRE0001789,EMP01789,2025-05-14,2025-05-25,2024-07-23,Indeed,-295,Joined
HIRE0001790,EMP01790,2023-12-29,2024-01-07,2017-04-30,Naukri,-2434,Joined
HIRE0001791,EMP01791,2025-02-22,2025-03-05,2018-07-06,Employee Referral,-2423,Joined
HIRE0001792,EMP01792,2024-05-07,2024-05-22,2022-02-22,Naukri,-805,Joined
HIRE0001793,EMP01793,2024-11-08,2024-11-17,2022-10-01,Employee Referral,-769,Joined
HIRE0001794,EMP01794,2024-09-22,2024-10-03,2022-07-01,LinkedIn,-814,Joined
HIRE0001795,EMP01795,2025-01-17,2025-01-24,2023-12-27,Employee Referral,-387,Joined
HIRE0001796,EMP01796,2024-07-19,2024-07-29,2016-10-21,LinkedIn,-2828,Joined
HIRE0001797,EMP01797,2023-10-23,2023-11-05,2018-06-27,Consultancy,-1944,Joined
HIRE0001798,EMP01798,2025-02-17,2025-02-27,2016-10-30,Indeed,-3032,Joined
HIRE0001799,EMP01799,2024-01-02,2024-01-16,2018-05-04,Naukri,-2069,Joined
HIRE0001800,EMP01800,2024-10-26,2024-11-03,2023-07-01,Naukri,-483,Joined
HIRE0001801,EMP01801,2024-05-11,2024-05-18,2019-02-02,Indeed,-1925,Joined
HIRE0001802,EMP01802,2024-10-25,2024-11-07,2020-12-04,Employee Referral,-1421,Joined
HIRE0001803,EMP01803,2023-09-28,2023-10-06,2019-10-14,Employee Referral,-1445,Joined
HIRE0001804,EMP01804,2024-11-24,2024-12-05,2020-05-24,Naukri,-1645,Joined
HIRE0001805,EMP01805,2024-11-29,2024-12-04,2017-01-15,LinkedIn,-2875,Joined
HIRE0001806,EMP01806,2025-07-27,2025-08-02,2024-09-25,Naukri,-305,Joined
HIRE0001807,EMP01807,2025-01-10,2025-01-19,2022-07-02,Naukri,-923,Joined
HIRE0001808,EMP01808,2024-01-02,2024-01-17,2019-11-25,Indeed,-1499,Joined
HIRE0001809,EMP01809,2024-09-15,2024-09-30,2024-03-26,Indeed,-173,Joined
HIRE0001810,EMP01810,2024-06-23,2024-07-04,2016-10-03,Naukri,-2820,Joined
HIRE0001811,EMP01811,2024-01-03,2024-01-15,2025-03-28,Indeed,450,Joined
HIRE0001812,EMP01812,2024-05-23,2024-05-29,2020-05-04,Indeed,-1480,Joined
HIRE0001813,EMP01813,2025-03-19,2025-04-01,2015-01-13,Campus,-3718,Joined
HIRE0001814,EMP01814,2024-03-10,2024-03-16,2025-10-03,LinkedIn,572,Joined
HIRE0001815,EMP01815,2023-12-09,2023-12-14,2024-01-20,Employee Referral,42,Joined
HIRE0001816,EMP01816,2025-06-30,2025-07-15,2024-07-30,Indeed,-335,Joined
HIRE0001817,EMP01817,2024-09-07,2024-09-14,2023-04-12,LinkedIn,-514,Joined
HIRE0001818,EMP01818,2023-12-11,2023-12-25,2017-04-13,Naukri,-2433,Joined
HIRE0001819,EMP01819,2024-02-16,2024-02-27,2016-02-05,LinkedIn,-2933,Joined
HIRE0001820,EMP01820,2025-06-26,2025-07-01,2020-02-24,Employee Referral,-1949,Joined
HIRE0001821,EMP01821,2023-10-01,2023-10-15,2025-01-07,Naukri,464,Joined
HIRE0001822,EMP01822,2025-05-17,2025-06-01,2025-01-03,LinkedIn,-134,Joined
HIRE0001823,EMP01823,2024-03-31,2024-04-05,2021-10-08,Naukri,-905,Joined
HIRE0001824,EMP01824,2024-03-14,2024-03-26,2017-12-14,Consultancy,-2282,Joined
HIRE0001825,EMP01825,2023-12-30,2024-01-08,2018-11-21,LinkedIn,-1865,Joined
HIRE0001826,EMP01826,2025-01-21,2025-01-26,2024-07-28,Naukri,-177,Joined
HIRE0001827,EMP01827,2024-06-16,2024-06-21,2022-12-20,LinkedIn,-544,Joined
HIRE0001828,EMP01828,2023-09-18,2023-09-30,2024-08-24,Employee Referral,341,Joined
HIRE0001829,EMP01829,2024-11-29,2024-12-14,2016-02-28,LinkedIn,-3197,Joined
HIRE0001830,EMP01830,2024-06-19,2024-06-30,2023-09-28,Indeed,-265,Joined
HIRE0001831,EMP01831,2025-03-12,2025-03-21,2019-03-16,Naukri,-2188,Joined
HIRE0001832,EMP01832,2023-10-29,2023-11-03,2025-12-25,Employee Referral,788,Joined
HIRE0001833,EMP01833,2024-12-03,2024-12-17,2024-01-16,Employee Referral,-322,Joined
HIRE0001834,EMP01834,2023-10-08,2023-10-14,2019-08-20,Employee Referral,-1510,Joined
HIRE0001835,EMP01835,2024-05-31,2024-06-05,2025-12-23,Naukri,571,Joined
HIRE0001836,EMP01836,2024-04-28,2024-05-07,2023-03-04,Employee Referral,-421,Joined
HIRE0001837,EMP01837,2025-01-18,2025-01-26,2020-07-13,Campus,-1650,Joined
HIRE0001838,EMP01838,2025-05-09,2025-05-21,2016-05-28,Employee Referral,-3268,Joined
HIRE0001839,EMP01839,2024-09-10,2024-09-21,2025-12-16,Consultancy,462,Joined
HIRE0001840,EMP01840,2024-05-10,2024-05-21,2024-02-25,Employee Referral,-75,Joined
HIRE0001841,EMP01841,2024-03-15,2024-03-29,2025-10-06,Naukri,570,Joined
HIRE0001842,EMP01842,2023-10-11,2023-10-16,2017-07-11,Employee Referral,-2283,Joined
HIRE0001843,EMP01843,2024-02-02,2024-02-09,2024-01-30,Employee Referral,-3,Joined
HIRE0001844,EMP01844,2023-08-31,2023-09-15,2024-08-04,LinkedIn,339,Joined
HIRE0001845,EMP01845,2024-10-04,2024-10-18,2024-07-12,Campus,-84,Joined
HIRE0001846,EMP01846,2025-05-24,2025-06-05,2016-06-01,LinkedIn,-3279,Joined
HIRE0001847,EMP01847,2024-09-01,2024-09-16,2016-04-27,LinkedIn,-3049,Joined
HIRE0001848,EMP01848,2025-02-21,2025-03-01,2019-04-22,Indeed,-2132,Joined
HIRE0001849,EMP01849,2024-06-30,2024-07-12,2022-11-19,Naukri,-589,Joined
HIRE0001850,EMP01850,2024-03-24,2024-04-07,2024-07-26,LinkedIn,124,Joined
HIRE0001851,EMP01851,2025-03-26,2025-04-10,2015-01-19,Employee Referral,-3719,Joined
HIRE0001852,EMP01852,2023-10-31,2023-11-06,2016-03-09,Employee Referral,-2792,Joined
HIRE0001853,EMP01853,2025-03-21,2025-03-26,2021-07-11,Employee Referral,-1349,Joined
HIRE0001854,EMP01854,2023-12-08,2023-12-20,2022-10-07,Campus,-427,Joined
HIRE0001855,EMP01855,2025-03-29,2025-04-13,2023-08-27,LinkedIn,-580,Joined
HIRE0001856,EMP01856,2025-07-14,2025-07-28,2021-08-11,LinkedIn,-1433,Joined
HIRE0001857,EMP01857,2025-02-01,2025-02-16,2018-01-31,Campus,-2558,Joined
HIRE0001858,EMP01858,2023-12-11,2023-12-25,2019-07-15,Employee Referral,-1610,Joined
HIRE0001859,EMP01859,2024-10-04,2024-10-17,2023-10-01,Employee Referral,-369,Joined
HIRE0001860,EMP01860,2023-09-17,2023-09-30,2023-06-20,LinkedIn,-89,Joined
HIRE0001861,EMP01861,2023-08-13,2023-08-22,2021-08-09,LinkedIn,-734,Joined
HIRE0001862,EMP01862,2023-08-12,2023-08-20,2015-02-16,LinkedIn,-3099,Joined
HIRE0001863,EMP01863,2025-05-14,2025-05-25,2025-01-01,Employee Referral,-133,Joined
HIRE0001864,EMP01864,2025-06-01,2025-06-13,2017-08-06,Consultancy,-2856,Joined
HIRE0001865,EMP01865,2024-10-21,2024-10-29,2016-10-18,Campus,-2925,Joined
HIRE0001866,EMP01866,2024-11-07,2024-11-14,2020-06-13,LinkedIn,-1608,Joined
HIRE0001867,EMP01867,2023-12-24,2024-01-03,2018-02-26,Indeed,-2127,Joined
HIRE0001868,EMP01868,2025-08-01,2025-08-06,2019-10-02,Indeed,-2130,Joined
HIRE0001869,EMP01869,2023-09-18,2023-10-03,2022-12-28,LinkedIn,-264,Joined
HIRE0001870,EMP01870,2025-04-13,2025-04-18,2025-04-07,Employee Referral,-6,Joined
HIRE0001871,EMP01871,2024-04-20,2024-04-29,2024-08-18,Indeed,120,Joined
HIRE0001872,EMP01872,2024-09-07,2024-09-15,2020-09-26,LinkedIn,-1442,Joined
HIRE0001873,EMP01873,2024-09-22,2024-10-04,2021-04-14,Campus,-1257,Joined
HIRE0001874,EMP01874,2025-04-21,2025-05-04,2018-10-05,Campus,-2390,Joined
HIRE0001875,EMP01875,2024-05-05,2024-05-19,2017-07-12,Indeed,-2489,Joined
HIRE0001876,EMP01876,2024-12-04,2024-12-11,2022-04-28,Naukri,-951,Joined
HIRE0001877,EMP01877,2024-06-12,2024-06-17,2016-01-10,Naukri,-3076,Joined
HIRE0001878,EMP01878,2023-09-29,2023-10-12,2019-10-17,Consultancy,-1443,Joined
HIRE0001879,EMP01879,2024-07-06,2024-07-14,2017-05-19,Employee Referral,-2605,Joined
HIRE0001880,EMP01880,2025-01-26,2025-02-09,2020-03-29,Campus,-1764,Joined
HIRE0001881,EMP01881,2025-05-29,2025-06-08,2016-09-02,LinkedIn,-3191,Joined
HIRE0001882,EMP01882,2023-12-28,2024-01-02,2018-04-03,Employee Referral,-2095,Joined
HIRE0001883,EMP01883,2024-06-01,2024-06-10,2020-09-16,LinkedIn,-1354,Joined
HIRE0001884,EMP01884,2024-05-12,2024-05-23,2025-06-18,Consultancy,402,Joined
HIRE0001885,EMP01885,2024-10-28,2024-11-10,2017-06-12,LinkedIn,-2695,Joined
HIRE0001886,EMP01886,2023-08-10,2023-08-16,2020-10-10,Indeed,-1034,Joined
HIRE0001887,EMP01887,2024-03-13,2024-03-25,2016-07-19,Naukri,-2794,Joined
HIRE0001888,EMP01888,2024-02-18,2024-03-01,2017-02-04,Employee Referral,-2570,Joined
HIRE0001889,EMP01889,2023-10-12,2023-10-23,2021-05-09,Employee Referral,-886,Joined
HIRE0001890,EMP01890,2024-03-27,2024-04-01,2025-04-03,Employee Referral,372,Joined
HIRE0001891,EMP01891,2024-05-08,2024-05-20,2022-10-19,Indeed,-567,Joined
HIRE0001892,EMP01892,2024-04-15,2024-04-22,2015-04-20,LinkedIn,-3283,Joined
HIRE0001893,EMP01893,2023-10-22,2023-10-27,2017-08-08,Campus,-2266,Joined
HIRE0001894,EMP01894,2024-10-18,2024-10-23,2022-02-09,Naukri,-982,Joined
HIRE0001895,EMP01895,2024-12-22,2025-01-01,2021-07-07,Consultancy,-1264,Joined
HIRE0001896,EMP01896,2023-09-29,2023-10-13,2015-08-11,Indeed,-2971,Joined
HIRE0001897,EMP01897,2023-09-19,2023-10-01,2022-03-08,Campus,-560,Joined
HIRE0001898,EMP01898,2024-06-15,2024-06-28,2018-05-10,LinkedIn,-2228,Joined
HIRE0001899,EMP01899,2024-05-29,2024-06-05,2018-02-02,Employee Referral,-2308,Joined
HIRE0001900,EMP01900,2024-04-01,2024-04-15,2019-05-25,LinkedIn,-1773,Joined
HIRE0001901,EMP01901,2025-01-21,2025-02-04,2017-03-08,Campus,-2876,Joined
HIRE0001902,EMP01902,2025-02-18,2025-03-02,2015-11-29,Employee Referral,-3369,Joined
HIRE0001903,EMP01903,2023-12-24,2023-12-29,2020-02-22,Employee Referral,-1401,Joined
HIRE0001904,EMP01904,2024-07-26,2024-08-09,2016-06-24,Consultancy,-2954,Joined
HIRE0001905,EMP01905,2023-09-15,2023-09-23,2020-08-15,Campus,-1126,Joined
HIRE0001906,EMP01906,2025-03-27,2025-04-01,2018-12-13,Campus,-2296,Joined
HIRE0001907,EMP01907,2025-05-26,2025-06-08,2017-08-03,LinkedIn,-2853,Joined
HIRE0001908,EMP01908,2023-09-18,2023-09-28,2024-02-27,Campus,162,Joined
HIRE0001909,EMP01909,2024-02-26,2024-03-10,2021-12-14,Consultancy,-804,Joined
HIRE0001910,EMP01910,2025-05-15,2025-05-23,2021-11-04,Indeed,-1288,Joined
HIRE0001911,EMP01911,2024-01-20,2024-02-02,2020-10-09,Campus,-1198,Joined
HIRE0001912,EMP01912,2023-11-17,2023-11-29,2016-12-08,Indeed,-2535,Joined
HIRE0001913,EMP01913,2023-12-21,2024-01-05,2015-02-10,Campus,-3236,Joined
HIRE0001914,EMP01914,2025-04-05,2025-04-12,2022-04-24,Employee Referral,-1077,Joined
HIRE0001915,EMP01915,2024-05-29,2024-06-06,2016-09-15,Consultancy,-2813,Joined
HIRE0001916,EMP01916,2023-11-30,2023-12-07,2025-03-10,Campus,466,Joined
HIRE0001917,EMP01917,2024-01-08,2024-01-19,2021-05-24,Employee Referral,-959,Joined
HIRE0001918,EMP01918,2024-11-24,2024-12-03,2024-08-12,Consultancy,-104,Joined
HIRE0001919,EMP01919,2025-07-21,2025-08-03,2016-02-16,Employee Referral,-3443,Joined
HIRE0001920,EMP01920,2023-10-08,2023-10-14,2017-11-21,Naukri,-2147,Joined
HIRE0001921,EMP01921,2025-06-29,2025-07-10,2020-06-30,LinkedIn,-1825,Joined
HIRE0001922,EMP01922,2024-06-09,2024-06-17,2016-08-23,Indeed,-2847,Joined
HIRE0001923,EMP01923,2023-09-20,2023-09-28,2017-02-16,LinkedIn,-2407,Joined
HIRE0001924,EMP01924,2023-12-01,2023-12-09,2023-05-30,Employee Referral,-185,Joined
HIRE0001925,EMP01925,2024-07-28,2024-08-02,2020-04-14,Consultancy,-1566,Joined
HIRE0001926,EMP01926,2024-08-14,2024-08-19,2018-01-02,Campus,-2416,Joined
HIRE0001927,EMP01927,2023-12-27,2024-01-06,2023-04-06,Employee Referral,-265,Joined
HIRE0001928,EMP01928,2023-09-03,2023-09-11,2020-07-07,Consultancy,-1153,Joined
HIRE0001929,EMP01929,2024-01-05,2024-01-18,2018-02-05,Campus,-2160,Joined
HIRE0001930,EMP01930,2025-05-18,2025-06-01,2023-08-16,Indeed,-641,Joined
HIRE0001931,EMP01931,2024-08-27,2024-09-08,2019-05-24,Indeed,-1922,Joined
HIRE0001932,EMP01932,2024-01-29,2024-02-04,2023-01-31,Campus,-363,Joined
HIRE0001933,EMP01933,2025-02-23,2025-03-03,2023-08-15,Consultancy,-558,Joined
HIRE0001934,EMP01934,2024-03-14,2024-03-29,2022-11-04,LinkedIn,-496,Joined
HIRE0001935,EMP01935,2024-10-22,2024-11-04,2019-05-16,Campus,-1986,Joined
HIRE0001936,EMP01936,2023-12-06,2023-12-15,2017-02-02,Employee Referral,-2498,Joined
HIRE0001937,EMP01937,2024-10-27,2024-11-11,2021-09-26,LinkedIn,-1127,Joined
HIRE0001938,EMP01938,2024-03-17,2024-03-25,2020-12-18,Indeed,-1185,Joined
HIRE0001939,EMP01939,2024-02-02,2024-02-16,2017-09-25,Campus,-2321,Joined
HIRE0001940,EMP01940,2024-05-30,2024-06-12,2019-01-28,LinkedIn,-1949,Joined
HIRE0001941,EMP01941,2024-08-14,2024-08-19,2017-06-04,Indeed,-2628,Joined
HIRE0001942,EMP01942,2024-04-05,2024-04-15,2015-02-04,LinkedIn,-3348,Joined
HIRE0001943,EMP01943,2025-03-16,2025-03-31,2024-08-21,LinkedIn,-207,Joined
HIRE0001944,EMP01944,2023-08-24,2023-09-01,2017-12-10,Consultancy,-2083,Joined
HIRE0001945,EMP01945,2024-12-13,2024-12-25,2015-06-20,Employee Referral,-3464,Joined
HIRE0001946,EMP01946,2024-09-12,2024-09-24,2018-01-24,Naukri,-2423,Joined
HIRE0001947,EMP01947,2024-01-02,2024-01-14,2015-03-08,Employee Referral,-3222,Joined
HIRE0001948,EMP01948,2023-11-20,2023-11-25,2018-09-14,LinkedIn,-1893,Joined
HIRE0001949,EMP01949,2024-08-10,2024-08-21,2022-11-04,Employee Referral,-645,Joined
HIRE0001950,EMP01950,2024-08-07,2024-08-18,2020-01-13,Employee Referral,-1668,Joined
HIRE0001951,EMP01951,2024-11-06,2024-11-12,2015-10-18,Indeed,-3307,Joined
HIRE0001952,EMP01952,2024-08-31,2024-09-12,2020-11-26,Campus,-1374,Joined
HIRE0001953,EMP01953,2023-09-26,2023-10-03,2019-12-17,Consultancy,-1379,Joined
HIRE0001954,EMP01954,2024-04-14,2024-04-20,2015-08-11,Consultancy,-3169,Joined
HIRE0001955,EMP01955,2025-01-25,2025-02-05,2023-01-21,LinkedIn,-735,Joined
HIRE0001956,EMP01956,2024-05-31,2024-06-11,2022-01-13,Campus,-869,Joined
HIRE0001957,EMP01957,2023-12-16,2023-12-25,2020-04-25,LinkedIn,-1330,Joined
HIRE0001958,EMP01958,2024-11-02,2024-11-14,2020-06-25,Campus,-1591,Joined
HIRE0001959,EMP01959,2025-01-06,2025-01-17,2017-11-27,Employee Referral,-2597,Joined
HIRE0001960,EMP01960,2024-10-24,2024-11-02,2016-11-08,Consultancy,-2907,Joined
HIRE0001961,EMP01961,2023-09-04,2023-09-18,2017-01-16,LinkedIn,-2422,Joined
HIRE0001962,EMP01962,2025-07-01,2025-07-10,2018-02-16,Campus,-2692,Joined
HIRE0001963,EMP01963,2024-12-12,2024-12-24,2024-03-12,Naukri,-275,Joined
HIRE0001964,EMP01964,2024-08-10,2024-08-20,2021-03-07,Naukri,-1252,Joined
HIRE0001965,EMP01965,2025-04-23,2025-05-05,2023-02-16,LinkedIn,-797,Joined
HIRE0001966,EMP01966,2024-12-25,2025-01-03,2019-07-04,Employee Referral,-2001,Joined
HIRE0001967,EMP01967,2024-12-24,2025-01-03,2021-11-21,LinkedIn,-1129,Joined
HIRE0001968,EMP01968,2023-12-08,2023-12-19,2015-08-08,Indeed,-3044,Joined
HIRE0001969,EMP01969,2025-01-09,2025-01-22,2019-03-01,Indeed,-2141,Joined
HIRE0001970,EMP01970,2023-09-28,2023-10-07,2024-07-01,LinkedIn,277,Joined
HIRE0001971,EMP01971,2024-08-21,2024-09-02,2020-11-11,LinkedIn,-1379,Joined
HIRE0001972,EMP01972,2024-03-16,2024-03-30,2021-08-10,Campus,-949,Joined
HIRE0001973,EMP01973,2025-05-01,2025-05-14,2023-05-11,LinkedIn,-721,Joined
HIRE0001974,EMP01974,2025-02-26,2025-03-06,2025-06-17,Naukri,111,Joined
HIRE0001975,EMP01975,2024-07-08,2024-07-19,2025-03-14,Consultancy,249,Joined
HIRE0001976,EMP01976,2024-10-10,2024-10-24,2020-08-26,Naukri,-1506,Joined
HIRE0001977,EMP01977,2025-07-28,2025-08-10,2018-09-12,Employee Referral,-2511,Joined
HIRE0001978,EMP01978,2023-11-28,2023-12-06,2022-03-16,Naukri,-622,Joined
HIRE0001979,EMP01979,2023-08-05,2023-08-18,2018-01-08,Consultancy,-2035,Joined
HIRE0001980,EMP01980,2024-09-10,2024-09-20,2024-05-31,LinkedIn,-102,Joined
HIRE0001981,EMP01981,2024-12-26,2025-01-06,2018-12-30,Indeed,-2188,Joined
HIRE0001982,EMP01982,2023-08-14,2023-08-21,2018-12-13,Indeed,-1705,Joined
HIRE0001983,EMP01983,2024-12-30,2025-01-06,2023-10-29,Consultancy,-428,Joined
HIRE0001984,EMP01984,2025-05-01,2025-05-06,2016-09-22,Indeed,-3143,Joined
HIRE0001985,EMP01985,2025-02-24,2025-03-02,2020-12-07,Campus,-1540,Joined
HIRE0001986,EMP01986,2024-10-10,2024-10-22,2017-03-05,Consultancy,-2776,Joined
HIRE0001987,EMP01987,2025-05-16,2025-05-24,2015-07-18,LinkedIn,-3590,Joined
HIRE0001988,EMP01988,2025-07-23,2025-08-02,2023-08-21,Campus,-702,Joined
HIRE0001989,EMP01989,2024-05-01,2024-05-10,2021-03-24,Campus,-1134,Joined
HIRE0001990,EMP01990,2025-02-22,2025-03-03,2017-04-18,Campus,-2867,Joined
HIRE0001991,EMP01991,2024-07-06,2024-07-21,2024-04-16,LinkedIn,-81,Joined
HIRE0001992,EMP01992,2025-01-19,2025-01-27,2017-08-13,Consultancy,-2716,Joined
HIRE0001993,EMP01993,2024-05-05,2024-05-17,2015-06-17,Employee Referral,-3245,Joined
HIRE0001994,EMP01994,2024-01-19,2024-02-01,2022-05-12,LinkedIn,-617,Joined
HIRE0001995,EMP01995,2024-08-17,2024-08-27,2021-10-19,Employee Referral,-1033,Joined
HIRE0001996,EMP01996,2024-06-30,2024-07-13,2025-11-21,Campus,509,Joined
HIRE0001997,EMP01997,2024-01-14,2024-01-24,2017-05-09,LinkedIn,-2441,Joined
HIRE0001998,EMP01998,2024-09-04,2024-09-17,2021-01-24,LinkedIn,-1319,Joined
HIRE0001999,EMP01999,2024-08-19,2024-09-03,2025-05-28,Consultancy,282,Joined
HIRE0002000,EMP02000,2024-08-17,2024-09-01,2024-11-29,Consultancy,104,Joined
HIRE0002001,EMP02001,2024-06-26,2024-07-04,2022-07-11,Naukri,-716,Joined
HIRE0002002,EMP02002,2024-08-30,2024-09-05,2021-08-27,LinkedIn,-1099,Joined
HIRE0002003,EMP02003,2024-08-03,2024-08-14,2015-09-23,Campus,-3237,Joined
HIRE0002004,EMP02004,2025-04-11,2025-04-21,2017-12-15,Consultancy,-2674,Joined
HIRE0002005,EMP02005,2024-10-02,2024-10-08,2021-08-28,Consultancy,-1131,Joined
HIRE0002006,EMP02006,2024-12-01,2024-12-08,2025-05-30,Employee Referral,180,Joined
HIRE0002007,EMP02007,2024-11-08,2024-11-19,2025-04-07,Indeed,150,Joined
HIRE0002008,EMP02008,2025-06-26,2025-07-10,2021-03-22,Campus,-1557,Joined
HIRE0002009,EMP02009,2025-04-10,2025-04-22,2017-09-20,Employee Referral,-2759,Joined
HIRE0002010,EMP02010,2023-11-23,2023-12-04,2018-12-22,Indeed,-1797,Joined
HIRE0002011,EMP02011,2025-01-25,2025-02-08,2015-06-24,Campus,-3503,Joined
HIRE0002012,EMP02012,2023-09-19,2023-10-04,2018-01-26,Naukri,-2062,Joined
HIRE0002013,EMP02013,2023-12-09,2023-12-15,2022-04-22,LinkedIn,-596,Joined
HIRE0002014,EMP02014,2025-07-25,2025-08-02,2025-06-24,Employee Referral,-31,Joined
HIRE0002015,EMP02015,2024-10-23,2024-11-02,2022-03-01,Employee Referral,-967,Joined
HIRE0002016,EMP02016,2025-07-02,2025-07-12,2025-04-05,Campus,-88,Joined
HIRE0002017,EMP02017,2024-08-28,2024-09-08,2022-06-04,Naukri,-816,Joined
HIRE0002018,EMP02018,2025-05-17,2025-05-27,2023-09-06,Campus,-619,Joined
HIRE0002019,EMP02019,2023-09-12,2023-09-23,2016-12-18,Campus,-2459,Joined
HIRE0002020,EMP02020,2025-05-15,2025-05-23,2019-05-13,Campus,-2194,Joined
HIRE0002021,EMP02021,2023-11-10,2023-11-21,2022-02-02,Consultancy,-646,Joined
HIRE0002022,EMP02022,2024-04-14,2024-04-29,2015-02-23,Employee Referral,-3338,Joined
HIRE0002023,EMP02023,2024-04-30,2024-05-12,2023-11-01,Naukri,-181,Joined
HIRE0002024,EMP02024,2025-01-02,2025-01-11,2023-04-03,Consultancy,-640,Joined
HIRE0002025,EMP02025,2024-02-08,2024-02-16,2015-05-02,Naukri,-3204,Joined
HIRE0002026,EMP02026,2025-06-06,2025-06-18,2021-09-22,Indeed,-1353,Joined
HIRE0002027,EMP02027,2023-12-13,2023-12-28,2024-02-06,Naukri,55,Joined
HIRE0002028,EMP02028,2025-02-01,2025-02-07,2019-11-28,Consultancy,-1892,Joined
HIRE0002029,EMP02029,2024-10-26,2024-11-05,2022-02-16,Employee Referral,-983,Joined
HIRE0002030,EMP02030,2025-01-29,2025-02-08,2020-02-19,Indeed,-1806,Joined
HIRE0002031,EMP02031,2023-11-27,2023-12-08,2017-06-12,Naukri,-2359,Joined
HIRE0002032,EMP02032,2024-02-25,2024-03-09,2017-01-18,LinkedIn,-2594,Joined
HIRE0002033,EMP02033,2024-10-15,2024-10-27,2025-11-28,Naukri,409,Joined
HIRE0002034,EMP02034,2024-07-23,2024-08-01,2016-07-30,Consultancy,-2915,Joined
HIRE0002035,EMP02035,2024-01-07,2024-01-13,2019-03-29,Naukri,-1745,Joined
HIRE0002036,EMP02036,2025-01-28,2025-02-08,2022-10-24,LinkedIn,-827,Joined
HIRE0002037,EMP02037,2023-11-09,2023-11-20,2015-02-27,Indeed,-3177,Joined
HIRE0002038,EMP02038,2024-04-20,2024-04-26,2015-07-31,Indeed,-3186,Joined
HIRE0002039,EMP02039,2025-06-09,2025-06-16,2017-07-26,Campus,-2875,Joined
HIRE0002040,EMP02040,2024-01-25,2024-02-07,2021-11-24,Employee Referral,-792,Joined
HIRE0002041,EMP02041,2024-08-03,2024-08-10,2024-09-07,Campus,35,Joined
HIRE0002042,EMP02042,2024-12-12,2024-12-21,2017-01-26,Employee Referral,-2877,Joined
HIRE0002043,EMP02043,2024-10-12,2024-10-23,2018-03-30,Employee Referral,-2388,Joined
HIRE0002044,EMP02044,2024-01-02,2024-01-09,2016-01-26,Campus,-2898,Joined
HIRE0002045,EMP02045,2023-10-24,2023-11-01,2017-08-08,Employee Referral,-2268,Joined
HIRE0002046,EMP02046,2024-05-21,2024-06-01,2015-11-06,Employee Referral,-3119,Joined
HIRE0002047,EMP02047,2025-03-27,2025-04-03,2017-01-13,Consultancy,-2995,Joined
HIRE0002048,EMP02048,2025-06-26,2025-07-02,2017-01-30,Employee Referral,-3069,Joined
HIRE0002049,EMP02049,2025-02-13,2025-02-19,2017-03-02,Employee Referral,-2905,Joined
HIRE0002050,EMP02050,2024-08-30,2024-09-10,2022-06-04,Employee Referral,-818,Joined
HIRE0002051,EMP02051,2024-09-28,2024-10-06,2025-10-06,Campus,373,Joined
HIRE0002052,EMP02052,2024-11-23,2024-12-02,2025-04-10,Campus,138,Joined
HIRE0002053,EMP02053,2024-07-04,2024-07-11,2018-03-27,LinkedIn,-2291,Joined
HIRE0002054,EMP02054,2025-02-28,2025-03-14,2017-10-20,Naukri,-2688,Joined
HIRE0002055,EMP02055,2025-03-30,2025-04-10,2016-10-03,Campus,-3100,Joined
HIRE0002056,EMP02056,2024-07-05,2024-07-20,2021-02-24,Naukri,-1227,Joined
HIRE0002057,EMP02057,2025-05-30,2025-06-04,2021-05-05,Consultancy,-1486,Joined
HIRE0002058,EMP02058,2025-05-30,2025-06-08,2019-06-01,Naukri,-2190,Joined
HIRE0002059,EMP02059,2024-05-13,2024-05-26,2019-04-04,LinkedIn,-1866,Joined
HIRE0002060,EMP02060,2024-03-21,2024-04-02,2017-05-01,Consultancy,-2516,Joined
HIRE0002061,EMP02061,2024-07-29,2024-08-13,2016-08-13,Naukri,-2907,Joined
HIRE0002062,EMP02062,2024-04-27,2024-05-07,2023-05-23,LinkedIn,-340,Joined
HIRE0002063,EMP02063,2025-07-02,2025-07-08,2025-03-20,LinkedIn,-104,Joined
HIRE0002064,EMP02064,2024-01-24,2024-02-02,2018-09-08,Campus,-1964,Joined
HIRE0002065,EMP02065,2025-02-27,2025-03-05,2021-09-30,Indeed,-1246,Joined
HIRE0002066,EMP02066,2024-03-20,2024-03-28,2025-04-16,Campus,392,Joined
HIRE0002067,EMP02067,2024-01-15,2024-01-20,2023-03-03,Indeed,-318,Joined
HIRE0002068,EMP02068,2024-07-04,2024-07-18,2021-06-26,LinkedIn,-1104,Joined
HIRE0002069,EMP02069,2024-09-02,2024-09-13,2020-12-09,Naukri,-1363,Joined
HIRE0002070,EMP02070,2024-04-28,2024-05-13,2023-08-19,Consultancy,-253,Joined
HIRE0002071,EMP02071,2024-02-26,2024-03-06,2017-03-19,Campus,-2535,Joined
HIRE0002072,EMP02072,2024-10-17,2024-10-25,2015-11-24,Employee Referral,-3250,Joined
HIRE0002073,EMP02073,2024-05-25,2024-06-03,2024-02-29,Naukri,-86,Joined
HIRE0002074,EMP02074,2025-06-15,2025-06-30,2020-12-25,Employee Referral,-1633,Joined
HIRE0002075,EMP02075,2023-11-15,2023-11-24,2019-04-08,Consultancy,-1682,Joined
HIRE0002076,EMP02076,2023-12-28,2024-01-03,2019-04-02,Indeed,-1731,Joined
HIRE0002077,EMP02077,2025-04-20,2025-04-25,2017-08-30,Consultancy,-2790,Joined
HIRE0002078,EMP02078,2024-08-07,2024-08-18,2018-11-11,LinkedIn,-2096,Joined
HIRE0002079,EMP02079,2023-12-12,2023-12-20,2020-06-15,Naukri,-1275,Joined
HIRE0002080,EMP02080,2023-12-11,2023-12-18,2021-05-24,Employee Referral,-931,Joined
HIRE0002081,EMP02081,2023-08-13,2023-08-21,2019-02-06,Consultancy,-1649,Joined
HIRE0002082,EMP02082,2024-05-19,2024-06-03,2019-02-12,LinkedIn,-1923,Joined
HIRE0002083,EMP02083,2023-09-27,2023-10-08,2024-05-28,Campus,244,Joined
HIRE0002084,EMP02084,2023-10-26,2023-11-08,2015-01-15,Consultancy,-3206,Joined
HIRE0002085,EMP02085,2025-04-26,2025-05-07,2019-07-28,Campus,-2099,Joined
HIRE0002086,EMP02086,2024-10-23,2024-10-29,2016-12-17,Campus,-2867,Joined
HIRE0002087,EMP02087,2024-07-04,2024-07-13,2015-01-06,Indeed,-3467,Joined
HIRE0002088,EMP02088,2023-10-30,2023-11-09,2016-04-17,LinkedIn,-2752,Joined
HIRE0002089,EMP02089,2023-09-17,2023-09-29,2025-06-04,LinkedIn,626,Joined
HIRE0002090,EMP02090,2025-04-03,2025-04-11,2025-05-23,Naukri,50,Joined
HIRE0002091,EMP02091,2024-05-16,2024-05-25,2016-06-01,Employee Referral,-2906,Joined
HIRE0002092,EMP02092,2025-05-03,2025-05-14,2022-03-12,LinkedIn,-1148,Joined
HIRE0002093,EMP02093,2024-07-15,2024-07-25,2017-07-20,Indeed,-2552,Joined
HIRE0002094,EMP02094,2025-07-18,2025-07-29,2023-01-30,Consultancy,-900,Joined
HIRE0002095,EMP02095,2024-10-11,2024-10-19,2023-08-13,Naukri,-425,Joined
HIRE0002096,EMP02096,2024-01-29,2024-02-13,2020-10-30,Campus,-1186,Joined
HIRE0002097,EMP02097,2025-02-28,2025-03-05,2023-06-25,Naukri,-614,Joined
HIRE0002098,EMP02098,2024-07-13,2024-07-18,2022-06-12,Naukri,-762,Joined
HIRE0002099,EMP02099,2025-07-26,2025-08-07,2021-11-19,Naukri,-1345,Joined
HIRE0002100,EMP02100,2024-12-04,2024-12-09,2024-01-01,Campus,-338,Joined
HIRE0002101,EMP02101,2023-08-06,2023-08-14,2015-05-11,Indeed,-3009,Joined
HIRE0002102,EMP02102,2024-11-14,2024-11-22,2016-03-18,Indeed,-3163,Joined
HIRE0002103,EMP02103,2024-07-08,2024-07-15,2016-10-26,Consultancy,-2812,Joined
HIRE0002104,EMP02104,2024-08-14,2024-08-29,2017-01-12,Campus,-2771,Joined
HIRE0002105,EMP02105,2025-05-18,2025-06-02,2019-11-18,LinkedIn,-2008,Joined
HIRE0002106,EMP02106,2025-06-13,2025-06-21,2016-06-20,Naukri,-3280,Joined
HIRE0002107,EMP02107,2025-04-11,2025-04-25,2021-10-10,Employee Referral,-1279,Joined
HIRE0002108,EMP02108,2025-03-14,2025-03-20,2015-07-04,Employee Referral,-3541,Joined
HIRE0002109,EMP02109,2024-10-18,2024-10-23,2017-09-24,Naukri,-2581,Joined
HIRE0002110,EMP02110,2023-08-23,2023-09-05,2022-12-12,Consultancy,-254,Joined
HIRE0002111,EMP02111,2024-10-07,2024-10-22,2020-07-09,Indeed,-1551,Joined
HIRE0002112,EMP02112,2025-04-30,2025-05-08,2024-01-06,LinkedIn,-480,Joined
HIRE0002113,EMP02113,2023-10-16,2023-10-24,2023-03-26,Consultancy,-204,Joined
HIRE0002114,EMP02114,2023-08-26,2023-09-06,2019-10-19,Indeed,-1407,Joined
HIRE0002115,EMP02115,2024-05-23,2024-06-06,2015-12-21,Consultancy,-3076,Joined
HIRE0002116,EMP02116,2025-05-20,2025-05-26,2016-04-11,Employee Referral,-3326,Joined
HIRE0002117,EMP02117,2025-03-24,2025-04-07,2016-09-11,Campus,-3116,Joined
HIRE0002118,EMP02118,2024-10-26,2024-11-09,2020-09-30,Consultancy,-1487,Joined
HIRE0002119,EMP02119,2024-02-17,2024-02-29,2017-09-29,LinkedIn,-2332,Joined
HIRE0002120,EMP02120,2025-05-04,2025-05-13,2021-09-21,Indeed,-1321,Joined
HIRE0002121,EMP02121,2024-03-20,2024-03-31,2022-08-29,Indeed,-569,Joined
HIRE0002122,EMP02122,2025-04-05,2025-04-18,2024-10-06,Consultancy,-181,Joined
HIRE0002123,EMP02123,2024-05-19,2024-06-01,2015-09-18,Consultancy,-3166,Joined
HIRE0002124,EMP02124,2025-07-08,2025-07-14,2019-04-30,Consultancy,-2261,Joined
HIRE0002125,EMP02125,2024-10-20,2024-10-29,2019-02-14,Campus,-2075,Joined
HIRE0002126,EMP02126,2024-12-06,2024-12-13,2019-04-19,Naukri,-2058,Joined
HIRE0002127,EMP02127,2024-11-20,2024-11-30,2025-08-05,Indeed,258,Joined
HIRE0002128,EMP02128,2025-07-27,2025-08-08,2019-11-26,Campus,-2070,Joined
HIRE0002129,EMP02129,2024-04-17,2024-04-24,2023-02-09,Naukri,-433,Joined
HIRE0002130,EMP02130,2025-05-08,2025-05-20,2021-11-07,Campus,-1278,Joined
HIRE0002131,EMP02131,2025-02-16,2025-02-22,2015-08-18,LinkedIn,-3470,Joined
HIRE0002132,EMP02132,2025-06-03,2025-06-11,2022-01-25,LinkedIn,-1225,Joined
HIRE0002133,EMP02133,2023-11-13,2023-11-25,2024-03-19,LinkedIn,127,Joined
HIRE0002134,EMP02134,2025-01-29,2025-02-13,2024-07-09,LinkedIn,-204,Joined
HIRE0002135,EMP02135,2025-07-25,2025-08-01,2017-04-27,LinkedIn,-3011,Joined
HIRE0002136,EMP02136,2023-12-25,2024-01-03,2018-02-20,LinkedIn,-2134,Joined
HIRE0002137,EMP02137,2024-12-21,2025-01-02,2015-07-24,Indeed,-3438,Joined
HIRE0002138,EMP02138,2024-01-19,2024-01-31,2024-11-04,Employee Referral,290,Joined
HIRE0002139,EMP02139,2024-05-28,2024-06-05,2017-09-18,LinkedIn,-2444,Joined
HIRE0002140,EMP02140,2024-02-01,2024-02-06,2020-10-10,Naukri,-1209,Joined
HIRE0002141,EMP02141,2024-06-12,2024-06-27,2025-05-05,Employee Referral,327,Joined
HIRE0002142,EMP02142,2025-06-08,2025-06-13,2024-12-18,Consultancy,-172,Joined
HIRE0002143,EMP02143,2023-09-23,2023-09-29,2025-05-28,Naukri,613,Joined
HIRE0002144,EMP02144,2024-05-08,2024-05-19,2017-03-26,LinkedIn,-2600,Joined
HIRE0002145,EMP02145,2024-08-03,2024-08-15,2022-03-21,Consultancy,-866,Joined
HIRE0002146,EMP02146,2023-11-13,2023-11-22,2021-06-27,Employee Referral,-869,Joined
HIRE0002147,EMP02147,2024-02-10,2024-02-17,2021-04-10,Naukri,-1036,Joined
HIRE0002148,EMP02148,2024-12-31,2025-01-10,2016-09-13,Consultancy,-3031,Joined
HIRE0002149,EMP02149,2024-09-24,2024-10-04,2019-02-28,Employee Referral,-2035,Joined
HIRE0002150,EMP02150,2024-09-17,2024-09-22,2021-02-07,Indeed,-1318,Joined
HIRE0002151,EMP02151,2024-01-04,2024-01-11,2023-11-24,Employee Referral,-41,Joined
HIRE0002152,EMP02152,2023-12-08,2023-12-15,2020-08-26,Campus,-1199,Joined
HIRE0002153,EMP02153,2025-05-23,2025-05-31,2024-08-13,LinkedIn,-283,Joined
HIRE0002154,EMP02154,2025-03-22,2025-03-28,2024-03-19,Naukri,-368,Joined
HIRE0002155,EMP02155,2025-06-27,2025-07-06,2023-08-28,Employee Referral,-669,Joined
HIRE0002156,EMP02156,2023-10-13,2023-10-24,2015-03-13,Campus,-3136,Joined
HIRE0002157,EMP02157,2023-12-18,2023-12-30,2017-01-16,Employee Referral,-2527,Joined
HIRE0002158,EMP02158,2025-04-17,2025-04-30,2022-07-14,LinkedIn,-1008,Joined
HIRE0002159,EMP02159,2024-01-22,2024-02-02,2023-05-11,LinkedIn,-256,Joined
HIRE0002160,EMP02160,2023-10-22,2023-10-31,2018-11-29,LinkedIn,-1788,Joined
HIRE0002161,EMP02161,2025-06-11,2025-06-21,2020-08-11,Indeed,-1765,Joined
HIRE0002162,EMP02162,2024-07-09,2024-07-22,2017-10-29,LinkedIn,-2445,Joined
HIRE0002163,EMP02163,2024-02-12,2024-02-25,2025-07-27,Employee Referral,531,Joined
HIRE0002164,EMP02164,2024-04-02,2024-04-08,2024-08-16,Naukri,136,Joined
HIRE0002165,EMP02165,2025-07-20,2025-07-26,2015-07-23,Campus,-3650,Joined
HIRE0002166,EMP02166,2024-08-13,2024-08-18,2024-11-02,Employee Referral,81,Joined
HIRE0002167,EMP02167,2023-10-04,2023-10-18,2021-09-16,Naukri,-748,Joined
HIRE0002168,EMP02168,2024-12-25,2025-01-01,2016-04-11,Consultancy,-3180,Joined
HIRE0002169,EMP02169,2024-04-20,2024-05-05,2022-08-29,Employee Referral,-600,Joined
HIRE0002170,EMP02170,2024-11-29,2024-12-06,2019-09-07,Employee Referral,-1910,Joined
HIRE0002171,EMP02171,2024-09-19,2024-09-26,2024-09-13,LinkedIn,-6,Joined
HIRE0002172,EMP02172,2025-07-17,2025-07-31,2025-12-25,LinkedIn,161,Joined
HIRE0002173,EMP02173,2024-11-05,2024-11-15,2020-08-25,Indeed,-1533,Joined
HIRE0002174,EMP02174,2023-09-19,2023-10-03,2024-09-06,Naukri,353,Joined
HIRE0002175,EMP02175,2024-08-21,2024-09-01,2020-07-21,Naukri,-1492,Joined
HIRE0002176,EMP02176,2024-02-17,2024-02-25,2015-12-26,Indeed,-2975,Joined
HIRE0002177,EMP02177,2024-12-05,2024-12-20,2019-11-06,Indeed,-1856,Joined
HIRE0002178,EMP02178,2024-06-20,2024-07-02,2024-02-29,Consultancy,-112,Joined
HIRE0002179,EMP02179,2024-03-21,2024-04-01,2018-08-17,Naukri,-2043,Joined
HIRE0002180,EMP02180,2024-01-22,2024-01-27,2019-02-21,Indeed,-1796,Joined
HIRE0002181,EMP02181,2024-12-11,2024-12-19,2020-05-31,Campus,-1655,Joined
HIRE0002182,EMP02182,2024-12-29,2025-01-05,2022-04-09,Naukri,-995,Joined
HIRE0002183,EMP02183,2024-06-01,2024-06-06,2025-08-18,Campus,443,Joined
HIRE0002184,EMP02184,2025-07-18,2025-08-02,2016-05-20,Employee Referral,-3346,Joined
HIRE0002185,EMP02185,2023-11-13,2023-11-25,2022-06-02,Campus,-529,Joined
HIRE0002186,EMP02186,2023-08-30,2023-09-14,2016-11-19,Naukri,-2475,Joined
HIRE0002187,EMP02187,2025-04-24,2025-04-30,2017-11-29,LinkedIn,-2703,Joined
HIRE0002188,EMP02188,2025-01-29,2025-02-03,2022-03-14,LinkedIn,-1052,Joined
HIRE0002189,EMP02189,2024-04-03,2024-04-16,2025-02-16,Campus,319,Joined
HIRE0002190,EMP02190,2024-02-16,2024-02-21,2025-12-08,LinkedIn,661,Joined
HIRE0002191,EMP02191,2024-07-16,2024-07-26,2025-07-16,LinkedIn,365,Joined
HIRE0002192,EMP02192,2023-09-01,2023-09-15,2018-05-12,Employee Referral,-1938,Joined
HIRE0002193,EMP02193,2025-05-14,2025-05-24,2016-10-13,Consultancy,-3135,Joined
HIRE0002194,EMP02194,2024-10-27,2024-11-11,2021-01-02,Indeed,-1394,Joined
HIRE0002195,EMP02195,2025-04-13,2025-04-28,2016-11-07,Campus,-3079,Joined
HIRE0002196,EMP02196,2025-04-11,2025-04-18,2025-04-04,Naukri,-7,Joined
HIRE0002197,EMP02197,2024-07-11,2024-07-24,2019-09-24,Naukri,-1752,Joined
HIRE0002198,EMP02198,2024-05-23,2024-06-01,2017-01-27,Employee Referral,-2673,Joined
HIRE0002199,EMP02199,2024-01-15,2024-01-21,2017-07-05,Campus,-2385,Joined
HIRE0002200,EMP02200,2024-05-06,2024-05-21,2024-09-29,Naukri,146,Joined
HIRE0002201,EMP02201,2024-09-28,2024-10-12,2022-10-05,Consultancy,-724,Joined
HIRE0002202,EMP02202,2024-06-30,2024-07-11,2022-02-01,LinkedIn,-880,Joined
HIRE0002203,EMP02203,2025-06-13,2025-06-23,2024-04-17,Employee Referral,-422,Joined
HIRE0002204,EMP02204,2024-08-25,2024-09-02,2020-02-10,LinkedIn,-1658,Joined
HIRE0002205,EMP02205,2024-03-26,2024-04-01,2023-02-04,LinkedIn,-416,Joined
HIRE0002206,EMP02206,2023-08-27,2023-09-01,2016-10-16,Naukri,-2506,Joined
HIRE0002207,EMP02207,2023-09-12,2023-09-18,2021-09-14,Indeed,-728,Joined
HIRE0002208,EMP02208,2023-09-03,2023-09-16,2016-05-27,Indeed,-2655,Joined
HIRE0002209,EMP02209,2023-12-29,2024-01-07,2020-08-18,Indeed,-1228,Joined
HIRE0002210,EMP02210,2024-05-27,2024-06-07,2022-08-15,Campus,-651,Joined
HIRE0002211,EMP02211,2024-01-14,2024-01-28,2019-03-31,Campus,-1750,Joined
HIRE0002212,EMP02212,2024-02-02,2024-02-13,2020-11-05,Indeed,-1184,Joined
HIRE0002213,EMP02213,2025-01-06,2025-01-19,2021-07-25,Campus,-1261,Joined
HIRE0002214,EMP02214,2024-12-28,2025-01-09,2025-07-01,Employee Referral,185,Joined
HIRE0002215,EMP02215,2024-01-20,2024-02-01,2021-11-21,Indeed,-790,Joined
HIRE0002216,EMP02216,2025-04-01,2025-04-14,2018-08-12,Naukri,-2424,Joined
HIRE0002217,EMP02217,2024-11-15,2024-11-21,2015-01-05,Employee Referral,-3602,Joined
HIRE0002218,EMP02218,2023-10-13,2023-10-23,2015-02-12,Campus,-3165,Joined
HIRE0002219,EMP02219,2024-11-23,2024-11-30,2018-11-19,Indeed,-2196,Joined
HIRE0002220,EMP02220,2025-07-31,2025-08-07,2015-02-04,Consultancy,-3830,Joined
HIRE0002221,EMP02221,2024-10-06,2024-10-13,2023-11-05,Naukri,-336,Joined
HIRE0002222,EMP02222,2023-08-23,2023-09-05,2018-07-08,Indeed,-1872,Joined
HIRE0002223,EMP02223,2023-10-14,2023-10-29,2021-01-02,LinkedIn,-1015,Joined
HIRE0002224,EMP02224,2024-09-14,2024-09-24,2016-05-12,Consultancy,-3047,Joined
HIRE0002225,EMP02225,2024-09-28,2024-10-10,2015-02-21,Consultancy,-3507,Joined
HIRE0002226,EMP02226,2025-05-13,2025-05-18,2016-06-14,Indeed,-3255,Joined
HIRE0002227,EMP02227,2025-07-08,2025-07-21,2015-04-23,Consultancy,-3729,Joined
HIRE0002228,EMP02228,2023-11-08,2023-11-15,2023-07-30,Campus,-101,Joined
HIRE0002229,EMP02229,2024-10-02,2024-10-13,2021-12-01,LinkedIn,-1036,Joined
HIRE0002230,EMP02230,2023-11-04,2023-11-14,2023-03-27,Naukri,-222,Joined
HIRE0002231,EMP02231,2024-05-04,2024-05-11,2024-04-19,Campus,-15,Joined
HIRE0002232,EMP02232,2023-09-30,2023-10-09,2018-03-19,Employee Referral,-2021,Joined
HIRE0002233,EMP02233,2024-02-06,2024-02-13,2016-12-21,LinkedIn,-2603,Joined
HIRE0002234,EMP02234,2024-12-25,2025-01-08,2018-05-06,Consultancy,-2425,Joined
HIRE0002235,EMP02235,2024-01-11,2024-01-20,2020-05-16,Consultancy,-1335,Joined
HIRE0002236,EMP02236,2024-03-09,2024-03-22,2015-04-26,Indeed,-3240,Joined
HIRE0002237,EMP02237,2023-11-21,2023-11-30,2025-09-04,Employee Referral,653,Joined
HIRE0002238,EMP02238,2025-06-01,2025-06-09,2015-09-21,LinkedIn,-3541,Joined
HIRE0002239,EMP02239,2024-02-13,2024-02-23,2020-10-04,Consultancy,-1227,Joined
HIRE0002240,EMP02240,2023-09-18,2023-10-01,2015-08-07,Campus,-2964,Joined
HIRE0002241,EMP02241,2025-04-25,2025-05-09,2021-09-24,LinkedIn,-1309,Joined
HIRE0002242,EMP02242,2023-11-06,2023-11-18,2020-10-17,LinkedIn,-1115,Joined
HIRE0002243,EMP02243,2024-05-15,2024-05-22,2024-08-29,Consultancy,106,Joined
HIRE0002244,EMP02244,2023-12-31,2024-01-07,2019-09-11,LinkedIn,-1572,Joined
HIRE0002245,EMP02245,2023-10-03,2023-10-13,2015-07-13,Consultancy,-3004,Joined
HIRE0002246,EMP02246,2024-11-29,2024-12-12,2022-10-01,Indeed,-790,Joined
HIRE0002247,EMP02247,2025-06-27,2025-07-07,2020-05-04,Indeed,-1880,Joined
HIRE0002248,EMP02248,2023-11-02,2023-11-12,2024-09-23,Campus,326,Joined
HIRE0002249,EMP02249,2025-07-07,2025-07-22,2022-02-02,Consultancy,-1251,Joined
HIRE0002250,EMP02250,2025-03-13,2025-03-21,2023-04-16,Naukri,-697,Joined
HIRE0002251,EMP02251,2024-01-01,2024-01-12,2021-05-29,Consultancy,-947,Joined
HIRE0002252,EMP02252,2024-06-30,2024-07-10,2015-08-04,Campus,-3253,Joined
HIRE0002253,EMP02253,2023-09-16,2023-09-29,2024-11-21,Campus,432,Joined
HIRE0002254,EMP02254,2024-02-11,2024-02-20,2022-04-19,Employee Referral,-663,Joined
HIRE0002255,EMP02255,2024-03-27,2024-04-07,2020-05-12,Employee Referral,-1415,Joined
HIRE0002256,EMP02256,2025-03-18,2025-04-01,2016-11-30,Campus,-3030,Joined
HIRE0002257,EMP02257,2023-12-05,2023-12-15,2018-07-04,LinkedIn,-1980,Joined
HIRE0002258,EMP02258,2025-02-16,2025-02-23,2022-07-04,Campus,-958,Joined
HIRE0002259,EMP02259,2024-11-25,2024-12-09,2022-06-30,Campus,-879,Joined
HIRE0002260,EMP02260,2024-06-13,2024-06-24,2017-02-27,Indeed,-2663,Joined
HIRE0002261,EMP02261,2024-05-04,2024-05-17,2024-05-28,Indeed,24,Joined
HIRE0002262,EMP02262,2024-12-15,2024-12-29,2018-08-01,Consultancy,-2328,Joined
HIRE0002263,EMP02263,2023-09-14,2023-09-26,2021-07-16,Consultancy,-790,Joined
HIRE0002264,EMP02264,2024-04-06,2024-04-14,2024-05-12,LinkedIn,36,Joined
HIRE0002265,EMP02265,2024-05-13,2024-05-20,2015-01-10,Naukri,-3411,Joined
HIRE0002266,EMP02266,2024-08-22,2024-08-27,2017-11-20,Employee Referral,-2467,Joined
HIRE0002267,EMP02267,2025-06-22,2025-06-28,2018-03-25,Indeed,-2646,Joined
HIRE0002268,EMP02268,2025-07-23,2025-08-02,2017-04-16,Employee Referral,-3020,Joined
HIRE0002269,EMP02269,2023-12-25,2023-12-31,2021-05-20,Naukri,-949,Joined
HIRE0002270,EMP02270,2024-09-09,2024-09-18,2020-02-19,Indeed,-1664,Joined
HIRE0002271,EMP02271,2023-09-07,2023-09-15,2023-04-18,LinkedIn,-142,Joined
HIRE0002272,EMP02272,2025-05-02,2025-05-11,2016-03-12,LinkedIn,-3338,Joined
HIRE0002273,EMP02273,2024-09-28,2024-10-11,2020-11-14,Naukri,-1414,Joined
HIRE0002274,EMP02274,2024-02-01,2024-02-14,2018-10-19,Employee Referral,-1931,Joined
HIRE0002275,EMP02275,2025-03-20,2025-03-27,2018-03-09,Indeed,-2568,Joined
HIRE0002276,EMP02276,2024-11-09,2024-11-16,2018-10-04,Campus,-2228,Joined
HIRE0002277,EMP02277,2024-08-19,2024-08-26,2023-12-02,Employee Referral,-261,Joined
HIRE0002278,EMP02278,2023-10-27,2023-11-02,2016-06-16,Consultancy,-2689,Joined
HIRE0002279,EMP02279,2023-12-14,2023-12-22,2023-11-09,LinkedIn,-35,Joined
HIRE0002280,EMP02280,2024-06-05,2024-06-16,2015-03-19,Consultancy,-3366,Joined
HIRE0002281,EMP02281,2025-01-16,2025-01-31,2023-07-07,Naukri,-559,Joined
HIRE0002282,EMP02282,2025-06-09,2025-06-19,2019-05-06,Consultancy,-2226,Joined
HIRE0002283,EMP02283,2025-05-17,2025-05-28,2021-09-03,Campus,-1352,Joined
HIRE0002284,EMP02284,2024-06-03,2024-06-10,2017-06-29,Indeed,-2531,Joined
HIRE0002285,EMP02285,2024-12-20,2024-12-27,2024-09-18,Naukri,-93,Joined
HIRE0002286,EMP02286,2024-09-13,2024-09-18,2018-07-06,Employee Referral,-2261,Joined
HIRE0002287,EMP02287,2024-10-16,2024-10-24,2018-01-21,Employee Referral,-2460,Joined
HIRE0002288,EMP02288,2025-07-02,2025-07-12,2017-11-05,Employee Referral,-2796,Joined
HIRE0002289,EMP02289,2024-04-18,2024-05-02,2020-05-20,Employee Referral,-1429,Joined
HIRE0002290,EMP02290,2023-10-04,2023-10-18,2020-04-13,Indeed,-1269,Joined
HIRE0002291,EMP02291,2023-09-24,2023-10-05,2019-06-20,Campus,-1557,Joined
HIRE0002292,EMP02292,2024-06-26,2024-07-08,2022-05-15,Naukri,-773,Joined
HIRE0002293,EMP02293,2025-04-07,2025-04-12,2025-09-28,Naukri,174,Joined
HIRE0002294,EMP02294,2023-10-04,2023-10-09,2019-09-23,Campus,-1472,Joined
HIRE0002295,EMP02295,2025-04-03,2025-04-10,2017-05-30,Campus,-2865,Joined
HIRE0002296,EMP02296,2024-05-24,2024-05-31,2022-03-18,Indeed,-798,Joined
HIRE0002297,EMP02297,2025-01-15,2025-01-24,2024-12-05,Naukri,-41,Joined
HIRE0002298,EMP02298,2024-10-30,2024-11-11,2020-11-27,Consultancy,-1433,Joined
HIRE0002299,EMP02299,2024-11-17,2024-12-01,2019-09-28,Consultancy,-1877,Joined
HIRE0002300,EMP02300,2024-07-14,2024-07-26,2015-08-13,Employee Referral,-3258,Joined
HIRE0002301,EMP02301,2024-05-12,2024-05-27,2021-03-10,LinkedIn,-1159,Joined
HIRE0002302,EMP02302,2024-03-10,2024-03-22,2016-06-09,Consultancy,-2831,Joined
HIRE0002303,EMP02303,2025-08-01,2025-08-14,2021-01-09,Employee Referral,-1665,Joined
HIRE0002304,EMP02304,2024-10-15,2024-10-21,2015-11-09,Campus,-3263,Joined
HIRE0002305,EMP02305,2025-03-20,2025-04-02,2017-05-10,Indeed,-2871,Joined
HIRE0002306,EMP02306,2024-04-19,2024-04-26,2021-06-22,Indeed,-1032,Joined
HIRE0002307,EMP02307,2024-06-14,2024-06-22,2021-01-12,Consultancy,-1249,Joined
HIRE0002308,EMP02308,2024-09-10,2024-09-21,2017-11-23,Consultancy,-2483,Joined
HIRE0002309,EMP02309,2024-08-06,2024-08-19,2020-03-12,Employee Referral,-1608,Joined
HIRE0002310,EMP02310,2025-02-12,2025-02-24,2016-01-07,Employee Referral,-3324,Joined
HIRE0002311,EMP02311,2024-06-10,2024-06-20,2018-08-06,Naukri,-2135,Joined
HIRE0002312,EMP02312,2025-04-28,2025-05-11,2021-11-30,Employee Referral,-1245,Joined
HIRE0002313,EMP02313,2024-10-11,2024-10-25,2023-05-28,LinkedIn,-502,Joined
HIRE0002314,EMP02314,2023-09-26,2023-10-07,2016-09-17,Naukri,-2565,Joined
HIRE0002315,EMP02315,2023-08-28,2023-09-07,2019-04-08,Consultancy,-1603,Joined
HIRE0002316,EMP02316,2024-11-07,2024-11-15,2021-01-02,Campus,-1405,Joined
HIRE0002317,EMP02317,2023-09-09,2023-09-18,2022-04-17,Naukri,-510,Joined
HIRE0002318,EMP02318,2025-07-16,2025-07-23,2015-01-16,Campus,-3834,Joined
HIRE0002319,EMP02319,2023-11-11,2023-11-17,2022-11-21,Campus,-355,Joined
HIRE0002320,EMP02320,2024-01-15,2024-01-28,2017-02-22,LinkedIn,-2518,Joined
HIRE0002321,EMP02321,2025-05-10,2025-05-20,2022-08-04,Employee Referral,-1010,Joined
HIRE0002322,EMP02322,2023-08-25,2023-09-06,2023-11-16,Campus,83,Joined
HIRE0002323,EMP02323,2023-11-22,2023-12-05,2023-01-19,Indeed,-307,Joined
HIRE0002324,EMP02324,2023-09-01,2023-09-07,2018-09-10,Campus,-1817,Joined
HIRE0002325,EMP02325,2024-04-30,2024-05-09,2017-04-23,Naukri,-2564,Joined
HIRE0002326,EMP02326,2025-03-31,2025-04-10,2019-04-15,Campus,-2177,Joined
HIRE0002327,EMP02327,2025-07-17,2025-07-23,2016-05-11,LinkedIn,-3354,Joined
HIRE0002328,EMP02328,2024-06-11,2024-06-17,2020-02-26,Indeed,-1567,Joined
HIRE0002329,EMP02329,2024-09-06,2024-09-13,2017-05-30,Naukri,-2656,Joined
HIRE0002330,EMP02330,2024-04-07,2024-04-16,2020-09-22,LinkedIn,-1293,Joined
HIRE0002331,EMP02331,2024-01-22,2024-02-03,2020-11-22,Indeed,-1156,Joined
HIRE0002332,EMP02332,2024-07-01,2024-07-07,2020-10-07,Employee Referral,-1363,Joined
HIRE0002333,EMP02333,2024-01-31,2024-02-12,2018-08-19,Indeed,-1991,Joined
HIRE0002334,EMP02334,2023-12-03,2023-12-13,2022-02-18,Campus,-653,Joined
HIRE0002335,EMP02335,2024-05-04,2024-05-11,2015-12-23,Employee Referral,-3055,Joined
HIRE0002336,EMP02336,2023-12-02,2023-12-11,2021-12-02,Naukri,-730,Joined
HIRE0002337,EMP02337,2024-12-29,2025-01-06,2019-01-07,Naukri,-2183,Joined
HIRE0002338,EMP02338,2025-06-24,2025-07-07,2015-07-24,Employee Referral,-3623,Joined
HIRE0002339,EMP02339,2024-01-20,2024-02-01,2020-05-01,LinkedIn,-1359,Joined
HIRE0002340,EMP02340,2024-02-27,2024-03-03,2019-04-12,Campus,-1782,Joined
HIRE0002341,EMP02341,2024-10-31,2024-11-11,2015-02-03,Employee Referral,-3558,Joined
HIRE0002342,EMP02342,2025-05-24,2025-05-29,2023-05-18,Campus,-737,Joined
HIRE0002343,EMP02343,2024-09-06,2024-09-18,2021-11-24,Campus,-1017,Joined
HIRE0002344,EMP02344,2025-02-22,2025-03-05,2025-05-17,LinkedIn,84,Joined
HIRE0002345,EMP02345,2023-12-22,2023-12-27,2020-08-15,Employee Referral,-1224,Joined
HIRE0002346,EMP02346,2024-02-12,2024-02-26,2018-10-25,Employee Referral,-1936,Joined
HIRE0002347,EMP02347,2024-03-06,2024-03-18,2020-05-10,Indeed,-1396,Joined
HIRE0002348,EMP02348,2023-10-09,2023-10-19,2023-10-06,Employee Referral,-3,Joined
HIRE0002349,EMP02349,2024-12-19,2024-12-28,2022-08-07,Indeed,-865,Joined
HIRE0002350,EMP02350,2025-01-21,2025-01-28,2021-01-26,Naukri,-1456,Joined
HIRE0002351,EMP02351,2023-12-30,2024-01-11,2019-04-03,Indeed,-1732,Joined
HIRE0002352,EMP02352,2024-04-13,2024-04-27,2023-08-03,Naukri,-254,Joined
HIRE0002353,EMP02353,2024-01-12,2024-01-25,2021-11-13,Consultancy,-790,Joined
HIRE0002354,EMP02354,2025-05-29,2025-06-11,2016-05-26,LinkedIn,-3290,Joined
HIRE0002355,EMP02355,2024-10-07,2024-10-13,2022-06-09,LinkedIn,-851,Joined
HIRE0002356,EMP02356,2025-04-03,2025-04-10,2018-11-04,LinkedIn,-2342,Joined
HIRE0002357,EMP02357,2025-05-15,2025-05-22,2017-08-31,Indeed,-2814,Joined
HIRE0002358,EMP02358,2023-08-11,2023-08-17,2020-06-21,Employee Referral,-1146,Joined
HIRE0002359,EMP02359,2023-12-28,2024-01-04,2017-09-03,Naukri,-2307,Joined
HIRE0002360,EMP02360,2024-06-18,2024-06-28,2023-01-13,Consultancy,-522,Joined
HIRE0002361,EMP02361,2024-01-20,2024-02-03,2020-10-23,LinkedIn,-1184,Joined
HIRE0002362,EMP02362,2024-12-10,2024-12-19,2015-03-21,Consultancy,-3552,Joined
HIRE0002363,EMP02363,2025-05-03,2025-05-16,2015-05-17,LinkedIn,-3639,Joined
HIRE0002364,EMP02364,2025-01-14,2025-01-29,2023-05-27,Campus,-598,Joined
HIRE0002365,EMP02365,2024-11-20,2024-11-27,2019-10-21,Employee Referral,-1857,Joined
HIRE0002366,EMP02366,2024-10-26,2024-11-05,2021-01-14,Campus,-1381,Joined
HIRE0002367,EMP02367,2024-06-27,2024-07-06,2020-04-01,Indeed,-1548,Joined
HIRE0002368,EMP02368,2024-12-22,2025-01-03,2023-08-15,Indeed,-495,Joined
HIRE0002369,EMP02369,2023-10-30,2023-11-08,2019-02-03,Indeed,-1730,Joined
HIRE0002370,EMP02370,2025-02-23,2025-03-01,2021-08-18,Employee Referral,-1285,Joined
HIRE0002371,EMP02371,2025-02-26,2025-03-13,2023-12-08,Consultancy,-446,Joined
HIRE0002372,EMP02372,2024-04-10,2024-04-18,2018-09-26,Consultancy,-2023,Joined
HIRE0002373,EMP02373,2024-08-04,2024-08-09,2019-03-16,Consultancy,-1968,Joined
HIRE0002374,EMP02374,2024-09-13,2024-09-18,2020-09-24,Naukri,-1450,Joined
HIRE0002375,EMP02375,2025-04-11,2025-04-26,2018-05-17,Employee Referral,-2521,Joined
HIRE0002376,EMP02376,2024-09-26,2024-10-01,2020-11-09,Employee Referral,-1417,Joined
HIRE0002377,EMP02377,2025-06-03,2025-06-10,2015-02-16,Naukri,-3760,Joined
HIRE0002378,EMP02378,2024-07-07,2024-07-22,2022-06-02,Campus,-766,Joined
HIRE0002379,EMP02379,2025-01-09,2025-01-21,2020-05-31,LinkedIn,-1684,Joined
HIRE0002380,EMP02380,2024-03-19,2024-03-26,2020-08-14,Campus,-1313,Joined
HIRE0002381,EMP02381,2024-02-29,2024-03-15,2019-10-25,Indeed,-1588,Joined
HIRE0002382,EMP02382,2024-10-22,2024-11-04,2023-10-19,LinkedIn,-369,Joined
HIRE0002383,EMP02383,2023-11-09,2023-11-22,2022-06-04,Naukri,-523,Joined
HIRE0002384,EMP02384,2024-09-01,2024-09-06,2019-05-22,Naukri,-1929,Joined
HIRE0002385,EMP02385,2023-11-17,2023-11-29,2016-07-21,Naukri,-2675,Joined
HIRE0002386,EMP02386,2024-10-17,2024-10-31,2023-11-21,Campus,-331,Joined
HIRE0002387,EMP02387,2025-01-31,2025-02-06,2019-07-31,Naukri,-2011,Joined
HIRE0002388,EMP02388,2023-10-26,2023-11-01,2015-04-17,Employee Referral,-3114,Joined
HIRE0002389,EMP02389,2024-06-08,2024-06-13,2020-10-03,Naukri,-1344,Joined
HIRE0002390,EMP02390,2024-06-09,2024-06-18,2024-08-11,LinkedIn,63,Joined
HIRE0002391,EMP02391,2023-11-29,2023-12-07,2016-06-14,Campus,-2724,Joined
HIRE0002392,EMP02392,2025-01-06,2025-01-13,2021-04-07,Campus,-1370,Joined
HIRE0002393,EMP02393,2025-04-28,2025-05-10,2018-06-24,Employee Referral,-2500,Joined
HIRE0002394,EMP02394,2024-05-03,2024-05-17,2017-12-18,Campus,-2328,Joined
HIRE0002395,EMP02395,2024-04-09,2024-04-22,2024-08-18,LinkedIn,131,Joined
HIRE0002396,EMP02396,2023-12-04,2023-12-17,2018-03-31,Consultancy,-2074,Joined
HIRE0002397,EMP02397,2023-09-25,2023-10-05,2016-03-16,Naukri,-2749,Joined
HIRE0002398,EMP02398,2024-01-07,2024-01-12,2020-09-27,Employee Referral,-1197,Joined
HIRE0002399,EMP02399,2024-07-28,2024-08-12,2017-04-12,Naukri,-2664,Joined
HIRE0002400,EMP02400,2025-01-31,2025-02-15,2023-02-11,Naukri,-720,Joined
HIRE0002401,EMP02401,2024-08-16,2024-08-31,2022-01-03,Campus,-956,Joined
HIRE0002402,EMP02402,2024-07-16,2024-07-31,2020-04-02,Campus,-1566,Joined
HIRE0002403,EMP02403,2025-03-31,2025-04-15,2017-02-06,Consultancy,-2975,Joined
HIRE0002404,EMP02404,2025-03-20,2025-03-27,2023-11-01,LinkedIn,-505,Joined
HIRE0002405,EMP02405,2025-02-06,2025-02-19,2024-07-06,Naukri,-215,Joined
HIRE0002406,EMP02406,2024-06-08,2024-06-17,2024-11-13,LinkedIn,158,Joined
HIRE0002407,EMP02407,2023-12-02,2023-12-15,2023-10-23,Naukri,-40,Joined
HIRE0002408,EMP02408,2024-06-28,2024-07-08,2022-01-31,Naukri,-879,Joined
HIRE0002409,EMP02409,2025-07-04,2025-07-12,2023-07-11,LinkedIn,-724,Joined
HIRE0002410,EMP02410,2023-12-28,2024-01-04,2017-07-25,Consultancy,-2347,Joined
HIRE0002411,EMP02411,2025-06-15,2025-06-23,2019-07-02,Indeed,-2175,Joined
HIRE0002412,EMP02412,2024-07-01,2024-07-11,2024-04-07,LinkedIn,-85,Joined
HIRE0002413,EMP02413,2024-02-01,2024-02-07,2018-05-15,Campus,-2088,Joined
HIRE0002414,EMP02414,2023-08-12,2023-08-17,2020-11-28,Employee Referral,-987,Joined
HIRE0002415,EMP02415,2024-10-08,2024-10-13,2018-05-03,LinkedIn,-2350,Joined
HIRE0002416,EMP02416,2024-01-19,2024-01-31,2019-08-28,Indeed,-1605,Joined
HIRE0002417,EMP02417,2024-08-11,2024-08-21,2015-07-28,LinkedIn,-3302,Joined
HIRE0002418,EMP02418,2023-12-07,2023-12-19,2025-09-05,Employee Referral,638,Joined
HIRE0002419,EMP02419,2024-11-19,2024-12-02,2017-11-29,Consultancy,-2547,Joined
HIRE0002420,EMP02420,2024-12-15,2024-12-23,2022-11-22,LinkedIn,-754,Joined
HIRE0002421,EMP02421,2023-08-10,2023-08-16,2016-06-25,Consultancy,-2602,Joined
HIRE0002422,EMP02422,2025-04-01,2025-04-16,2017-09-02,Consultancy,-2768,Joined
HIRE0002423,EMP02423,2023-10-04,2023-10-14,2025-03-14,Employee Referral,527,Joined
HIRE0002424,EMP02424,2024-06-01,2024-06-10,2018-03-02,Campus,-2283,Joined
HIRE0002425,EMP02425,2025-02-07,2025-02-22,2017-09-02,Consultancy,-2715,Joined
HIRE0002426,EMP02426,2024-08-12,2024-08-26,2020-01-16,Indeed,-1670,Joined
HIRE0002427,EMP02427,2024-07-31,2024-08-15,2024-11-27,Consultancy,119,Joined
HIRE0002428,EMP02428,2025-05-22,2025-05-29,2023-06-10,Campus,-712,Joined
HIRE0002429,EMP02429,2024-03-13,2024-03-26,2018-04-30,Indeed,-2144,Joined
HIRE0002430,EMP02430,2025-04-13,2025-04-28,2018-12-22,Indeed,-2304,Joined
HIRE0002431,EMP02431,2025-05-25,2025-06-04,2016-09-21,Indeed,-3168,Joined
HIRE0002432,EMP02432,2023-11-27,2023-12-02,2022-08-12,Employee Referral,-472,Joined
HIRE0002433,EMP02433,2024-02-14,2024-02-29,2020-07-05,Naukri,-1319,Joined
HIRE0002434,EMP02434,2023-11-13,2023-11-27,2025-12-23,Employee Referral,771,Joined
HIRE0002435,EMP02435,2023-11-04,2023-11-18,2019-09-06,LinkedIn,-1520,Joined
HIRE0002436,EMP02436,2023-12-13,2023-12-22,2018-05-18,LinkedIn,-2035,Joined
HIRE0002437,EMP02437,2024-12-19,2025-01-02,2018-05-16,Indeed,-2409,Joined
HIRE0002438,EMP02438,2023-08-06,2023-08-12,2017-11-30,Employee Referral,-2075,Joined
HIRE0002439,EMP02439,2024-02-09,2024-02-14,2019-11-09,Campus,-1553,Joined
HIRE0002440,EMP02440,2024-02-26,2024-03-05,2024-07-28,Campus,153,Joined
HIRE0002441,EMP02441,2024-03-10,2024-03-16,2024-04-11,Naukri,32,Joined
HIRE0002442,EMP02442,2025-06-13,2025-06-21,2017-01-10,Employee Referral,-3076,Joined
HIRE0002443,EMP02443,2024-05-09,2024-05-16,2023-01-05,Naukri,-490,Joined
HIRE0002444,EMP02444,2024-03-01,2024-03-15,2016-06-24,LinkedIn,-2807,Joined
HIRE0002445,EMP02445,2024-12-29,2025-01-05,2022-10-31,Naukri,-790,Joined
HIRE0002446,EMP02446,2024-01-03,2024-01-14,2024-02-13,Naukri,41,Joined
HIRE0002447,EMP02447,2023-10-01,2023-10-15,2018-12-01,Employee Referral,-1765,Joined
HIRE0002448,EMP02448,2024-02-22,2024-03-07,2023-06-26,Campus,-241,Joined
HIRE0002449,EMP02449,2024-09-19,2024-09-29,2015-03-13,Consultancy,-3478,Joined
HIRE0002450,EMP02450,2024-03-24,2024-04-05,2019-11-21,Employee Referral,-1585,Joined
HIRE0002451,EMP02451,2024-08-05,2024-08-14,2019-12-30,Consultancy,-1680,Joined
HIRE0002452,EMP02452,2025-07-02,2025-07-16,2023-08-01,Campus,-701,Joined
HIRE0002453,EMP02453,2024-11-27,2024-12-10,2016-04-14,Campus,-3149,Joined
HIRE0002454,EMP02454,2023-11-04,2023-11-17,2025-06-10,Consultancy,584,Joined
HIRE0002455,EMP02455,2024-06-27,2024-07-07,2015-05-21,Consultancy,-3325,Joined
HIRE0002456,EMP02456,2024-12-05,2024-12-17,2017-05-13,Consultancy,-2763,Joined
HIRE0002457,EMP02457,2025-07-16,2025-07-22,2023-07-11,Employee Referral,-736,Joined
HIRE0002458,EMP02458,2024-10-30,2024-11-14,2019-05-07,LinkedIn,-2003,Joined
HIRE0002459,EMP02459,2023-11-29,2023-12-07,2020-07-05,Employee Referral,-1242,Joined
HIRE0002460,EMP02460,2025-06-18,2025-06-26,2025-05-21,Naukri,-28,Joined
HIRE0002461,EMP02461,2023-09-29,2023-10-11,2020-12-07,Naukri,-1026,Joined
HIRE0002462,EMP02462,2024-09-21,2024-09-26,2020-07-21,LinkedIn,-1523,Joined
HIRE0002463,EMP02463,2025-02-02,2025-02-07,2024-07-22,Employee Referral,-195,Joined
HIRE0002464,EMP02464,2024-11-25,2024-12-06,2021-08-13,Employee Referral,-1200,Joined
HIRE0002465,EMP02465,2025-06-23,2025-07-08,2020-09-19,Consultancy,-1738,Joined
HIRE0002466,EMP02466,2025-07-18,2025-07-30,2022-07-12,Employee Referral,-1102,Joined
HIRE0002467,EMP02467,2023-12-13,2023-12-27,2020-07-07,Employee Referral,-1254,Joined
HIRE0002468,EMP02468,2024-07-12,2024-07-18,2021-12-11,Consultancy,-944,Joined
HIRE0002469,EMP02469,2024-07-24,2024-08-06,2019-07-14,Campus,-1837,Joined
HIRE0002470,EMP02470,2025-07-09,2025-07-22,2024-07-26,LinkedIn,-348,Joined
HIRE0002471,EMP02471,2023-08-19,2023-08-27,2015-10-12,Naukri,-2868,Joined
HIRE0002472,EMP02472,2024-03-05,2024-03-20,2018-02-02,Consultancy,-2223,Joined
HIRE0002473,EMP02473,2024-02-05,2024-02-14,2021-11-09,Indeed,-818,Joined
HIRE0002474,EMP02474,2024-05-19,2024-05-31,2021-01-07,Consultancy,-1228,Joined
HIRE0002475,EMP02475,2024-09-10,2024-09-23,2025-07-29,Campus,322,Joined
HIRE0002476,EMP02476,2023-10-01,2023-10-10,2021-06-08,Campus,-845,Joined
HIRE0002477,EMP02477,2024-02-26,2024-03-09,2018-07-15,LinkedIn,-2052,Joined
HIRE0002478,EMP02478,2023-11-25,2023-12-03,2017-12-08,Consultancy,-2178,Joined
HIRE0002479,EMP02479,2025-01-12,2025-01-22,2022-10-27,Naukri,-808,Joined
HIRE0002480,EMP02480,2023-12-04,2023-12-16,2019-01-19,LinkedIn,-1780,Joined
HIRE0002481,EMP02481,2024-11-01,2024-11-10,2017-05-21,Consultancy,-2721,Joined
HIRE0002482,EMP02482,2024-10-14,2024-10-21,2018-09-05,LinkedIn,-2231,Joined
HIRE0002483,EMP02483,2024-11-02,2024-11-11,2017-11-23,LinkedIn,-2536,Joined
HIRE0002484,EMP02484,2024-05-22,2024-06-05,2023-05-21,Naukri,-367,Joined
HIRE0002485,EMP02485,2023-09-21,2023-09-30,2023-07-07,Employee Referral,-76,Joined
HIRE0002486,EMP02486,2023-10-20,2023-10-31,2015-04-20,Indeed,-3105,Joined
HIRE0002487,EMP02487,2024-05-07,2024-05-16,2025-06-10,Naukri,399,Joined
HIRE0002488,EMP02488,2024-03-21,2024-04-04,2017-10-30,Naukri,-2334,Joined
HIRE0002489,EMP02489,2023-11-24,2023-12-04,2020-04-03,Consultancy,-1330,Joined
HIRE0002490,EMP02490,2025-04-21,2025-04-26,2020-12-01,Consultancy,-1602,Joined
HIRE0002491,EMP02491,2024-04-12,2024-04-21,2018-01-02,Campus,-2292,Joined
HIRE0002492,EMP02492,2024-12-08,2024-12-19,2021-05-01,LinkedIn,-1317,Joined
HIRE0002493,EMP02493,2024-08-14,2024-08-21,2025-03-03,Naukri,201,Joined
HIRE0002494,EMP02494,2023-09-17,2023-10-01,2024-04-28,Indeed,224,Joined
HIRE0002495,EMP02495,2025-01-29,2025-02-10,2023-11-22,Campus,-434,Joined
HIRE0002496,EMP02496,2023-09-11,2023-09-26,2020-01-31,Campus,-1319,Joined
HIRE0002497,EMP02497,2023-11-26,2023-12-09,2015-01-25,Naukri,-3227,Joined
HIRE0002498,EMP02498,2024-05-20,2024-06-02,2016-07-12,LinkedIn,-2869,Joined
HIRE0002499,EMP02499,2024-01-17,2024-01-30,2021-08-24,LinkedIn,-876,Joined
HIRE0002500,EMP02500,2024-08-17,2024-08-23,2023-01-17,Indeed,-578,Joined
HIRE0002501,EMP02501,2024-02-06,2024-02-16,2015-04-08,LinkedIn,-3226,Joined
HIRE0002502,EMP02502,2025-02-22,2025-03-05,2019-08-28,Naukri,-2005,Joined
HIRE0002503,EMP02503,2024-08-07,2024-08-12,2015-07-12,Employee Referral,-3314,Joined
HIRE0002504,EMP02504,2024-02-20,2024-02-29,2022-08-18,Consultancy,-551,Joined
HIRE0002505,EMP02505,2024-03-07,2024-03-14,2016-05-26,Campus,-2842,Joined
HIRE0002506,EMP02506,2025-07-28,2025-08-11,2015-10-22,Employee Referral,-3567,Joined
HIRE0002507,EMP02507,2024-12-29,2025-01-12,2022-02-26,Campus,-1037,Joined
HIRE0002508,EMP02508,2025-05-25,2025-06-06,2017-02-14,Consultancy,-3022,Joined
HIRE0002509,EMP02509,2023-10-20,2023-11-04,2023-10-07,Indeed,-13,Joined
HIRE0002510,EMP02510,2024-09-16,2024-09-21,2024-01-11,Campus,-249,Joined
HIRE0002511,EMP02511,2025-07-07,2025-07-13,2018-07-06,Campus,-2558,Joined
HIRE0002512,EMP02512,2024-11-08,2024-11-14,2022-11-21,LinkedIn,-718,Joined
HIRE0002513,EMP02513,2024-05-23,2024-06-06,2021-10-14,Indeed,-952,Joined
HIRE0002514,EMP02514,2025-02-08,2025-02-20,2022-03-07,LinkedIn,-1069,Joined
HIRE0002515,EMP02515,2025-04-28,2025-05-07,2023-03-08,Naukri,-782,Joined
HIRE0002516,EMP02516,2024-07-09,2024-07-24,2017-02-18,Employee Referral,-2698,Joined
HIRE0002517,EMP02517,2024-08-23,2024-09-07,2023-08-19,Consultancy,-370,Joined
HIRE0002518,EMP02518,2025-04-08,2025-04-13,2023-01-27,Consultancy,-802,Joined
HIRE0002519,EMP02519,2025-02-28,2025-03-09,2025-10-12,Indeed,226,Joined
HIRE0002520,EMP02520,2024-02-09,2024-02-22,2017-05-01,Consultancy,-2475,Joined
HIRE0002521,EMP02521,2024-11-28,2024-12-11,2020-03-25,Consultancy,-1709,Joined
HIRE0002522,EMP02522,2025-06-26,2025-07-06,2023-07-21,Consultancy,-706,Joined
HIRE0002523,EMP02523,2024-08-30,2024-09-09,2018-04-23,Campus,-2321,Joined
HIRE0002524,EMP02524,2024-11-05,2024-11-11,2019-06-09,Consultancy,-1976,Joined
HIRE0002525,EMP02525,2024-02-23,2024-03-08,2025-09-24,Campus,579,Joined
HIRE0002526,EMP02526,2025-03-30,2025-04-11,2022-09-27,Indeed,-915,Joined
HIRE0002527,EMP02527,2024-11-26,2024-12-10,2022-11-29,Campus,-728,Joined
HIRE0002528,EMP02528,2024-06-09,2024-06-19,2021-06-05,Consultancy,-1100,Joined
HIRE0002529,EMP02529,2023-08-07,2023-08-15,2019-04-29,Naukri,-1561,Joined
HIRE0002530,EMP02530,2025-04-22,2025-05-06,2019-05-15,Campus,-2169,Joined
HIRE0002531,EMP02531,2024-09-11,2024-09-18,2015-04-23,LinkedIn,-3429,Joined
HIRE0002532,EMP02532,2023-10-08,2023-10-13,2016-01-28,Campus,-2810,Joined
HIRE0002533,EMP02533,2025-01-28,2025-02-07,2018-09-13,Consultancy,-2329,Joined
HIRE0002534,EMP02534,2024-05-14,2024-05-22,2022-04-07,Indeed,-768,Joined
HIRE0002535,EMP02535,2025-06-23,2025-07-02,2024-10-05,LinkedIn,-261,Joined
HIRE0002536,EMP02536,2025-04-23,2025-04-28,2022-09-10,Consultancy,-956,Joined
HIRE0002537,EMP02537,2024-01-27,2024-02-04,2020-12-17,Employee Referral,-1136,Joined
HIRE0002538,EMP02538,2025-02-21,2025-03-03,2023-12-18,Naukri,-431,Joined
HIRE0002539,EMP02539,2024-09-18,2024-09-27,2019-07-25,Employee Referral,-1882,Joined
HIRE0002540,EMP02540,2025-05-10,2025-05-21,2022-12-12,Campus,-880,Joined
HIRE0002541,EMP02541,2023-12-29,2024-01-10,2021-05-23,Naukri,-950,Joined
HIRE0002542,EMP02542,2025-05-01,2025-05-13,2022-12-15,Consultancy,-868,Joined
HIRE0002543,EMP02543,2024-07-03,2024-07-18,2022-07-13,Indeed,-721,Joined
HIRE0002544,EMP02544,2024-03-04,2024-03-16,2016-04-23,Campus,-2872,Joined
HIRE0002545,EMP02545,2025-05-04,2025-05-17,2019-06-02,Employee Referral,-2163,Joined
HIRE0002546,EMP02546,2025-07-30,2025-08-09,2023-09-02,Indeed,-697,Joined
HIRE0002547,EMP02547,2025-05-05,2025-05-10,2018-03-11,Consultancy,-2612,Joined
HIRE0002548,EMP02548,2024-02-02,2024-02-10,2018-06-22,Campus,-2051,Joined
HIRE0002549,EMP02549,2024-04-25,2024-05-08,2022-05-03,Naukri,-723,Joined
HIRE0002550,EMP02550,2024-10-22,2024-10-28,2020-10-13,Naukri,-1470,Joined
HIRE0002551,EMP02551,2024-12-09,2024-12-15,2020-07-28,Naukri,-1595,Joined
HIRE0002552,EMP02552,2024-10-05,2024-10-17,2019-12-19,Consultancy,-1752,Joined
HIRE0002553,EMP02553,2024-12-02,2024-12-08,2020-09-11,Campus,-1543,Joined
HIRE0002554,EMP02554,2023-08-29,2023-09-05,2021-07-10,LinkedIn,-780,Joined
HIRE0002555,EMP02555,2024-08-04,2024-08-09,2022-08-31,Employee Referral,-704,Joined
HIRE0002556,EMP02556,2024-11-14,2024-11-22,2021-08-30,Campus,-1172,Joined
HIRE0002557,EMP02557,2025-04-17,2025-05-01,2021-07-24,LinkedIn,-1363,Joined
HIRE0002558,EMP02558,2023-08-07,2023-08-12,2017-10-27,Naukri,-2110,Joined
HIRE0002559,EMP02559,2023-10-14,2023-10-23,2021-04-27,Indeed,-900,Joined
HIRE0002560,EMP02560,2024-12-08,2024-12-17,2025-02-28,Campus,82,Joined
HIRE0002561,EMP02561,2023-09-15,2023-09-30,2022-07-12,Indeed,-430,Joined
HIRE0002562,EMP02562,2024-11-14,2024-11-20,2015-01-28,Indeed,-3578,Joined
HIRE0002563,EMP02563,2023-10-19,2023-10-29,2023-02-10,Consultancy,-251,Joined
HIRE0002564,EMP02564,2025-07-28,2025-08-04,2024-12-23,Indeed,-217,Joined
HIRE0002565,EMP02565,2023-10-22,2023-10-31,2016-03-02,Naukri,-2790,Joined
HIRE0002566,EMP02566,2023-09-11,2023-09-20,2021-07-20,Consultancy,-783,Joined
HIRE0002567,EMP02567,2024-12-23,2025-01-07,2022-04-12,Consultancy,-986,Joined
HIRE0002568,EMP02568,2024-04-23,2024-04-30,2015-01-11,Employee Referral,-3390,Joined
HIRE0002569,EMP02569,2024-10-11,2024-10-26,2020-09-23,Consultancy,-1479,Joined
HIRE0002570,EMP02570,2025-05-22,2025-06-02,2023-03-31,Campus,-783,Joined
HIRE0002571,EMP02571,2024-01-21,2024-01-27,2025-12-31,Consultancy,710,Joined
HIRE0002572,EMP02572,2023-10-11,2023-10-23,2023-04-22,Campus,-172,Joined
HIRE0002573,EMP02573,2024-10-28,2024-11-03,2018-11-04,Campus,-2185,Joined
HIRE0002574,EMP02574,2025-03-11,2025-03-20,2019-12-14,LinkedIn,-1914,Joined
HIRE0002575,EMP02575,2024-04-06,2024-04-14,2021-02-13,Employee Referral,-1148,Joined
HIRE0002576,EMP02576,2025-03-03,2025-03-09,2022-03-22,Naukri,-1077,Joined
HIRE0002577,EMP02577,2024-01-03,2024-01-15,2018-10-02,Naukri,-1919,Joined
HIRE0002578,EMP02578,2025-07-07,2025-07-13,2024-05-25,Employee Referral,-408,Joined
HIRE0002579,EMP02579,2023-11-26,2023-12-03,2019-03-09,LinkedIn,-1723,Joined
HIRE0002580,EMP02580,2023-10-29,2023-11-10,2025-06-10,Consultancy,590,Joined
HIRE0002581,EMP02581,2023-12-21,2023-12-27,2022-04-11,Employee Referral,-619,Joined
HIRE0002582,EMP02582,2024-07-06,2024-07-18,2019-12-19,LinkedIn,-1661,Joined
HIRE0002583,EMP02583,2025-03-11,2025-03-20,2015-05-24,Indeed,-3579,Joined
HIRE0002584,EMP02584,2023-08-12,2023-08-17,2015-07-16,Employee Referral,-2949,Joined
HIRE0002585,EMP02585,2024-02-14,2024-02-19,2025-02-08,Indeed,360,Joined
HIRE0002586,EMP02586,2024-09-17,2024-09-23,2021-09-03,Employee Referral,-1110,Joined
HIRE0002587,EMP02587,2024-02-18,2024-03-01,2018-02-26,Indeed,-2183,Joined
HIRE0002588,EMP02588,2025-01-29,2025-02-03,2025-02-05,Campus,7,Joined
HIRE0002589,EMP02589,2025-03-09,2025-03-18,2020-12-25,Campus,-1535,Joined
HIRE0002590,EMP02590,2024-12-29,2025-01-10,2019-01-27,Indeed,-2163,Joined
HIRE0002591,EMP02591,2023-10-28,2023-11-03,2023-12-09,Indeed,42,Joined
HIRE0002592,EMP02592,2024-11-15,2024-11-23,2021-12-03,Consultancy,-1078,Joined
HIRE0002593,EMP02593,2024-11-20,2024-12-03,2025-02-08,Indeed,80,Joined
HIRE0002594,EMP02594,2025-07-03,2025-07-17,2017-06-29,Indeed,-2926,Joined
HIRE0002595,EMP02595,2025-07-01,2025-07-15,2022-10-15,Indeed,-990,Joined
HIRE0002596,EMP02596,2023-11-02,2023-11-11,2025-06-16,LinkedIn,592,Joined
HIRE0002597,EMP02597,2023-09-03,2023-09-18,2024-07-29,Employee Referral,330,Joined
HIRE0002598,EMP02598,2024-01-16,2024-01-31,2025-09-30,Consultancy,623,Joined
HIRE0002599,EMP02599,2023-12-27,2024-01-02,2020-08-06,Employee Referral,-1238,Joined
HIRE0002600,EMP02600,2025-01-11,2025-01-22,2021-01-28,Naukri,-1444,Joined
HIRE0002601,EMP02601,2024-09-22,2024-09-27,2018-02-11,Campus,-2415,Joined
HIRE0002602,EMP02602,2024-01-19,2024-01-27,2022-10-19,Naukri,-457,Joined
HIRE0002603,EMP02603,2024-01-07,2024-01-12,2025-12-17,Employee Referral,710,Joined
HIRE0002604,EMP02604,2024-04-26,2024-05-01,2019-08-05,LinkedIn,-1726,Joined
HIRE0002605,EMP02605,2024-12-16,2024-12-23,2017-10-30,Campus,-2604,Joined
HIRE0002606,EMP02606,2023-09-27,2023-10-03,2017-10-13,Consultancy,-2175,Joined
HIRE0002607,EMP02607,2023-12-13,2023-12-27,2019-09-10,Employee Referral,-1555,Joined
HIRE0002608,EMP02608,2025-05-03,2025-05-14,2025-02-20,Naukri,-72,Joined
HIRE0002609,EMP02609,2024-01-20,2024-01-28,2018-12-19,Naukri,-1858,Joined
HIRE0002610,EMP02610,2023-10-27,2023-11-11,2020-11-13,Campus,-1078,Joined
HIRE0002611,EMP02611,2023-12-23,2024-01-07,2021-01-07,Consultancy,-1080,Joined
HIRE0002612,EMP02612,2025-04-22,2025-05-03,2022-07-25,Campus,-1002,Joined
HIRE0002613,EMP02613,2024-06-07,2024-06-16,2020-11-12,Naukri,-1303,Joined
HIRE0002614,EMP02614,2025-07-20,2025-07-29,2020-03-10,LinkedIn,-1958,Joined
HIRE0002615,EMP02615,2024-01-19,2024-02-03,2025-11-16,Naukri,667,Joined
HIRE0002616,EMP02616,2024-09-10,2024-09-23,2017-09-21,LinkedIn,-2546,Joined
HIRE0002617,EMP02617,2024-01-10,2024-01-16,2020-12-13,Naukri,-1123,Joined
HIRE0002618,EMP02618,2024-08-21,2024-08-30,2025-05-14,Indeed,266,Joined
HIRE0002619,EMP02619,2024-01-24,2024-02-02,2021-10-08,Employee Referral,-838,Joined
HIRE0002620,EMP02620,2024-06-28,2024-07-13,2023-11-05,Indeed,-236,Joined
HIRE0002621,EMP02621,2024-02-05,2024-02-15,2025-10-23,Consultancy,626,Joined
HIRE0002622,EMP02622,2024-11-13,2024-11-20,2016-10-29,Employee Referral,-2937,Joined
HIRE0002623,EMP02623,2025-04-01,2025-04-12,2017-09-06,LinkedIn,-2764,Joined
HIRE0002624,EMP02624,2023-10-26,2023-11-01,2022-02-18,Naukri,-615,Joined
HIRE0002625,EMP02625,2023-12-12,2023-12-23,2016-04-25,Employee Referral,-2787,Joined
HIRE0002626,EMP02626,2023-11-07,2023-11-13,2024-12-28,Indeed,417,Joined
HIRE0002627,EMP02627,2024-05-28,2024-06-10,2019-07-12,LinkedIn,-1782,Joined
HIRE0002628,EMP02628,2023-11-02,2023-11-07,2021-10-26,Campus,-737,Joined
HIRE0002629,EMP02629,2025-03-18,2025-03-31,2015-04-15,Naukri,-3625,Joined
HIRE0002630,EMP02630,2025-05-23,2025-06-06,2018-03-18,LinkedIn,-2623,Joined
HIRE0002631,EMP02631,2024-05-20,2024-05-29,2025-01-10,Employee Referral,235,Joined
HIRE0002632,EMP02632,2024-10-29,2024-11-06,2018-05-11,LinkedIn,-2363,Joined
HIRE0002633,EMP02633,2024-03-14,2024-03-21,2021-12-26,Indeed,-809,Joined
HIRE0002634,EMP02634,2024-08-15,2024-08-22,2024-08-16,Employee Referral,1,Joined
HIRE0002635,EMP02635,2024-09-29,2024-10-11,2018-04-01,Employee Referral,-2373,Joined
HIRE0002636,EMP02636,2024-05-22,2024-06-05,2020-05-12,Campus,-1471,Joined
HIRE0002637,EMP02637,2024-08-28,2024-09-02,2018-08-23,Employee Referral,-2197,Joined
HIRE0002638,EMP02638,2023-10-09,2023-10-22,2023-12-26,Consultancy,78,Joined
HIRE0002639,EMP02639,2024-10-27,2024-11-05,2019-08-31,Indeed,-1884,Joined
HIRE0002640,EMP02640,2023-08-06,2023-08-14,2022-12-08,LinkedIn,-241,Joined
HIRE0002641,EMP02641,2023-10-19,2023-10-28,2021-02-10,Employee Referral,-981,Joined
HIRE0002642,EMP02642,2025-06-24,2025-07-04,2021-06-16,Naukri,-1469,Joined
HIRE0002643,EMP02643,2024-05-19,2024-06-02,2019-12-17,Indeed,-1615,Joined
HIRE0002644,EMP02644,2025-01-16,2025-01-22,2024-08-16,Campus,-153,Joined
HIRE0002645,EMP02645,2024-02-28,2024-03-11,2017-09-06,Employee Referral,-2366,Joined
HIRE0002646,EMP02646,2024-07-02,2024-07-08,2017-11-14,Consultancy,-2422,Joined
HIRE0002647,EMP02647,2025-01-27,2025-02-01,2017-07-15,Campus,-2753,Joined
HIRE0002648,EMP02648,2025-03-12,2025-03-19,2023-08-23,Consultancy,-567,Joined
HIRE0002649,EMP02649,2025-04-11,2025-04-26,2015-02-25,Employee Referral,-3698,Joined
HIRE0002650,EMP02650,2025-04-07,2025-04-21,2022-09-27,Indeed,-923,Joined
HIRE0002651,EMP02651,2025-06-06,2025-06-13,2022-05-10,Consultancy,-1123,Joined
HIRE0002652,EMP02652,2025-02-26,2025-03-10,2024-12-22,LinkedIn,-66,Joined
HIRE0002653,EMP02653,2023-12-17,2023-12-23,2021-06-24,Indeed,-906,Joined
HIRE0002654,EMP02654,2025-05-15,2025-05-22,2021-12-15,Indeed,-1247,Joined
HIRE0002655,EMP02655,2024-08-30,2024-09-08,2022-12-19,Consultancy,-620,Joined
HIRE0002656,EMP02656,2024-08-08,2024-08-18,2017-11-11,LinkedIn,-2462,Joined
HIRE0002657,EMP02657,2024-06-18,2024-06-30,2019-05-29,LinkedIn,-1847,Joined
HIRE0002658,EMP02658,2024-09-30,2024-10-14,2019-12-17,Employee Referral,-1749,Joined
HIRE0002659,EMP02659,2024-04-05,2024-04-10,2023-12-18,Consultancy,-109,Joined
HIRE0002660,EMP02660,2024-06-09,2024-06-24,2016-02-22,Employee Referral,-3030,Joined
HIRE0002661,EMP02661,2025-01-06,2025-01-17,2018-09-25,Campus,-2295,Joined
HIRE0002662,EMP02662,2024-06-26,2024-07-09,2025-07-29,Indeed,398,Joined
HIRE0002663,EMP02663,2025-05-17,2025-05-26,2021-05-09,Consultancy,-1469,Joined
HIRE0002664,EMP02664,2023-11-13,2023-11-26,2025-12-25,Consultancy,773,Joined
HIRE0002665,EMP02665,2025-07-09,2025-07-18,2024-08-12,Naukri,-331,Joined
HIRE0002666,EMP02666,2024-11-21,2024-12-05,2015-05-01,Campus,-3492,Joined
HIRE0002667,EMP02667,2023-12-06,2023-12-16,2024-12-30,LinkedIn,390,Joined
HIRE0002668,EMP02668,2025-03-15,2025-03-22,2024-02-02,LinkedIn,-407,Joined
HIRE0002669,EMP02669,2023-08-06,2023-08-18,2021-06-17,LinkedIn,-780,Joined
HIRE0002670,EMP02670,2025-01-27,2025-02-04,2015-02-01,Indeed,-3648,Joined
HIRE0002671,EMP02671,2024-07-03,2024-07-10,2022-06-05,Employee Referral,-759,Joined
HIRE0002672,EMP02672,2024-12-19,2024-12-29,2025-03-14,Employee Referral,85,Joined
HIRE0002673,EMP02673,2025-06-03,2025-06-14,2022-08-29,Campus,-1009,Joined
HIRE0002674,EMP02674,2025-04-06,2025-04-19,2018-02-28,Consultancy,-2594,Joined
HIRE0002675,EMP02675,2025-07-20,2025-08-02,2017-05-23,Employee Referral,-2980,Joined
HIRE0002676,EMP02676,2023-11-28,2023-12-13,2019-08-26,LinkedIn,-1555,Joined
HIRE0002677,EMP02677,2024-06-11,2024-06-18,2020-11-19,Campus,-1300,Joined
HIRE0002678,EMP02678,2025-04-01,2025-04-14,2015-11-08,Consultancy,-3432,Joined
HIRE0002679,EMP02679,2023-12-16,2023-12-29,2023-12-22,Campus,6,Joined
HIRE0002680,EMP02680,2024-11-03,2024-11-12,2021-04-10,Indeed,-1303,Joined
HIRE0002681,EMP02681,2024-07-31,2024-08-14,2025-06-12,Naukri,316,Joined
HIRE0002682,EMP02682,2025-03-02,2025-03-14,2019-08-03,Naukri,-2038,Joined
HIRE0002683,EMP02683,2023-08-29,2023-09-10,2015-09-16,Consultancy,-2904,Joined
HIRE0002684,EMP02684,2024-09-27,2024-10-03,2024-04-30,Campus,-150,Joined
HIRE0002685,EMP02685,2023-10-03,2023-10-12,2024-01-21,Consultancy,110,Joined
HIRE0002686,EMP02686,2024-03-23,2024-04-02,2022-10-18,Consultancy,-522,Joined
HIRE0002687,EMP02687,2025-07-11,2025-07-20,2018-03-19,Employee Referral,-2671,Joined
HIRE0002688,EMP02688,2024-09-27,2024-10-06,2023-09-03,Indeed,-390,Joined
HIRE0002689,EMP02689,2024-10-03,2024-10-12,2018-06-12,Consultancy,-2305,Joined
HIRE0002690,EMP02690,2024-07-30,2024-08-05,2025-09-04,LinkedIn,401,Joined
HIRE0002691,EMP02691,2025-03-20,2025-03-29,2023-07-13,LinkedIn,-616,Joined
HIRE0002692,EMP02692,2023-12-28,2024-01-06,2016-05-15,Consultancy,-2783,Joined
HIRE0002693,EMP02693,2024-05-27,2024-06-06,2025-06-09,Campus,378,Joined
HIRE0002694,EMP02694,2023-12-25,2024-01-01,2019-06-28,Naukri,-1641,Joined
HIRE0002695,EMP02695,2025-07-05,2025-07-12,2015-05-25,LinkedIn,-3694,Joined
HIRE0002696,EMP02696,2024-11-21,2024-11-30,2017-04-17,Indeed,-2775,Joined
HIRE0002697,EMP02697,2025-02-04,2025-02-13,2022-02-12,Consultancy,-1088,Joined
HIRE0002698,EMP02698,2025-05-25,2025-06-09,2025-06-27,Employee Referral,33,Joined
HIRE0002699,EMP02699,2023-08-29,2023-09-11,2018-05-23,LinkedIn,-1924,Joined
HIRE0002700,EMP02700,2024-06-28,2024-07-08,2022-12-31,Indeed,-545,Joined
HIRE0002701,EMP02701,2025-02-23,2025-03-05,2021-03-27,Campus,-1429,Joined
HIRE0002702,EMP02702,2024-09-13,2024-09-19,2019-03-05,Indeed,-2019,Joined
HIRE0002703,EMP02703,2025-01-14,2025-01-22,2022-09-06,Employee Referral,-861,Joined
HIRE0002704,EMP02704,2025-05-02,2025-05-11,2018-05-04,Campus,-2555,Joined
HIRE0002705,EMP02705,2024-12-26,2025-01-04,2015-01-04,Employee Referral,-3644,Joined
HIRE0002706,EMP02706,2024-01-15,2024-01-26,2023-07-08,Naukri,-191,Joined
HIRE0002707,EMP02707,2024-12-11,2024-12-23,2017-04-03,Naukri,-2809,Joined
HIRE0002708,EMP02708,2025-07-11,2025-07-16,2020-10-04,Consultancy,-1741,Joined
HIRE0002709,EMP02709,2024-03-23,2024-04-02,2019-03-21,LinkedIn,-1829,Joined
HIRE0002710,EMP02710,2024-09-19,2024-09-28,2025-04-18,Employee Referral,211,Joined
HIRE0002711,EMP02711,2023-12-15,2023-12-23,2021-10-06,Campus,-800,Joined
HIRE0002712,EMP02712,2025-07-19,2025-07-29,2020-01-07,Employee Referral,-2020,Joined
HIRE0002713,EMP02713,2025-07-27,2025-08-07,2015-08-27,Naukri,-3622,Joined
HIRE0002714,EMP02714,2024-04-29,2024-05-12,2018-03-15,Campus,-2237,Joined
HIRE0002715,EMP02715,2024-04-19,2024-04-24,2025-10-08,LinkedIn,537,Joined
HIRE0002716,EMP02716,2024-08-20,2024-08-29,2021-03-15,Employee Referral,-1254,Joined
HIRE0002717,EMP02717,2023-10-27,2023-11-09,2024-02-22,Indeed,118,Joined
HIRE0002718,EMP02718,2025-07-16,2025-07-24,2016-09-05,Campus,-3236,Joined
HIRE0002719,EMP02719,2025-04-02,2025-04-14,2023-09-08,Naukri,-572,Joined
HIRE0002720,EMP02720,2025-04-29,2025-05-11,2015-05-12,Indeed,-3640,Joined
HIRE0002721,EMP02721,2023-10-26,2023-11-10,2019-10-16,Campus,-1471,Joined
HIRE0002722,EMP02722,2025-07-29,2025-08-04,2025-04-01,LinkedIn,-119,Joined
HIRE0002723,EMP02723,2024-07-09,2024-07-24,2021-06-11,Consultancy,-1124,Joined
HIRE0002724,EMP02724,2025-07-01,2025-07-09,2018-07-09,Indeed,-2549,Joined
HIRE0002725,EMP02725,2024-02-01,2024-02-11,2018-07-09,Consultancy,-2033,Joined
HIRE0002726,EMP02726,2024-07-02,2024-07-08,2017-01-25,Indeed,-2715,Joined
HIRE0002727,EMP02727,2025-05-17,2025-05-30,2018-04-24,Naukri,-2580,Joined
HIRE0002728,EMP02728,2025-06-12,2025-06-22,2024-02-12,Employee Referral,-486,Joined
HIRE0002729,EMP02729,2024-03-17,2024-03-29,2015-02-16,Indeed,-3317,Joined
HIRE0002730,EMP02730,2025-07-05,2025-07-13,2019-09-27,Consultancy,-2108,Joined
HIRE0002731,EMP02731,2024-02-08,2024-02-17,2021-04-23,Naukri,-1021,Joined
HIRE0002732,EMP02732,2023-08-27,2023-09-08,2016-09-24,Employee Referral,-2528,Joined
HIRE0002733,EMP02733,2024-06-20,2024-06-26,2015-05-15,LinkedIn,-3324,Joined
HIRE0002734,EMP02734,2025-03-14,2025-03-26,2016-04-27,Campus,-3243,Joined
HIRE0002735,EMP02735,2023-08-13,2023-08-24,2015-08-31,Naukri,-2904,Joined
HIRE0002736,EMP02736,2023-11-23,2023-12-06,2022-06-07,Consultancy,-534,Joined
HIRE0002737,EMP02737,2024-04-02,2024-04-12,2021-02-20,Indeed,-1137,Joined
HIRE0002738,EMP02738,2024-11-07,2024-11-14,2020-10-26,Indeed,-1473,Joined
HIRE0002739,EMP02739,2024-03-20,2024-04-01,2021-11-08,Employee Referral,-863,Joined
HIRE0002740,EMP02740,2025-01-07,2025-01-20,2024-03-13,Naukri,-300,Joined
HIRE0002741,EMP02741,2025-04-26,2025-05-09,2021-08-30,Naukri,-1335,Joined
HIRE0002742,EMP02742,2023-08-05,2023-08-15,2018-06-03,Naukri,-1889,Joined
HIRE0002743,EMP02743,2024-05-22,2024-06-02,2023-07-15,LinkedIn,-312,Joined
HIRE0002744,EMP02744,2023-10-04,2023-10-15,2025-11-05,Consultancy,763,Joined
HIRE0002745,EMP02745,2024-12-17,2024-12-31,2025-03-02,LinkedIn,75,Joined
HIRE0002746,EMP02746,2024-11-27,2024-12-12,2015-02-02,LinkedIn,-3586,Joined
HIRE0002747,EMP02747,2025-06-20,2025-06-30,2019-02-22,Employee Referral,-2310,Joined
HIRE0002748,EMP02748,2024-07-25,2024-08-01,2017-04-24,LinkedIn,-2649,Joined
HIRE0002749,EMP02749,2025-03-04,2025-03-13,2015-05-19,LinkedIn,-3577,Joined
HIRE0002750,EMP02750,2023-12-14,2023-12-29,2023-09-01,LinkedIn,-104,Joined
HIRE0002751,EMP02751,2024-10-05,2024-10-12,2018-09-11,LinkedIn,-2216,Joined
HIRE0002752,EMP02752,2025-06-26,2025-07-11,2025-05-01,Naukri,-56,Joined
HIRE0002753,EMP02753,2024-08-15,2024-08-29,2017-06-30,Employee Referral,-2603,Joined
HIRE0002754,EMP02754,2024-09-18,2024-10-02,2025-05-28,Employee Referral,252,Joined
HIRE0002755,EMP02755,2024-11-16,2024-11-26,2022-08-21,Indeed,-818,Joined
HIRE0002756,EMP02756,2025-03-29,2025-04-03,2020-04-23,Employee Referral,-1801,Joined
HIRE0002757,EMP02757,2023-09-13,2023-09-22,2022-01-10,Employee Referral,-611,Joined
HIRE0002758,EMP02758,2025-01-28,2025-02-09,2025-11-17,LinkedIn,293,Joined
HIRE0002759,EMP02759,2024-12-21,2025-01-04,2021-03-19,Indeed,-1373,Joined
HIRE0002760,EMP02760,2024-05-21,2024-05-28,2022-12-12,Consultancy,-526,Joined
HIRE0002761,EMP02761,2024-04-30,2024-05-13,2022-01-07,LinkedIn,-844,Joined
HIRE0002762,EMP02762,2025-05-31,2025-06-15,2016-06-09,Naukri,-3278,Joined
HIRE0002763,EMP02763,2023-11-10,2023-11-23,2024-01-12,Naukri,63,Joined
HIRE0002764,EMP02764,2024-06-07,2024-06-12,2015-10-11,Indeed,-3162,Joined
HIRE0002765,EMP02765,2024-06-11,2024-06-22,2021-12-23,Employee Referral,-901,Joined
HIRE0002766,EMP02766,2024-12-29,2025-01-08,2023-04-15,Campus,-624,Joined
HIRE0002767,EMP02767,2024-06-29,2024-07-07,2025-06-07,Indeed,343,Joined
HIRE0002768,EMP02768,2024-08-02,2024-08-12,2016-06-06,Employee Referral,-2979,Joined
HIRE0002769,EMP02769,2025-01-21,2025-02-04,2021-03-30,Campus,-1393,Joined
HIRE0002770,EMP02770,2023-11-18,2023-11-30,2020-04-15,Consultancy,-1312,Joined
HIRE0002771,EMP02771,2024-05-02,2024-05-12,2015-02-21,Consultancy,-3358,Joined
HIRE0002772,EMP02772,2025-01-12,2025-01-19,2024-08-08,Employee Referral,-157,Joined
HIRE0002773,EMP02773,2023-10-24,2023-11-06,2017-04-23,Consultancy,-2375,Joined
HIRE0002774,EMP02774,2025-07-20,2025-07-31,2025-11-03,Campus,106,Joined
HIRE0002775,EMP02775,2024-10-20,2024-10-31,2018-10-24,LinkedIn,-2188,Joined
HIRE0002776,EMP02776,2024-10-15,2024-10-22,2016-04-29,LinkedIn,-3091,Joined
HIRE0002777,EMP02777,2025-06-29,2025-07-04,2019-03-22,LinkedIn,-2291,Joined
HIRE0002778,EMP02778,2024-03-07,2024-03-18,2025-06-14,Campus,464,Joined
HIRE0002779,EMP02779,2025-01-06,2025-01-12,2021-06-18,Indeed,-1298,Joined
HIRE0002780,EMP02780,2024-01-08,2024-01-15,2021-04-08,Naukri,-1005,Joined
HIRE0002781,EMP02781,2023-10-21,2023-10-27,2022-04-26,Indeed,-543,Joined
HIRE0002782,EMP02782,2024-05-24,2024-05-29,2024-09-16,LinkedIn,115,Joined
HIRE0002783,EMP02783,2025-07-09,2025-07-21,2017-03-25,Naukri,-3028,Joined
HIRE0002784,EMP02784,2024-05-22,2024-06-05,2023-12-22,Employee Referral,-152,Joined
HIRE0002785,EMP02785,2023-09-20,2023-10-03,2020-12-12,Indeed,-1012,Joined
HIRE0002786,EMP02786,2025-02-24,2025-03-11,2022-07-30,LinkedIn,-940,Joined
HIRE0002787,EMP02787,2023-12-28,2024-01-02,2019-01-30,Naukri,-1793,Joined
HIRE0002788,EMP02788,2023-12-22,2023-12-30,2025-04-05,Campus,470,Joined
HIRE0002789,EMP02789,2023-09-20,2023-10-04,2021-12-08,Consultancy,-651,Joined
HIRE0002790,EMP02790,2024-06-18,2024-06-28,2015-09-15,Indeed,-3199,Joined
HIRE0002791,EMP02791,2024-04-12,2024-04-23,2019-08-10,Consultancy,-1707,Joined
HIRE0002792,EMP02792,2024-12-24,2025-01-08,2023-08-01,Campus,-511,Joined
HIRE0002793,EMP02793,2024-08-09,2024-08-19,2021-07-17,Naukri,-1119,Joined
HIRE0002794,EMP02794,2024-05-10,2024-05-19,2018-08-02,Naukri,-2108,Joined
HIRE0002795,EMP02795,2024-08-01,2024-08-09,2023-02-17,LinkedIn,-531,Joined
HIRE0002796,EMP02796,2024-01-19,2024-02-01,2024-01-10,Employee Referral,-9,Joined
HIRE0002797,EMP02797,2023-10-18,2023-11-02,2021-07-05,Campus,-835,Joined
HIRE0002798,EMP02798,2025-03-20,2025-04-02,2017-06-25,Consultancy,-2825,Joined
HIRE0002799,EMP02799,2024-07-23,2024-08-03,2015-05-01,Naukri,-3371,Joined
HIRE0002800,EMP02800,2024-08-20,2024-08-28,2017-04-07,LinkedIn,-2692,Joined
HIRE0002801,EMP02801,2025-01-23,2025-02-07,2017-03-16,Consultancy,-2870,Joined
HIRE0002802,EMP02802,2023-10-13,2023-10-28,2017-01-03,Consultancy,-2474,Joined
HIRE0002803,EMP02803,2025-05-17,2025-05-26,2024-11-18,Consultancy,-180,Joined
HIRE0002804,EMP02804,2023-12-11,2023-12-20,2024-12-22,Consultancy,377,Joined
HIRE0002805,EMP02805,2025-03-24,2025-03-30,2015-05-10,LinkedIn,-3606,Joined
HIRE0002806,EMP02806,2024-03-02,2024-03-10,2024-06-27,Employee Referral,117,Joined
HIRE0002807,EMP02807,2024-06-25,2024-06-30,2020-07-08,LinkedIn,-1448,Joined
HIRE0002808,EMP02808,2024-07-31,2024-08-07,2018-10-01,Campus,-2130,Joined
HIRE0002809,EMP02809,2025-06-23,2025-07-03,2019-10-17,Naukri,-2076,Joined
HIRE0002810,EMP02810,2023-12-29,2024-01-06,2025-11-12,Consultancy,684,Joined
HIRE0002811,EMP02811,2023-11-06,2023-11-18,2018-04-07,Campus,-2039,Joined
HIRE0002812,EMP02812,2024-10-04,2024-10-15,2024-09-29,Employee Referral,-5,Joined
HIRE0002813,EMP02813,2024-04-10,2024-04-19,2017-12-30,Campus,-2293,Joined
HIRE0002814,EMP02814,2025-04-24,2025-05-08,2022-01-09,LinkedIn,-1201,Joined
HIRE0002815,EMP02815,2025-07-11,2025-07-22,2024-05-06,Naukri,-431,Joined
HIRE0002816,EMP02816,2024-10-20,2024-10-28,2019-01-07,Indeed,-2113,Joined
HIRE0002817,EMP02817,2023-12-31,2024-01-08,2017-01-07,Employee Referral,-2549,Joined
HIRE0002818,EMP02818,2024-12-04,2024-12-12,2015-04-01,Naukri,-3535,Joined
HIRE0002819,EMP02819,2025-06-12,2025-06-23,2020-12-04,Employee Referral,-1651,Joined
HIRE0002820,EMP02820,2024-09-15,2024-09-26,2023-06-26,LinkedIn,-447,Joined
HIRE0002821,EMP02821,2023-12-26,2024-01-05,2024-08-15,Naukri,233,Joined
HIRE0002822,EMP02822,2024-03-30,2024-04-06,2018-12-25,Indeed,-1922,Joined
HIRE0002823,EMP02823,2025-07-30,2025-08-06,2015-08-08,Naukri,-3644,Joined
HIRE0002824,EMP02824,2023-09-01,2023-09-15,2024-03-31,Naukri,212,Joined
HIRE0002825,EMP02825,2023-10-31,2023-11-08,2022-12-25,Naukri,-310,Joined
HIRE0002826,EMP02826,2024-06-05,2024-06-11,2024-08-27,Indeed,83,Joined
HIRE0002827,EMP02827,2024-08-10,2024-08-15,2023-08-11,Employee Referral,-365,Joined
HIRE0002828,EMP02828,2025-02-03,2025-02-16,2017-06-07,LinkedIn,-2798,Joined
HIRE0002829,EMP02829,2024-08-19,2024-09-03,2018-03-13,Indeed,-2351,Joined
HIRE0002830,EMP02830,2024-08-20,2024-09-02,2022-08-08,Consultancy,-743,Joined
HIRE0002831,EMP02831,2025-07-16,2025-07-31,2023-09-16,Employee Referral,-669,Joined
HIRE0002832,EMP02832,2024-07-19,2024-08-03,2016-08-27,Consultancy,-2883,Joined
HIRE0002833,EMP02833,2025-04-16,2025-04-26,2024-03-09,Consultancy,-403,Joined
HIRE0002834,EMP02834,2023-12-05,2023-12-10,2019-01-29,Employee Referral,-1771,Joined
HIRE0002835,EMP02835,2024-12-29,2025-01-09,2020-09-15,Indeed,-1566,Joined
HIRE0002836,EMP02836,2024-06-03,2024-06-14,2017-04-02,Naukri,-2619,Joined
HIRE0002837,EMP02837,2023-08-10,2023-08-20,2017-08-06,Naukri,-2195,Joined
HIRE0002838,EMP02838,2024-05-18,2024-05-26,2022-08-14,Campus,-643,Joined
HIRE0002839,EMP02839,2025-07-24,2025-08-06,2015-06-29,Naukri,-3678,Joined
HIRE0002840,EMP02840,2025-05-14,2025-05-23,2025-03-14,Indeed,-61,Joined
HIRE0002841,EMP02841,2024-08-19,2024-09-03,2020-10-29,LinkedIn,-1390,Joined
HIRE0002842,EMP02842,2024-06-07,2024-06-17,2018-04-19,Consultancy,-2241,Joined
HIRE0002843,EMP02843,2024-08-26,2024-09-08,2020-03-11,Campus,-1629,Joined
HIRE0002844,EMP02844,2023-09-22,2023-10-05,2016-01-16,Consultancy,-2806,Joined
HIRE0002845,EMP02845,2025-04-08,2025-04-16,2015-12-28,Naukri,-3389,Joined
HIRE0002846,EMP02846,2024-09-01,2024-09-08,2018-06-27,Indeed,-2258,Joined
HIRE0002847,EMP02847,2024-09-22,2024-10-07,2023-08-03,Naukri,-416,Joined
HIRE0002848,EMP02848,2023-12-29,2024-01-08,2022-06-16,Campus,-561,Joined
HIRE0002849,EMP02849,2025-07-18,2025-08-01,2020-06-13,Campus,-1861,Joined
HIRE0002850,EMP02850,2025-06-07,2025-06-15,2020-08-15,Employee Referral,-1757,Joined
HIRE0002851,EMP02851,2023-12-20,2024-01-04,2023-12-26,Naukri,6,Joined
HIRE0002852,EMP02852,2023-12-14,2023-12-22,2022-02-22,Campus,-660,Joined
HIRE0002853,EMP02853,2024-10-11,2024-10-19,2019-08-11,Naukri,-1888,Joined
HIRE0002854,EMP02854,2024-04-02,2024-04-17,2020-09-20,Naukri,-1290,Joined
HIRE0002855,EMP02855,2024-10-19,2024-11-01,2025-11-21,Employee Referral,398,Joined
HIRE0002856,EMP02856,2023-08-22,2023-09-04,2021-02-03,LinkedIn,-930,Joined
HIRE0002857,EMP02857,2024-01-30,2024-02-07,2021-08-17,Campus,-896,Joined
HIRE0002858,EMP02858,2024-07-17,2024-07-29,2024-03-26,LinkedIn,-113,Joined
HIRE0002859,EMP02859,2024-07-31,2024-08-14,2024-04-30,Naukri,-92,Joined
HIRE0002860,EMP02860,2025-03-21,2025-03-30,2025-09-26,Employee Referral,189,Joined
HIRE0002861,EMP02861,2023-08-08,2023-08-16,2017-06-23,Employee Referral,-2237,Joined
HIRE0002862,EMP02862,2024-07-19,2024-08-03,2020-02-27,Consultancy,-1604,Joined
HIRE0002863,EMP02863,2024-11-04,2024-11-13,2015-12-23,LinkedIn,-3239,Joined
HIRE0002864,EMP02864,2024-09-23,2024-10-03,2018-10-23,Consultancy,-2162,Joined
HIRE0002865,EMP02865,2025-02-11,2025-02-23,2025-01-10,LinkedIn,-32,Joined
HIRE0002866,EMP02866,2025-05-15,2025-05-27,2025-02-17,Employee Referral,-87,Joined
HIRE0002867,EMP02867,2023-12-15,2023-12-23,2015-10-18,Indeed,-2980,Joined
HIRE0002868,EMP02868,2025-04-20,2025-05-03,2024-01-04,Employee Referral,-472,Joined
HIRE0002869,EMP02869,2024-12-06,2024-12-19,2020-04-21,Indeed,-1690,Joined
HIRE0002870,EMP02870,2025-05-24,2025-05-30,2022-08-31,LinkedIn,-997,Joined
HIRE0002871,EMP02871,2023-11-13,2023-11-18,2024-08-07,Employee Referral,268,Joined
HIRE0002872,EMP02872,2024-06-28,2024-07-04,2019-05-22,Naukri,-1864,Joined
HIRE0002873,EMP02873,2025-07-24,2025-08-08,2018-05-24,Consultancy,-2618,Joined
HIRE0002874,EMP02874,2023-10-24,2023-11-03,2022-03-05,Campus,-598,Joined
HIRE0002875,EMP02875,2024-12-29,2025-01-07,2022-11-07,Employee Referral,-783,Joined
HIRE0002876,EMP02876,2023-09-09,2023-09-18,2020-12-07,Consultancy,-1006,Joined
HIRE0002877,EMP02877,2023-10-05,2023-10-17,2023-09-07,Indeed,-28,Joined
HIRE0002878,EMP02878,2025-02-18,2025-03-01,2023-01-17,Campus,-763,Joined
HIRE0002879,EMP02879,2025-02-13,2025-02-28,2018-05-13,Campus,-2468,Joined
HIRE0002880,EMP02880,2024-01-01,2024-01-10,2025-07-19,Campus,565,Joined
HIRE0002881,EMP02881,2024-05-18,2024-05-31,2016-03-29,Employee Referral,-2972,Joined
HIRE0002882,EMP02882,2024-12-30,2025-01-07,2016-04-26,Campus,-3170,Joined
HIRE0002883,EMP02883,2024-06-30,2024-07-05,2020-03-29,Employee Referral,-1554,Joined
HIRE0002884,EMP02884,2023-09-17,2023-09-24,2024-03-26,LinkedIn,191,Joined
HIRE0002885,EMP02885,2025-02-05,2025-02-15,2021-04-25,Indeed,-1382,Joined
HIRE0002886,EMP02886,2025-01-03,2025-01-09,2019-01-22,Employee Referral,-2173,Joined
HIRE0002887,EMP02887,2024-11-25,2024-12-01,2019-02-17,Consultancy,-2108,Joined
HIRE0002888,EMP02888,2024-11-10,2024-11-23,2016-03-09,Consultancy,-3168,Joined
HIRE0002889,EMP02889,2025-03-18,2025-03-25,2023-02-25,LinkedIn,-752,Joined
HIRE0002890,EMP02890,2024-07-26,2024-08-02,2021-03-03,Indeed,-1241,Joined
HIRE0002891,EMP02891,2025-04-01,2025-04-10,2015-11-25,Consultancy,-3415,Joined
HIRE0002892,EMP02892,2023-12-20,2023-12-29,2021-06-22,Indeed,-911,Joined
HIRE0002893,EMP02893,2023-10-07,2023-10-18,2023-07-30,Employee Referral,-69,Joined
HIRE0002894,EMP02894,2023-11-27,2023-12-08,2024-06-15,Consultancy,201,Joined
HIRE0002895,EMP02895,2025-06-03,2025-06-11,2017-02-02,Indeed,-3043,Joined
HIRE0002896,EMP02896,2024-01-23,2024-02-07,2016-06-06,Naukri,-2787,Joined
HIRE0002897,EMP02897,2023-10-15,2023-10-23,2017-09-27,Indeed,-2209,Joined
HIRE0002898,EMP02898,2023-10-21,2023-10-30,2020-05-30,Consultancy,-1239,Joined
HIRE0002899,EMP02899,2025-07-03,2025-07-08,2017-10-11,LinkedIn,-2822,Joined
HIRE0002900,EMP02900,2024-05-29,2024-06-11,2015-07-25,Naukri,-3231,Joined
HIRE0002901,EMP02901,2024-11-15,2024-11-30,2024-11-21,Naukri,6,Joined
HIRE0002902,EMP02902,2024-12-01,2024-12-11,2015-03-09,Consultancy,-3555,Joined
HIRE0002903,EMP02903,2024-02-12,2024-02-22,2018-05-13,LinkedIn,-2101,Joined
HIRE0002904,EMP02904,2024-09-15,2024-09-23,2024-07-16,Indeed,-61,Joined
HIRE0002905,EMP02905,2024-02-28,2024-03-06,2020-01-11,Consultancy,-1509,Joined
HIRE0002906,EMP02906,2025-04-20,2025-04-26,2017-02-11,Employee Referral,-2990,Joined
HIRE0002907,EMP02907,2023-08-21,2023-08-26,2025-07-20,Campus,699,Joined
HIRE0002908,EMP02908,2023-10-31,2023-11-05,2022-12-14,Campus,-321,Joined
HIRE0002909,EMP02909,2023-08-08,2023-08-21,2018-04-23,Consultancy,-1933,Joined
HIRE0002910,EMP02910,2023-10-17,2023-10-25,2015-07-27,Consultancy,-3004,Joined
HIRE0002911,EMP02911,2024-04-10,2024-04-25,2015-11-02,LinkedIn,-3082,Joined
HIRE0002912,EMP02912,2023-11-09,2023-11-15,2019-04-18,Consultancy,-1666,Joined
HIRE0002913,EMP02913,2025-04-05,2025-04-10,2017-03-18,Indeed,-2940,Joined
HIRE0002914,EMP02914,2023-10-31,2023-11-12,2016-04-22,Naukri,-2748,Joined
HIRE0002915,EMP02915,2024-12-21,2025-01-05,2024-01-03,Indeed,-353,Joined
HIRE0002916,EMP02916,2025-05-11,2025-05-22,2016-04-07,LinkedIn,-3321,Joined
HIRE0002917,EMP02917,2024-03-29,2024-04-13,2016-05-10,Employee Referral,-2880,Joined
HIRE0002918,EMP02918,2024-07-04,2024-07-19,2015-07-31,Campus,-3261,Joined
HIRE0002919,EMP02919,2024-01-30,2024-02-12,2017-02-03,Consultancy,-2552,Joined
HIRE0002920,EMP02920,2024-04-24,2024-05-02,2022-03-03,Consultancy,-783,Joined
HIRE0002921,EMP02921,2025-05-24,2025-05-29,2018-07-12,Campus,-2508,Joined
HIRE0002922,EMP02922,2024-06-28,2024-07-12,2016-05-28,LinkedIn,-2953,Joined
HIRE0002923,EMP02923,2024-09-17,2024-09-24,2017-10-08,Indeed,-2536,Joined
HIRE0002924,EMP02924,2024-02-21,2024-02-28,2025-04-21,Campus,425,Joined
HIRE0002925,EMP02925,2025-06-05,2025-06-19,2024-09-05,Campus,-273,Joined
HIRE0002926,EMP02926,2024-08-31,2024-09-08,2015-05-27,LinkedIn,-3384,Joined
HIRE0002927,EMP02927,2023-09-03,2023-09-14,2018-02-06,Indeed,-2035,Joined
HIRE0002928,EMP02928,2023-08-31,2023-09-09,2023-02-13,Naukri,-199,Joined
HIRE0002929,EMP02929,2025-06-22,2025-07-05,2022-04-08,Indeed,-1171,Joined
HIRE0002930,EMP02930,2024-08-27,2024-09-04,2017-01-09,Consultancy,-2787,Joined
HIRE0002931,EMP02931,2025-02-07,2025-02-14,2019-10-13,LinkedIn,-1944,Joined
HIRE0002932,EMP02932,2023-11-28,2023-12-04,2015-01-29,Campus,-3225,Joined
HIRE0002933,EMP02933,2023-10-23,2023-11-04,2023-10-10,Employee Referral,-13,Joined
HIRE0002934,EMP02934,2023-11-08,2023-11-19,2018-08-25,LinkedIn,-1901,Joined
HIRE0002935,EMP02935,2024-09-16,2024-10-01,2018-09-25,Campus,-2183,Joined
HIRE0002936,EMP02936,2025-02-11,2025-02-26,2022-05-25,Employee Referral,-993,Joined
HIRE0002937,EMP02937,2024-06-09,2024-06-24,2017-08-01,Campus,-2504,Joined
HIRE0002938,EMP02938,2024-03-17,2024-03-30,2024-11-25,Consultancy,253,Joined
HIRE0002939,EMP02939,2024-11-26,2024-12-08,2022-08-10,Naukri,-839,Joined
HIRE0002940,EMP02940,2023-12-20,2024-01-03,2019-12-21,Naukri,-1460,Joined
HIRE0002941,EMP02941,2024-05-08,2024-05-14,2017-06-09,Employee Referral,-2525,Joined
HIRE0002942,EMP02942,2024-08-09,2024-08-15,2019-11-05,Employee Referral,-1739,Joined
HIRE0002943,EMP02943,2024-11-01,2024-11-11,2022-11-27,Employee Referral,-705,Joined
HIRE0002944,EMP02944,2025-05-17,2025-05-26,2015-11-07,Indeed,-3479,Joined
HIRE0002945,EMP02945,2023-12-21,2024-01-04,2019-12-31,Campus,-1451,Joined
HIRE0002946,EMP02946,2024-01-12,2024-01-18,2018-02-21,Campus,-2151,Joined
HIRE0002947,EMP02947,2024-06-17,2024-06-26,2015-09-29,LinkedIn,-3184,Joined
HIRE0002948,EMP02948,2025-07-24,2025-08-03,2019-02-09,Naukri,-2357,Joined
HIRE0002949,EMP02949,2024-03-27,2024-04-08,2023-06-20,Naukri,-281,Joined
HIRE0002950,EMP02950,2025-05-14,2025-05-22,2019-11-29,Naukri,-1993,Joined
HIRE0002951,EMP02951,2024-01-15,2024-01-24,2020-02-13,Campus,-1432,Joined
HIRE0002952,EMP02952,2024-10-05,2024-10-16,2018-10-31,Consultancy,-2166,Joined
HIRE0002953,EMP02953,2024-11-12,2024-11-27,2025-10-14,Consultancy,336,Joined
HIRE0002954,EMP02954,2024-04-27,2024-05-03,2018-09-19,Employee Referral,-2047,Joined
HIRE0002955,EMP02955,2025-07-09,2025-07-24,2018-06-06,LinkedIn,-2590,Joined
HIRE0002956,EMP02956,2024-07-16,2024-07-31,2020-10-16,LinkedIn,-1369,Joined
HIRE0002957,EMP02957,2025-03-28,2025-04-10,2015-08-14,Naukri,-3514,Joined
HIRE0002958,EMP02958,2023-11-22,2023-12-02,2023-07-06,Indeed,-139,Joined
HIRE0002959,EMP02959,2024-09-27,2024-10-06,2025-05-16,Naukri,231,Joined
HIRE0002960,EMP02960,2023-08-14,2023-08-21,2023-10-10,Naukri,57,Joined
HIRE0002961,EMP02961,2024-12-11,2024-12-26,2018-06-26,Indeed,-2360,Joined
HIRE0002962,EMP02962,2024-12-12,2024-12-24,2018-04-12,Consultancy,-2436,Joined
HIRE0002963,EMP02963,2025-06-17,2025-07-02,2020-03-12,Employee Referral,-1923,Joined
HIRE0002964,EMP02964,2024-03-13,2024-03-22,2017-09-27,Employee Referral,-2359,Joined
HIRE0002965,EMP02965,2024-10-11,2024-10-16,2023-12-13,Consultancy,-303,Joined
HIRE0002966,EMP02966,2025-07-09,2025-07-19,2024-08-03,Campus,-340,Joined
HIRE0002967,EMP02967,2024-04-22,2024-05-05,2024-02-17,Employee Referral,-65,Joined
HIRE0002968,EMP02968,2024-12-28,2025-01-11,2015-03-30,LinkedIn,-3561,Joined
HIRE0002969,EMP02969,2024-03-17,2024-03-28,2015-04-27,Campus,-3247,Joined
HIRE0002970,EMP02970,2025-07-29,2025-08-10,2016-03-23,Naukri,-3415,Joined
HIRE0002971,EMP02971,2024-05-25,2024-06-06,2019-07-05,Indeed,-1786,Joined
HIRE0002972,EMP02972,2024-06-28,2024-07-04,2025-05-26,Naukri,332,Joined
HIRE0002973,EMP02973,2024-06-12,2024-06-27,2016-05-21,LinkedIn,-2944,Joined
HIRE0002974,EMP02974,2024-01-30,2024-02-05,2018-02-01,Consultancy,-2189,Joined
HIRE0002975,EMP02975,2023-11-07,2023-11-13,2024-07-19,Consultancy,255,Joined
HIRE0002976,EMP02976,2024-05-10,2024-05-23,2015-08-18,Indeed,-3188,Joined
HIRE0002977,EMP02977,2025-06-20,2025-06-25,2022-06-19,Consultancy,-1097,Joined
HIRE0002978,EMP02978,2024-07-09,2024-07-18,2018-02-22,Campus,-2329,Joined
HIRE0002979,EMP02979,2025-02-16,2025-03-01,2018-06-07,Consultancy,-2446,Joined
HIRE0002980,EMP02980,2025-05-30,2025-06-09,2025-10-08,Naukri,131,Joined
HIRE0002981,EMP02981,2024-05-21,2024-05-29,2024-01-09,Naukri,-133,Joined
HIRE0002982,EMP02982,2023-11-15,2023-11-25,2024-01-31,LinkedIn,77,Joined
HIRE0002983,EMP02983,2024-03-26,2024-04-02,2015-05-08,Indeed,-3245,Joined
HIRE0002984,EMP02984,2024-06-21,2024-06-29,2015-08-21,Indeed,-3227,Joined
HIRE0002985,EMP02985,2024-05-23,2024-06-06,2021-06-05,Indeed,-1083,Joined
HIRE0002986,EMP02986,2025-04-22,2025-05-03,2022-11-01,Campus,-903,Joined
HIRE0002987,EMP02987,2024-04-04,2024-04-18,2024-10-20,Naukri,199,Joined
HIRE0002988,EMP02988,2025-02-16,2025-03-02,2021-09-22,Campus,-1243,Joined
HIRE0002989,EMP02989,2024-12-28,2025-01-09,2018-02-13,Consultancy,-2510,Joined
HIRE0002990,EMP02990,2023-12-29,2024-01-05,2018-12-05,Consultancy,-1850,Joined
HIRE0002991,EMP02991,2024-01-20,2024-02-01,2018-12-31,LinkedIn,-1846,Joined
HIRE0002992,EMP02992,2024-07-02,2024-07-07,2022-11-03,LinkedIn,-607,Joined
HIRE0002993,EMP02993,2023-08-15,2023-08-29,2024-04-01,Indeed,230,Joined
HIRE0002994,EMP02994,2024-10-26,2024-11-07,2022-01-10,Employee Referral,-1020,Joined
HIRE0002995,EMP02995,2025-04-14,2025-04-24,2017-10-15,Naukri,-2738,Joined
HIRE0002996,EMP02996,2023-09-05,2023-09-11,2020-05-04,Naukri,-1219,Joined
HIRE0002997,EMP02997,2024-01-22,2024-02-06,2023-04-28,Employee Referral,-269,Joined
HIRE0002998,EMP02998,2023-10-07,2023-10-13,2021-10-24,LinkedIn,-713,Joined
HIRE0002999,EMP02999,2023-10-04,2023-10-10,2017-01-07,Consultancy,-2461,Joined
HIRE0003000,EMP03000,2024-02-13,2024-02-23,2016-04-15,Indeed,-2860,Joined
HIRE0003001,EMP03001,2024-11-29,2024-12-09,2019-11-13,Consultancy,-1843,Joined
HIRE0003002,EMP03002,2023-11-21,2023-12-02,2019-12-23,Employee Referral,-1429,Joined
HIRE0003003,EMP03003,2024-01-20,2024-01-27,2021-08-04,Employee Referral,-899,Joined
HIRE0003004,EMP03004,2023-10-14,2023-10-20,2021-12-22,LinkedIn,-661,Joined
HIRE0003005,EMP03005,2024-08-09,2024-08-21,2018-06-17,Campus,-2245,Joined
HIRE0003006,EMP03006,2023-10-06,2023-10-18,2017-12-04,Naukri,-2132,Joined
HIRE0003007,EMP03007,2025-07-06,2025-07-20,2021-03-27,LinkedIn,-1562,Joined
HIRE0003008,EMP03008,2025-03-07,2025-03-13,2015-12-19,Consultancy,-3366,Joined
HIRE0003009,EMP03009,2025-02-05,2025-02-11,2021-11-08,Consultancy,-1185,Joined
HIRE0003010,EMP03010,2023-08-07,2023-08-13,2022-07-31,Indeed,-372,Joined
HIRE0003011,EMP03011,2025-01-30,2025-02-11,2020-05-30,Consultancy,-1706,Joined
HIRE0003012,EMP03012,2025-07-19,2025-07-25,2015-07-25,Indeed,-3647,Joined
HIRE0003013,EMP03013,2023-11-05,2023-11-20,2015-10-24,Campus,-2934,Joined
HIRE0003014,EMP03014,2024-04-05,2024-04-16,2018-06-03,Consultancy,-2133,Joined
HIRE0003015,EMP03015,2024-10-07,2024-10-16,2025-09-11,Employee Referral,339,Joined
HIRE0003016,EMP03016,2024-03-23,2024-03-28,2023-03-19,Naukri,-370,Joined
HIRE0003017,EMP03017,2024-10-03,2024-10-17,2015-04-12,Campus,-3462,Joined
HIRE0003018,EMP03018,2024-04-22,2024-05-07,2024-09-24,LinkedIn,155,Joined
HIRE0003019,EMP03019,2024-06-19,2024-06-27,2017-02-02,Naukri,-2694,Joined
HIRE0003020,EMP03020,2025-03-05,2025-03-12,2016-05-14,LinkedIn,-3217,Joined
HIRE0003021,EMP03021,2023-10-20,2023-10-26,2022-01-15,Employee Referral,-643,Joined
HIRE0003022,EMP03022,2023-08-21,2023-08-28,2022-02-05,Employee Referral,-562,Joined
HIRE0003023,EMP03023,2025-02-22,2025-03-09,2024-08-28,Indeed,-178,Joined
HIRE0003024,EMP03024,2023-09-10,2023-09-17,2019-01-28,Indeed,-1686,Joined
HIRE0003025,EMP03025,2025-07-14,2025-07-20,2015-12-13,Indeed,-3501,Joined
HIRE0003026,EMP03026,2024-06-08,2024-06-21,2019-11-09,Consultancy,-1673,Joined
HIRE0003027,EMP03027,2024-07-26,2024-08-02,2019-11-20,LinkedIn,-1710,Joined
HIRE0003028,EMP03028,2024-11-15,2024-11-29,2020-04-01,Consultancy,-1689,Joined
HIRE0003029,EMP03029,2024-12-28,2025-01-07,2024-04-09,Employee Referral,-263,Joined
HIRE0003030,EMP03030,2023-12-25,2023-12-31,2019-08-27,Campus,-1581,Joined
HIRE0003031,EMP03031,2024-07-19,2024-07-27,2024-03-15,Consultancy,-126,Joined
HIRE0003032,EMP03032,2025-01-26,2025-01-31,2020-11-12,Indeed,-1536,Joined
HIRE0003033,EMP03033,2024-06-14,2024-06-20,2019-08-15,Employee Referral,-1765,Joined
HIRE0003034,EMP03034,2024-10-08,2024-10-20,2020-08-16,LinkedIn,-1514,Joined
HIRE0003035,EMP03035,2023-10-15,2023-10-24,2017-04-12,Consultancy,-2377,Joined
HIRE0003036,EMP03036,2024-11-19,2024-11-24,2025-08-04,Employee Referral,258,Joined
HIRE0003037,EMP03037,2024-05-03,2024-05-17,2020-04-11,Campus,-1483,Joined
HIRE0003038,EMP03038,2024-10-09,2024-10-24,2020-02-18,Employee Referral,-1695,Joined
HIRE0003039,EMP03039,2023-09-19,2023-10-01,2015-11-12,LinkedIn,-2868,Joined
HIRE0003040,EMP03040,2023-12-03,2023-12-08,2023-09-13,LinkedIn,-81,Joined
HIRE0003041,EMP03041,2025-07-07,2025-07-16,2022-09-21,Employee Referral,-1020,Joined
HIRE0003042,EMP03042,2024-06-27,2024-07-04,2020-11-07,Naukri,-1328,Joined
HIRE0003043,EMP03043,2025-05-19,2025-06-03,2015-08-08,Employee Referral,-3572,Joined
HIRE0003044,EMP03044,2024-02-21,2024-03-04,2018-05-03,Employee Referral,-2120,Joined
HIRE0003045,EMP03045,2023-11-11,2023-11-26,2021-07-21,Naukri,-843,Joined
HIRE0003046,EMP03046,2023-12-19,2023-12-31,2015-04-09,LinkedIn,-3176,Joined
HIRE0003047,EMP03047,2024-10-18,2024-10-31,2024-10-02,Indeed,-16,Joined
HIRE0003048,EMP03048,2024-09-14,2024-09-21,2019-01-02,Campus,-2082,Joined
HIRE0003049,EMP03049,2025-01-17,2025-01-22,2019-10-20,Consultancy,-1916,Joined
HIRE0003050,EMP03050,2024-05-15,2024-05-22,2016-07-22,LinkedIn,-2854,Joined
HIRE0003051,EMP03051,2025-04-03,2025-04-16,2024-08-01,Naukri,-245,Joined
HIRE0003052,EMP03052,2024-07-12,2024-07-23,2016-06-23,Campus,-2941,Joined
HIRE0003053,EMP03053,2023-12-16,2023-12-27,2020-03-07,Consultancy,-1379,Joined
HIRE0003054,EMP03054,2025-04-14,2025-04-27,2022-04-30,Campus,-1080,Joined
HIRE0003055,EMP03055,2023-08-23,2023-08-28,2017-12-29,Indeed,-2063,Joined
HIRE0003056,EMP03056,2023-11-17,2023-11-26,2015-08-19,Consultancy,-3012,Joined
HIRE0003057,EMP03057,2024-10-31,2024-11-08,2018-08-02,LinkedIn,-2282,Joined
HIRE0003058,EMP03058,2025-01-25,2025-02-01,2015-06-27,LinkedIn,-3500,Joined
HIRE0003059,EMP03059,2025-04-03,2025-04-08,2019-02-23,Naukri,-2231,Joined
HIRE0003060,EMP03060,2024-06-07,2024-06-22,2017-06-06,Naukri,-2558,Joined
HIRE0003061,EMP03061,2024-03-22,2024-04-02,2017-04-02,Consultancy,-2546,Joined
HIRE0003062,EMP03062,2024-04-18,2024-04-25,2021-05-19,Employee Referral,-1065,Joined
HIRE0003063,EMP03063,2024-03-19,2024-03-28,2017-06-15,Consultancy,-2469,Joined
HIRE0003064,EMP03064,2024-12-23,2025-01-06,2025-11-20,Indeed,332,Joined
HIRE0003065,EMP03065,2024-05-06,2024-05-13,2020-06-08,LinkedIn,-1428,Joined
HIRE0003066,EMP03066,2023-12-30,2024-01-13,2021-02-10,Naukri,-1053,Joined
HIRE0003067,EMP03067,2025-05-27,2025-06-01,2025-01-03,Consultancy,-144,Joined
HIRE0003068,EMP03068,2024-05-16,2024-05-29,2017-12-02,Campus,-2357,Joined
HIRE0003069,EMP03069,2024-05-10,2024-05-18,2022-05-12,Employee Referral,-729,Joined
HIRE0003070,EMP03070,2025-01-24,2025-02-06,2025-12-30,Campus,340,Joined
HIRE0003071,EMP03071,2024-08-26,2024-09-08,2016-10-12,Naukri,-2875,Joined
HIRE0003072,EMP03072,2023-10-30,2023-11-06,2021-05-27,LinkedIn,-886,Joined
HIRE0003073,EMP03073,2023-09-12,2023-09-21,2017-09-30,Consultancy,-2173,Joined
HIRE0003074,EMP03074,2024-09-26,2024-10-10,2022-07-15,Campus,-804,Joined
HIRE0003075,EMP03075,2024-02-06,2024-02-20,2023-03-05,Naukri,-338,Joined
HIRE0003076,EMP03076,2025-02-18,2025-02-25,2025-11-24,Campus,279,Joined
HIRE0003077,EMP03077,2024-07-19,2024-07-30,2022-06-25,Naukri,-755,Joined
HIRE0003078,EMP03078,2025-03-06,2025-03-20,2020-04-04,Indeed,-1797,Joined
HIRE0003079,EMP03079,2024-07-30,2024-08-14,2025-06-07,Indeed,312,Joined
HIRE0003080,EMP03080,2024-05-22,2024-06-02,2016-02-12,Naukri,-3022,Joined
HIRE0003081,EMP03081,2025-06-20,2025-06-27,2021-03-16,Consultancy,-1557,Joined
HIRE0003082,EMP03082,2025-06-08,2025-06-21,2021-12-24,Campus,-1262,Joined
HIRE0003083,EMP03083,2024-10-30,2024-11-12,2022-11-03,Consultancy,-727,Joined
HIRE0003084,EMP03084,2024-10-10,2024-10-22,2023-07-01,Indeed,-467,Joined
HIRE0003085,EMP03085,2024-05-06,2024-05-11,2018-03-12,Campus,-2247,Joined
HIRE0003086,EMP03086,2024-06-28,2024-07-07,2020-12-23,Naukri,-1283,Joined
HIRE0003087,EMP03087,2025-05-13,2025-05-26,2024-05-22,Indeed,-356,Joined
HIRE0003088,EMP03088,2023-08-16,2023-08-22,2017-08-14,Employee Referral,-2193,Joined
HIRE0003089,EMP03089,2025-07-18,2025-07-25,2015-12-28,LinkedIn,-3490,Joined
HIRE0003090,EMP03090,2024-05-30,2024-06-04,2022-08-15,Consultancy,-654,Joined
HIRE0003091,EMP03091,2024-05-25,2024-05-30,2016-07-09,Consultancy,-2877,Joined
HIRE0003092,EMP03092,2023-11-05,2023-11-10,2017-08-15,Campus,-2273,Joined
HIRE0003093,EMP03093,2023-08-08,2023-08-20,2025-08-08,Campus,731,Joined
HIRE0003094,EMP03094,2025-04-04,2025-04-16,2018-08-02,Naukri,-2437,Joined
HIRE0003095,EMP03095,2023-09-09,2023-09-16,2017-10-23,LinkedIn,-2147,Joined
HIRE0003096,EMP03096,2024-12-23,2024-12-30,2022-05-26,LinkedIn,-942,Joined
HIRE0003097,EMP03097,2024-09-02,2024-09-13,2020-02-05,LinkedIn,-1671,Joined
HIRE0003098,EMP03098,2024-08-13,2024-08-27,2015-02-14,Consultancy,-3468,Joined
HIRE0003099,EMP03099,2023-09-10,2023-09-21,2015-05-08,Indeed,-3047,Joined
HIRE0003100,EMP03100,2024-03-13,2024-03-24,2020-04-05,LinkedIn,-1438,Joined
HIRE0003101,EMP03101,2025-05-03,2025-05-10,2024-08-14,Consultancy,-262,Joined
HIRE0003102,EMP03102,2024-09-05,2024-09-15,2015-08-18,Naukri,-3306,Joined
HIRE0003103,EMP03103,2024-07-14,2024-07-19,2015-09-13,Indeed,-3227,Joined
HIRE0003104,EMP03104,2025-05-14,2025-05-25,2024-08-25,Naukri,-262,Joined
HIRE0003105,EMP03105,2024-06-16,2024-06-29,2019-09-26,Naukri,-1725,Joined
HIRE0003106,EMP03106,2024-04-16,2024-04-29,2018-06-04,Consultancy,-2143,Joined
HIRE0003107,EMP03107,2024-03-15,2024-03-30,2021-08-05,LinkedIn,-953,Joined
HIRE0003108,EMP03108,2024-08-27,2024-09-06,2021-12-12,Employee Referral,-989,Joined
HIRE0003109,EMP03109,2024-06-19,2024-06-24,2025-01-10,LinkedIn,205,Joined
HIRE0003110,EMP03110,2024-05-13,2024-05-18,2016-07-08,LinkedIn,-2866,Joined
HIRE0003111,EMP03111,2024-04-10,2024-04-22,2023-03-22,LinkedIn,-385,Joined
HIRE0003112,EMP03112,2024-04-04,2024-04-17,2025-07-13,Naukri,465,Joined
HIRE0003113,EMP03113,2025-05-07,2025-05-12,2022-10-01,Indeed,-949,Joined
HIRE0003114,EMP03114,2024-02-21,2024-03-01,2024-09-28,Employee Referral,220,Joined
HIRE0003115,EMP03115,2025-03-29,2025-04-08,2023-12-18,Campus,-467,Joined
HIRE0003116,EMP03116,2024-08-25,2024-09-04,2017-12-21,Naukri,-2439,Joined
HIRE0003117,EMP03117,2024-05-28,2024-06-11,2017-08-31,Indeed,-2462,Joined
HIRE0003118,EMP03118,2024-11-24,2024-12-09,2022-05-29,LinkedIn,-910,Joined
HIRE0003119,EMP03119,2025-05-05,2025-05-10,2022-04-23,LinkedIn,-1108,Joined
HIRE0003120,EMP03120,2024-03-23,2024-03-30,2016-05-03,Consultancy,-2881,Joined
HIRE0003121,EMP03121,2023-12-30,2024-01-06,2024-12-18,LinkedIn,354,Joined
HIRE0003122,EMP03122,2025-04-06,2025-04-15,2023-05-01,Indeed,-706,Joined
HIRE0003123,EMP03123,2023-10-08,2023-10-20,2019-09-20,LinkedIn,-1479,Joined
HIRE0003124,EMP03124,2024-05-30,2024-06-06,2016-02-24,Consultancy,-3018,Joined
HIRE0003125,EMP03125,2024-03-06,2024-03-21,2015-12-09,Naukri,-3010,Joined
HIRE0003126,EMP03126,2024-02-29,2024-03-15,2025-03-15,Consultancy,380,Joined
HIRE0003127,EMP03127,2023-11-18,2023-11-30,2021-03-19,Consultancy,-974,Joined
HIRE0003128,EMP03128,2024-11-27,2024-12-07,2024-10-24,Employee Referral,-34,Joined
HIRE0003129,EMP03129,2025-07-12,2025-07-19,2022-03-13,Employee Referral,-1217,Joined
HIRE0003130,EMP03130,2024-12-17,2024-12-24,2021-09-19,Employee Referral,-1185,Joined
HIRE0003131,EMP03131,2024-07-29,2024-08-12,2017-07-29,Employee Referral,-2557,Joined
HIRE0003132,EMP03132,2023-08-24,2023-08-30,2018-07-01,Campus,-1880,Joined
HIRE0003133,EMP03133,2025-01-15,2025-01-29,2024-07-01,Naukri,-198,Joined
HIRE0003134,EMP03134,2025-05-25,2025-05-31,2023-01-14,Naukri,-862,Joined
HIRE0003135,EMP03135,2024-09-27,2024-10-09,2016-12-03,LinkedIn,-2855,Joined
HIRE0003136,EMP03136,2024-02-06,2024-02-20,2020-11-26,Campus,-1167,Joined
HIRE0003137,EMP03137,2024-07-12,2024-07-21,2018-10-09,Employee Referral,-2103,Joined
HIRE0003138,EMP03138,2024-06-26,2024-07-10,2023-09-06,LinkedIn,-294,Joined
HIRE0003139,EMP03139,2023-08-15,2023-08-28,2023-05-08,Naukri,-99,Joined
HIRE0003140,EMP03140,2024-06-03,2024-06-14,2020-05-21,Campus,-1474,Joined
HIRE0003141,EMP03141,2023-10-07,2023-10-14,2017-11-09,Indeed,-2158,Joined
HIRE0003142,EMP03142,2024-03-07,2024-03-20,2021-04-13,Indeed,-1059,Joined
HIRE0003143,EMP03143,2025-03-23,2025-04-06,2024-12-20,LinkedIn,-93,Joined
HIRE0003144,EMP03144,2023-10-04,2023-10-09,2021-11-24,Indeed,-679,Joined
HIRE0003145,EMP03145,2024-08-31,2024-09-08,2015-04-02,LinkedIn,-3439,Joined
HIRE0003146,EMP03146,2024-05-04,2024-05-09,2017-01-05,Naukri,-2676,Joined
HIRE0003147,EMP03147,2023-12-02,2023-12-16,2017-10-01,Indeed,-2253,Joined
HIRE0003148,EMP03148,2024-07-11,2024-07-19,2022-06-16,Employee Referral,-756,Joined
HIRE0003149,EMP03149,2024-02-01,2024-02-16,2021-07-05,Consultancy,-941,Joined
HIRE0003150,EMP03150,2025-07-29,2025-08-04,2023-08-01,Campus,-728,Joined
HIRE0003151,EMP03151,2025-07-14,2025-07-24,2018-09-17,Naukri,-2492,Joined
HIRE0003152,EMP03152,2024-09-17,2024-09-23,2018-07-14,Consultancy,-2257,Joined
HIRE0003153,EMP03153,2024-02-03,2024-02-13,2019-02-04,LinkedIn,-1825,Joined
HIRE0003154,EMP03154,2024-06-13,2024-06-18,2015-03-13,Naukri,-3380,Joined
HIRE0003155,EMP03155,2024-01-13,2024-01-23,2024-02-21,Employee Referral,39,Joined
HIRE0003156,EMP03156,2024-05-12,2024-05-27,2024-11-08,Employee Referral,180,Joined
HIRE0003157,EMP03157,2025-06-06,2025-06-20,2016-11-18,Employee Referral,-3122,Joined
HIRE0003158,EMP03158,2024-07-01,2024-07-16,2017-12-19,LinkedIn,-2386,Joined
HIRE0003159,EMP03159,2024-10-07,2024-10-19,2021-07-13,LinkedIn,-1182,Joined
HIRE0003160,EMP03160,2025-05-13,2025-05-23,2024-03-31,Employee Referral,-408,Joined
HIRE0003161,EMP03161,2024-10-02,2024-10-14,2017-11-13,Naukri,-2515,Joined
HIRE0003162,EMP03162,2025-01-23,2025-02-07,2020-01-24,Consultancy,-1826,Joined
HIRE0003163,EMP03163,2023-09-30,2023-10-07,2015-11-11,Indeed,-2880,Joined
HIRE0003164,EMP03164,2024-12-23,2025-01-06,2022-06-11,Employee Referral,-926,Joined
HIRE0003165,EMP03165,2024-07-09,2024-07-21,2018-11-15,LinkedIn,-2063,Joined
HIRE0003166,EMP03166,2025-03-16,2025-03-22,2025-10-04,Employee Referral,202,Joined
HIRE0003167,EMP03167,2023-10-21,2023-11-02,2024-05-16,Employee Referral,208,Joined
HIRE0003168,EMP03168,2024-11-14,2024-11-29,2017-10-24,Indeed,-2578,Joined
HIRE0003169,EMP03169,2024-02-09,2024-02-21,2017-04-28,Campus,-2478,Joined
HIRE0003170,EMP03170,2024-04-29,2024-05-09,2021-08-27,Consultancy,-976,Joined
HIRE0003171,EMP03171,2023-09-24,2023-10-07,2023-06-15,Employee Referral,-101,Joined
HIRE0003172,EMP03172,2025-07-20,2025-07-31,2022-01-12,LinkedIn,-1285,Joined
HIRE0003173,EMP03173,2025-07-21,2025-07-26,2025-07-22,Consultancy,1,Joined
HIRE0003174,EMP03174,2025-07-18,2025-08-02,2021-10-17,Employee Referral,-1370,Joined
HIRE0003175,EMP03175,2025-05-07,2025-05-21,2019-05-10,Employee Referral,-2189,Joined
HIRE0003176,EMP03176,2024-06-17,2024-06-24,2020-02-06,Employee Referral,-1593,Joined
HIRE0003177,EMP03177,2024-09-12,2024-09-17,2024-08-03,Consultancy,-40,Joined
HIRE0003178,EMP03178,2025-01-29,2025-02-03,2023-05-23,Naukri,-617,Joined
HIRE0003179,EMP03179,2024-12-21,2025-01-02,2024-06-15,Campus,-189,Joined
HIRE0003180,EMP03180,2025-01-30,2025-02-04,2016-02-26,Consultancy,-3261,Joined
HIRE0003181,EMP03181,2023-11-28,2023-12-12,2019-05-30,Indeed,-1643,Joined
HIRE0003182,EMP03182,2023-09-22,2023-10-07,2020-10-12,Campus,-1075,Joined
HIRE0003183,EMP03183,2025-02-02,2025-02-08,2024-05-03,Naukri,-275,Joined
HIRE0003184,EMP03184,2024-10-23,2024-10-29,2024-06-24,Consultancy,-121,Joined
HIRE0003185,EMP03185,2023-10-17,2023-10-31,2015-09-10,LinkedIn,-2959,Joined
HIRE0003186,EMP03186,2024-05-05,2024-05-18,2018-12-27,Employee Referral,-1956,Joined
HIRE0003187,EMP03187,2024-11-22,2024-11-30,2020-07-27,Consultancy,-1579,Joined
HIRE0003188,EMP03188,2024-06-13,2024-06-21,2020-09-12,LinkedIn,-1370,Joined
HIRE0003189,EMP03189,2024-09-30,2024-10-10,2023-09-25,Indeed,-371,Joined
HIRE0003190,EMP03190,2023-11-02,2023-11-08,2022-01-05,Employee Referral,-666,Joined
HIRE0003191,EMP03191,2025-07-05,2025-07-13,2025-08-11,Employee Referral,37,Joined
HIRE0003192,EMP03192,2024-02-10,2024-02-25,2019-08-28,Naukri,-1627,Joined
HIRE0003193,EMP03193,2023-11-03,2023-11-12,2015-01-03,Employee Referral,-3226,Joined
HIRE0003194,EMP03194,2023-12-21,2023-12-26,2024-07-23,Campus,215,Joined
HIRE0003195,EMP03195,2025-06-22,2025-07-06,2017-07-05,LinkedIn,-2909,Joined
HIRE0003196,EMP03196,2024-03-30,2024-04-11,2024-01-13,Indeed,-77,Joined
HIRE0003197,EMP03197,2024-05-01,2024-05-12,2017-09-26,Employee Referral,-2409,Joined
HIRE0003198,EMP03198,2025-05-31,2025-06-13,2022-05-31,Campus,-1096,Joined
HIRE0003199,EMP03199,2024-11-16,2024-11-21,2025-11-07,Naukri,356,Joined
HIRE0003200,EMP03200,2025-04-27,2025-05-10,2015-07-31,Indeed,-3558,Joined
HIRE0003201,EMP03201,2025-07-27,2025-08-07,2022-07-13,Campus,-1110,Joined
HIRE0003202,EMP03202,2025-03-25,2025-04-08,2018-06-19,LinkedIn,-2471,Joined
HIRE0003203,EMP03203,2024-04-04,2024-04-13,2020-12-15,Campus,-1206,Joined
HIRE0003204,EMP03204,2023-09-29,2023-10-14,2016-05-30,LinkedIn,-2678,Joined
HIRE0003205,EMP03205,2023-10-02,2023-10-14,2018-05-14,Naukri,-1967,Joined
HIRE0003206,EMP03206,2023-09-19,2023-09-30,2022-08-30,Employee Referral,-385,Joined
HIRE0003207,EMP03207,2025-03-05,2025-03-11,2019-05-06,LinkedIn,-2130,Joined
HIRE0003208,EMP03208,2025-02-01,2025-02-15,2017-06-11,Indeed,-2792,Joined
HIRE0003209,EMP03209,2023-08-11,2023-08-20,2023-06-25,Consultancy,-47,Joined
HIRE0003210,EMP03210,2025-01-13,2025-01-22,2016-11-14,Employee Referral,-2982,Joined
HIRE0003211,EMP03211,2024-08-30,2024-09-09,2024-02-11,Campus,-201,Joined
HIRE0003212,EMP03212,2025-04-14,2025-04-19,2023-10-10,Consultancy,-552,Joined
HIRE0003213,EMP03213,2024-11-30,2024-12-08,2015-05-18,Campus,-3484,Joined
HIRE0003214,EMP03214,2024-09-01,2024-09-16,2020-05-28,Campus,-1557,Joined
HIRE0003215,EMP03215,2024-08-29,2024-09-04,2017-02-14,Indeed,-2753,Joined
HIRE0003216,EMP03216,2025-03-11,2025-03-18,2023-08-02,Employee Referral,-587,Joined
HIRE0003217,EMP03217,2023-11-17,2023-11-26,2016-04-05,Campus,-2782,Joined
HIRE0003218,EMP03218,2025-05-11,2025-05-22,2018-08-02,Consultancy,-2474,Joined
HIRE0003219,EMP03219,2025-02-24,2025-03-01,2023-03-31,Indeed,-696,Joined
HIRE0003220,EMP03220,2024-02-25,2024-03-04,2017-10-15,Employee Referral,-2324,Joined
HIRE0003221,EMP03221,2023-10-06,2023-10-12,2018-02-16,Employee Referral,-2058,Joined
HIRE0003222,EMP03222,2024-10-18,2024-10-27,2022-03-05,Consultancy,-958,Joined
HIRE0003223,EMP03223,2024-12-14,2024-12-28,2025-06-28,Employee Referral,196,Joined
HIRE0003224,EMP03224,2025-07-30,2025-08-09,2018-02-17,Indeed,-2720,Joined
HIRE0003225,EMP03225,2024-08-25,2024-08-31,2023-02-13,Campus,-559,Joined
HIRE0003226,EMP03226,2025-03-20,2025-03-26,2021-07-02,Consultancy,-1357,Joined
HIRE0003227,EMP03227,2024-12-15,2024-12-23,2021-01-15,Consultancy,-1430,Joined
HIRE0003228,EMP03228,2025-06-04,2025-06-19,2020-08-30,Indeed,-1739,Joined
HIRE0003229,EMP03229,2024-01-03,2024-01-15,2019-12-20,LinkedIn,-1475,Joined
HIRE0003230,EMP03230,2025-06-25,2025-07-01,2020-11-18,Indeed,-1680,Joined
HIRE0003231,EMP03231,2024-11-01,2024-11-08,2022-08-17,LinkedIn,-807,Joined
HIRE0003232,EMP03232,2025-06-18,2025-06-29,2020-03-27,Campus,-1909,Joined
HIRE0003233,EMP03233,2023-10-12,2023-10-18,2016-10-07,Naukri,-2561,Joined
HIRE0003234,EMP03234,2024-12-03,2024-12-18,2024-12-09,Employee Referral,6,Joined
HIRE0003235,EMP03235,2025-08-02,2025-08-15,2022-08-16,Campus,-1082,Joined
HIRE0003236,EMP03236,2024-08-23,2024-09-03,2023-06-07,LinkedIn,-443,Joined
HIRE0003237,EMP03237,2024-02-12,2024-02-17,2016-10-28,Employee Referral,-2663,Joined
HIRE0003238,EMP03238,2025-04-06,2025-04-14,2015-06-29,Indeed,-3569,Joined
HIRE0003239,EMP03239,2025-07-30,2025-08-04,2020-09-24,Indeed,-1770,Joined
HIRE0003240,EMP03240,2025-07-27,2025-08-04,2021-02-07,Consultancy,-1631,Joined
HIRE0003241,EMP03241,2023-08-14,2023-08-26,2025-01-21,Consultancy,526,Joined
HIRE0003242,EMP03242,2025-06-12,2025-06-18,2020-03-15,Campus,-1915,Joined
HIRE0003243,EMP03243,2023-11-17,2023-11-29,2016-01-22,Naukri,-2856,Joined
HIRE0003244,EMP03244,2024-08-14,2024-08-21,2017-11-12,Indeed,-2467,Joined
HIRE0003245,EMP03245,2025-05-28,2025-06-12,2025-09-29,Indeed,124,Joined
HIRE0003246,EMP03246,2024-09-04,2024-09-09,2021-02-20,Employee Referral,-1292,Joined
HIRE0003247,EMP03247,2024-07-29,2024-08-12,2017-07-22,Campus,-2564,Joined
HIRE0003248,EMP03248,2024-11-23,2024-12-03,2015-07-07,Campus,-3427,Joined
HIRE0003249,EMP03249,2025-04-10,2025-04-16,2022-03-16,Campus,-1121,Joined
HIRE0003250,EMP03250,2024-10-30,2024-11-13,2019-08-10,Employee Referral,-1908,Joined
HIRE0003251,EMP03251,2025-02-07,2025-02-20,2023-06-16,LinkedIn,-602,Joined
HIRE0003252,EMP03252,2024-06-23,2024-07-07,2020-03-26,LinkedIn,-1550,Joined
HIRE0003253,EMP03253,2025-05-09,2025-05-14,2016-03-15,Campus,-3342,Joined
HIRE0003254,EMP03254,2025-07-12,2025-07-21,2019-06-11,Naukri,-2223,Joined
HIRE0003255,EMP03255,2024-02-11,2024-02-20,2016-07-07,Naukri,-2775,Joined
HIRE0003256,EMP03256,2025-05-18,2025-05-26,2015-01-07,Employee Referral,-3784,Joined
HIRE0003257,EMP03257,2024-09-23,2024-10-05,2017-10-08,Campus,-2542,Joined
HIRE0003258,EMP03258,2024-06-04,2024-06-14,2021-04-15,Campus,-1146,Joined
HIRE0003259,EMP03259,2025-02-22,2025-03-06,2018-07-14,Indeed,-2415,Joined
HIRE0003260,EMP03260,2024-02-22,2024-03-02,2021-11-16,Naukri,-828,Joined
HIRE0003261,EMP03261,2025-03-14,2025-03-26,2020-11-07,Employee Referral,-1588,Joined
HIRE0003262,EMP03262,2023-09-14,2023-09-25,2024-01-30,Naukri,138,Joined
HIRE0003263,EMP03263,2023-08-17,2023-08-22,2019-09-05,Campus,-1442,Joined
HIRE0003264,EMP03264,2024-11-16,2024-11-29,2023-09-30,LinkedIn,-413,Joined
HIRE0003265,EMP03265,2024-09-23,2024-10-06,2024-02-02,Naukri,-234,Joined
HIRE0003266,EMP03266,2024-06-04,2024-06-10,2016-03-02,Campus,-3016,Joined
HIRE0003267,EMP03267,2024-07-12,2024-07-26,2017-08-06,Naukri,-2532,Joined
HIRE0003268,EMP03268,2024-11-27,2024-12-10,2025-06-18,Indeed,203,Joined
HIRE0003269,EMP03269,2023-11-26,2023-12-11,2024-07-11,Indeed,228,Joined
HIRE0003270,EMP03270,2024-01-07,2024-01-20,2024-11-10,Consultancy,308,Joined
HIRE0003271,EMP03271,2024-02-02,2024-02-12,2022-12-02,Naukri,-427,Joined
HIRE0003272,EMP03272,2024-05-20,2024-05-27,2020-07-12,LinkedIn,-1408,Joined
HIRE0003273,EMP03273,2024-12-22,2025-01-04,2023-10-18,Consultancy,-431,Joined
HIRE0003274,EMP03274,2025-02-11,2025-02-22,2023-08-15,Consultancy,-546,Joined
HIRE0003275,EMP03275,2023-08-27,2023-09-10,2017-12-31,Consultancy,-2065,Joined
HIRE0003276,EMP03276,2024-07-30,2024-08-12,2022-01-28,Employee Referral,-914,Joined
HIRE0003277,EMP03277,2024-10-05,2024-10-13,2022-11-10,Campus,-695,Joined
HIRE0003278,EMP03278,2023-12-03,2023-12-15,2016-05-08,Campus,-2765,Joined
HIRE0003279,EMP03279,2025-03-22,2025-03-28,2025-10-19,Naukri,211,Joined
HIRE0003280,EMP03280,2025-02-15,2025-02-24,2020-07-17,Naukri,-1674,Joined
HIRE0003281,EMP03281,2024-05-29,2024-06-06,2019-12-04,Consultancy,-1638,Joined
HIRE0003282,EMP03282,2024-06-20,2024-07-02,2021-02-21,Consultancy,-1215,Joined
HIRE0003283,EMP03283,2025-07-06,2025-07-12,2016-08-12,Consultancy,-3250,Joined
HIRE0003284,EMP03284,2025-06-01,2025-06-08,2024-12-07,Consultancy,-176,Joined
HIRE0003285,EMP03285,2025-06-23,2025-07-05,2015-03-29,Employee Referral,-3739,Joined
HIRE0003286,EMP03286,2023-11-18,2023-11-28,2015-05-01,LinkedIn,-3123,Joined
HIRE0003287,EMP03287,2024-10-24,2024-10-30,2018-03-19,Campus,-2411,Joined
HIRE0003288,EMP03288,2024-06-17,2024-06-25,2018-02-10,Consultancy,-2319,Joined
HIRE0003289,EMP03289,2024-05-27,2024-06-06,2025-12-11,LinkedIn,563,Joined
HIRE0003290,EMP03290,2023-11-18,2023-11-26,2019-01-01,Consultancy,-1782,Joined
HIRE0003291,EMP03291,2024-04-22,2024-05-06,2019-02-05,Naukri,-1903,Joined
HIRE0003292,EMP03292,2025-07-05,2025-07-19,2016-01-15,Campus,-3459,Joined
HIRE0003293,EMP03293,2023-09-27,2023-10-02,2019-10-31,Employee Referral,-1427,Joined
HIRE0003294,EMP03294,2024-12-29,2025-01-06,2025-09-04,LinkedIn,249,Joined
HIRE0003295,EMP03295,2025-07-27,2025-08-07,2024-01-01,Indeed,-573,Joined
HIRE0003296,EMP03296,2024-08-17,2024-08-22,2025-07-08,Employee Referral,325,Joined
HIRE0003297,EMP03297,2023-11-13,2023-11-28,2018-10-05,LinkedIn,-1865,Joined
HIRE0003298,EMP03298,2023-08-27,2023-09-09,2021-07-15,LinkedIn,-773,Joined
HIRE0003299,EMP03299,2025-06-17,2025-06-30,2022-06-21,Indeed,-1092,Joined
HIRE0003300,EMP03300,2023-09-29,2023-10-12,2020-10-10,Campus,-1084,Joined
HIRE0003301,EMP03301,2025-07-20,2025-07-25,2022-12-27,Employee Referral,-936,Joined
HIRE0003302,EMP03302,2024-09-08,2024-09-22,2023-12-30,Campus,-253,Joined
HIRE0003303,EMP03303,2025-06-29,2025-07-13,2015-04-01,Indeed,-3742,Joined
HIRE0003304,EMP03304,2023-10-10,2023-10-24,2022-09-08,Campus,-397,Joined
HIRE0003305,EMP03305,2023-10-21,2023-10-31,2020-09-16,Naukri,-1130,Joined
HIRE0003306,EMP03306,2025-07-14,2025-07-19,2017-09-29,Employee Referral,-2845,Joined
HIRE0003307,EMP03307,2024-07-03,2024-07-11,2024-08-26,Campus,54,Joined
HIRE0003308,EMP03308,2024-05-27,2024-06-09,2022-04-13,Consultancy,-775,Joined
HIRE0003309,EMP03309,2025-02-18,2025-03-02,2016-06-04,Employee Referral,-3181,Joined
HIRE0003310,EMP03310,2025-03-11,2025-03-21,2025-01-04,Indeed,-66,Joined
HIRE0003311,EMP03311,2024-01-12,2024-01-22,2018-08-15,Naukri,-1976,Joined
HIRE0003312,EMP03312,2023-08-27,2023-09-08,2020-12-12,Indeed,-988,Joined
HIRE0003313,EMP03313,2024-09-13,2024-09-27,2019-02-26,Indeed,-2026,Joined
HIRE0003314,EMP03314,2023-12-01,2023-12-13,2024-01-16,Indeed,46,Joined
HIRE0003315,EMP03315,2025-04-28,2025-05-12,2021-04-16,Naukri,-1473,Joined
HIRE0003316,EMP03316,2025-02-13,2025-02-26,2016-06-16,Indeed,-3164,Joined
HIRE0003317,EMP03317,2023-12-27,2024-01-01,2017-05-24,LinkedIn,-2408,Joined
HIRE0003318,EMP03318,2023-12-05,2023-12-19,2020-12-05,Employee Referral,-1095,Joined
HIRE0003319,EMP03319,2024-07-25,2024-08-08,2020-05-28,Indeed,-1519,Joined
HIRE0003320,EMP03320,2025-08-01,2025-08-09,2017-10-22,LinkedIn,-2840,Joined
HIRE0003321,EMP03321,2024-09-23,2024-10-01,2021-12-18,Indeed,-1010,Joined
HIRE0003322,EMP03322,2024-08-10,2024-08-16,2017-12-16,Naukri,-2429,Joined
HIRE0003323,EMP03323,2024-05-09,2024-05-22,2016-11-06,Campus,-2741,Joined
HIRE0003324,EMP03324,2025-02-26,2025-03-06,2022-12-22,LinkedIn,-797,Joined
HIRE0003325,EMP03325,2025-07-12,2025-07-23,2023-05-23,Campus,-781,Joined
HIRE0003326,EMP03326,2023-10-06,2023-10-13,2021-06-18,Campus,-840,Joined
HIRE0003327,EMP03327,2023-09-06,2023-09-15,2019-07-27,Indeed,-1502,Joined
HIRE0003328,EMP03328,2025-01-28,2025-02-09,2023-01-18,Consultancy,-741,Joined
HIRE0003329,EMP03329,2024-01-18,2024-01-26,2022-12-27,LinkedIn,-387,Joined
HIRE0003330,EMP03330,2024-01-03,2024-01-12,2020-07-17,Naukri,-1265,Joined
HIRE0003331,EMP03331,2024-10-23,2024-11-02,2020-03-18,Consultancy,-1680,Joined
HIRE0003332,EMP03332,2025-01-08,2025-01-18,2023-11-06,LinkedIn,-429,Joined
HIRE0003333,EMP03333,2024-09-07,2024-09-22,2020-06-23,Employee Referral,-1537,Joined
HIRE0003334,EMP03334,2025-02-07,2025-02-18,2020-09-25,Indeed,-1596,Joined
HIRE0003335,EMP03335,2023-10-05,2023-10-17,2022-07-21,Naukri,-441,Joined
HIRE0003336,EMP03336,2025-05-30,2025-06-11,2020-02-14,Consultancy,-1932,Joined
HIRE0003337,EMP03337,2024-02-18,2024-02-23,2017-08-08,Campus,-2385,Joined
HIRE0003338,EMP03338,2024-07-31,2024-08-11,2023-12-18,LinkedIn,-226,Joined
HIRE0003339,EMP03339,2025-01-23,2025-02-02,2020-04-10,LinkedIn,-1749,Joined
HIRE0003340,EMP03340,2025-02-02,2025-02-12,2024-12-13,LinkedIn,-51,Joined
HIRE0003341,EMP03341,2024-07-15,2024-07-23,2023-08-12,LinkedIn,-338,Joined
HIRE0003342,EMP03342,2025-03-07,2025-03-15,2025-06-07,LinkedIn,92,Joined
HIRE0003343,EMP03343,2025-01-12,2025-01-27,2025-11-15,Campus,307,Joined
HIRE0003344,EMP03344,2023-12-05,2023-12-13,2019-08-28,Campus,-1560,Joined
HIRE0003345,EMP03345,2025-07-15,2025-07-30,2023-08-24,LinkedIn,-691,Joined
HIRE0003346,EMP03346,2025-04-09,2025-04-19,2021-10-14,LinkedIn,-1273,Joined
HIRE0003347,EMP03347,2025-07-24,2025-07-29,2015-08-09,Consultancy,-3637,Joined
HIRE0003348,EMP03348,2025-07-13,2025-07-25,2017-04-17,Employee Referral,-3009,Joined
HIRE0003349,EMP03349,2025-07-18,2025-07-27,2025-05-04,Consultancy,-75,Joined
HIRE0003350,EMP03350,2023-09-26,2023-10-06,2018-05-06,Indeed,-1969,Joined
HIRE0003351,EMP03351,2025-05-28,2025-06-03,2018-04-12,Employee Referral,-2603,Joined
HIRE0003352,EMP03352,2024-10-21,2024-11-01,2025-12-30,LinkedIn,435,Joined
HIRE0003353,EMP03353,2023-10-20,2023-10-28,2021-02-10,Indeed,-982,Joined
HIRE0003354,EMP03354,2025-05-16,2025-05-22,2023-02-07,Naukri,-829,Joined
HIRE0003355,EMP03355,2024-07-28,2024-08-05,2024-11-25,Naukri,120,Joined
HIRE0003356,EMP03356,2024-11-16,2024-11-24,2016-08-28,LinkedIn,-3002,Joined
HIRE0003357,EMP03357,2025-07-29,2025-08-13,2024-01-02,Consultancy,-574,Joined
HIRE0003358,EMP03358,2024-01-31,2024-02-07,2019-01-14,Employee Referral,-1843,Joined
HIRE0003359,EMP03359,2025-02-15,2025-02-20,2022-09-03,LinkedIn,-896,Joined
HIRE0003360,EMP03360,2023-10-20,2023-10-26,2016-03-31,Naukri,-2759,Joined
HIRE0003361,EMP03361,2025-01-16,2025-01-28,2020-08-08,Consultancy,-1622,Joined
HIRE0003362,EMP03362,2025-04-18,2025-04-27,2023-07-22,Campus,-636,Joined
HIRE0003363,EMP03363,2024-10-13,2024-10-23,2025-01-10,LinkedIn,89,Joined
HIRE0003364,EMP03364,2024-05-11,2024-05-26,2018-04-03,LinkedIn,-2230,Joined
HIRE0003365,EMP03365,2023-11-22,2023-12-06,2025-03-09,Indeed,473,Joined
HIRE0003366,EMP03366,2024-05-15,2024-05-22,2018-12-26,Consultancy,-1967,Joined
HIRE0003367,EMP03367,2024-10-04,2024-10-13,2023-06-05,LinkedIn,-487,Joined
HIRE0003368,EMP03368,2025-07-16,2025-07-31,2023-05-20,Campus,-788,Joined
HIRE0003369,EMP03369,2024-09-26,2024-10-05,2025-04-21,LinkedIn,207,Joined
HIRE0003370,EMP03370,2023-08-21,2023-08-30,2022-03-07,Naukri,-532,Joined
HIRE0003371,EMP03371,2024-06-16,2024-07-01,2024-08-12,LinkedIn,57,Joined
HIRE0003372,EMP03372,2023-10-03,2023-10-12,2023-03-12,Consultancy,-205,Joined
HIRE0003373,EMP03373,2024-07-02,2024-07-09,2017-07-31,Employee Referral,-2528,Joined
HIRE0003374,EMP03374,2023-09-05,2023-09-10,2019-08-02,Naukri,-1495,Joined
HIRE0003375,EMP03375,2025-06-20,2025-06-28,2024-11-02,Consultancy,-230,Joined
HIRE0003376,EMP03376,2025-02-06,2025-02-21,2019-07-11,Employee Referral,-2037,Joined
HIRE0003377,EMP03377,2025-03-21,2025-03-30,2020-03-19,Indeed,-1828,Joined
HIRE0003378,EMP03378,2025-07-09,2025-07-20,2021-05-20,Campus,-1511,Joined
HIRE0003379,EMP03379,2024-10-13,2024-10-27,2015-07-09,Indeed,-3384,Joined
HIRE0003380,EMP03380,2024-09-09,2024-09-16,2025-08-25,Naukri,350,Joined
HIRE0003381,EMP03381,2023-12-13,2023-12-28,2018-05-31,Consultancy,-2022,Joined
HIRE0003382,EMP03382,2024-07-12,2024-07-17,2018-02-12,Naukri,-2342,Joined
HIRE0003383,EMP03383,2023-11-26,2023-12-02,2017-04-01,Naukri,-2430,Joined
HIRE0003384,EMP03384,2024-06-15,2024-06-22,2025-08-08,Naukri,419,Joined
HIRE0003385,EMP03385,2023-12-26,2024-01-01,2017-01-14,Employee Referral,-2537,Joined
HIRE0003386,EMP03386,2024-12-19,2025-01-03,2024-09-13,Employee Referral,-97,Joined
HIRE0003387,EMP03387,2024-01-23,2024-01-28,2016-02-28,Indeed,-2886,Joined
HIRE0003388,EMP03388,2023-11-13,2023-11-19,2025-05-01,Indeed,535,Joined
HIRE0003389,EMP03389,2024-08-12,2024-08-24,2018-10-08,Indeed,-2135,Joined
HIRE0003390,EMP03390,2025-05-07,2025-05-19,2016-02-16,Consultancy,-3368,Joined
HIRE0003391,EMP03391,2023-12-29,2024-01-06,2022-01-17,Campus,-711,Joined
HIRE0003392,EMP03392,2023-08-15,2023-08-29,2016-09-02,LinkedIn,-2538,Joined
HIRE0003393,EMP03393,2024-03-29,2024-04-09,2025-08-27,Naukri,516,Joined
HIRE0003394,EMP03394,2025-05-04,2025-05-10,2018-11-07,Consultancy,-2370,Joined
HIRE0003395,EMP03395,2025-05-05,2025-05-14,2015-06-22,Indeed,-3605,Joined
HIRE0003396,EMP03396,2025-03-24,2025-04-07,2019-04-24,LinkedIn,-2161,Joined
HIRE0003397,EMP03397,2024-04-07,2024-04-19,2021-04-22,LinkedIn,-1081,Joined
HIRE0003398,EMP03398,2024-04-16,2024-04-27,2018-12-02,Employee Referral,-1962,Joined
HIRE0003399,EMP03399,2024-12-25,2025-01-06,2019-01-02,Consultancy,-2184,Joined
HIRE0003400,EMP03400,2023-08-14,2023-08-26,2021-06-14,LinkedIn,-791,Joined
HIRE0003401,EMP03401,2025-02-07,2025-02-20,2025-11-15,Consultancy,281,Joined
HIRE0003402,EMP03402,2024-10-22,2024-11-05,2016-01-28,Consultancy,-3190,Joined
HIRE0003403,EMP03403,2025-05-15,2025-05-21,2016-09-26,Naukri,-3153,Joined
HIRE0003404,EMP03404,2024-11-11,2024-11-16,2023-06-24,Indeed,-506,Joined
HIRE0003405,EMP03405,2023-12-01,2023-12-14,2021-04-29,LinkedIn,-946,Joined
HIRE0003406,EMP03406,2025-05-24,2025-06-04,2025-06-17,Consultancy,24,Joined
HIRE0003407,EMP03407,2023-08-23,2023-09-02,2024-07-06,LinkedIn,318,Joined
HIRE0003408,EMP03408,2025-04-29,2025-05-06,2021-09-07,Employee Referral,-1330,Joined
HIRE0003409,EMP03409,2024-07-02,2024-07-08,2019-10-22,Consultancy,-1715,Joined
HIRE0003410,EMP03410,2024-08-05,2024-08-17,2024-02-28,Consultancy,-159,Joined
HIRE0003411,EMP03411,2024-02-06,2024-02-21,2023-12-08,LinkedIn,-60,Joined
HIRE0003412,EMP03412,2024-04-25,2024-05-10,2017-03-19,Naukri,-2594,Joined
HIRE0003413,EMP03413,2024-05-15,2024-05-24,2022-06-25,Naukri,-690,Joined
HIRE0003414,EMP03414,2025-06-27,2025-07-07,2025-02-22,Indeed,-125,Joined
HIRE0003415,EMP03415,2024-09-15,2024-09-21,2017-04-21,Employee Referral,-2704,Joined
HIRE0003416,EMP03416,2025-07-04,2025-07-18,2020-01-23,Employee Referral,-1989,Joined
HIRE0003417,EMP03417,2024-07-03,2024-07-18,2023-11-25,LinkedIn,-221,Joined
HIRE0003418,EMP03418,2024-05-31,2024-06-11,2018-03-31,Naukri,-2253,Joined
HIRE0003419,EMP03419,2025-01-12,2025-01-27,2020-08-28,Indeed,-1598,Joined
HIRE0003420,EMP03420,2024-08-10,2024-08-22,2017-02-03,Consultancy,-2745,Joined
HIRE0003421,EMP03421,2025-04-10,2025-04-22,2018-05-23,Campus,-2514,Joined
HIRE0003422,EMP03422,2025-07-06,2025-07-12,2015-03-06,Campus,-3775,Joined
HIRE0003423,EMP03423,2024-11-29,2024-12-06,2017-06-28,Employee Referral,-2711,Joined
HIRE0003424,EMP03424,2025-03-03,2025-03-14,2020-06-05,LinkedIn,-1732,Joined
HIRE0003425,EMP03425,2024-05-20,2024-05-28,2020-08-10,Campus,-1379,Joined
HIRE0003426,EMP03426,2024-12-06,2024-12-16,2016-12-16,LinkedIn,-2912,Joined
HIRE0003427,EMP03427,2023-12-17,2023-12-25,2025-09-30,Naukri,653,Joined
HIRE0003428,EMP03428,2024-04-09,2024-04-21,2018-08-16,Campus,-2063,Joined
HIRE0003429,EMP03429,2025-03-06,2025-03-17,2018-12-20,Campus,-2268,Joined
HIRE0003430,EMP03430,2024-05-06,2024-05-14,2025-06-06,Campus,396,Joined
HIRE0003431,EMP03431,2024-03-23,2024-04-02,2025-05-10,Consultancy,413,Joined
HIRE0003432,EMP03432,2023-12-14,2023-12-27,2023-11-12,Indeed,-32,Joined
HIRE0003433,EMP03433,2024-05-25,2024-06-02,2020-01-13,Employee Referral,-1594,Joined
HIRE0003434,EMP03434,2023-11-16,2023-11-22,2025-07-14,LinkedIn,606,Joined
HIRE0003435,EMP03435,2025-01-03,2025-01-14,2015-06-02,LinkedIn,-3503,Joined
HIRE0003436,EMP03436,2023-08-08,2023-08-20,2021-01-08,Campus,-942,Joined
HIRE0003437,EMP03437,2024-04-25,2024-05-10,2019-10-22,Indeed,-1647,Joined
HIRE0003438,EMP03438,2024-02-07,2024-02-16,2025-04-18,Employee Referral,436,Joined
HIRE0003439,EMP03439,2024-08-04,2024-08-12,2017-02-10,Consultancy,-2732,Joined
HIRE0003440,EMP03440,2023-08-17,2023-08-23,2024-01-16,Employee Referral,152,Joined
HIRE0003441,EMP03441,2023-10-10,2023-10-24,2024-12-10,Naukri,427,Joined
HIRE0003442,EMP03442,2023-08-11,2023-08-26,2022-09-13,Indeed,-332,Joined
HIRE0003443,EMP03443,2025-05-09,2025-05-18,2018-04-14,Consultancy,-2582,Joined
HIRE0003444,EMP03444,2023-09-25,2023-10-07,2020-03-20,Naukri,-1284,Joined
HIRE0003445,EMP03445,2024-03-19,2024-03-27,2023-08-26,LinkedIn,-206,Joined
HIRE0003446,EMP03446,2024-02-24,2024-03-10,2019-01-20,Consultancy,-1861,Joined
HIRE0003447,EMP03447,2023-08-09,2023-08-15,2019-08-24,Naukri,-1446,Joined
HIRE0003448,EMP03448,2024-01-28,2024-02-11,2022-06-13,Consultancy,-594,Joined
HIRE0003449,EMP03449,2025-07-23,2025-08-04,2022-08-26,Consultancy,-1062,Joined
HIRE0003450,EMP03450,2025-04-30,2025-05-13,2024-02-23,Consultancy,-432,Joined
HIRE0003451,EMP03451,2024-05-23,2024-05-28,2016-10-05,Campus,-2787,Joined
HIRE0003452,EMP03452,2024-03-05,2024-03-19,2015-11-01,Employee Referral,-3047,Joined
HIRE0003453,EMP03453,2025-05-31,2025-06-06,2015-08-08,Indeed,-3584,Joined
HIRE0003454,EMP03454,2025-01-04,2025-01-09,2020-03-05,Naukri,-1766,Joined
HIRE0003455,EMP03455,2024-06-22,2024-07-02,2016-01-06,Campus,-3090,Joined
HIRE0003456,EMP03456,2025-01-25,2025-02-02,2015-02-20,LinkedIn,-3627,Joined
HIRE0003457,EMP03457,2024-03-19,2024-03-29,2024-03-12,Employee Referral,-7,Joined
HIRE0003458,EMP03458,2025-02-15,2025-02-24,2016-05-15,Campus,-3198,Joined
HIRE0003459,EMP03459,2023-09-24,2023-10-06,2019-10-09,Naukri,-1446,Joined
HIRE0003460,EMP03460,2024-05-24,2024-06-07,2022-01-15,Naukri,-860,Joined
HIRE0003461,EMP03461,2024-01-08,2024-01-20,2019-10-06,Naukri,-1555,Joined
HIRE0003462,EMP03462,2024-08-14,2024-08-28,2024-03-18,Naukri,-149,Joined
HIRE0003463,EMP03463,2025-05-26,2025-06-06,2016-03-06,Campus,-3368,Joined
HIRE0003464,EMP03464,2024-11-12,2024-11-22,2023-05-21,Campus,-541,Joined
HIRE0003465,EMP03465,2025-02-11,2025-02-26,2024-08-18,Indeed,-177,Joined
HIRE0003466,EMP03466,2024-07-20,2024-07-28,2019-11-05,Employee Referral,-1719,Joined
HIRE0003467,EMP03467,2023-08-28,2023-09-10,2024-09-03,Consultancy,372,Joined
HIRE0003468,EMP03468,2024-10-04,2024-10-09,2021-06-02,LinkedIn,-1220,Joined
HIRE0003469,EMP03469,2024-06-28,2024-07-06,2021-09-19,Campus,-1013,Joined
HIRE0003470,EMP03470,2024-05-29,2024-06-05,2025-08-12,Employee Referral,440,Joined
HIRE0003471,EMP03471,2024-10-28,2024-11-06,2018-01-08,Naukri,-2485,Joined
HIRE0003472,EMP03472,2024-04-06,2024-04-18,2023-07-19,Consultancy,-262,Joined
HIRE0003473,EMP03473,2023-11-02,2023-11-13,2018-09-10,Employee Referral,-1879,Joined
HIRE0003474,EMP03474,2023-11-16,2023-11-24,2020-03-01,Employee Referral,-1355,Joined
HIRE0003475,EMP03475,2025-01-30,2025-02-08,2020-07-07,Employee Referral,-1668,Joined
HIRE0003476,EMP03476,2025-04-17,2025-04-30,2019-12-05,Naukri,-1960,Joined
HIRE0003477,EMP03477,2024-09-28,2024-10-12,2016-07-10,LinkedIn,-3002,Joined
HIRE0003478,EMP03478,2023-11-22,2023-12-03,2018-04-24,Consultancy,-2038,Joined
HIRE0003479,EMP03479,2024-05-17,2024-05-23,2025-10-10,Naukri,511,Joined
HIRE0003480,EMP03480,2024-06-12,2024-06-17,2022-05-09,LinkedIn,-765,Joined
HIRE0003481,EMP03481,2025-07-31,2025-08-14,2018-02-16,Employee Referral,-2722,Joined
HIRE0003482,EMP03482,2023-12-23,2024-01-01,2017-10-18,Employee Referral,-2257,Joined
HIRE0003483,EMP03483,2025-05-20,2025-06-01,2024-11-05,LinkedIn,-196,Joined
HIRE0003484,EMP03484,2025-02-06,2025-02-11,2019-03-20,Indeed,-2150,Joined
HIRE0003485,EMP03485,2024-10-12,2024-10-23,2025-05-18,Consultancy,218,Joined
HIRE0003486,EMP03486,2025-03-28,2025-04-11,2019-11-28,Consultancy,-1947,Joined
HIRE0003487,EMP03487,2024-02-13,2024-02-22,2018-06-08,Consultancy,-2076,Joined
HIRE0003488,EMP03488,2025-02-04,2025-02-10,2025-07-30,LinkedIn,176,Joined
HIRE0003489,EMP03489,2024-10-08,2024-10-18,2018-08-11,Indeed,-2250,Joined
HIRE0003490,EMP03490,2023-09-19,2023-09-24,2019-10-12,Naukri,-1438,Joined
HIRE0003491,EMP03491,2024-09-28,2024-10-04,2022-03-25,Employee Referral,-918,Joined
HIRE0003492,EMP03492,2025-02-08,2025-02-18,2018-09-23,Naukri,-2330,Joined
HIRE0003493,EMP03493,2024-02-09,2024-02-15,2020-06-20,Employee Referral,-1329,Joined
HIRE0003494,EMP03494,2025-04-21,2025-05-02,2025-01-18,Indeed,-93,Joined
HIRE0003495,EMP03495,2024-02-15,2024-02-26,2025-12-02,Naukri,656,Joined
HIRE0003496,EMP03496,2024-05-25,2024-05-30,2023-08-11,LinkedIn,-288,Joined
HIRE0003497,EMP03497,2025-03-11,2025-03-20,2022-02-16,Employee Referral,-1119,Joined
HIRE0003498,EMP03498,2025-01-27,2025-02-05,2017-08-17,Naukri,-2720,Joined
HIRE0003499,EMP03499,2024-10-05,2024-10-13,2020-01-04,Indeed,-1736,Joined
HIRE0003500,EMP03500,2024-07-18,2024-07-31,2015-08-16,Consultancy,-3259,Joined
HIRE0003501,EMP03501,2024-03-28,2024-04-12,2016-04-24,Campus,-2895,Joined
HIRE0003502,EMP03502,2023-12-19,2023-12-27,2022-01-14,Campus,-704,Joined
HIRE0003503,EMP03503,2025-07-24,2025-08-01,2023-10-22,LinkedIn,-641,Joined
HIRE0003504,EMP03504,2024-09-28,2024-10-07,2018-04-14,Employee Referral,-2359,Joined
HIRE0003505,EMP03505,2024-11-29,2024-12-04,2016-11-28,Consultancy,-2923,Joined
HIRE0003506,EMP03506,2024-02-15,2024-02-29,2015-09-05,Indeed,-3085,Joined
HIRE0003507,EMP03507,2023-09-22,2023-10-07,2024-02-18,Indeed,149,Joined
HIRE0003508,EMP03508,2024-07-11,2024-07-26,2017-09-11,Indeed,-2495,Joined
HIRE0003509,EMP03509,2023-09-08,2023-09-13,2023-08-05,Employee Referral,-34,Joined
HIRE0003510,EMP03510,2025-04-20,2025-05-05,2020-04-16,Consultancy,-1830,Joined
HIRE0003511,EMP03511,2024-04-04,2024-04-16,2019-02-05,Employee Referral,-1885,Joined
HIRE0003512,EMP03512,2024-06-09,2024-06-20,2015-12-27,Campus,-3087,Joined
HIRE0003513,EMP03513,2025-01-17,2025-02-01,2016-01-14,LinkedIn,-3291,Joined
HIRE0003514,EMP03514,2025-07-11,2025-07-23,2017-08-19,Indeed,-2883,Joined
HIRE0003515,EMP03515,2024-09-10,2024-09-22,2022-06-21,Employee Referral,-812,Joined
HIRE0003516,EMP03516,2024-05-27,2024-06-10,2016-08-29,Consultancy,-2828,Joined
HIRE0003517,EMP03517,2024-05-08,2024-05-17,2020-02-18,Employee Referral,-1541,Joined
HIRE0003518,EMP03518,2024-09-26,2024-10-02,2024-05-27,Naukri,-122,Joined
HIRE0003519,EMP03519,2024-07-28,2024-08-04,2023-06-08,Indeed,-416,Joined
HIRE0003520,EMP03520,2025-05-16,2025-05-29,2015-07-10,Campus,-3598,Joined
HIRE0003521,EMP03521,2025-02-18,2025-02-25,2016-07-06,Naukri,-3149,Joined
HIRE0003522,EMP03522,2023-12-14,2023-12-28,2024-02-09,Naukri,57,Joined
HIRE0003523,EMP03523,2024-10-04,2024-10-10,2022-07-03,Indeed,-824,Joined
HIRE0003524,EMP03524,2023-12-11,2023-12-23,2022-12-12,Consultancy,-364,Joined
HIRE0003525,EMP03525,2024-01-22,2024-01-29,2020-12-02,Indeed,-1146,Joined
HIRE0003526,EMP03526,2023-08-21,2023-08-29,2025-07-10,Consultancy,689,Joined
HIRE0003527,EMP03527,2025-03-06,2025-03-15,2020-03-18,Employee Referral,-1814,Joined
HIRE0003528,EMP03528,2023-09-20,2023-10-05,2024-04-26,Employee Referral,219,Joined
HIRE0003529,EMP03529,2024-12-27,2025-01-06,2018-03-25,Employee Referral,-2469,Joined
HIRE0003530,EMP03530,2024-12-10,2024-12-21,2016-12-12,Employee Referral,-2920,Joined
HIRE0003531,EMP03531,2023-11-28,2023-12-12,2015-09-11,Consultancy,-3000,Joined
HIRE0003532,EMP03532,2024-05-12,2024-05-19,2023-04-07,Consultancy,-401,Joined
HIRE0003533,EMP03533,2024-10-02,2024-10-14,2023-10-01,Consultancy,-367,Joined
HIRE0003534,EMP03534,2024-05-10,2024-05-20,2024-07-01,Indeed,52,Joined
HIRE0003535,EMP03535,2024-07-04,2024-07-09,2019-11-16,Campus,-1692,Joined
HIRE0003536,EMP03536,2024-06-14,2024-06-25,2021-10-04,Naukri,-984,Joined
HIRE0003537,EMP03537,2024-02-10,2024-02-19,2020-05-26,Indeed,-1355,Joined
HIRE0003538,EMP03538,2024-09-05,2024-09-13,2022-01-15,Employee Referral,-964,Joined
HIRE0003539,EMP03539,2024-12-04,2024-12-14,2021-06-15,Employee Referral,-1268,Joined
HIRE0003540,EMP03540,2024-09-29,2024-10-04,2024-08-31,Campus,-29,Joined
HIRE0003541,EMP03541,2024-07-17,2024-07-23,2024-12-04,Consultancy,140,Joined
HIRE0003542,EMP03542,2024-01-30,2024-02-09,2016-11-09,Naukri,-2638,Joined
HIRE0003543,EMP03543,2025-04-09,2025-04-15,2022-11-27,Employee Referral,-864,Joined
HIRE0003544,EMP03544,2024-07-31,2024-08-10,2015-11-01,Employee Referral,-3195,Joined
HIRE0003545,EMP03545,2025-06-29,2025-07-10,2015-10-10,Campus,-3550,Joined
HIRE0003546,EMP03546,2025-06-26,2025-07-06,2021-12-15,Employee Referral,-1289,Joined
HIRE0003547,EMP03547,2025-07-22,2025-07-29,2023-01-25,Employee Referral,-909,Joined
HIRE0003548,EMP03548,2024-08-22,2024-09-03,2022-10-27,Employee Referral,-665,Joined
HIRE0003549,EMP03549,2024-02-24,2024-03-05,2015-01-28,Campus,-3314,Joined
HIRE0003550,EMP03550,2024-04-06,2024-04-16,2022-05-29,Employee Referral,-678,Joined
HIRE0003551,EMP03551,2024-05-04,2024-05-14,2017-05-04,Consultancy,-2557,Joined
HIRE0003552,EMP03552,2024-04-28,2024-05-03,2015-12-15,Indeed,-3057,Joined
HIRE0003553,EMP03553,2025-03-08,2025-03-21,2015-05-14,Employee Referral,-3586,Joined
HIRE0003554,EMP03554,2023-11-13,2023-11-27,2024-04-24,Campus,163,Joined
HIRE0003555,EMP03555,2023-12-19,2023-12-27,2025-03-27,Naukri,464,Joined
HIRE0003556,EMP03556,2024-06-09,2024-06-15,2017-12-04,Employee Referral,-2379,Joined
HIRE0003557,EMP03557,2024-01-03,2024-01-11,2020-10-23,LinkedIn,-1167,Joined
HIRE0003558,EMP03558,2025-07-10,2025-07-24,2021-05-13,Employee Referral,-1519,Joined
HIRE0003559,EMP03559,2025-02-10,2025-02-25,2017-12-11,LinkedIn,-2618,Joined
HIRE0003560,EMP03560,2024-02-29,2024-03-13,2022-01-21,Campus,-769,Joined
HIRE0003561,EMP03561,2024-10-01,2024-10-13,2024-11-21,Consultancy,51,Joined
HIRE0003562,EMP03562,2023-10-11,2023-10-16,2016-09-05,Indeed,-2592,Joined
HIRE0003563,EMP03563,2023-09-20,2023-09-30,2017-06-19,Naukri,-2284,Joined
HIRE0003564,EMP03564,2024-09-29,2024-10-08,2015-07-14,Employee Referral,-3365,Joined
HIRE0003565,EMP03565,2023-12-31,2024-01-08,2023-07-01,Campus,-183,Joined
HIRE0003566,EMP03566,2024-01-08,2024-01-22,2020-12-08,Naukri,-1126,Joined
HIRE0003567,EMP03567,2024-04-12,2024-04-18,2024-04-12,Employee Referral,0,Joined
HIRE0003568,EMP03568,2024-04-02,2024-04-14,2025-09-04,Campus,520,Joined
HIRE0003569,EMP03569,2025-05-07,2025-05-15,2022-08-08,Campus,-1003,Joined
HIRE0003570,EMP03570,2025-03-22,2025-04-03,2023-03-28,Naukri,-725,Joined
HIRE0003571,EMP03571,2025-02-02,2025-02-11,2016-01-29,Consultancy,-3292,Joined
HIRE0003572,EMP03572,2025-05-14,2025-05-27,2015-07-13,Campus,-3593,Joined
HIRE0003573,EMP03573,2024-03-04,2024-03-13,2016-05-19,Campus,-2846,Joined
HIRE0003574,EMP03574,2024-03-20,2024-04-03,2017-02-28,Naukri,-2577,Joined
HIRE0003575,EMP03575,2025-04-02,2025-04-14,2024-10-16,LinkedIn,-168,Joined
HIRE0003576,EMP03576,2023-10-28,2023-11-03,2024-03-01,Employee Referral,125,Joined
HIRE0003577,EMP03577,2024-07-13,2024-07-22,2018-03-22,Campus,-2305,Joined
HIRE0003578,EMP03578,2024-11-10,2024-11-24,2022-04-16,LinkedIn,-939,Joined
HIRE0003579,EMP03579,2024-08-22,2024-08-29,2019-03-08,Campus,-1994,Joined
HIRE0003580,EMP03580,2023-10-05,2023-10-20,2016-06-02,Campus,-2681,Joined
HIRE0003581,EMP03581,2024-10-13,2024-10-21,2022-09-09,Campus,-765,Joined
HIRE0003582,EMP03582,2024-08-15,2024-08-24,2018-03-04,LinkedIn,-2356,Joined
HIRE0003583,EMP03583,2025-03-16,2025-03-26,2017-07-05,Campus,-2811,Joined
HIRE0003584,EMP03584,2024-01-13,2024-01-22,2017-11-01,LinkedIn,-2264,Joined
HIRE0003585,EMP03585,2024-04-04,2024-04-15,2022-02-14,LinkedIn,-780,Joined
HIRE0003586,EMP03586,2024-09-17,2024-09-23,2017-11-23,Indeed,-2490,Joined
HIRE0003587,EMP03587,2023-12-02,2023-12-14,2019-07-26,Campus,-1590,Joined
HIRE0003588,EMP03588,2025-02-27,2025-03-06,2021-05-12,Indeed,-1387,Joined
HIRE0003589,EMP03589,2024-05-07,2024-05-22,2015-07-05,Indeed,-3229,Joined
HIRE0003590,EMP03590,2024-08-27,2024-09-11,2024-02-17,Naukri,-192,Joined
HIRE0003591,EMP03591,2024-10-19,2024-10-28,2022-08-09,LinkedIn,-802,Joined
HIRE0003592,EMP03592,2025-02-04,2025-02-12,2015-05-10,Naukri,-3558,Joined
HIRE0003593,EMP03593,2024-07-06,2024-07-19,2023-10-05,Campus,-275,Joined
HIRE0003594,EMP03594,2025-02-15,2025-02-28,2022-06-02,Employee Referral,-989,Joined
HIRE0003595,EMP03595,2024-09-11,2024-09-25,2023-09-09,Naukri,-368,Joined
HIRE0003596,EMP03596,2025-06-25,2025-07-08,2018-07-12,Consultancy,-2540,Joined
HIRE0003597,EMP03597,2024-05-16,2024-05-29,2020-12-10,Naukri,-1253,Joined
HIRE0003598,EMP03598,2024-04-21,2024-05-04,2020-03-16,Employee Referral,-1497,Joined
HIRE0003599,EMP03599,2024-11-14,2024-11-21,2017-02-09,Indeed,-2835,Joined
HIRE0003600,EMP03600,2024-01-08,2024-01-22,2023-11-21,LinkedIn,-48,Joined
HIRE0003601,EMP03601,2024-07-02,2024-07-11,2018-08-14,Consultancy,-2149,Joined
HIRE0003602,EMP03602,2024-09-14,2024-09-26,2021-11-08,LinkedIn,-1041,Joined
HIRE0003603,EMP03603,2024-11-26,2024-12-06,2021-02-14,Naukri,-1381,Joined
HIRE0003604,EMP03604,2025-05-18,2025-05-26,2019-03-25,Campus,-2246,Joined
HIRE0003605,EMP03605,2024-04-07,2024-04-14,2023-02-26,Employee Referral,-406,Joined
HIRE0003606,EMP03606,2024-01-28,2024-02-09,2021-03-26,Employee Referral,-1038,Joined
HIRE0003607,EMP03607,2024-11-28,2024-12-05,2018-03-22,Indeed,-2443,Joined
HIRE0003608,EMP03608,2024-03-04,2024-03-13,2016-11-15,LinkedIn,-2666,Joined
HIRE0003609,EMP03609,2023-08-31,2023-09-11,2025-12-11,Employee Referral,833,Joined
HIRE0003610,EMP03610,2023-12-18,2023-12-29,2018-06-19,Indeed,-2008,Joined
HIRE0003611,EMP03611,2024-10-04,2024-10-18,2025-11-19,Campus,411,Joined
HIRE0003612,EMP03612,2024-09-16,2024-09-21,2025-02-15,Campus,152,Joined
HIRE0003613,EMP03613,2023-11-02,2023-11-17,2016-10-25,Naukri,-2564,Joined
HIRE0003614,EMP03614,2024-09-07,2024-09-17,2017-07-21,Employee Referral,-2605,Joined
HIRE0003615,EMP03615,2023-09-11,2023-09-25,2021-01-06,Naukri,-978,Joined
HIRE0003616,EMP03616,2024-08-22,2024-09-01,2021-04-25,Campus,-1215,Joined
HIRE0003617,EMP03617,2023-12-08,2023-12-13,2025-04-01,Employee Referral,480,Joined
HIRE0003618,EMP03618,2024-12-25,2025-01-04,2019-02-06,Employee Referral,-2149,Joined
HIRE0003619,EMP03619,2024-01-06,2024-01-20,2023-12-19,Campus,-18,Joined
HIRE0003620,EMP03620,2023-10-02,2023-10-14,2018-10-23,Consultancy,-1805,Joined
HIRE0003621,EMP03621,2024-11-23,2024-11-29,2018-05-06,Indeed,-2393,Joined
HIRE0003622,EMP03622,2024-01-03,2024-01-15,2020-08-06,LinkedIn,-1245,Joined
HIRE0003623,EMP03623,2023-08-07,2023-08-19,2020-12-19,LinkedIn,-961,Joined
HIRE0003624,EMP03624,2024-12-28,2025-01-07,2015-05-18,LinkedIn,-3512,Joined
HIRE0003625,EMP03625,2023-11-01,2023-11-07,2022-07-13,Employee Referral,-476,Joined
HIRE0003626,EMP03626,2023-08-28,2023-09-05,2024-07-12,Naukri,319,Joined
HIRE0003627,EMP03627,2023-10-09,2023-10-16,2019-01-11,Indeed,-1732,Joined
HIRE0003628,EMP03628,2024-04-22,2024-04-27,2025-10-16,Naukri,542,Joined
HIRE0003629,EMP03629,2024-02-20,2024-03-05,2025-11-01,LinkedIn,620,Joined
HIRE0003630,EMP03630,2023-11-10,2023-11-23,2022-11-16,Naukri,-359,Joined
HIRE0003631,EMP03631,2025-02-04,2025-02-15,2022-02-19,Consultancy,-1081,Joined
HIRE0003632,EMP03632,2024-11-14,2024-11-25,2015-05-12,Naukri,-3474,Joined
HIRE0003633,EMP03633,2023-11-22,2023-12-04,2016-05-11,Campus,-2751,Joined
HIRE0003634,EMP03634,2024-03-01,2024-03-07,2020-10-13,Employee Referral,-1235,Joined
HIRE0003635,EMP03635,2025-03-09,2025-03-18,2017-12-19,Indeed,-2637,Joined
HIRE0003636,EMP03636,2024-03-13,2024-03-19,2023-01-14,Campus,-424,Joined
HIRE0003637,EMP03637,2024-02-23,2024-03-07,2018-09-08,Naukri,-1994,Joined
HIRE0003638,EMP03638,2024-01-23,2024-01-28,2020-11-12,LinkedIn,-1167,Joined
HIRE0003639,EMP03639,2024-09-27,2024-10-02,2017-11-14,Indeed,-2509,Joined
HIRE0003640,EMP03640,2025-02-28,2025-03-05,2015-04-26,Employee Referral,-3596,Joined
HIRE0003641,EMP03641,2024-10-14,2024-10-22,2019-12-23,Naukri,-1757,Joined
HIRE0003642,EMP03642,2023-08-12,2023-08-25,2020-11-21,Employee Referral,-994,Joined
HIRE0003643,EMP03643,2023-08-26,2023-09-03,2025-11-19,Campus,816,Joined
HIRE0003644,EMP03644,2024-05-15,2024-05-21,2024-09-18,Indeed,126,Joined
HIRE0003645,EMP03645,2025-07-07,2025-07-16,2021-10-12,LinkedIn,-1364,Joined
HIRE0003646,EMP03646,2025-02-25,2025-03-06,2024-07-22,Naukri,-218,Joined
HIRE0003647,EMP03647,2023-10-24,2023-10-29,2025-07-20,Consultancy,635,Joined
HIRE0003648,EMP03648,2024-10-26,2024-11-08,2019-01-17,Campus,-2109,Joined
HIRE0003649,EMP03649,2024-07-07,2024-07-19,2024-03-19,Employee Referral,-110,Joined
HIRE0003650,EMP03650,2024-12-03,2024-12-10,2023-10-23,Naukri,-407,Joined
HIRE0003651,EMP03651,2024-01-01,2024-01-09,2023-03-10,Consultancy,-297,Joined
HIRE0003652,EMP03652,2025-07-30,2025-08-12,2017-03-07,Consultancy,-3067,Joined
HIRE0003653,EMP03653,2025-06-20,2025-07-02,2018-08-24,Indeed,-2492,Joined
HIRE0003654,EMP03654,2023-12-07,2023-12-16,2018-01-11,Consultancy,-2156,Joined
HIRE0003655,EMP03655,2024-08-19,2024-08-28,2025-08-18,Naukri,364,Joined
HIRE0003656,EMP03656,2023-08-11,2023-08-20,2019-12-27,Naukri,-1323,Joined
HIRE0003657,EMP03657,2025-05-07,2025-05-17,2020-12-16,Campus,-1603,Joined
HIRE0003658,EMP03658,2025-05-04,2025-05-16,2019-07-30,Campus,-2105,Joined
HIRE0003659,EMP03659,2024-06-06,2024-06-20,2015-11-29,Naukri,-3112,Joined
HIRE0003660,EMP03660,2024-08-01,2024-08-09,2023-05-14,Campus,-445,Joined
HIRE0003661,EMP03661,2025-02-08,2025-02-14,2018-08-21,Consultancy,-2363,Joined
HIRE0003662,EMP03662,2025-04-20,2025-05-05,2015-04-06,Employee Referral,-3667,Joined
HIRE0003663,EMP03663,2024-02-24,2024-03-07,2021-02-02,Employee Referral,-1117,Joined
HIRE0003664,EMP03664,2023-12-16,2023-12-23,2018-12-11,Employee Referral,-1831,Joined
HIRE0003665,EMP03665,2024-11-01,2024-11-07,2018-09-20,Naukri,-2234,Joined
HIRE0003666,EMP03666,2024-11-28,2024-12-05,2019-12-21,Indeed,-1804,Joined
HIRE0003667,EMP03667,2025-01-03,2025-01-15,2024-09-04,Indeed,-121,Joined
HIRE0003668,EMP03668,2024-04-16,2024-05-01,2018-11-27,Naukri,-1967,Joined
HIRE0003669,EMP03669,2023-12-27,2024-01-03,2017-08-17,Consultancy,-2323,Joined
HIRE0003670,EMP03670,2024-03-07,2024-03-16,2016-04-18,Employee Referral,-2880,Joined
HIRE0003671,EMP03671,2023-11-28,2023-12-09,2015-03-14,Employee Referral,-3181,Joined
HIRE0003672,EMP03672,2024-08-23,2024-09-04,2018-08-28,Indeed,-2187,Joined
HIRE0003673,EMP03673,2023-11-13,2023-11-20,2017-07-01,LinkedIn,-2326,Joined
HIRE0003674,EMP03674,2024-11-15,2024-11-24,2015-07-17,LinkedIn,-3409,Joined
HIRE0003675,EMP03675,2025-02-02,2025-02-11,2017-11-10,Consultancy,-2641,Joined
HIRE0003676,EMP03676,2023-11-18,2023-11-24,2021-12-29,Consultancy,-689,Joined
HIRE0003677,EMP03677,2023-11-17,2023-11-25,2019-05-12,LinkedIn,-1650,Joined
HIRE0003678,EMP03678,2025-06-20,2025-07-03,2020-04-04,Campus,-1903,Joined
HIRE0003679,EMP03679,2024-07-09,2024-07-22,2021-12-27,Employee Referral,-925,Joined
HIRE0003680,EMP03680,2024-09-12,2024-09-21,2015-08-29,Consultancy,-3302,Joined
HIRE0003681,EMP03681,2024-08-10,2024-08-23,2023-09-02,Naukri,-343,Joined
HIRE0003682,EMP03682,2023-09-02,2023-09-15,2020-09-03,Naukri,-1094,Joined
HIRE0003683,EMP03683,2024-12-29,2025-01-07,2017-05-19,Indeed,-2781,Joined
HIRE0003684,EMP03684,2025-06-02,2025-06-11,2020-09-04,Campus,-1732,Joined
HIRE0003685,EMP03685,2024-10-04,2024-10-15,2017-09-14,LinkedIn,-2577,Joined
HIRE0003686,EMP03686,2023-08-24,2023-09-02,2017-05-13,Consultancy,-2294,Joined
HIRE0003687,EMP03687,2025-01-17,2025-01-26,2020-07-20,Employee Referral,-1642,Joined
HIRE0003688,EMP03688,2025-06-12,2025-06-18,2023-04-14,Consultancy,-790,Joined
HIRE0003689,EMP03689,2024-06-12,2024-06-18,2015-03-19,Employee Referral,-3373,Joined
HIRE0003690,EMP03690,2024-08-31,2024-09-07,2019-04-02,LinkedIn,-1978,Joined
HIRE0003691,EMP03691,2024-06-21,2024-06-26,2016-10-06,LinkedIn,-2815,Joined
HIRE0003692,EMP03692,2025-07-13,2025-07-25,2022-08-02,Indeed,-1076,Joined
HIRE0003693,EMP03693,2025-07-03,2025-07-08,2019-02-24,Consultancy,-2321,Joined
HIRE0003694,EMP03694,2024-10-14,2024-10-26,2019-04-05,Employee Referral,-2019,Joined
HIRE0003695,EMP03695,2024-05-05,2024-05-20,2020-11-20,Indeed,-1262,Joined
HIRE0003696,EMP03696,2025-01-28,2025-02-11,2024-04-13,LinkedIn,-290,Joined
HIRE0003697,EMP03697,2023-08-26,2023-08-31,2018-09-04,Campus,-1817,Joined
HIRE0003698,EMP03698,2024-02-17,2024-03-02,2021-05-06,Indeed,-1017,Joined
HIRE0003699,EMP03699,2025-02-06,2025-02-14,2021-08-24,Campus,-1262,Joined
HIRE0003700,EMP03700,2024-09-16,2024-09-28,2016-07-31,Indeed,-2969,Joined
HIRE0003701,EMP03701,2024-05-22,2024-05-28,2020-07-22,LinkedIn,-1400,Joined
HIRE0003702,EMP03702,2025-06-01,2025-06-13,2018-07-18,LinkedIn,-2510,Joined
HIRE0003703,EMP03703,2024-03-20,2024-03-31,2025-11-01,Consultancy,591,Joined
HIRE0003704,EMP03704,2024-04-28,2024-05-13,2022-11-23,LinkedIn,-522,Joined
HIRE0003705,EMP03705,2024-06-24,2024-07-03,2023-12-30,Employee Referral,-177,Joined
HIRE0003706,EMP03706,2024-10-01,2024-10-11,2025-07-28,LinkedIn,300,Joined
HIRE0003707,EMP03707,2023-12-21,2023-12-29,2025-11-11,Indeed,691,Joined
HIRE0003708,EMP03708,2025-01-11,2025-01-18,2020-03-10,Naukri,-1768,Joined
HIRE0003709,EMP03709,2024-12-30,2025-01-08,2019-05-07,Campus,-2064,Joined
HIRE0003710,EMP03710,2024-09-12,2024-09-21,2023-06-04,Employee Referral,-466,Joined
HIRE0003711,EMP03711,2025-05-19,2025-05-28,2019-08-25,Indeed,-2094,Joined
HIRE0003712,EMP03712,2025-02-18,2025-02-27,2021-06-12,LinkedIn,-1347,Joined
HIRE0003713,EMP03713,2025-01-21,2025-02-05,2022-02-23,Employee Referral,-1063,Joined
HIRE0003714,EMP03714,2023-12-30,2024-01-14,2021-09-10,Campus,-841,Joined
HIRE0003715,EMP03715,2025-01-22,2025-01-28,2016-08-08,Indeed,-3089,Joined
HIRE0003716,EMP03716,2023-12-13,2023-12-23,2022-09-07,Campus,-462,Joined
HIRE0003717,EMP03717,2025-05-17,2025-05-29,2018-07-03,Indeed,-2510,Joined
HIRE0003718,EMP03718,2024-08-02,2024-08-14,2017-04-27,Employee Referral,-2654,Joined
HIRE0003719,EMP03719,2024-06-10,2024-06-24,2018-06-21,Campus,-2181,Joined
HIRE0003720,EMP03720,2024-06-09,2024-06-20,2023-12-02,Indeed,-190,Joined
HIRE0003721,EMP03721,2025-07-15,2025-07-30,2015-02-17,Indeed,-3801,Joined
HIRE0003722,EMP03722,2025-02-10,2025-02-17,2020-10-28,Naukri,-1566,Joined
HIRE0003723,EMP03723,2024-05-22,2024-05-30,2024-06-11,Campus,20,Joined
HIRE0003724,EMP03724,2023-12-13,2023-12-27,2017-05-24,Campus,-2394,Joined
HIRE0003725,EMP03725,2024-03-26,2024-04-06,2020-02-13,Indeed,-1503,Joined
HIRE0003726,EMP03726,2025-06-18,2025-07-02,2022-04-06,Campus,-1169,Joined
HIRE0003727,EMP03727,2025-06-08,2025-06-13,2025-09-24,Consultancy,108,Joined
HIRE0003728,EMP03728,2025-07-02,2025-07-12,2018-03-10,LinkedIn,-2671,Joined
HIRE0003729,EMP03729,2024-01-23,2024-02-05,2015-09-21,Consultancy,-3046,Joined
HIRE0003730,EMP03730,2024-03-21,2024-03-31,2020-04-11,Naukri,-1440,Joined
HIRE0003731,EMP03731,2024-07-31,2024-08-08,2025-09-12,Employee Referral,408,Joined
HIRE0003732,EMP03732,2025-01-08,2025-01-19,2015-06-18,LinkedIn,-3492,Joined
HIRE0003733,EMP03733,2023-11-29,2023-12-04,2016-11-26,Indeed,-2559,Joined
HIRE0003734,EMP03734,2023-09-24,2023-10-02,2015-04-26,Naukri,-3073,Joined
HIRE0003735,EMP03735,2024-01-11,2024-01-26,2015-05-29,Indeed,-3149,Joined
HIRE0003736,EMP03736,2025-07-18,2025-07-24,2022-01-26,Indeed,-1269,Joined
HIRE0003737,EMP03737,2024-08-01,2024-08-16,2019-05-02,Campus,-1918,Joined
HIRE0003738,EMP03738,2024-06-19,2024-06-24,2017-12-07,Naukri,-2386,Joined
HIRE0003739,EMP03739,2023-08-08,2023-08-19,2019-11-05,LinkedIn,-1372,Joined
HIRE0003740,EMP03740,2023-11-30,2023-12-08,2022-08-31,Indeed,-456,Joined
HIRE0003741,EMP03741,2024-07-27,2024-08-10,2018-11-30,Consultancy,-2066,Joined
HIRE0003742,EMP03742,2024-11-25,2024-12-10,2022-07-10,LinkedIn,-869,Joined
HIRE0003743,EMP03743,2024-12-22,2025-01-05,2019-07-04,LinkedIn,-1998,Joined
HIRE0003744,EMP03744,2023-08-05,2023-08-12,2021-10-01,LinkedIn,-673,Joined
HIRE0003745,EMP03745,2025-04-27,2025-05-06,2020-02-06,Campus,-1907,Joined
HIRE0003746,EMP03746,2023-08-24,2023-09-05,2018-07-12,LinkedIn,-1869,Joined
HIRE0003747,EMP03747,2024-07-20,2024-08-01,2025-10-20,Consultancy,457,Joined
HIRE0003748,EMP03748,2024-07-05,2024-07-15,2024-01-14,LinkedIn,-173,Joined
HIRE0003749,EMP03749,2024-07-24,2024-07-31,2025-08-24,Employee Referral,396,Joined
HIRE0003750,EMP03750,2024-06-22,2024-07-01,2016-02-28,Indeed,-3037,Joined
HIRE0003751,EMP03751,2023-10-30,2023-11-08,2017-10-18,Consultancy,-2203,Joined
HIRE0003752,EMP03752,2023-08-04,2023-08-18,2016-05-03,Campus,-2649,Joined
HIRE0003753,EMP03753,2025-03-05,2025-03-18,2019-12-29,Employee Referral,-1893,Joined
HIRE0003754,EMP03754,2025-02-26,2025-03-05,2023-11-25,Campus,-459,Joined
HIRE0003755,EMP03755,2023-11-17,2023-11-28,2022-02-22,Consultancy,-633,Joined
HIRE0003756,EMP03756,2024-06-26,2024-07-05,2020-09-08,Campus,-1387,Joined
HIRE0003757,EMP03757,2023-12-22,2024-01-04,2018-03-10,Indeed,-2113,Joined
HIRE0003758,EMP03758,2024-07-27,2024-08-04,2025-05-27,Indeed,304,Joined
HIRE0003759,EMP03759,2024-09-17,2024-09-23,2025-03-20,LinkedIn,184,Joined
HIRE0003760,EMP03760,2023-08-16,2023-08-28,2025-01-26,Campus,529,Joined
HIRE0003761,EMP03761,2024-08-20,2024-09-04,2020-05-08,Campus,-1565,Joined
HIRE0003762,EMP03762,2024-06-01,2024-06-12,2015-11-04,Employee Referral,-3132,Joined
HIRE0003763,EMP03763,2024-10-14,2024-10-27,2019-06-17,Indeed,-1946,Joined
HIRE0003764,EMP03764,2024-07-21,2024-08-01,2020-11-04,Indeed,-1355,Joined
HIRE0003765,EMP03765,2024-02-18,2024-02-28,2020-09-15,Indeed,-1251,Joined
HIRE0003766,EMP03766,2024-02-05,2024-02-19,2021-11-01,Indeed,-826,Joined
HIRE0003767,EMP03767,2024-03-25,2024-04-04,2019-10-10,Indeed,-1628,Joined
HIRE0003768,EMP03768,2023-11-16,2023-11-22,2019-12-02,LinkedIn,-1445,Joined
HIRE0003769,EMP03769,2025-03-17,2025-03-29,2022-10-17,Consultancy,-882,Joined
HIRE0003770,EMP03770,2024-09-13,2024-09-21,2015-11-14,LinkedIn,-3226,Joined
HIRE0003771,EMP03771,2025-05-15,2025-05-23,2021-02-24,Naukri,-1541,Joined
HIRE0003772,EMP03772,2024-06-03,2024-06-15,2023-12-26,Employee Referral,-160,Joined
HIRE0003773,EMP03773,2023-12-20,2024-01-04,2021-05-19,Employee Referral,-945,Joined
HIRE0003774,EMP03774,2023-10-16,2023-10-23,2025-06-12,Naukri,605,Joined
HIRE0003775,EMP03775,2023-11-18,2023-12-02,2020-05-26,Naukri,-1271,Joined
HIRE0003776,EMP03776,2024-09-26,2024-10-02,2018-04-09,LinkedIn,-2362,Joined
HIRE0003777,EMP03777,2025-05-17,2025-05-26,2017-01-17,LinkedIn,-3042,Joined
HIRE0003778,EMP03778,2024-02-20,2024-02-27,2023-07-06,Employee Referral,-229,Joined
HIRE0003779,EMP03779,2025-06-30,2025-07-14,2017-05-26,Consultancy,-2957,Joined
HIRE0003780,EMP03780,2024-12-18,2024-12-29,2020-11-16,Indeed,-1493,Joined
HIRE0003781,EMP03781,2024-01-23,2024-02-02,2021-12-24,Naukri,-760,Joined
HIRE0003782,EMP03782,2024-04-06,2024-04-12,2020-01-11,Naukri,-1547,Joined
HIRE0003783,EMP03783,2024-11-03,2024-11-13,2023-05-23,LinkedIn,-530,Joined
HIRE0003784,EMP03784,2024-11-29,2024-12-06,2023-09-26,Naukri,-430,Joined
HIRE0003785,EMP03785,2025-07-18,2025-07-26,2024-01-09,Naukri,-556,Joined
HIRE0003786,EMP03786,2025-06-06,2025-06-18,2017-07-31,Consultancy,-2867,Joined
HIRE0003787,EMP03787,2024-07-30,2024-08-10,2017-02-19,Consultancy,-2718,Joined
HIRE0003788,EMP03788,2024-05-26,2024-06-09,2019-06-28,Naukri,-1794,Joined
HIRE0003789,EMP03789,2024-11-13,2024-11-20,2016-03-18,Indeed,-3162,Joined
HIRE0003790,EMP03790,2025-03-05,2025-03-17,2023-05-02,Campus,-673,Joined
HIRE0003791,EMP03791,2023-12-27,2024-01-01,2017-06-01,Employee Referral,-2400,Joined
HIRE0003792,EMP03792,2024-08-18,2024-08-26,2018-11-04,Employee Referral,-2114,Joined
HIRE0003793,EMP03793,2024-10-14,2024-10-22,2022-10-29,Consultancy,-716,Joined
HIRE0003794,EMP03794,2025-07-05,2025-07-16,2021-10-19,LinkedIn,-1355,Joined
HIRE0003795,EMP03795,2024-01-02,2024-01-09,2019-09-24,Indeed,-1561,Joined
HIRE0003796,EMP03796,2025-02-10,2025-02-22,2021-01-13,LinkedIn,-1489,Joined
HIRE0003797,EMP03797,2023-09-28,2023-10-09,2022-07-28,Campus,-427,Joined
HIRE0003798,EMP03798,2024-09-01,2024-09-12,2019-10-03,Indeed,-1795,Joined
HIRE0003799,EMP03799,2024-04-09,2024-04-15,2018-04-07,LinkedIn,-2194,Joined
HIRE0003800,EMP03800,2024-11-08,2024-11-17,2021-04-15,Indeed,-1303,Joined
HIRE0003801,EMP03801,2025-06-10,2025-06-20,2018-07-24,Indeed,-2513,Joined
HIRE0003802,EMP03802,2024-08-24,2024-08-29,2018-07-10,Indeed,-2237,Joined
HIRE0003803,EMP03803,2024-12-19,2024-12-27,2020-04-07,Employee Referral,-1717,Joined
HIRE0003804,EMP03804,2023-08-10,2023-08-18,2021-11-11,Naukri,-637,Joined
HIRE0003805,EMP03805,2024-08-21,2024-08-31,2019-12-06,Consultancy,-1720,Joined
HIRE0003806,EMP03806,2025-02-10,2025-02-20,2015-02-12,Naukri,-3651,Joined
HIRE0003807,EMP03807,2024-05-06,2024-05-15,2024-04-02,Employee Referral,-34,Joined
HIRE0003808,EMP03808,2023-12-23,2023-12-29,2017-11-17,Indeed,-2227,Joined
HIRE0003809,EMP03809,2024-03-10,2024-03-18,2015-11-09,Campus,-3044,Joined
HIRE0003810,EMP03810,2024-05-13,2024-05-19,2015-03-18,LinkedIn,-3344,Joined
HIRE0003811,EMP03811,2024-07-05,2024-07-10,2021-09-28,Naukri,-1011,Joined
HIRE0003812,EMP03812,2023-10-29,2023-11-05,2020-10-06,LinkedIn,-1118,Joined
HIRE0003813,EMP03813,2025-05-25,2025-05-31,2017-09-16,Naukri,-2808,Joined
HIRE0003814,EMP03814,2025-04-22,2025-04-27,2019-06-01,Consultancy,-2152,Joined
HIRE0003815,EMP03815,2024-12-21,2025-01-01,2015-02-26,Naukri,-3586,Joined
HIRE0003816,EMP03816,2025-03-28,2025-04-10,2017-11-13,Indeed,-2692,Joined
HIRE0003817,EMP03817,2024-07-22,2024-07-29,2025-12-23,LinkedIn,519,Joined
HIRE0003818,EMP03818,2024-08-04,2024-08-15,2018-09-29,Employee Referral,-2136,Joined
HIRE0003819,EMP03819,2024-01-21,2024-02-01,2023-07-05,Employee Referral,-200,Joined
HIRE0003820,EMP03820,2023-09-06,2023-09-11,2024-10-01,Consultancy,391,Joined
HIRE0003821,EMP03821,2023-12-28,2024-01-08,2018-01-08,Employee Referral,-2180,Joined
HIRE0003822,EMP03822,2024-12-10,2024-12-18,2021-08-21,Indeed,-1207,Joined
HIRE0003823,EMP03823,2025-04-30,2025-05-05,2017-07-22,Indeed,-2839,Joined
HIRE0003824,EMP03824,2024-02-13,2024-02-18,2025-03-20,Naukri,401,Joined
HIRE0003825,EMP03825,2023-09-29,2023-10-09,2017-02-12,LinkedIn,-2420,Joined
HIRE0003826,EMP03826,2025-01-14,2025-01-27,2019-02-01,Indeed,-2174,Joined
HIRE0003827,EMP03827,2023-12-12,2023-12-26,2025-05-13,Consultancy,518,Joined
HIRE0003828,EMP03828,2024-04-19,2024-04-26,2025-11-21,Indeed,581,Joined
HIRE0003829,EMP03829,2023-08-12,2023-08-25,2017-01-07,Campus,-2408,Joined
HIRE0003830,EMP03830,2023-08-25,2023-09-05,2023-06-24,Naukri,-62,Joined
HIRE0003831,EMP03831,2025-03-19,2025-03-25,2020-03-30,Employee Referral,-1815,Joined
HIRE0003832,EMP03832,2024-12-06,2024-12-18,2016-06-25,Naukri,-3086,Joined
HIRE0003833,EMP03833,2025-05-08,2025-05-19,2015-03-27,Employee Referral,-3695,Joined
HIRE0003834,EMP03834,2024-01-01,2024-01-10,2025-01-18,Indeed,383,Joined
HIRE0003835,EMP03835,2023-08-31,2023-09-14,2017-03-13,Indeed,-2362,Joined
HIRE0003836,EMP03836,2023-12-02,2023-12-16,2023-09-17,Indeed,-76,Joined
HIRE0003837,EMP03837,2024-09-22,2024-10-02,2019-02-10,LinkedIn,-2051,Joined
HIRE0003838,EMP03838,2023-09-05,2023-09-16,2024-09-16,LinkedIn,377,Joined
HIRE0003839,EMP03839,2025-05-20,2025-05-25,2022-12-23,Employee Referral,-879,Joined
HIRE0003840,EMP03840,2024-07-14,2024-07-22,2017-05-19,Employee Referral,-2613,Joined
HIRE0003841,EMP03841,2025-05-23,2025-06-07,2019-10-28,Indeed,-2034,Joined
HIRE0003842,EMP03842,2023-10-26,2023-10-31,2020-02-24,LinkedIn,-1340,Joined
HIRE0003843,EMP03843,2023-10-14,2023-10-21,2023-03-29,Employee Referral,-199,Joined
HIRE0003844,EMP03844,2024-09-27,2024-10-06,2015-03-29,Consultancy,-3470,Joined
HIRE0003845,EMP03845,2023-12-30,2024-01-10,2025-11-28,LinkedIn,699,Joined
HIRE0003846,EMP03846,2024-03-07,2024-03-15,2015-06-26,Campus,-3177,Joined
HIRE0003847,EMP03847,2023-10-26,2023-11-08,2023-10-31,Naukri,5,Joined
HIRE0003848,EMP03848,2025-05-17,2025-05-28,2022-12-13,Campus,-886,Joined
HIRE0003849,EMP03849,2024-04-07,2024-04-14,2022-02-12,Naukri,-785,Joined
HIRE0003850,EMP03850,2024-06-07,2024-06-13,2015-04-30,Indeed,-3326,Joined
HIRE0003851,EMP03851,2024-06-01,2024-06-13,2015-03-26,LinkedIn,-3355,Joined
HIRE0003852,EMP03852,2025-06-23,2025-07-06,2022-11-16,Consultancy,-950,Joined
HIRE0003853,EMP03853,2024-05-15,2024-05-22,2015-12-16,Naukri,-3073,Joined
HIRE0003854,EMP03854,2023-08-07,2023-08-17,2020-12-27,Consultancy,-953,Joined
HIRE0003855,EMP03855,2024-09-06,2024-09-11,2024-06-02,Consultancy,-96,Joined
HIRE0003856,EMP03856,2025-03-06,2025-03-15,2025-05-18,Campus,73,Joined
HIRE0003857,EMP03857,2024-09-01,2024-09-07,2017-07-08,Employee Referral,-2612,Joined
HIRE0003858,EMP03858,2025-06-21,2025-07-02,2022-04-01,Indeed,-1177,Joined
HIRE0003859,EMP03859,2024-06-25,2024-07-02,2025-03-19,Naukri,267,Joined
HIRE0003860,EMP03860,2025-05-31,2025-06-12,2019-05-31,Indeed,-2192,Joined
HIRE0003861,EMP03861,2024-10-30,2024-11-13,2015-08-08,Indeed,-3371,Joined
HIRE0003862,EMP03862,2024-10-10,2024-10-21,2021-05-13,Campus,-1246,Joined
HIRE0003863,EMP03863,2024-09-07,2024-09-21,2020-06-18,Employee Referral,-1542,Joined
HIRE0003864,EMP03864,2024-02-27,2024-03-09,2018-04-03,Indeed,-2156,Joined
HIRE0003865,EMP03865,2023-09-23,2023-10-08,2018-05-21,Naukri,-1951,Joined
HIRE0003866,EMP03866,2024-11-28,2024-12-12,2022-12-16,Naukri,-713,Joined
HIRE0003867,EMP03867,2024-08-03,2024-08-13,2016-02-23,Naukri,-3084,Joined
HIRE0003868,EMP03868,2024-02-07,2024-02-21,2016-03-03,LinkedIn,-2897,Joined
HIRE0003869,EMP03869,2023-08-23,2023-08-30,2023-12-14,Naukri,113,Joined
HIRE0003870,EMP03870,2024-04-14,2024-04-28,2022-05-15,Indeed,-700,Joined
HIRE0003871,EMP03871,2024-09-29,2024-10-08,2024-12-02,Campus,64,Joined
HIRE0003872,EMP03872,2024-09-05,2024-09-11,2021-02-12,Indeed,-1301,Joined
HIRE0003873,EMP03873,2023-12-19,2024-01-01,2016-12-23,Indeed,-2552,Joined
HIRE0003874,EMP03874,2025-07-02,2025-07-15,2016-03-17,Campus,-3394,Joined
HIRE0003875,EMP03875,2023-10-22,2023-11-06,2022-07-21,Employee Referral,-458,Joined
HIRE0003876,EMP03876,2023-08-07,2023-08-16,2017-10-22,Employee Referral,-2115,Joined
HIRE0003877,EMP03877,2024-04-17,2024-04-30,2016-03-06,Consultancy,-2964,Joined
HIRE0003878,EMP03878,2024-10-18,2024-10-30,2025-03-16,Employee Referral,149,Joined
HIRE0003879,EMP03879,2025-01-15,2025-01-28,2019-07-07,Naukri,-2019,Joined
HIRE0003880,EMP03880,2023-08-07,2023-08-18,2019-09-20,Naukri,-1417,Joined
HIRE0003881,EMP03881,2023-11-01,2023-11-09,2019-09-16,LinkedIn,-1507,Joined
HIRE0003882,EMP03882,2025-06-28,2025-07-10,2022-11-03,Naukri,-968,Joined
HIRE0003883,EMP03883,2024-03-16,2024-03-21,2025-03-09,Campus,358,Joined
HIRE0003884,EMP03884,2023-10-16,2023-10-24,2025-08-05,Employee Referral,659,Joined
HIRE0003885,EMP03885,2024-10-10,2024-10-19,2023-03-25,Consultancy,-565,Joined
HIRE0003886,EMP03886,2024-10-22,2024-11-05,2021-07-19,Naukri,-1191,Joined
HIRE0003887,EMP03887,2023-11-13,2023-11-25,2021-11-01,Indeed,-742,Joined
HIRE0003888,EMP03888,2023-09-19,2023-09-24,2020-10-13,Indeed,-1071,Joined
HIRE0003889,EMP03889,2025-05-06,2025-05-15,2022-02-19,Indeed,-1172,Joined
HIRE0003890,EMP03890,2023-08-11,2023-08-18,2022-05-21,Consultancy,-447,Joined
HIRE0003891,EMP03891,2025-07-22,2025-08-04,2015-10-18,LinkedIn,-3565,Joined
HIRE0003892,EMP03892,2024-01-24,2024-02-04,2024-06-09,Campus,137,Joined
HIRE0003893,EMP03893,2024-02-13,2024-02-28,2015-08-17,Campus,-3102,Joined
HIRE0003894,EMP03894,2024-04-17,2024-05-02,2018-08-09,LinkedIn,-2078,Joined
HIRE0003895,EMP03895,2023-11-19,2023-12-04,2024-03-04,LinkedIn,106,Joined
HIRE0003896,EMP03896,2025-05-15,2025-05-23,2017-02-05,Employee Referral,-3021,Joined
HIRE0003897,EMP03897,2023-12-08,2023-12-17,2025-01-19,LinkedIn,408,Joined
HIRE0003898,EMP03898,2025-05-15,2025-05-30,2018-03-22,Campus,-2611,Joined
HIRE0003899,EMP03899,2024-03-29,2024-04-03,2016-01-23,Employee Referral,-2988,Joined
HIRE0003900,EMP03900,2023-12-17,2023-12-28,2015-02-28,Employee Referral,-3214,Joined
HIRE0003901,EMP03901,2024-07-28,2024-08-03,2017-05-29,Consultancy,-2617,Joined
HIRE0003902,EMP03902,2024-02-07,2024-02-21,2019-08-22,LinkedIn,-1630,Joined
HIRE0003903,EMP03903,2025-03-09,2025-03-14,2016-11-18,Indeed,-3033,Joined
HIRE0003904,EMP03904,2025-05-28,2025-06-09,2019-07-18,Naukri,-2141,Joined
HIRE0003905,EMP03905,2025-04-04,2025-04-16,2020-02-08,LinkedIn,-1882,Joined
HIRE0003906,EMP03906,2024-12-12,2024-12-19,2015-06-15,Consultancy,-3468,Joined
HIRE0003907,EMP03907,2024-04-19,2024-04-28,2024-10-22,Campus,186,Joined
HIRE0003908,EMP03908,2025-04-16,2025-04-23,2016-09-13,Campus,-3137,Joined
HIRE0003909,EMP03909,2023-08-18,2023-08-24,2022-10-26,LinkedIn,-296,Joined
HIRE0003910,EMP03910,2024-03-13,2024-03-27,2022-09-04,Employee Referral,-556,Joined
HIRE0003911,EMP03911,2024-01-08,2024-01-22,2020-09-02,Campus,-1223,Joined
HIRE0003912,EMP03912,2025-01-21,2025-01-28,2022-07-23,Consultancy,-913,Joined
HIRE0003913,EMP03913,2024-09-28,2024-10-13,2021-04-30,Indeed,-1247,Joined
HIRE0003914,EMP03914,2024-05-27,2024-06-03,2015-09-12,LinkedIn,-3180,Joined
HIRE0003915,EMP03915,2025-03-05,2025-03-12,2024-10-07,Indeed,-149,Joined
HIRE0003916,EMP03916,2024-04-28,2024-05-12,2020-10-31,LinkedIn,-1275,Joined
HIRE0003917,EMP03917,2023-11-23,2023-12-02,2016-12-23,Employee Referral,-2526,Joined
HIRE0003918,EMP03918,2025-04-16,2025-05-01,2019-04-19,LinkedIn,-2189,Joined
HIRE0003919,EMP03919,2025-07-27,2025-08-06,2016-07-02,LinkedIn,-3312,Joined
HIRE0003920,EMP03920,2023-10-25,2023-11-01,2025-10-16,Campus,722,Joined
HIRE0003921,EMP03921,2024-02-20,2024-03-04,2022-04-14,LinkedIn,-677,Joined
HIRE0003922,EMP03922,2024-04-07,2024-04-16,2024-02-07,Indeed,-60,Joined
HIRE0003923,EMP03923,2024-09-25,2024-10-10,2016-06-19,Indeed,-3020,Joined
HIRE0003924,EMP03924,2025-04-18,2025-04-23,2024-11-28,Employee Referral,-141,Joined
HIRE0003925,EMP03925,2025-07-13,2025-07-19,2025-06-17,LinkedIn,-26,Joined
HIRE0003926,EMP03926,2025-03-26,2025-04-02,2019-01-30,LinkedIn,-2247,Joined
HIRE0003927,EMP03927,2025-07-30,2025-08-10,2018-10-01,Naukri,-2494,Joined
HIRE0003928,EMP03928,2024-04-30,2024-05-15,2020-12-10,Campus,-1237,Joined
HIRE0003929,EMP03929,2024-12-06,2024-12-16,2021-12-29,Indeed,-1073,Joined
HIRE0003930,EMP03930,2024-05-01,2024-05-09,2016-02-25,Indeed,-2988,Joined
HIRE0003931,EMP03931,2023-12-20,2023-12-26,2025-06-19,Naukri,547,Joined
HIRE0003932,EMP03932,2024-12-12,2024-12-21,2017-09-10,Employee Referral,-2650,Joined
HIRE0003933,EMP03933,2024-11-07,2024-11-13,2024-07-04,Indeed,-126,Joined
HIRE0003934,EMP03934,2024-06-24,2024-06-29,2019-06-18,Campus,-1833,Joined
HIRE0003935,EMP03935,2025-01-28,2025-02-05,2018-03-23,Employee Referral,-2503,Joined
HIRE0003936,EMP03936,2024-04-15,2024-04-22,2016-06-22,Indeed,-2854,Joined
HIRE0003937,EMP03937,2024-10-12,2024-10-24,2015-09-09,LinkedIn,-3321,Joined
HIRE0003938,EMP03938,2023-10-11,2023-10-22,2022-02-18,Campus,-600,Joined
HIRE0003939,EMP03939,2024-04-16,2024-04-28,2021-07-03,Naukri,-1018,Joined
HIRE0003940,EMP03940,2024-07-05,2024-07-20,2025-01-18,LinkedIn,197,Joined
HIRE0003941,EMP03941,2025-07-09,2025-07-15,2015-10-10,LinkedIn,-3560,Joined
HIRE0003942,EMP03942,2024-08-25,2024-09-08,2021-02-05,Indeed,-1297,Joined
HIRE0003943,EMP03943,2023-08-21,2023-09-05,2017-02-01,LinkedIn,-2392,Joined
HIRE0003944,EMP03944,2023-09-24,2023-10-06,2021-09-29,Naukri,-725,Joined
HIRE0003945,EMP03945,2024-10-03,2024-10-17,2018-10-18,Campus,-2177,Joined
HIRE0003946,EMP03946,2025-01-20,2025-02-01,2022-03-23,Employee Referral,-1034,Joined
HIRE0003947,EMP03947,2023-09-14,2023-09-27,2018-11-01,LinkedIn,-1778,Joined
HIRE0003948,EMP03948,2025-03-13,2025-03-20,2017-09-19,Employee Referral,-2732,Joined
HIRE0003949,EMP03949,2024-06-30,2024-07-15,2024-01-26,Employee Referral,-156,Joined
HIRE0003950,EMP03950,2023-08-09,2023-08-23,2021-04-02,Indeed,-859,Joined
HIRE0003951,EMP03951,2024-07-22,2024-08-02,2021-02-21,Consultancy,-1247,Joined
HIRE0003952,EMP03952,2023-08-08,2023-08-18,2016-12-08,Indeed,-2434,Joined
HIRE0003953,EMP03953,2024-02-06,2024-02-11,2018-05-27,Consultancy,-2081,Joined
HIRE0003954,EMP03954,2024-02-13,2024-02-25,2019-07-06,Campus,-1683,Joined
HIRE0003955,EMP03955,2024-04-05,2024-04-19,2019-10-28,Employee Referral,-1621,Joined
HIRE0003956,EMP03956,2023-09-25,2023-10-05,2015-10-19,LinkedIn,-2898,Joined
HIRE0003957,EMP03957,2024-12-27,2025-01-09,2025-03-31,LinkedIn,94,Joined
HIRE0003958,EMP03958,2024-07-21,2024-08-03,2021-07-30,Naukri,-1087,Joined
HIRE0003959,EMP03959,2025-01-23,2025-02-05,2025-07-02,Naukri,160,Joined
HIRE0003960,EMP03960,2024-04-22,2024-05-05,2016-07-07,Consultancy,-2846,Joined
HIRE0003961,EMP03961,2023-10-11,2023-10-19,2023-01-13,Consultancy,-271,Joined
HIRE0003962,EMP03962,2024-03-01,2024-03-08,2015-10-20,Campus,-3055,Joined
HIRE0003963,EMP03963,2025-04-14,2025-04-26,2016-06-16,Consultancy,-3224,Joined
HIRE0003964,EMP03964,2025-02-21,2025-03-05,2015-12-28,LinkedIn,-3343,Joined
HIRE0003965,EMP03965,2025-07-03,2025-07-14,2025-11-03,Indeed,123,Joined
HIRE0003966,EMP03966,2024-02-11,2024-02-21,2017-12-24,Campus,-2240,Joined
HIRE0003967,EMP03967,2024-01-10,2024-01-24,2025-10-26,Employee Referral,655,Joined
HIRE0003968,EMP03968,2024-02-06,2024-02-14,2017-02-28,Employee Referral,-2534,Joined
HIRE0003969,EMP03969,2024-11-05,2024-11-18,2025-08-15,Indeed,283,Joined
HIRE0003970,EMP03970,2025-06-28,2025-07-03,2016-08-17,Employee Referral,-3237,Joined
HIRE0003971,EMP03971,2025-04-12,2025-04-25,2023-11-15,Employee Referral,-514,Joined
HIRE0003972,EMP03972,2024-07-06,2024-07-15,2023-04-01,Consultancy,-462,Joined
HIRE0003973,EMP03973,2025-01-25,2025-02-04,2024-05-11,Consultancy,-259,Joined
HIRE0003974,EMP03974,2025-03-20,2025-03-27,2015-11-11,LinkedIn,-3417,Joined
HIRE0003975,EMP03975,2025-04-17,2025-04-24,2015-06-30,Naukri,-3579,Joined
HIRE0003976,EMP03976,2023-12-17,2023-12-23,2015-09-14,LinkedIn,-3016,Joined
HIRE0003977,EMP03977,2024-04-25,2024-05-09,2020-04-12,Campus,-1474,Joined
HIRE0003978,EMP03978,2024-07-03,2024-07-16,2025-10-09,Naukri,463,Joined
HIRE0003979,EMP03979,2025-05-11,2025-05-18,2020-02-05,Indeed,-1922,Joined
HIRE0003980,EMP03980,2025-03-11,2025-03-16,2016-11-02,Indeed,-3051,Joined
HIRE0003981,EMP03981,2024-03-29,2024-04-10,2024-11-20,Indeed,236,Joined
HIRE0003982,EMP03982,2024-03-30,2024-04-08,2015-04-21,Campus,-3266,Joined
HIRE0003983,EMP03983,2024-03-03,2024-03-14,2020-12-05,Employee Referral,-1184,Joined
HIRE0003984,EMP03984,2025-05-18,2025-05-28,2015-02-05,Campus,-3755,Joined
HIRE0003985,EMP03985,2024-03-08,2024-03-15,2021-10-28,Naukri,-862,Joined
HIRE0003986,EMP03986,2023-08-07,2023-08-22,2025-05-29,Indeed,661,Joined
HIRE0003987,EMP03987,2023-11-23,2023-12-07,2015-07-17,Indeed,-3051,Joined
HIRE0003988,EMP03988,2024-03-06,2024-03-18,2025-01-27,LinkedIn,327,Joined
HIRE0003989,EMP03989,2024-02-22,2024-02-27,2019-12-18,Indeed,-1527,Joined
HIRE0003990,EMP03990,2023-10-01,2023-10-12,2017-02-10,Employee Referral,-2424,Joined
HIRE0003991,EMP03991,2025-04-03,2025-04-11,2021-01-14,Employee Referral,-1540,Joined
HIRE0003992,EMP03992,2024-01-17,2024-01-27,2024-07-14,Campus,179,Joined
HIRE0003993,EMP03993,2024-08-25,2024-09-06,2017-04-07,Indeed,-2697,Joined
HIRE0003994,EMP03994,2025-07-13,2025-07-25,2020-07-10,Indeed,-1829,Joined
HIRE0003995,EMP03995,2024-10-23,2024-11-01,2023-08-14,Naukri,-436,Joined
HIRE0003996,EMP03996,2025-03-21,2025-04-02,2015-12-12,Employee Referral,-3387,Joined
HIRE0003997,EMP03997,2024-02-16,2024-02-23,2022-07-13,Naukri,-583,Joined
HIRE0003998,EMP03998,2024-10-02,2024-10-17,2018-10-26,Employee Referral,-2168,Joined
HIRE0003999,EMP03999,2024-02-24,2024-03-06,2016-08-05,Naukri,-2759,Joined
HIRE0004000,EMP04000,2024-03-15,2024-03-23,2018-12-13,Consultancy,-1919,Joined
HIRE0004001,EMP04001,2025-03-29,2025-04-03,2017-11-10,Campus,-2696,Joined
HIRE0004002,EMP04002,2024-02-23,2024-03-04,2017-07-01,Consultancy,-2428,Joined
HIRE0004003,EMP04003,2023-08-14,2023-08-27,2016-10-11,Indeed,-2498,Joined
HIRE0004004,EMP04004,2025-05-03,2025-05-15,2015-10-12,Employee Referral,-3491,Joined
HIRE0004005,EMP04005,2025-01-12,2025-01-22,2024-10-18,Campus,-86,Joined
HIRE0004006,EMP04006,2025-07-20,2025-07-28,2016-06-19,Naukri,-3318,Joined
HIRE0004007,EMP04007,2023-12-25,2024-01-04,2017-08-10,Naukri,-2328,Joined
HIRE0004008,EMP04008,2024-10-03,2024-10-08,2021-10-22,Employee Referral,-1077,Joined
HIRE0004009,EMP04009,2025-03-09,2025-03-20,2015-11-11,Campus,-3406,Joined
HIRE0004010,EMP04010,2024-04-16,2024-04-25,2019-10-07,Consultancy,-1653,Joined
HIRE0004011,EMP04011,2025-01-23,2025-02-04,2022-03-29,Campus,-1031,Joined
HIRE0004012,EMP04012,2025-02-14,2025-02-22,2025-02-28,Naukri,14,Joined
HIRE0004013,EMP04013,2024-02-05,2024-02-13,2022-07-20,Indeed,-565,Joined
HIRE0004014,EMP04014,2025-04-13,2025-04-24,2025-11-24,Employee Referral,225,Joined
HIRE0004015,EMP04015,2025-03-12,2025-03-20,2019-05-13,Consultancy,-2130,Joined
HIRE0004016,EMP04016,2024-01-26,2024-02-05,2018-07-18,Campus,-2018,Joined
HIRE0004017,EMP04017,2024-02-26,2024-03-12,2019-12-23,Consultancy,-1526,Joined
HIRE0004018,EMP04018,2023-09-08,2023-09-16,2024-10-05,Employee Referral,393,Joined
HIRE0004019,EMP04019,2024-10-17,2024-10-25,2024-04-03,Campus,-197,Joined
HIRE0004020,EMP04020,2025-01-26,2025-02-07,2024-01-20,Campus,-372,Joined
HIRE0004021,EMP04021,2025-03-05,2025-03-16,2016-05-12,Consultancy,-3219,Joined
HIRE0004022,EMP04022,2025-02-25,2025-03-02,2017-01-10,Indeed,-2968,Joined
HIRE0004023,EMP04023,2024-03-28,2024-04-06,2017-08-17,Naukri,-2415,Joined
HIRE0004024,EMP04024,2024-02-04,2024-02-13,2025-07-13,Indeed,525,Joined
HIRE0004025,EMP04025,2025-03-18,2025-03-23,2020-08-27,Naukri,-1664,Joined
HIRE0004026,EMP04026,2023-12-25,2024-01-06,2020-01-02,Naukri,-1453,Joined
HIRE0004027,EMP04027,2024-06-21,2024-07-06,2022-09-25,Consultancy,-635,Joined
HIRE0004028,EMP04028,2023-09-29,2023-10-11,2024-10-15,Naukri,382,Joined
HIRE0004029,EMP04029,2024-09-10,2024-09-20,2022-12-27,Naukri,-623,Joined
HIRE0004030,EMP04030,2024-06-04,2024-06-13,2018-12-08,Consultancy,-2005,Joined
HIRE0004031,EMP04031,2023-10-05,2023-10-14,2015-09-24,Campus,-2933,Joined
HIRE0004032,EMP04032,2024-08-31,2024-09-11,2022-03-05,Consultancy,-910,Joined
HIRE0004033,EMP04033,2024-12-13,2024-12-18,2023-02-15,Naukri,-667,Joined
HIRE0004034,EMP04034,2023-12-22,2024-01-03,2020-03-17,Naukri,-1375,Joined
HIRE0004035,EMP04035,2024-08-22,2024-09-02,2019-05-27,Naukri,-1914,Joined
HIRE0004036,EMP04036,2024-01-08,2024-01-15,2016-12-07,Employee Referral,-2588,Joined
HIRE0004037,EMP04037,2023-10-29,2023-11-04,2019-12-14,Employee Referral,-1415,Joined
HIRE0004038,EMP04038,2024-09-16,2024-09-27,2017-01-10,Consultancy,-2806,Joined
HIRE0004039,EMP04039,2023-12-23,2024-01-06,2020-04-17,Indeed,-1345,Joined
HIRE0004040,EMP04040,2025-07-09,2025-07-21,2019-06-28,Indeed,-2203,Joined
HIRE0004041,EMP04041,2023-08-05,2023-08-18,2016-02-15,LinkedIn,-2728,Joined
HIRE0004042,EMP04042,2023-08-17,2023-08-24,2022-11-19,Consultancy,-271,Joined
HIRE0004043,EMP04043,2024-04-07,2024-04-18,2025-05-07,Naukri,395,Joined
HIRE0004044,EMP04044,2023-11-07,2023-11-19,2022-02-04,Campus,-641,Joined
HIRE0004045,EMP04045,2025-05-31,2025-06-05,2020-01-11,Naukri,-1967,Joined
HIRE0004046,EMP04046,2023-11-22,2023-12-06,2015-11-09,Naukri,-2935,Joined
HIRE0004047,EMP04047,2024-04-20,2024-05-04,2025-02-02,Employee Referral,288,Joined
HIRE0004048,EMP04048,2024-01-02,2024-01-16,2020-09-26,Indeed,-1193,Joined
HIRE0004049,EMP04049,2024-05-09,2024-05-21,2018-12-02,Campus,-1985,Joined
HIRE0004050,EMP04050,2025-06-06,2025-06-18,2023-02-27,Campus,-830,Joined
HIRE0004051,EMP04051,2023-08-14,2023-08-28,2025-04-16,LinkedIn,611,Joined
HIRE0004052,EMP04052,2024-05-10,2024-05-20,2021-06-10,Consultancy,-1065,Joined
HIRE0004053,EMP04053,2024-06-25,2024-07-10,2024-09-10,Consultancy,77,Joined
HIRE0004054,EMP04054,2024-01-07,2024-01-21,2018-05-24,LinkedIn,-2054,Joined
HIRE0004055,EMP04055,2025-05-24,2025-06-01,2025-01-09,Campus,-135,Joined
HIRE0004056,EMP04056,2024-01-04,2024-01-10,2017-12-28,Consultancy,-2198,Joined
HIRE0004057,EMP04057,2023-08-06,2023-08-20,2022-01-27,Campus,-556,Joined
HIRE0004058,EMP04058,2023-08-26,2023-09-06,2020-07-22,Naukri,-1130,Joined
HIRE0004059,EMP04059,2024-02-06,2024-02-21,2023-01-17,Naukri,-385,Joined
HIRE0004060,EMP04060,2024-04-14,2024-04-23,2015-01-07,Consultancy,-3385,Joined
HIRE0004061,EMP04061,2024-05-18,2024-05-31,2015-10-24,Employee Referral,-3129,Joined
HIRE0004062,EMP04062,2024-03-26,2024-04-03,2023-11-22,Consultancy,-125,Joined
HIRE0004063,EMP04063,2025-01-17,2025-01-22,2020-01-27,LinkedIn,-1817,Joined
HIRE0004064,EMP04064,2023-11-09,2023-11-15,2017-10-29,Campus,-2202,Joined
HIRE0004065,EMP04065,2024-03-08,2024-03-18,2015-08-23,Indeed,-3120,Joined
HIRE0004066,EMP04066,2024-06-29,2024-07-05,2024-03-11,Campus,-110,Joined
HIRE0004067,EMP04067,2024-09-14,2024-09-25,2018-08-25,LinkedIn,-2212,Joined
HIRE0004068,EMP04068,2024-05-07,2024-05-19,2016-02-19,Campus,-3000,Joined
HIRE0004069,EMP04069,2024-05-20,2024-05-25,2017-11-13,Indeed,-2380,Joined
HIRE0004070,EMP04070,2024-06-14,2024-06-29,2019-07-22,Consultancy,-1789,Joined
HIRE0004071,EMP04071,2024-08-19,2024-09-01,2015-12-27,LinkedIn,-3158,Joined
HIRE0004072,EMP04072,2023-12-07,2023-12-18,2024-04-04,Employee Referral,119,Joined
HIRE0004073,EMP04073,2024-09-02,2024-09-07,2018-04-16,Naukri,-2331,Joined
HIRE0004074,EMP04074,2023-09-30,2023-10-09,2022-07-23,Indeed,-434,Joined
HIRE0004075,EMP04075,2025-07-03,2025-07-12,2021-02-03,Employee Referral,-1611,Joined
HIRE0004076,EMP04076,2024-09-05,2024-09-18,2025-09-10,LinkedIn,370,Joined
HIRE0004077,EMP04077,2024-02-28,2024-03-12,2018-07-01,LinkedIn,-2068,Joined
HIRE0004078,EMP04078,2024-04-24,2024-05-04,2016-06-09,Naukri,-2876,Joined
HIRE0004079,EMP04079,2024-05-03,2024-05-09,2021-12-03,Campus,-882,Joined
HIRE0004080,EMP04080,2024-03-17,2024-03-23,2020-07-02,Campus,-1354,Joined
HIRE0004081,EMP04081,2024-08-03,2024-08-15,2018-02-23,LinkedIn,-2353,Joined
HIRE0004082,EMP04082,2023-11-08,2023-11-23,2015-12-09,LinkedIn,-2891,Joined
HIRE0004083,EMP04083,2024-10-03,2024-10-17,2015-04-07,Campus,-3467,Joined
HIRE0004084,EMP04084,2024-10-03,2024-10-17,2022-07-14,Indeed,-812,Joined
HIRE0004085,EMP04085,2024-08-22,2024-09-06,2016-11-18,Naukri,-2834,Joined
HIRE0004086,EMP04086,2025-07-15,2025-07-29,2024-09-07,Indeed,-311,Joined
HIRE0004087,EMP04087,2024-02-05,2024-02-12,2024-02-03,Consultancy,-2,Joined
HIRE0004088,EMP04088,2025-03-29,2025-04-05,2018-06-01,Consultancy,-2493,Joined
HIRE0004089,EMP04089,2024-03-02,2024-03-13,2020-06-15,Campus,-1356,Joined
HIRE0004090,EMP04090,2024-06-06,2024-06-18,2017-09-09,LinkedIn,-2462,Joined
HIRE0004091,EMP04091,2023-11-12,2023-11-26,2017-05-11,Employee Referral,-2376,Joined
HIRE0004092,EMP04092,2023-08-28,2023-09-09,2022-04-03,LinkedIn,-512,Joined
HIRE0004093,EMP04093,2024-10-08,2024-10-14,2017-11-23,Naukri,-2511,Joined
HIRE0004094,EMP04094,2023-11-07,2023-11-20,2021-10-24,LinkedIn,-744,Joined
HIRE0004095,EMP04095,2024-10-07,2024-10-22,2015-10-05,Campus,-3290,Joined
HIRE0004096,EMP04096,2023-10-12,2023-10-17,2025-11-26,Employee Referral,776,Joined
HIRE0004097,EMP04097,2025-05-15,2025-05-28,2019-08-29,Indeed,-2086,Joined
HIRE0004098,EMP04098,2025-03-05,2025-03-17,2024-01-20,Consultancy,-410,Joined
HIRE0004099,EMP04099,2025-02-07,2025-02-19,2025-11-11,Employee Referral,277,Joined
HIRE0004100,EMP04100,2023-08-07,2023-08-22,2016-12-19,Consultancy,-2422,Joined
HIRE0004101,EMP04101,2024-04-26,2024-05-05,2023-11-03,Naukri,-175,Joined
HIRE0004102,EMP04102,2025-04-21,2025-05-03,2025-03-26,Naukri,-26,Joined
HIRE0004103,EMP04103,2023-09-01,2023-09-08,2018-02-01,Employee Referral,-2038,Joined
HIRE0004104,EMP04104,2024-10-23,2024-10-31,2024-10-28,Campus,5,Joined
HIRE0004105,EMP04105,2024-12-14,2024-12-29,2019-03-12,Employee Referral,-2104,Joined
HIRE0004106,EMP04106,2024-02-04,2024-02-09,2023-03-03,Employee Referral,-338,Joined
HIRE0004107,EMP04107,2024-09-06,2024-09-17,2019-06-14,LinkedIn,-1911,Joined
HIRE0004108,EMP04108,2025-07-22,2025-08-02,2019-07-13,Employee Referral,-2201,Joined
HIRE0004109,EMP04109,2024-08-27,2024-09-03,2016-05-25,Consultancy,-3016,Joined
HIRE0004110,EMP04110,2025-07-18,2025-07-27,2022-08-12,Naukri,-1071,Joined
HIRE0004111,EMP04111,2025-05-23,2025-05-28,2020-02-17,Employee Referral,-1922,Joined
HIRE0004112,EMP04112,2025-05-01,2025-05-13,2021-01-23,LinkedIn,-1559,Joined
HIRE0004113,EMP04113,2023-09-17,2023-09-24,2016-03-01,LinkedIn,-2756,Joined
HIRE0004114,EMP04114,2023-12-15,2023-12-21,2017-05-11,Naukri,-2409,Joined
HIRE0004115,EMP04115,2025-04-04,2025-04-10,2017-10-22,Consultancy,-2721,Joined
HIRE0004116,EMP04116,2024-12-04,2024-12-15,2020-03-28,Naukri,-1712,Joined
HIRE0004117,EMP04117,2024-12-19,2024-12-28,2019-04-10,Employee Referral,-2080,Joined
HIRE0004118,EMP04118,2024-06-10,2024-06-18,2023-07-02,Indeed,-344,Joined
HIRE0004119,EMP04119,2023-11-27,2023-12-08,2021-12-06,Campus,-721,Joined
HIRE0004120,EMP04120,2023-11-18,2023-11-27,2025-08-24,Indeed,645,Joined
HIRE0004121,EMP04121,2025-05-14,2025-05-27,2015-12-15,Employee Referral,-3438,Joined
HIRE0004122,EMP04122,2023-09-25,2023-09-30,2016-04-17,Campus,-2717,Joined
HIRE0004123,EMP04123,2024-08-09,2024-08-18,2021-09-10,LinkedIn,-1064,Joined
HIRE0004124,EMP04124,2023-12-12,2023-12-22,2024-08-27,Consultancy,259,Joined
HIRE0004125,EMP04125,2024-10-12,2024-10-19,2020-11-03,LinkedIn,-1439,Joined
HIRE0004126,EMP04126,2023-12-03,2023-12-10,2020-09-25,Naukri,-1164,Joined
HIRE0004127,EMP04127,2024-06-21,2024-07-02,2025-08-04,Campus,409,Joined
HIRE0004128,EMP04128,2025-07-17,2025-07-22,2019-02-02,Employee Referral,-2357,Joined
HIRE0004129,EMP04129,2023-10-28,2023-11-11,2025-01-13,LinkedIn,443,Joined
HIRE0004130,EMP04130,2024-10-23,2024-11-07,2024-04-13,Campus,-193,Joined
HIRE0004131,EMP04131,2025-05-27,2025-06-05,2019-09-03,Consultancy,-2093,Joined
HIRE0004132,EMP04132,2024-12-28,2025-01-02,2020-04-14,Employee Referral,-1719,Joined
HIRE0004133,EMP04133,2023-08-22,2023-08-30,2023-12-19,Consultancy,119,Joined
HIRE0004134,EMP04134,2025-01-03,2025-01-13,2016-08-23,Consultancy,-3055,Joined
HIRE0004135,EMP04135,2025-02-11,2025-02-20,2016-07-02,Campus,-3146,Joined
HIRE0004136,EMP04136,2025-02-16,2025-02-28,2016-01-30,Employee Referral,-3305,Joined
HIRE0004137,EMP04137,2024-04-20,2024-04-28,2024-02-20,Consultancy,-60,Joined
HIRE0004138,EMP04138,2025-02-24,2025-03-06,2024-02-14,Campus,-376,Joined
HIRE0004139,EMP04139,2024-09-26,2024-10-03,2015-12-18,Naukri,-3205,Joined
HIRE0004140,EMP04140,2024-09-29,2024-10-05,2024-08-25,Campus,-35,Joined
HIRE0004141,EMP04141,2024-11-04,2024-11-15,2024-10-19,Naukri,-16,Joined
HIRE0004142,EMP04142,2025-01-08,2025-01-22,2023-04-22,Campus,-627,Joined
HIRE0004143,EMP04143,2024-11-10,2024-11-24,2018-01-06,Employee Referral,-2500,Joined
HIRE0004144,EMP04144,2023-12-24,2024-01-06,2020-04-06,Employee Referral,-1357,Joined
HIRE0004145,EMP04145,2023-10-22,2023-10-27,2023-01-14,LinkedIn,-281,Joined
HIRE0004146,EMP04146,2024-02-25,2024-03-05,2016-02-18,Naukri,-2929,Joined
HIRE0004147,EMP04147,2024-04-05,2024-04-20,2016-11-20,Employee Referral,-2693,Joined
HIRE0004148,EMP04148,2025-04-21,2025-05-04,2022-12-13,Employee Referral,-860,Joined
HIRE0004149,EMP04149,2024-03-07,2024-03-18,2022-01-17,Employee Referral,-780,Joined
HIRE0004150,EMP04150,2023-11-06,2023-11-14,2021-05-29,Indeed,-891,Joined
HIRE0004151,EMP04151,2024-08-20,2024-08-29,2025-06-03,Campus,287,Joined
HIRE0004152,EMP04152,2025-05-24,2025-05-29,2025-07-23,Consultancy,60,Joined
HIRE0004153,EMP04153,2025-02-04,2025-02-18,2025-11-02,LinkedIn,271,Joined
HIRE0004154,EMP04154,2025-07-31,2025-08-09,2018-01-21,Indeed,-2748,Joined
HIRE0004155,EMP04155,2024-12-23,2025-01-01,2015-01-17,Campus,-3628,Joined
HIRE0004156,EMP04156,2024-01-09,2024-01-16,2023-08-19,LinkedIn,-143,Joined
HIRE0004157,EMP04157,2024-10-18,2024-10-27,2021-11-27,Employee Referral,-1056,Joined
HIRE0004158,EMP04158,2025-05-31,2025-06-14,2024-12-18,Employee Referral,-164,Joined
HIRE0004159,EMP04159,2024-04-21,2024-04-30,2019-05-21,Naukri,-1797,Joined
HIRE0004160,EMP04160,2025-04-07,2025-04-12,2018-10-09,Employee Referral,-2372,Joined
HIRE0004161,EMP04161,2024-02-20,2024-02-27,2023-06-09,Naukri,-256,Joined
HIRE0004162,EMP04162,2023-09-16,2023-09-30,2016-04-19,Naukri,-2706,Joined
HIRE0004163,EMP04163,2023-12-25,2024-01-03,2021-06-29,Indeed,-909,Joined
HIRE0004164,EMP04164,2024-09-28,2024-10-08,2018-09-30,Campus,-2190,Joined
HIRE0004165,EMP04165,2024-08-29,2024-09-05,2015-11-11,Indeed,-3214,Joined
HIRE0004166,EMP04166,2024-05-11,2024-05-21,2024-01-18,Consultancy,-114,Joined
HIRE0004167,EMP04167,2023-10-29,2023-11-05,2021-06-08,Consultancy,-873,Joined
HIRE0004168,EMP04168,2024-08-31,2024-09-08,2015-12-15,Consultancy,-3182,Joined
HIRE0004169,EMP04169,2024-05-15,2024-05-21,2019-05-14,Employee Referral,-1828,Joined
HIRE0004170,EMP04170,2024-06-23,2024-07-02,2023-05-08,Naukri,-412,Joined
HIRE0004171,EMP04171,2024-05-09,2024-05-17,2025-06-22,Naukri,409,Joined
HIRE0004172,EMP04172,2024-10-19,2024-10-26,2022-05-09,Campus,-894,Joined
HIRE0004173,EMP04173,2025-04-03,2025-04-10,2019-01-25,Indeed,-2260,Joined
HIRE0004174,EMP04174,2025-05-16,2025-05-26,2021-08-03,Naukri,-1382,Joined
HIRE0004175,EMP04175,2024-11-16,2024-11-21,2019-12-13,Campus,-1800,Joined
HIRE0004176,EMP04176,2023-10-06,2023-10-16,2017-02-08,Employee Referral,-2431,Joined
HIRE0004177,EMP04177,2023-08-23,2023-08-28,2016-07-12,Employee Referral,-2598,Joined
HIRE0004178,EMP04178,2023-10-20,2023-10-26,2022-12-30,Naukri,-294,Joined
HIRE0004179,EMP04179,2023-12-25,2024-01-07,2022-06-03,Campus,-570,Joined
HIRE0004180,EMP04180,2024-11-05,2024-11-19,2018-03-12,Naukri,-2430,Joined
HIRE0004181,EMP04181,2025-07-05,2025-07-20,2024-07-16,Employee Referral,-354,Joined
HIRE0004182,EMP04182,2024-03-17,2024-03-31,2022-02-13,Campus,-763,Joined
HIRE0004183,EMP04183,2024-01-31,2024-02-08,2021-03-31,Naukri,-1036,Joined
HIRE0004184,EMP04184,2025-03-27,2025-04-08,2018-06-22,Employee Referral,-2470,Joined
HIRE0004185,EMP04185,2024-07-08,2024-07-18,2021-08-21,Consultancy,-1052,Joined
HIRE0004186,EMP04186,2025-06-26,2025-07-01,2022-02-08,Employee Referral,-1234,Joined
HIRE0004187,EMP04187,2024-11-14,2024-11-27,2020-05-17,Employee Referral,-1642,Joined
HIRE0004188,EMP04188,2025-02-28,2025-03-06,2017-06-20,Consultancy,-2810,Joined
HIRE0004189,EMP04189,2023-11-12,2023-11-20,2020-11-04,Employee Referral,-1103,Joined
HIRE0004190,EMP04190,2023-10-16,2023-10-22,2022-11-04,Campus,-346,Joined
HIRE0004191,EMP04191,2024-04-30,2024-05-05,2016-03-05,Employee Referral,-2978,Joined
HIRE0004192,EMP04192,2024-08-08,2024-08-16,2018-09-06,Employee Referral,-2163,Joined
HIRE0004193,EMP04193,2024-07-06,2024-07-20,2015-01-26,Naukri,-3449,Joined
HIRE0004194,EMP04194,2025-02-12,2025-02-26,2021-09-04,Naukri,-1257,Joined
HIRE0004195,EMP04195,2024-07-11,2024-07-18,2021-10-23,Employee Referral,-992,Joined
HIRE0004196,EMP04196,2024-05-31,2024-06-13,2024-05-15,LinkedIn,-16,Joined
HIRE0004197,EMP04197,2024-07-02,2024-07-07,2018-05-25,Campus,-2230,Joined
HIRE0004198,EMP04198,2024-01-20,2024-01-25,2025-06-26,Naukri,523,Joined
HIRE0004199,EMP04199,2023-12-02,2023-12-10,2019-12-04,LinkedIn,-1459,Joined
HIRE0004200,EMP04200,2024-10-23,2024-10-30,2019-10-21,Indeed,-1829,Joined
HIRE0004201,EMP04201,2025-03-24,2025-04-01,2019-02-05,Consultancy,-2239,Joined
HIRE0004202,EMP04202,2025-06-22,2025-07-05,2021-11-29,Indeed,-1301,Joined
HIRE0004203,EMP04203,2024-08-02,2024-08-08,2019-01-02,Indeed,-2039,Joined
HIRE0004204,EMP04204,2024-08-17,2024-08-24,2019-03-01,Employee Referral,-1996,Joined
HIRE0004205,EMP04205,2025-01-31,2025-02-10,2018-10-02,Employee Referral,-2313,Joined
HIRE0004206,EMP04206,2023-12-05,2023-12-20,2016-07-04,Campus,-2710,Joined
HIRE0004207,EMP04207,2024-05-04,2024-05-16,2016-01-11,Consultancy,-3036,Joined
HIRE0004208,EMP04208,2025-04-11,2025-04-21,2025-01-24,Indeed,-77,Joined
HIRE0004209,EMP04209,2024-09-16,2024-09-26,2016-06-30,Consultancy,-3000,Joined
HIRE0004210,EMP04210,2025-04-10,2025-04-22,2022-06-26,Indeed,-1019,Joined
HIRE0004211,EMP04211,2024-05-18,2024-06-02,2015-04-15,Campus,-3321,Joined
HIRE0004212,EMP04212,2024-05-13,2024-05-27,2024-07-11,Indeed,59,Joined
HIRE0004213,EMP04213,2024-11-01,2024-11-12,2025-03-20,LinkedIn,139,Joined
HIRE0004214,EMP04214,2023-11-24,2023-12-08,2016-01-03,Naukri,-2882,Joined
HIRE0004215,EMP04215,2024-05-18,2024-05-24,2018-09-09,Employee Referral,-2078,Joined
HIRE0004216,EMP04216,2024-02-26,2024-03-06,2020-03-23,Naukri,-1435,Joined
HIRE0004217,EMP04217,2025-07-13,2025-07-26,2016-02-16,Consultancy,-3435,Joined
HIRE0004218,EMP04218,2025-01-13,2025-01-22,2019-08-04,Indeed,-1989,Joined
HIRE0004219,EMP04219,2024-08-02,2024-08-11,2024-07-17,Naukri,-16,Joined
HIRE0004220,EMP04220,2024-08-19,2024-08-31,2016-07-17,LinkedIn,-2955,Joined
HIRE0004221,EMP04221,2024-07-15,2024-07-25,2022-11-23,LinkedIn,-600,Joined
HIRE0004222,EMP04222,2025-05-24,2025-06-06,2022-10-08,Consultancy,-959,Joined
HIRE0004223,EMP04223,2025-02-14,2025-02-25,2023-01-31,LinkedIn,-745,Joined
HIRE0004224,EMP04224,2024-06-06,2024-06-16,2015-11-30,Naukri,-3111,Joined
HIRE0004225,EMP04225,2025-05-10,2025-05-20,2024-02-13,LinkedIn,-452,Joined
HIRE0004226,EMP04226,2024-02-09,2024-02-17,2024-11-10,Employee Referral,275,Joined
HIRE0004227,EMP04227,2025-03-05,2025-03-14,2024-11-16,Consultancy,-109,Joined
HIRE0004228,EMP04228,2024-03-07,2024-03-15,2018-04-21,Campus,-2147,Joined
HIRE0004229,EMP04229,2024-07-08,2024-07-18,2018-02-03,Campus,-2347,Joined
HIRE0004230,EMP04230,2024-08-24,2024-09-05,2017-07-03,Consultancy,-2609,Joined
HIRE0004231,EMP04231,2024-04-29,2024-05-12,2016-09-30,Employee Referral,-2768,Joined
HIRE0004232,EMP04232,2024-09-09,2024-09-15,2015-02-05,Campus,-3504,Joined
HIRE0004233,EMP04233,2023-10-05,2023-10-12,2018-03-11,Indeed,-2034,Joined
HIRE0004234,EMP04234,2024-06-13,2024-06-23,2017-09-09,LinkedIn,-2469,Joined
HIRE0004235,EMP04235,2024-05-21,2024-06-01,2025-07-19,Naukri,424,Joined
HIRE0004236,EMP04236,2024-05-04,2024-05-16,2016-08-23,Campus,-2811,Joined
HIRE0004237,EMP04237,2025-01-02,2025-01-16,2015-01-08,Employee Referral,-3647,Joined
HIRE0004238,EMP04238,2023-09-15,2023-09-20,2018-04-12,LinkedIn,-1982,Joined
HIRE0004239,EMP04239,2024-04-21,2024-05-04,2017-10-21,LinkedIn,-2374,Joined
HIRE0004240,EMP04240,2023-10-24,2023-11-05,2021-10-31,Consultancy,-723,Joined
HIRE0004241,EMP04241,2024-12-11,2024-12-23,2023-09-19,LinkedIn,-449,Joined
HIRE0004242,EMP04242,2025-05-25,2025-06-07,2017-04-13,Employee Referral,-2964,Joined
HIRE0004243,EMP04243,2024-06-08,2024-06-20,2015-06-28,Campus,-3268,Joined
HIRE0004244,EMP04244,2024-02-02,2024-02-08,2017-08-19,Naukri,-2358,Joined
HIRE0004245,EMP04245,2024-06-22,2024-06-29,2015-01-03,Employee Referral,-3458,Joined
HIRE0004246,EMP04246,2024-05-31,2024-06-10,2020-11-30,Consultancy,-1278,Joined
HIRE0004247,EMP04247,2024-10-01,2024-10-06,2021-04-18,Consultancy,-1262,Joined
HIRE0004248,EMP04248,2024-09-25,2024-10-01,2017-02-09,LinkedIn,-2785,Joined
HIRE0004249,EMP04249,2024-02-22,2024-03-03,2024-04-17,Indeed,55,Joined
HIRE0004250,EMP04250,2025-03-25,2025-04-07,2023-04-21,Indeed,-704,Joined
HIRE0004251,EMP04251,2023-11-03,2023-11-13,2025-10-10,Consultancy,707,Joined
HIRE0004252,EMP04252,2025-01-23,2025-02-07,2020-07-23,Employee Referral,-1645,Joined
HIRE0004253,EMP04253,2025-07-10,2025-07-17,2023-08-01,LinkedIn,-709,Joined
HIRE0004254,EMP04254,2024-09-10,2024-09-15,2016-01-04,Employee Referral,-3172,Joined
HIRE0004255,EMP04255,2024-11-05,2024-11-11,2024-11-10,Indeed,5,Joined
HIRE0004256,EMP04256,2023-12-25,2023-12-30,2024-09-14,Indeed,264,Joined
HIRE0004257,EMP04257,2024-05-19,2024-05-31,2019-04-30,Consultancy,-1846,Joined
HIRE0004258,EMP04258,2025-05-24,2025-06-06,2024-02-29,LinkedIn,-450,Joined
HIRE0004259,EMP04259,2024-08-12,2024-08-19,2016-10-13,Indeed,-2860,Joined
HIRE0004260,EMP04260,2025-01-18,2025-01-25,2023-01-28,Indeed,-721,Joined
HIRE0004261,EMP04261,2025-03-21,2025-04-04,2018-04-22,Consultancy,-2525,Joined
HIRE0004262,EMP04262,2024-08-26,2024-09-01,2025-09-11,LinkedIn,381,Joined
HIRE0004263,EMP04263,2025-07-10,2025-07-18,2019-04-26,Naukri,-2267,Joined
HIRE0004264,EMP04264,2024-11-10,2024-11-18,2024-06-23,Campus,-140,Joined
HIRE0004265,EMP04265,2023-11-10,2023-11-23,2024-01-10,LinkedIn,61,Joined
HIRE0004266,EMP04266,2025-02-18,2025-03-04,2018-03-29,Indeed,-2518,Joined
HIRE0004267,EMP04267,2025-07-21,2025-08-04,2024-07-15,Campus,-371,Joined
HIRE0004268,EMP04268,2023-10-09,2023-10-20,2024-12-16,Indeed,434,Joined
HIRE0004269,EMP04269,2024-12-21,2025-01-04,2022-08-03,Employee Referral,-871,Joined
HIRE0004270,EMP04270,2025-05-20,2025-05-31,2020-11-29,LinkedIn,-1633,Joined
HIRE0004271,EMP04271,2024-09-04,2024-09-14,2023-08-02,Consultancy,-399,Joined
HIRE0004272,EMP04272,2024-09-18,2024-09-23,2021-07-07,Naukri,-1169,Joined
HIRE0004273,EMP04273,2024-07-19,2024-07-26,2020-12-02,Consultancy,-1325,Joined
HIRE0004274,EMP04274,2024-09-16,2024-09-27,2020-12-10,Consultancy,-1376,Joined
HIRE0004275,EMP04275,2024-11-19,2024-11-27,2025-02-26,LinkedIn,99,Joined
HIRE0004276,EMP04276,2024-11-30,2024-12-14,2024-11-01,Campus,-29,Joined
HIRE0004277,EMP04277,2024-04-01,2024-04-15,2020-01-28,LinkedIn,-1525,Joined
HIRE0004278,EMP04278,2023-12-20,2023-12-27,2018-03-27,LinkedIn,-2094,Joined
HIRE0004279,EMP04279,2024-08-17,2024-09-01,2020-07-12,Employee Referral,-1497,Joined
HIRE0004280,EMP04280,2024-03-17,2024-03-24,2015-11-14,Indeed,-3046,Joined
HIRE0004281,EMP04281,2024-03-15,2024-03-30,2020-03-20,Consultancy,-1456,Joined
HIRE0004282,EMP04282,2024-06-09,2024-06-15,2018-06-21,Naukri,-2180,Joined
HIRE0004283,EMP04283,2024-09-03,2024-09-10,2015-09-16,Campus,-3275,Joined
HIRE0004284,EMP04284,2025-02-12,2025-02-27,2025-03-18,Employee Referral,34,Joined
HIRE0004285,EMP04285,2025-03-28,2025-04-04,2023-02-17,Consultancy,-770,Joined
HIRE0004286,EMP04286,2024-11-04,2024-11-10,2025-04-03,Campus,150,Joined
HIRE0004287,EMP04287,2025-06-30,2025-07-08,2015-09-23,Consultancy,-3568,Joined
HIRE0004288,EMP04288,2025-07-25,2025-08-02,2021-05-13,Consultancy,-1534,Joined
HIRE0004289,EMP04289,2024-06-29,2024-07-13,2015-03-22,LinkedIn,-3387,Joined
HIRE0004290,EMP04290,2024-05-22,2024-05-27,2015-12-09,LinkedIn,-3087,Joined
HIRE0004291,EMP04291,2025-07-02,2025-07-11,2024-11-14,LinkedIn,-230,Joined
HIRE0004292,EMP04292,2024-06-20,2024-07-03,2020-03-11,Consultancy,-1562,Joined
HIRE0004293,EMP04293,2024-09-14,2024-09-27,2022-09-28,Campus,-717,Joined
HIRE0004294,EMP04294,2023-10-31,2023-11-09,2020-09-21,Consultancy,-1135,Joined
HIRE0004295,EMP04295,2024-01-06,2024-01-15,2019-05-23,Indeed,-1689,Joined
HIRE0004296,EMP04296,2025-01-17,2025-01-31,2015-06-20,LinkedIn,-3499,Joined
HIRE0004297,EMP04297,2025-02-24,2025-03-02,2020-03-31,Indeed,-1791,Joined
HIRE0004298,EMP04298,2024-01-09,2024-01-24,2023-05-16,Indeed,-238,Joined
HIRE0004299,EMP04299,2024-06-26,2024-07-02,2023-06-25,LinkedIn,-367,Joined
HIRE0004300,EMP04300,2024-03-20,2024-03-26,2025-01-02,Campus,288,Joined
HIRE0004301,EMP04301,2025-03-17,2025-03-31,2025-01-30,Indeed,-46,Joined
HIRE0004302,EMP04302,2025-06-13,2025-06-23,2020-10-09,Employee Referral,-1708,Joined
HIRE0004303,EMP04303,2023-12-28,2024-01-06,2015-01-22,Indeed,-3262,Joined
HIRE0004304,EMP04304,2024-12-10,2024-12-22,2022-07-15,Consultancy,-879,Joined
HIRE0004305,EMP04305,2025-04-05,2025-04-16,2015-10-11,LinkedIn,-3464,Joined
HIRE0004306,EMP04306,2025-07-11,2025-07-24,2015-06-09,Naukri,-3685,Joined
HIRE0004307,EMP04307,2023-11-29,2023-12-12,2024-10-10,Naukri,316,Joined
HIRE0004308,EMP04308,2024-07-16,2024-07-29,2016-07-23,Employee Referral,-2915,Joined
HIRE0004309,EMP04309,2024-03-24,2024-04-04,2017-02-11,Naukri,-2598,Joined
HIRE0004310,EMP04310,2024-01-22,2024-01-27,2018-06-21,Indeed,-2041,Joined
HIRE0004311,EMP04311,2023-09-26,2023-10-02,2023-02-02,Consultancy,-236,Joined
HIRE0004312,EMP04312,2024-07-17,2024-07-25,2025-02-24,Campus,222,Joined
HIRE0004313,EMP04313,2023-09-14,2023-09-20,2018-03-10,Campus,-2014,Joined
HIRE0004314,EMP04314,2024-09-18,2024-09-29,2024-03-27,Employee Referral,-175,Joined
HIRE0004315,EMP04315,2023-09-14,2023-09-26,2023-03-02,Campus,-196,Joined
HIRE0004316,EMP04316,2023-12-24,2023-12-30,2020-11-27,Indeed,-1122,Joined
HIRE0004317,EMP04317,2024-04-14,2024-04-23,2019-11-01,LinkedIn,-1626,Joined
HIRE0004318,EMP04318,2025-05-31,2025-06-12,2021-09-02,Employee Referral,-1367,Joined
HIRE0004319,EMP04319,2025-05-31,2025-06-10,2018-06-29,LinkedIn,-2528,Joined
HIRE0004320,EMP04320,2025-07-09,2025-07-24,2017-08-31,Employee Referral,-2869,Joined
HIRE0004321,EMP04321,2025-03-02,2025-03-08,2021-06-30,Consultancy,-1341,Joined
HIRE0004322,EMP04322,2023-11-21,2023-11-30,2025-01-18,Naukri,424,Joined
HIRE0004323,EMP04323,2024-05-17,2024-05-22,2025-03-10,Naukri,297,Joined
HIRE0004324,EMP04324,2025-04-08,2025-04-13,2021-09-21,Campus,-1295,Joined
HIRE0004325,EMP04325,2024-02-27,2024-03-09,2018-09-15,Naukri,-1991,Joined
HIRE0004326,EMP04326,2025-07-19,2025-07-27,2021-11-27,LinkedIn,-1330,Joined
HIRE0004327,EMP04327,2024-12-04,2024-12-16,2024-03-19,LinkedIn,-260,Joined
HIRE0004328,EMP04328,2025-05-13,2025-05-23,2019-05-04,Campus,-2201,Joined
HIRE0004329,EMP04329,2024-09-22,2024-10-05,2016-05-16,Indeed,-3051,Joined
HIRE0004330,EMP04330,2024-05-19,2024-05-25,2019-12-09,LinkedIn,-1623,Joined
HIRE0004331,EMP04331,2024-06-25,2024-07-02,2015-05-02,Employee Referral,-3342,Joined
HIRE0004332,EMP04332,2025-08-01,2025-08-07,2024-03-20,Naukri,-499,Joined
HIRE0004333,EMP04333,2024-12-01,2024-12-07,2023-10-22,Campus,-406,Joined
HIRE0004334,EMP04334,2024-03-26,2024-03-31,2015-08-28,Employee Referral,-3133,Joined
HIRE0004335,EMP04335,2024-04-25,2024-05-04,2020-10-12,Indeed,-1291,Joined
HIRE0004336,EMP04336,2025-01-31,2025-02-14,2019-04-28,Campus,-2105,Joined
HIRE0004337,EMP04337,2024-09-29,2024-10-09,2021-05-18,Naukri,-1230,Joined
HIRE0004338,EMP04338,2024-07-17,2024-07-23,2025-02-10,Employee Referral,208,Joined
HIRE0004339,EMP04339,2023-10-07,2023-10-14,2021-08-23,Employee Referral,-775,Joined
HIRE0004340,EMP04340,2024-01-21,2024-02-03,2024-07-04,Campus,165,Joined
HIRE0004341,EMP04341,2024-08-11,2024-08-16,2019-12-06,Employee Referral,-1710,Joined
HIRE0004342,EMP04342,2024-04-11,2024-04-18,2020-09-21,Indeed,-1298,Joined
HIRE0004343,EMP04343,2025-07-29,2025-08-09,2021-05-21,Indeed,-1530,Joined
HIRE0004344,EMP04344,2024-12-15,2024-12-28,2019-09-29,Campus,-1904,Joined
HIRE0004345,EMP04345,2024-10-17,2024-10-28,2016-03-25,Naukri,-3128,Joined
HIRE0004346,EMP04346,2025-02-26,2025-03-11,2023-04-12,Indeed,-686,Joined
HIRE0004347,EMP04347,2023-10-09,2023-10-21,2021-08-24,LinkedIn,-776,Joined
HIRE0004348,EMP04348,2024-10-27,2024-11-03,2017-11-02,Indeed,-2551,Joined
HIRE0004349,EMP04349,2024-01-21,2024-01-26,2018-02-18,Naukri,-2163,Joined
HIRE0004350,EMP04350,2024-07-16,2024-07-25,2015-08-09,Employee Referral,-3264,Joined
HIRE0004351,EMP04351,2024-08-21,2024-08-26,2017-07-24,Indeed,-2585,Joined
HIRE0004352,EMP04352,2024-09-20,2024-09-26,2025-01-23,Naukri,125,Joined
HIRE0004353,EMP04353,2024-08-03,2024-08-08,2024-03-04,LinkedIn,-152,Joined
HIRE0004354,EMP04354,2024-04-30,2024-05-10,2016-01-24,Employee Referral,-3019,Joined
HIRE0004355,EMP04355,2024-07-09,2024-07-18,2025-04-14,Campus,279,Joined
HIRE0004356,EMP04356,2025-01-26,2025-02-05,2025-10-05,LinkedIn,252,Joined
HIRE0004357,EMP04357,2025-01-09,2025-01-22,2025-08-11,Employee Referral,214,Joined
HIRE0004358,EMP04358,2024-02-24,2024-03-06,2023-03-20,Campus,-341,Joined
HIRE0004359,EMP04359,2024-10-22,2024-11-05,2015-10-02,Employee Referral,-3308,Joined
HIRE0004360,EMP04360,2025-04-13,2025-04-23,2023-07-18,Indeed,-635,Joined
HIRE0004361,EMP04361,2024-11-04,2024-11-09,2025-07-25,Employee Referral,263,Joined
HIRE0004362,EMP04362,2025-06-06,2025-06-11,2023-03-27,Consultancy,-802,Joined
HIRE0004363,EMP04363,2025-04-24,2025-05-03,2022-12-26,Consultancy,-850,Joined
HIRE0004364,EMP04364,2024-11-06,2024-11-11,2018-05-17,Employee Referral,-2365,Joined
HIRE0004365,EMP04365,2024-07-22,2024-08-06,2016-04-10,Consultancy,-3025,Joined
HIRE0004366,EMP04366,2024-07-25,2024-08-01,2023-04-24,LinkedIn,-458,Joined
HIRE0004367,EMP04367,2024-08-09,2024-08-21,2024-10-04,Indeed,56,Joined
HIRE0004368,EMP04368,2024-04-13,2024-04-19,2025-12-16,Naukri,612,Joined
HIRE0004369,EMP04369,2025-04-23,2025-05-06,2017-04-17,LinkedIn,-2928,Joined
HIRE0004370,EMP04370,2025-01-12,2025-01-24,2020-05-21,Indeed,-1697,Joined
HIRE0004371,EMP04371,2024-10-12,2024-10-22,2021-01-28,LinkedIn,-1353,Joined
HIRE0004372,EMP04372,2024-11-14,2024-11-28,2022-09-16,Employee Referral,-790,Joined
HIRE0004373,EMP04373,2023-12-04,2023-12-19,2020-05-25,Indeed,-1288,Joined
HIRE0004374,EMP04374,2023-10-20,2023-10-30,2020-09-26,Indeed,-1119,Joined
HIRE0004375,EMP04375,2024-01-19,2024-01-24,2022-10-14,LinkedIn,-462,Joined
HIRE0004376,EMP04376,2024-10-19,2024-10-27,2019-12-02,Campus,-1783,Joined
HIRE0004377,EMP04377,2025-06-17,2025-06-23,2025-11-14,Naukri,150,Joined
HIRE0004378,EMP04378,2023-08-07,2023-08-16,2021-04-29,Consultancy,-830,Joined
HIRE0004379,EMP04379,2024-03-17,2024-03-26,2016-12-31,Naukri,-2633,Joined
HIRE0004380,EMP04380,2025-01-17,2025-01-22,2019-02-12,Consultancy,-2166,Joined
HIRE0004381,EMP04381,2023-11-15,2023-11-30,2023-05-19,Employee Referral,-180,Joined
HIRE0004382,EMP04382,2023-09-19,2023-10-02,2015-03-20,Naukri,-3105,Joined
HIRE0004383,EMP04383,2024-02-28,2024-03-05,2025-11-07,Naukri,618,Joined
HIRE0004384,EMP04384,2025-05-18,2025-05-25,2019-12-01,Campus,-1995,Joined
HIRE0004385,EMP04385,2023-11-09,2023-11-22,2020-11-22,Campus,-1082,Joined
HIRE0004386,EMP04386,2025-04-20,2025-05-02,2024-10-17,Consultancy,-185,Joined
HIRE0004387,EMP04387,2025-07-16,2025-07-29,2023-01-26,Naukri,-902,Joined
HIRE0004388,EMP04388,2024-11-11,2024-11-17,2016-02-24,Consultancy,-3183,Joined
HIRE0004389,EMP04389,2025-03-29,2025-04-05,2023-03-21,Indeed,-739,Joined
HIRE0004390,EMP04390,2025-01-23,2025-02-06,2025-06-02,Campus,130,Joined
HIRE0004391,EMP04391,2025-04-08,2025-04-15,2022-06-07,Naukri,-1036,Joined
HIRE0004392,EMP04392,2024-04-30,2024-05-06,2023-09-05,Naukri,-238,Joined
HIRE0004393,EMP04393,2025-02-05,2025-02-14,2025-03-05,Naukri,28,Joined
HIRE0004394,EMP04394,2023-08-19,2023-08-24,2022-07-01,Consultancy,-414,Joined
HIRE0004395,EMP04395,2024-07-02,2024-07-08,2017-02-08,Campus,-2701,Joined
HIRE0004396,EMP04396,2025-07-25,2025-08-01,2018-05-18,Employee Referral,-2625,Joined
HIRE0004397,EMP04397,2024-09-16,2024-09-28,2023-08-02,Naukri,-411,Joined
HIRE0004398,EMP04398,2024-05-09,2024-05-14,2023-09-09,Campus,-243,Joined
HIRE0004399,EMP04399,2025-06-01,2025-06-15,2015-03-09,Consultancy,-3737,Joined
HIRE0004400,EMP04400,2024-05-24,2024-06-04,2018-03-21,Indeed,-2256,Joined
HIRE0004401,EMP04401,2023-10-08,2023-10-17,2016-08-06,Employee Referral,-2619,Joined
HIRE0004402,EMP04402,2025-06-22,2025-07-01,2016-08-28,Indeed,-3220,Joined
HIRE0004403,EMP04403,2024-12-22,2025-01-01,2021-04-25,Consultancy,-1337,Joined
HIRE0004404,EMP04404,2024-08-17,2024-08-26,2024-12-28,Naukri,133,Joined
HIRE0004405,EMP04405,2025-01-16,2025-01-29,2024-12-02,Consultancy,-45,Joined
HIRE0004406,EMP04406,2025-07-27,2025-08-06,2017-01-18,Naukri,-3112,Joined
HIRE0004407,EMP04407,2024-09-20,2024-10-01,2015-12-16,Consultancy,-3201,Joined
HIRE0004408,EMP04408,2024-02-04,2024-02-11,2025-03-25,Naukri,415,Joined
HIRE0004409,EMP04409,2024-05-21,2024-05-29,2024-03-01,LinkedIn,-81,Joined
HIRE0004410,EMP04410,2024-09-23,2024-10-05,2022-09-14,Consultancy,-740,Joined
HIRE0004411,EMP04411,2023-11-21,2023-12-02,2020-08-31,Indeed,-1177,Joined
HIRE0004412,EMP04412,2024-07-21,2024-08-03,2018-08-05,Consultancy,-2177,Joined
HIRE0004413,EMP04413,2024-12-19,2025-01-02,2022-11-14,Indeed,-766,Joined
HIRE0004414,EMP04414,2024-08-16,2024-08-30,2024-10-19,Indeed,64,Joined
HIRE0004415,EMP04415,2025-01-19,2025-02-02,2025-09-08,LinkedIn,232,Joined
HIRE0004416,EMP04416,2024-09-16,2024-09-22,2024-08-14,Naukri,-33,Joined
HIRE0004417,EMP04417,2023-11-26,2023-12-09,2024-06-02,Consultancy,189,Joined
HIRE0004418,EMP04418,2024-04-01,2024-04-15,2024-04-22,Campus,21,Joined
HIRE0004419,EMP04419,2024-01-03,2024-01-18,2024-01-08,Campus,5,Joined
HIRE0004420,EMP04420,2024-08-18,2024-08-24,2017-02-20,Campus,-2736,Joined
HIRE0004421,EMP04421,2024-01-28,2024-02-12,2018-01-19,LinkedIn,-2200,Joined
HIRE0004422,EMP04422,2025-07-16,2025-07-26,2019-11-25,Indeed,-2060,Joined
HIRE0004423,EMP04423,2025-01-21,2025-02-04,2021-11-12,Consultancy,-1166,Joined
HIRE0004424,EMP04424,2023-12-17,2023-12-27,2017-03-14,Campus,-2469,Joined
HIRE0004425,EMP04425,2024-02-26,2024-03-05,2023-07-12,LinkedIn,-229,Joined
HIRE0004426,EMP04426,2023-12-04,2023-12-14,2024-05-01,LinkedIn,149,Joined
HIRE0004427,EMP04427,2023-11-18,2023-11-24,2025-11-03,Campus,716,Joined
HIRE0004428,EMP04428,2024-03-20,2024-03-26,2018-01-15,Consultancy,-2256,Joined
HIRE0004429,EMP04429,2024-03-04,2024-03-10,2024-05-15,Indeed,72,Joined
HIRE0004430,EMP04430,2025-05-05,2025-05-10,2018-09-24,Consultancy,-2415,Joined
HIRE0004431,EMP04431,2024-04-13,2024-04-24,2022-06-07,Indeed,-676,Joined
HIRE0004432,EMP04432,2023-09-19,2023-10-02,2024-06-28,LinkedIn,283,Joined
HIRE0004433,EMP04433,2025-04-23,2025-05-04,2017-06-11,Naukri,-2873,Joined
HIRE0004434,EMP04434,2023-09-29,2023-10-07,2017-03-28,Consultancy,-2376,Joined
HIRE0004435,EMP04435,2024-02-21,2024-03-01,2018-05-01,Campus,-2122,Joined
HIRE0004436,EMP04436,2023-10-08,2023-10-13,2021-11-04,Naukri,-703,Joined
HIRE0004437,EMP04437,2024-08-04,2024-08-17,2022-08-23,Campus,-712,Joined
HIRE0004438,EMP04438,2025-02-02,2025-02-08,2020-05-06,Consultancy,-1733,Joined
HIRE0004439,EMP04439,2024-03-26,2024-04-10,2016-05-25,Consultancy,-2862,Joined
HIRE0004440,EMP04440,2024-09-01,2024-09-16,2021-07-24,Campus,-1135,Joined
HIRE0004441,EMP04441,2023-12-20,2024-01-03,2023-09-03,Naukri,-108,Joined
HIRE0004442,EMP04442,2024-04-08,2024-04-21,2020-07-09,Campus,-1369,Joined
HIRE0004443,EMP04443,2025-02-28,2025-03-06,2022-09-06,Indeed,-906,Joined
HIRE0004444,EMP04444,2024-11-20,2024-11-29,2017-12-30,Consultancy,-2517,Joined
HIRE0004445,EMP04445,2025-07-29,2025-08-04,2025-09-25,Employee Referral,58,Joined
HIRE0004446,EMP04446,2024-12-08,2024-12-20,2020-06-15,Employee Referral,-1637,Joined
HIRE0004447,EMP04447,2023-12-30,2024-01-11,2020-10-25,LinkedIn,-1161,Joined
HIRE0004448,EMP04448,2024-02-03,2024-02-11,2025-05-29,Indeed,481,Joined
HIRE0004449,EMP04449,2024-06-11,2024-06-25,2019-01-04,Consultancy,-1985,Joined
HIRE0004450,EMP04450,2024-11-26,2024-12-04,2016-12-27,Indeed,-2891,Joined
HIRE0004451,EMP04451,2025-05-30,2025-06-08,2019-10-14,Employee Referral,-2055,Joined
HIRE0004452,EMP04452,2024-06-28,2024-07-05,2017-05-13,LinkedIn,-2603,Joined
HIRE0004453,EMP04453,2025-02-17,2025-03-02,2017-05-06,Employee Referral,-2844,Joined
HIRE0004454,EMP04454,2024-02-29,2024-03-14,2019-04-05,Employee Referral,-1791,Joined
HIRE0004455,EMP04455,2025-07-28,2025-08-06,2017-11-24,Campus,-2803,Joined
HIRE0004456,EMP04456,2024-01-30,2024-02-06,2023-01-16,Naukri,-379,Joined
HIRE0004457,EMP04457,2025-04-13,2025-04-18,2017-02-14,Campus,-2980,Joined
HIRE0004458,EMP04458,2024-09-26,2024-10-04,2018-08-28,Indeed,-2221,Joined
HIRE0004459,EMP04459,2024-01-21,2024-01-26,2016-02-23,Employee Referral,-2889,Joined
HIRE0004460,EMP04460,2025-04-19,2025-04-25,2018-11-22,Consultancy,-2340,Joined
HIRE0004461,EMP04461,2025-06-21,2025-06-28,2023-10-25,Campus,-605,Joined
HIRE0004462,EMP04462,2025-02-17,2025-02-23,2023-10-17,Campus,-489,Joined
HIRE0004463,EMP04463,2025-02-08,2025-02-16,2016-09-09,Campus,-3074,Joined
HIRE0004464,EMP04464,2024-01-15,2024-01-29,2020-06-30,Consultancy,-1294,Joined
HIRE0004465,EMP04465,2023-10-31,2023-11-12,2023-09-28,Campus,-33,Joined
HIRE0004466,EMP04466,2024-09-04,2024-09-15,2016-07-26,LinkedIn,-2962,Joined
HIRE0004467,EMP04467,2024-11-09,2024-11-15,2016-02-09,LinkedIn,-3196,Joined
HIRE0004468,EMP04468,2024-07-27,2024-08-11,2025-03-10,Campus,226,Joined
HIRE0004469,EMP04469,2024-05-02,2024-05-12,2021-03-04,Naukri,-1155,Joined
HIRE0004470,EMP04470,2025-05-28,2025-06-08,2017-03-12,Campus,-2999,Joined
HIRE0004471,EMP04471,2023-11-20,2023-12-04,2023-04-04,Consultancy,-230,Joined
HIRE0004472,EMP04472,2024-01-03,2024-01-13,2018-04-16,Employee Referral,-2088,Joined
HIRE0004473,EMP04473,2024-06-10,2024-06-22,2018-09-12,LinkedIn,-2098,Joined
HIRE0004474,EMP04474,2025-03-09,2025-03-23,2020-05-27,Campus,-1747,Joined
HIRE0004475,EMP04475,2025-06-12,2025-06-17,2025-11-17,LinkedIn,158,Joined
HIRE0004476,EMP04476,2025-01-13,2025-01-24,2018-10-11,Employee Referral,-2286,Joined
HIRE0004477,EMP04477,2024-07-05,2024-07-12,2015-05-21,LinkedIn,-3333,Joined
HIRE0004478,EMP04478,2024-03-22,2024-04-03,2015-10-13,Consultancy,-3083,Joined
HIRE0004479,EMP04479,2025-04-02,2025-04-15,2020-03-05,Employee Referral,-1854,Joined
HIRE0004480,EMP04480,2024-07-17,2024-07-27,2015-09-29,LinkedIn,-3214,Joined
HIRE0004481,EMP04481,2024-09-04,2024-09-09,2019-04-18,LinkedIn,-1966,Joined
HIRE0004482,EMP04482,2023-08-09,2023-08-19,2018-02-06,Indeed,-2010,Joined
HIRE0004483,EMP04483,2024-08-28,2024-09-03,2022-01-02,Naukri,-969,Joined
HIRE0004484,EMP04484,2025-05-23,2025-06-04,2016-03-01,Indeed,-3370,Joined
HIRE0004485,EMP04485,2024-06-06,2024-06-17,2016-10-23,Consultancy,-2783,Joined
HIRE0004486,EMP04486,2024-06-26,2024-07-06,2016-07-09,Employee Referral,-2909,Joined
HIRE0004487,EMP04487,2025-06-04,2025-06-17,2024-07-02,Campus,-337,Joined
HIRE0004488,EMP04488,2025-05-18,2025-05-27,2022-11-04,Consultancy,-926,Joined
HIRE0004489,EMP04489,2024-06-08,2024-06-23,2022-04-06,Indeed,-794,Joined
HIRE0004490,EMP04490,2023-09-11,2023-09-23,2024-01-08,LinkedIn,119,Joined
HIRE0004491,EMP04491,2024-06-12,2024-06-25,2024-04-25,Campus,-48,Joined
HIRE0004492,EMP04492,2025-01-15,2025-01-28,2022-07-10,Consultancy,-920,Joined
HIRE0004493,EMP04493,2025-04-15,2025-04-22,2023-07-24,Campus,-631,Joined
HIRE0004494,EMP04494,2024-08-26,2024-09-02,2017-08-01,Naukri,-2582,Joined
HIRE0004495,EMP04495,2023-12-24,2024-01-04,2017-02-20,LinkedIn,-2498,Joined
HIRE0004496,EMP04496,2024-08-09,2024-08-15,2016-07-31,Consultancy,-2931,Joined
HIRE0004497,EMP04497,2023-12-30,2024-01-13,2021-05-17,Indeed,-957,Joined
HIRE0004498,EMP04498,2023-10-09,2023-10-18,2018-06-07,Indeed,-1950,Joined
HIRE0004499,EMP04499,2023-08-27,2023-09-03,2016-07-24,Consultancy,-2590,Joined
HIRE0004500,EMP04500,2024-05-12,2024-05-24,2025-12-01,LinkedIn,568,Joined
HIRE0004501,EMP04501,2023-12-26,2024-01-04,2025-12-25,Employee Referral,730,Joined
HIRE0004502,EMP04502,2025-06-01,2025-06-07,2018-06-16,Consultancy,-2542,Joined
HIRE0004503,EMP04503,2023-10-16,2023-10-29,2015-03-27,Naukri,-3125,Joined
HIRE0004504,EMP04504,2023-08-07,2023-08-12,2024-03-17,Employee Referral,223,Joined
HIRE0004505,EMP04505,2024-08-15,2024-08-28,2019-05-07,Indeed,-1927,Joined
HIRE0004506,EMP04506,2025-02-27,2025-03-04,2021-09-06,LinkedIn,-1270,Joined
HIRE0004507,EMP04507,2024-05-04,2024-05-10,2016-01-23,Indeed,-3024,Joined
HIRE0004508,EMP04508,2023-11-19,2023-12-03,2016-01-21,Naukri,-2859,Joined
HIRE0004509,EMP04509,2025-01-29,2025-02-10,2018-03-05,Campus,-2522,Joined
HIRE0004510,EMP04510,2024-02-24,2024-03-07,2023-09-25,Consultancy,-152,Joined
HIRE0004511,EMP04511,2024-09-06,2024-09-15,2020-12-01,LinkedIn,-1375,Joined
HIRE0004512,EMP04512,2024-06-28,2024-07-06,2023-04-03,Naukri,-452,Joined
HIRE0004513,EMP04513,2024-08-21,2024-08-29,2024-10-16,Employee Referral,56,Joined
HIRE0004514,EMP04514,2024-11-13,2024-11-23,2015-07-07,Consultancy,-3417,Joined
HIRE0004515,EMP04515,2025-06-25,2025-07-04,2022-01-10,Indeed,-1262,Joined
HIRE0004516,EMP04516,2024-11-01,2024-11-09,2025-12-29,Campus,423,Joined
HIRE0004517,EMP04517,2024-01-12,2024-01-23,2016-03-02,Indeed,-2872,Joined
HIRE0004518,EMP04518,2024-03-27,2024-04-11,2015-04-06,Consultancy,-3278,Joined
HIRE0004519,EMP04519,2023-08-16,2023-08-27,2021-08-14,LinkedIn,-732,Joined
HIRE0004520,EMP04520,2024-04-19,2024-04-26,2022-11-29,Indeed,-507,Joined
HIRE0004521,EMP04521,2025-06-14,2025-06-20,2023-06-12,Campus,-733,Joined
HIRE0004522,EMP04522,2024-02-24,2024-03-08,2021-04-06,Consultancy,-1054,Joined
HIRE0004523,EMP04523,2025-02-19,2025-02-27,2025-10-13,LinkedIn,236,Joined
HIRE0004524,EMP04524,2025-03-12,2025-03-20,2020-06-30,Consultancy,-1716,Joined
HIRE0004525,EMP04525,2023-10-16,2023-10-21,2019-08-25,Employee Referral,-1513,Joined
HIRE0004526,EMP04526,2023-09-24,2023-09-30,2019-11-03,Consultancy,-1421,Joined
HIRE0004527,EMP04527,2024-07-08,2024-07-22,2020-05-15,LinkedIn,-1515,Joined
HIRE0004528,EMP04528,2025-04-22,2025-04-28,2016-05-09,Campus,-3270,Joined
HIRE0004529,EMP04529,2024-01-06,2024-01-18,2023-05-12,Employee Referral,-239,Joined
HIRE0004530,EMP04530,2024-06-07,2024-06-18,2017-09-19,Consultancy,-2453,Joined
HIRE0004531,EMP04531,2024-09-30,2024-10-14,2021-07-16,Employee Referral,-1172,Joined
HIRE0004532,EMP04532,2025-01-10,2025-01-18,2025-09-14,Campus,247,Joined
HIRE0004533,EMP04533,2023-08-05,2023-08-18,2017-08-10,Campus,-2186,Joined
HIRE0004534,EMP04534,2023-11-04,2023-11-11,2022-01-20,Campus,-653,Joined
HIRE0004535,EMP04535,2025-02-04,2025-02-14,2019-08-18,Employee Referral,-1997,Joined
HIRE0004536,EMP04536,2025-03-03,2025-03-18,2018-02-07,Employee Referral,-2581,Joined
HIRE0004537,EMP04537,2025-02-24,2025-03-02,2019-12-21,LinkedIn,-1892,Joined
HIRE0004538,EMP04538,2025-05-26,2025-06-03,2022-09-27,Consultancy,-972,Joined
HIRE0004539,EMP04539,2024-06-12,2024-06-18,2019-05-30,LinkedIn,-1840,Joined
HIRE0004540,EMP04540,2023-11-18,2023-12-03,2023-06-24,Consultancy,-147,Joined
HIRE0004541,EMP04541,2024-10-07,2024-10-12,2015-02-01,Indeed,-3536,Joined
HIRE0004542,EMP04542,2024-02-07,2024-02-22,2019-12-03,Indeed,-1527,Joined
HIRE0004543,EMP04543,2025-02-28,2025-03-07,2021-03-22,Campus,-1439,Joined
HIRE0004544,EMP04544,2024-06-17,2024-06-26,2020-02-14,Naukri,-1585,Joined
HIRE0004545,EMP04545,2024-11-23,2024-12-04,2020-02-18,Employee Referral,-1740,Joined
HIRE0004546,EMP04546,2025-04-05,2025-04-18,2018-10-14,Indeed,-2365,Joined
HIRE0004547,EMP04547,2023-11-09,2023-11-14,2018-11-14,Indeed,-1821,Joined
HIRE0004548,EMP04548,2023-11-21,2023-12-02,2020-08-26,Employee Referral,-1182,Joined
HIRE0004549,EMP04549,2025-01-24,2025-02-07,2019-03-11,Employee Referral,-2146,Joined
HIRE0004550,EMP04550,2025-07-10,2025-07-20,2015-01-31,Indeed,-3813,Joined
HIRE0004551,EMP04551,2023-12-10,2023-12-24,2019-11-08,Indeed,-1493,Joined
HIRE0004552,EMP04552,2025-07-04,2025-07-18,2025-04-14,LinkedIn,-81,Joined
HIRE0004553,EMP04553,2024-06-11,2024-06-18,2023-07-31,Employee Referral,-316,Joined
HIRE0004554,EMP04554,2025-04-03,2025-04-11,2019-08-19,Employee Referral,-2054,Joined
HIRE0004555,EMP04555,2024-04-28,2024-05-05,2025-05-08,Naukri,375,Joined
HIRE0004556,EMP04556,2024-09-03,2024-09-18,2022-02-20,Consultancy,-926,Joined
HIRE0004557,EMP04557,2023-08-29,2023-09-09,2025-06-14,Campus,655,Joined
HIRE0004558,EMP04558,2025-05-19,2025-06-03,2015-04-13,Indeed,-3689,Joined
HIRE0004559,EMP04559,2025-07-27,2025-08-06,2024-10-26,Employee Referral,-274,Joined
HIRE0004560,EMP04560,2024-05-06,2024-05-18,2018-04-14,Indeed,-2214,Joined
HIRE0004561,EMP04561,2023-12-19,2024-01-03,2025-04-08,Naukri,476,Joined
HIRE0004562,EMP04562,2025-01-05,2025-01-17,2022-05-08,Indeed,-973,Joined
HIRE0004563,EMP04563,2024-07-10,2024-07-25,2019-09-11,Consultancy,-1764,Joined
HIRE0004564,EMP04564,2024-12-28,2025-01-07,2024-10-05,Naukri,-84,Joined
HIRE0004565,EMP04565,2024-09-16,2024-09-27,2021-06-10,Naukri,-1194,Joined
HIRE0004566,EMP04566,2025-06-27,2025-07-11,2015-10-10,Campus,-3548,Joined
HIRE0004567,EMP04567,2025-01-06,2025-01-21,2017-11-17,Employee Referral,-2607,Joined
HIRE0004568,EMP04568,2023-12-23,2024-01-07,2019-11-12,Consultancy,-1502,Joined
HIRE0004569,EMP04569,2023-11-06,2023-11-20,2017-03-05,Consultancy,-2437,Joined
HIRE0004570,EMP04570,2024-03-10,2024-03-18,2024-12-28,Indeed,293,Joined
HIRE0004571,EMP04571,2023-11-28,2023-12-11,2020-05-03,Indeed,-1304,Joined
HIRE0004572,EMP04572,2025-01-17,2025-01-27,2018-03-04,Consultancy,-2511,Joined
HIRE0004573,EMP04573,2023-12-06,2023-12-14,2023-11-23,Campus,-13,Joined
HIRE0004574,EMP04574,2024-09-13,2024-09-24,2016-07-17,Consultancy,-2980,Joined
HIRE0004575,EMP04575,2023-09-25,2023-10-05,2022-06-25,Consultancy,-457,Joined
HIRE0004576,EMP04576,2024-02-17,2024-02-25,2018-03-11,Campus,-2169,Joined
HIRE0004577,EMP04577,2024-03-23,2024-04-05,2015-10-03,Indeed,-3094,Joined
HIRE0004578,EMP04578,2023-08-12,2023-08-25,2022-06-27,Employee Referral,-411,Joined
HIRE0004579,EMP04579,2024-06-18,2024-07-03,2015-10-13,Campus,-3171,Joined
HIRE0004580,EMP04580,2024-11-25,2024-12-08,2018-04-15,Campus,-2416,Joined
HIRE0004581,EMP04581,2024-05-14,2024-05-28,2023-11-01,Consultancy,-195,Joined
HIRE0004582,EMP04582,2024-11-01,2024-11-10,2015-06-01,Employee Referral,-3441,Joined
HIRE0004583,EMP04583,2024-08-04,2024-08-18,2016-09-23,Employee Referral,-2872,Joined
HIRE0004584,EMP04584,2024-02-28,2024-03-12,2015-01-24,Campus,-3322,Joined
HIRE0004585,EMP04585,2025-05-13,2025-05-22,2018-02-12,Employee Referral,-2647,Joined
HIRE0004586,EMP04586,2025-02-21,2025-02-26,2018-04-03,Campus,-2516,Joined
HIRE0004587,EMP04587,2024-04-06,2024-04-11,2023-11-19,LinkedIn,-139,Joined
HIRE0004588,EMP04588,2024-01-15,2024-01-20,2018-01-17,Consultancy,-2189,Joined
HIRE0004589,EMP04589,2025-05-28,2025-06-06,2016-08-03,Indeed,-3220,Joined
HIRE0004590,EMP04590,2024-10-29,2024-11-11,2021-04-28,Campus,-1280,Joined
HIRE0004591,EMP04591,2023-10-18,2023-10-29,2019-09-03,Naukri,-1506,Joined
HIRE0004592,EMP04592,2025-01-30,2025-02-14,2015-12-03,Indeed,-3346,Joined
HIRE0004593,EMP04593,2025-03-20,2025-03-30,2021-05-11,Campus,-1409,Joined
HIRE0004594,EMP04594,2023-10-23,2023-10-28,2022-05-10,Naukri,-531,Joined
HIRE0004595,EMP04595,2024-01-31,2024-02-06,2019-05-08,Naukri,-1729,Joined
HIRE0004596,EMP04596,2025-07-17,2025-07-27,2015-08-09,Indeed,-3630,Joined
HIRE0004597,EMP04597,2024-04-05,2024-04-18,2023-05-18,Consultancy,-323,Joined
HIRE0004598,EMP04598,2025-01-01,2025-01-16,2024-01-13,Naukri,-354,Joined
HIRE0004599,EMP04599,2025-02-16,2025-03-02,2015-08-14,Indeed,-3474,Joined
HIRE0004600,EMP04600,2024-12-11,2024-12-25,2016-08-31,Campus,-3024,Joined
HIRE0004601,EMP04601,2024-03-16,2024-03-30,2021-12-01,Employee Referral,-836,Joined
HIRE0004602,EMP04602,2024-03-27,2024-04-01,2015-03-26,LinkedIn,-3289,Joined
HIRE0004603,EMP04603,2025-07-03,2025-07-09,2023-04-04,Consultancy,-821,Joined
HIRE0004604,EMP04604,2024-09-22,2024-10-03,2016-04-24,Naukri,-3073,Joined
HIRE0004605,EMP04605,2024-09-13,2024-09-18,2020-12-04,Naukri,-1379,Joined
HIRE0004606,EMP04606,2024-09-16,2024-09-29,2022-12-26,LinkedIn,-630,Joined
HIRE0004607,EMP04607,2024-07-19,2024-08-01,2016-09-25,Employee Referral,-2854,Joined
HIRE0004608,EMP04608,2024-10-23,2024-11-02,2017-10-18,Naukri,-2562,Joined
HIRE0004609,EMP04609,2024-09-28,2024-10-06,2024-03-19,LinkedIn,-193,Joined
HIRE0004610,EMP04610,2024-08-02,2024-08-10,2015-04-20,Indeed,-3392,Joined
HIRE0004611,EMP04611,2024-01-26,2024-02-05,2016-06-07,Indeed,-2789,Joined
HIRE0004612,EMP04612,2025-06-03,2025-06-09,2021-05-28,Consultancy,-1467,Joined
HIRE0004613,EMP04613,2024-09-04,2024-09-11,2024-01-27,Indeed,-221,Joined
HIRE0004614,EMP04614,2025-01-09,2025-01-23,2015-08-27,LinkedIn,-3423,Joined
HIRE0004615,EMP04615,2025-07-15,2025-07-29,2019-10-06,LinkedIn,-2109,Joined
HIRE0004616,EMP04616,2025-05-01,2025-05-06,2023-04-28,LinkedIn,-734,Joined
HIRE0004617,EMP04617,2025-05-26,2025-06-03,2021-01-07,Campus,-1600,Joined
HIRE0004618,EMP04618,2024-04-16,2024-04-29,2015-03-13,Indeed,-3322,Joined
HIRE0004619,EMP04619,2024-04-23,2024-04-29,2023-07-02,Campus,-296,Joined
HIRE0004620,EMP04620,2024-08-19,2024-08-25,2023-08-23,Indeed,-362,Joined
HIRE0004621,EMP04621,2024-10-04,2024-10-13,2020-07-15,Campus,-1542,Joined
HIRE0004622,EMP04622,2024-06-21,2024-07-03,2015-12-20,Indeed,-3106,Joined
HIRE0004623,EMP04623,2023-12-16,2023-12-26,2020-09-12,Campus,-1190,Joined
HIRE0004624,EMP04624,2023-11-30,2023-12-13,2018-11-24,Employee Referral,-1832,Joined
HIRE0004625,EMP04625,2023-08-13,2023-08-24,2017-05-18,Naukri,-2278,Joined
HIRE0004626,EMP04626,2023-11-07,2023-11-22,2017-11-15,LinkedIn,-2183,Joined
HIRE0004627,EMP04627,2024-02-15,2024-02-27,2016-03-23,Naukri,-2885,Joined
HIRE0004628,EMP04628,2023-12-12,2023-12-24,2024-01-31,Campus,50,Joined
HIRE0004629,EMP04629,2023-11-11,2023-11-19,2018-04-21,Employee Referral,-2030,Joined
HIRE0004630,EMP04630,2024-04-10,2024-04-24,2022-04-08,Campus,-733,Joined
HIRE0004631,EMP04631,2024-09-04,2024-09-19,2024-03-15,Indeed,-173,Joined
HIRE0004632,EMP04632,2023-08-22,2023-08-31,2018-07-06,Campus,-1873,Joined
HIRE0004633,EMP04633,2023-08-26,2023-09-03,2019-03-26,Consultancy,-1614,Joined
HIRE0004634,EMP04634,2025-01-20,2025-02-01,2022-04-03,Campus,-1023,Joined
HIRE0004635,EMP04635,2024-10-06,2024-10-12,2015-04-28,LinkedIn,-3449,Joined
HIRE0004636,EMP04636,2024-01-06,2024-01-20,2015-08-30,Indeed,-3051,Joined
HIRE0004637,EMP04637,2024-01-05,2024-01-16,2024-08-10,Employee Referral,218,Joined
HIRE0004638,EMP04638,2024-08-03,2024-08-15,2024-06-25,Employee Referral,-39,Joined
HIRE0004639,EMP04639,2023-08-13,2023-08-24,2025-01-28,LinkedIn,534,Joined
HIRE0004640,EMP04640,2024-07-13,2024-07-19,2019-11-24,Naukri,-1693,Joined
HIRE0004641,EMP04641,2025-04-16,2025-04-30,2023-11-20,Campus,-513,Joined
HIRE0004642,EMP04642,2023-09-03,2023-09-14,2025-04-08,LinkedIn,583,Joined
HIRE0004643,EMP04643,2023-09-04,2023-09-10,2020-07-08,Consultancy,-1153,Joined
HIRE0004644,EMP04644,2023-11-12,2023-11-23,2021-04-16,Indeed,-940,Joined
HIRE0004645,EMP04645,2023-10-13,2023-10-28,2025-10-18,LinkedIn,736,Joined
HIRE0004646,EMP04646,2025-02-13,2025-02-20,2025-07-29,Employee Referral,166,Joined
HIRE0004647,EMP04647,2024-07-30,2024-08-04,2022-08-31,LinkedIn,-699,Joined
HIRE0004648,EMP04648,2024-01-30,2024-02-06,2023-10-20,Campus,-102,Joined
HIRE0004649,EMP04649,2023-11-26,2023-12-01,2025-03-10,Naukri,470,Joined
HIRE0004650,EMP04650,2024-02-13,2024-02-18,2016-06-29,Consultancy,-2785,Joined
HIRE0004651,EMP04651,2024-08-07,2024-08-22,2020-08-04,Employee Referral,-1464,Joined
HIRE0004652,EMP04652,2024-10-08,2024-10-15,2023-05-05,Campus,-522,Joined
HIRE0004653,EMP04653,2024-07-20,2024-08-01,2023-12-14,Indeed,-219,Joined
HIRE0004654,EMP04654,2025-04-06,2025-04-12,2021-12-08,Consultancy,-1215,Joined
HIRE0004655,EMP04655,2024-03-20,2024-03-28,2016-06-05,Naukri,-2845,Joined
HIRE0004656,EMP04656,2025-05-22,2025-05-31,2025-01-05,Consultancy,-137,Joined
HIRE0004657,EMP04657,2024-07-09,2024-07-17,2021-11-02,Employee Referral,-980,Joined
HIRE0004658,EMP04658,2024-04-02,2024-04-10,2019-09-07,Employee Referral,-1669,Joined
HIRE0004659,EMP04659,2024-07-15,2024-07-22,2015-12-08,Consultancy,-3142,Joined
HIRE0004660,EMP04660,2024-06-04,2024-06-19,2020-03-20,LinkedIn,-1537,Joined
HIRE0004661,EMP04661,2024-08-30,2024-09-05,2016-12-07,Indeed,-2823,Joined
HIRE0004662,EMP04662,2024-11-02,2024-11-10,2016-03-22,Indeed,-3147,Joined
HIRE0004663,EMP04663,2025-04-27,2025-05-08,2018-05-13,Indeed,-2541,Joined
HIRE0004664,EMP04664,2024-07-14,2024-07-19,2021-12-13,Employee Referral,-944,Joined
HIRE0004665,EMP04665,2025-05-31,2025-06-10,2019-06-25,Consultancy,-2167,Joined
HIRE0004666,EMP04666,2025-06-10,2025-06-18,2021-05-10,LinkedIn,-1492,Joined
HIRE0004667,EMP04667,2024-04-05,2024-04-14,2020-09-08,Consultancy,-1305,Joined
HIRE0004668,EMP04668,2025-03-12,2025-03-21,2023-08-24,Indeed,-566,Joined
HIRE0004669,EMP04669,2025-05-17,2025-05-22,2020-11-02,Campus,-1657,Joined
HIRE0004670,EMP04670,2025-02-11,2025-02-19,2025-04-16,Indeed,64,Joined
HIRE0004671,EMP04671,2024-05-21,2024-06-05,2017-12-22,Indeed,-2342,Joined
HIRE0004672,EMP04672,2024-08-11,2024-08-17,2024-08-18,Campus,7,Joined
HIRE0004673,EMP04673,2025-06-21,2025-07-02,2024-10-08,Employee Referral,-256,Joined
HIRE0004674,EMP04674,2024-06-11,2024-06-24,2020-09-23,Naukri,-1357,Joined
HIRE0004675,EMP04675,2024-05-24,2024-06-04,2019-01-31,Consultancy,-1940,Joined
HIRE0004676,EMP04676,2023-12-15,2023-12-20,2020-04-18,Consultancy,-1336,Joined
HIRE0004677,EMP04677,2024-03-09,2024-03-21,2015-12-04,Indeed,-3018,Joined
HIRE0004678,EMP04678,2023-09-04,2023-09-14,2018-01-21,Employee Referral,-2052,Joined
HIRE0004679,EMP04679,2025-05-07,2025-05-21,2016-11-10,LinkedIn,-3100,Joined
HIRE0004680,EMP04680,2025-06-12,2025-06-18,2017-03-08,Employee Referral,-3018,Joined
HIRE0004681,EMP04681,2024-05-22,2024-05-31,2016-10-27,Campus,-2764,Joined
HIRE0004682,EMP04682,2025-02-20,2025-02-26,2018-10-26,LinkedIn,-2309,Joined
HIRE0004683,EMP04683,2023-08-14,2023-08-26,2017-11-23,Naukri,-2090,Joined
HIRE0004684,EMP04684,2023-11-10,2023-11-25,2018-05-11,Consultancy,-2009,Joined
HIRE0004685,EMP04685,2024-07-12,2024-07-27,2018-05-09,Consultancy,-2256,Joined
HIRE0004686,EMP04686,2025-04-15,2025-04-29,2018-07-27,Indeed,-2454,Joined
HIRE0004687,EMP04687,2023-08-30,2023-09-07,2022-12-31,Indeed,-242,Joined
HIRE0004688,EMP04688,2024-05-11,2024-05-22,2021-11-14,Employee Referral,-909,Joined
HIRE0004689,EMP04689,2023-08-17,2023-08-30,2024-10-09,Consultancy,419,Joined
HIRE0004690,EMP04690,2024-01-27,2024-02-10,2020-08-19,LinkedIn,-1256,Joined
HIRE0004691,EMP04691,2025-06-27,2025-07-11,2022-04-03,Consultancy,-1181,Joined
HIRE0004692,EMP04692,2025-01-05,2025-01-20,2024-09-14,Naukri,-113,Joined
HIRE0004693,EMP04693,2023-11-19,2023-11-27,2020-05-16,Naukri,-1282,Joined
HIRE0004694,EMP04694,2025-02-11,2025-02-19,2016-12-30,Indeed,-2965,Joined
HIRE0004695,EMP04695,2024-07-22,2024-08-06,2016-03-09,Campus,-3057,Joined
HIRE0004696,EMP04696,2025-02-25,2025-03-12,2015-07-24,Employee Referral,-3504,Joined
HIRE0004697,EMP04697,2023-08-23,2023-09-07,2021-07-17,Consultancy,-767,Joined
HIRE0004698,EMP04698,2024-07-29,2024-08-09,2019-07-20,Employee Referral,-1836,Joined
HIRE0004699,EMP04699,2023-09-29,2023-10-13,2018-02-17,Campus,-2050,Joined
HIRE0004700,EMP04700,2023-08-13,2023-08-25,2018-07-02,LinkedIn,-1868,Joined
HIRE0004701,EMP04701,2024-03-24,2024-04-06,2015-07-02,Consultancy,-3188,Joined
HIRE0004702,EMP04702,2024-12-30,2025-01-04,2021-12-31,Indeed,-1095,Joined
HIRE0004703,EMP04703,2025-07-19,2025-07-31,2017-10-11,Employee Referral,-2838,Joined
HIRE0004704,EMP04704,2025-03-28,2025-04-05,2024-06-19,Employee Referral,-282,Joined
HIRE0004705,EMP04705,2023-08-09,2023-08-20,2022-07-13,Naukri,-392,Joined
HIRE0004706,EMP04706,2023-11-29,2023-12-12,2017-07-02,Indeed,-2341,Joined
HIRE0004707,EMP04707,2023-08-11,2023-08-16,2017-10-12,Naukri,-2129,Joined
HIRE0004708,EMP04708,2023-10-21,2023-10-31,2022-06-21,Employee Referral,-487,Joined
HIRE0004709,EMP04709,2024-01-01,2024-01-11,2016-04-06,Campus,-2826,Joined
HIRE0004710,EMP04710,2024-11-29,2024-12-12,2025-09-18,Consultancy,293,Joined
HIRE0004711,EMP04711,2024-02-05,2024-02-17,2021-07-30,Indeed,-920,Joined
HIRE0004712,EMP04712,2025-06-06,2025-06-20,2023-12-18,Naukri,-536,Joined
HIRE0004713,EMP04713,2024-08-03,2024-08-16,2025-08-12,Consultancy,374,Joined
HIRE0004714,EMP04714,2024-01-14,2024-01-24,2019-03-20,Campus,-1761,Joined
HIRE0004715,EMP04715,2024-08-03,2024-08-14,2021-06-30,LinkedIn,-1130,Joined
HIRE0004716,EMP04716,2025-04-30,2025-05-15,2024-12-01,Naukri,-150,Joined
HIRE0004717,EMP04717,2024-10-03,2024-10-10,2022-01-12,Naukri,-995,Joined
HIRE0004718,EMP04718,2024-08-13,2024-08-18,2023-04-14,Consultancy,-487,Joined
HIRE0004719,EMP04719,2024-03-26,2024-04-07,2023-04-10,Consultancy,-351,Joined
HIRE0004720,EMP04720,2025-07-12,2025-07-19,2019-11-16,Naukri,-2065,Joined
HIRE0004721,EMP04721,2024-02-25,2024-03-11,2018-10-18,LinkedIn,-1956,Joined
HIRE0004722,EMP04722,2024-12-25,2025-01-08,2015-10-01,LinkedIn,-3373,Joined
HIRE0004723,EMP04723,2024-12-03,2024-12-11,2022-04-12,Naukri,-966,Joined
HIRE0004724,EMP04724,2024-12-19,2024-12-26,2025-02-06,Employee Referral,49,Joined
HIRE0004725,EMP04725,2023-11-24,2023-12-03,2024-05-24,LinkedIn,182,Joined
HIRE0004726,EMP04726,2024-08-28,2024-09-04,2023-06-29,LinkedIn,-426,Joined
HIRE0004727,EMP04727,2025-05-27,2025-06-05,2021-05-18,LinkedIn,-1470,Joined
HIRE0004728,EMP04728,2024-08-22,2024-08-30,2015-12-14,Naukri,-3174,Joined
HIRE0004729,EMP04729,2024-07-21,2024-08-01,2017-02-16,Employee Referral,-2712,Joined
HIRE0004730,EMP04730,2023-11-14,2023-11-26,2022-01-15,Employee Referral,-668,Joined
HIRE0004731,EMP04731,2024-02-21,2024-02-27,2020-01-31,Naukri,-1482,Joined
HIRE0004732,EMP04732,2025-01-22,2025-02-03,2024-07-14,Consultancy,-192,Joined
HIRE0004733,EMP04733,2024-01-09,2024-01-18,2016-09-09,Indeed,-2678,Joined
HIRE0004734,EMP04734,2024-06-30,2024-07-06,2021-11-09,Campus,-964,Joined
HIRE0004735,EMP04735,2025-01-28,2025-02-09,2015-12-09,Employee Referral,-3338,Joined
HIRE0004736,EMP04736,2024-12-28,2025-01-07,2017-03-09,Indeed,-2851,Joined
HIRE0004737,EMP04737,2025-04-14,2025-04-24,2019-02-06,Indeed,-2259,Joined
HIRE0004738,EMP04738,2025-06-18,2025-06-29,2020-06-11,Indeed,-1833,Joined
HIRE0004739,EMP04739,2023-12-07,2023-12-20,2024-02-01,LinkedIn,56,Joined
HIRE0004740,EMP04740,2024-10-18,2024-10-24,2019-07-07,Campus,-1930,Joined
HIRE0004741,EMP04741,2023-08-23,2023-09-03,2015-09-28,Campus,-2886,Joined
HIRE0004742,EMP04742,2023-12-20,2024-01-02,2022-01-26,Naukri,-693,Joined
HIRE0004743,EMP04743,2024-10-08,2024-10-20,2021-11-14,Employee Referral,-1059,Joined
HIRE0004744,EMP04744,2024-12-16,2024-12-22,2020-12-30,Naukri,-1447,Joined
HIRE0004745,EMP04745,2024-09-02,2024-09-09,2021-06-07,Consultancy,-1183,Joined
HIRE0004746,EMP04746,2024-08-09,2024-08-18,2023-09-02,Indeed,-342,Joined
HIRE0004747,EMP04747,2024-10-18,2024-10-25,2021-05-10,LinkedIn,-1257,Joined
HIRE0004748,EMP04748,2025-04-22,2025-05-06,2017-12-07,LinkedIn,-2693,Joined
HIRE0004749,EMP04749,2023-09-21,2023-09-27,2023-01-02,Employee Referral,-262,Joined
HIRE0004750,EMP04750,2024-05-10,2024-05-19,2021-12-11,Naukri,-881,Joined
HIRE0004751,EMP04751,2024-10-05,2024-10-11,2016-06-26,LinkedIn,-3023,Joined
HIRE0004752,EMP04752,2025-04-19,2025-04-27,2019-07-10,LinkedIn,-2110,Joined
HIRE0004753,EMP04753,2025-05-24,2025-05-30,2023-02-15,Consultancy,-829,Joined
HIRE0004754,EMP04754,2024-02-09,2024-02-14,2015-04-19,Indeed,-3218,Joined
HIRE0004755,EMP04755,2023-12-01,2023-12-07,2025-11-11,Indeed,711,Joined
HIRE0004756,EMP04756,2025-05-14,2025-05-25,2018-08-05,LinkedIn,-2474,Joined
HIRE0004757,EMP04757,2024-09-23,2024-10-03,2016-01-20,Campus,-3169,Joined
HIRE0004758,EMP04758,2024-06-12,2024-06-27,2022-07-27,Employee Referral,-686,Joined
HIRE0004759,EMP04759,2025-04-27,2025-05-03,2022-12-15,Indeed,-864,Joined
HIRE0004760,EMP04760,2024-04-22,2024-05-01,2021-02-06,LinkedIn,-1171,Joined
HIRE0004761,EMP04761,2025-03-16,2025-03-22,2016-02-15,Employee Referral,-3317,Joined
HIRE0004762,EMP04762,2024-01-20,2024-02-04,2025-05-06,Naukri,472,Joined
HIRE0004763,EMP04763,2024-11-20,2024-12-05,2024-03-13,Consultancy,-252,Joined
HIRE0004764,EMP04764,2023-12-31,2024-01-10,2015-09-05,Indeed,-3039,Joined
HIRE0004765,EMP04765,2023-09-26,2023-10-05,2019-02-05,LinkedIn,-1694,Joined
HIRE0004766,EMP04766,2024-04-01,2024-04-12,2016-04-29,Indeed,-2894,Joined
HIRE0004767,EMP04767,2025-06-15,2025-06-26,2019-10-12,Naukri,-2073,Joined
HIRE0004768,EMP04768,2024-08-29,2024-09-09,2015-10-31,Indeed,-3225,Joined
HIRE0004769,EMP04769,2023-09-24,2023-10-05,2016-02-17,Employee Referral,-2776,Joined
HIRE0004770,EMP04770,2024-06-27,2024-07-12,2019-02-13,Consultancy,-1961,Joined
HIRE0004771,EMP04771,2024-05-04,2024-05-14,2021-06-26,Campus,-1043,Joined
HIRE0004772,EMP04772,2025-03-15,2025-03-24,2024-12-21,Naukri,-84,Joined
HIRE0004773,EMP04773,2025-01-25,2025-02-06,2025-08-21,Indeed,208,Joined
HIRE0004774,EMP04774,2024-03-26,2024-04-02,2016-07-24,LinkedIn,-2802,Joined
HIRE0004775,EMP04775,2025-01-07,2025-01-15,2023-03-27,Indeed,-652,Joined
HIRE0004776,EMP04776,2024-10-19,2024-10-25,2019-01-09,Campus,-2110,Joined
HIRE0004777,EMP04777,2023-08-20,2023-08-27,2025-11-08,Employee Referral,811,Joined
HIRE0004778,EMP04778,2024-08-03,2024-08-14,2021-08-08,Consultancy,-1091,Joined
HIRE0004779,EMP04779,2024-10-27,2024-11-04,2015-02-26,Naukri,-3531,Joined
HIRE0004780,EMP04780,2024-11-16,2024-11-21,2016-02-24,Consultancy,-3188,Joined
HIRE0004781,EMP04781,2024-12-19,2024-12-30,2016-02-24,Campus,-3221,Joined
HIRE0004782,EMP04782,2024-11-03,2024-11-15,2019-03-28,Indeed,-2047,Joined
HIRE0004783,EMP04783,2023-08-26,2023-09-02,2018-06-26,Indeed,-1887,Joined
HIRE0004784,EMP04784,2025-05-17,2025-05-28,2023-03-18,Consultancy,-791,Joined
HIRE0004785,EMP04785,2024-10-11,2024-10-23,2016-04-25,Campus,-3091,Joined
HIRE0004786,EMP04786,2024-10-13,2024-10-21,2018-06-05,Naukri,-2322,Joined
HIRE0004787,EMP04787,2024-10-13,2024-10-27,2017-02-12,Naukri,-2800,Joined
HIRE0004788,EMP04788,2025-03-09,2025-03-23,2015-02-05,Naukri,-3685,Joined
HIRE0004789,EMP04789,2025-07-21,2025-08-05,2022-10-13,Consultancy,-1012,Joined
HIRE0004790,EMP04790,2024-04-17,2024-04-22,2018-07-28,Indeed,-2090,Joined
HIRE0004791,EMP04791,2025-04-17,2025-04-30,2023-10-16,LinkedIn,-549,Joined
HIRE0004792,EMP04792,2025-04-11,2025-04-20,2023-03-21,Naukri,-752,Joined
HIRE0004793,EMP04793,2025-05-05,2025-05-20,2022-11-09,Naukri,-908,Joined
HIRE0004794,EMP04794,2023-11-24,2023-12-04,2016-06-24,LinkedIn,-2709,Joined
HIRE0004795,EMP04795,2025-03-24,2025-03-31,2020-02-10,Naukri,-1869,Joined
HIRE0004796,EMP04796,2023-12-09,2023-12-17,2022-08-31,Indeed,-465,Joined
HIRE0004797,EMP04797,2025-02-10,2025-02-21,2023-11-20,Campus,-448,Joined
HIRE0004798,EMP04798,2023-11-19,2023-12-02,2016-06-07,Indeed,-2721,Joined
HIRE0004799,EMP04799,2024-10-19,2024-10-24,2016-11-12,LinkedIn,-2898,Joined
HIRE0004800,EMP04800,2025-03-14,2025-03-21,2023-06-30,Naukri,-623,Joined
HIRE0004801,EMP04801,2024-10-03,2024-10-15,2023-06-17,Consultancy,-474,Joined
HIRE0004802,EMP04802,2025-07-01,2025-07-10,2022-03-19,Naukri,-1200,Joined
HIRE0004803,EMP04803,2023-08-11,2023-08-23,2015-04-25,LinkedIn,-3030,Joined
HIRE0004804,EMP04804,2024-07-04,2024-07-17,2022-08-29,Employee Referral,-675,Joined
HIRE0004805,EMP04805,2023-11-05,2023-11-18,2018-01-06,Naukri,-2129,Joined
HIRE0004806,EMP04806,2024-12-04,2024-12-14,2017-09-23,Campus,-2629,Joined
HIRE0004807,EMP04807,2024-11-21,2024-11-29,2024-06-04,Employee Referral,-170,Joined
HIRE0004808,EMP04808,2025-07-24,2025-08-07,2022-07-27,Employee Referral,-1093,Joined
HIRE0004809,EMP04809,2023-12-05,2023-12-18,2023-05-02,Campus,-217,Joined
HIRE0004810,EMP04810,2024-11-10,2024-11-25,2016-06-28,Employee Referral,-3057,Joined
HIRE0004811,EMP04811,2025-02-20,2025-03-03,2016-04-05,LinkedIn,-3243,Joined
HIRE0004812,EMP04812,2024-05-07,2024-05-18,2024-12-24,LinkedIn,231,Joined
HIRE0004813,EMP04813,2025-03-23,2025-03-31,2025-01-18,Campus,-64,Joined
HIRE0004814,EMP04814,2024-06-06,2024-06-21,2021-04-13,Consultancy,-1150,Joined
HIRE0004815,EMP04815,2024-02-08,2024-02-17,2022-01-05,Consultancy,-764,Joined
HIRE0004816,EMP04816,2024-02-02,2024-02-07,2023-04-02,Campus,-306,Joined
HIRE0004817,EMP04817,2024-11-20,2024-12-05,2016-07-19,Consultancy,-3046,Joined
HIRE0004818,EMP04818,2025-01-12,2025-01-21,2024-10-20,Employee Referral,-84,Joined
HIRE0004819,EMP04819,2025-02-18,2025-03-01,2017-06-30,Campus,-2790,Joined
HIRE0004820,EMP04820,2024-01-14,2024-01-28,2021-11-13,Naukri,-792,Joined
HIRE0004821,EMP04821,2023-08-20,2023-09-03,2016-03-09,Indeed,-2720,Joined
HIRE0004822,EMP04822,2024-03-13,2024-03-26,2023-05-18,Consultancy,-300,Joined
HIRE0004823,EMP04823,2024-09-02,2024-09-10,2017-01-06,Employee Referral,-2796,Joined
HIRE0004824,EMP04824,2024-07-31,2024-08-13,2017-12-27,LinkedIn,-2408,Joined
HIRE0004825,EMP04825,2024-11-03,2024-11-12,2021-07-14,LinkedIn,-1208,Joined
HIRE0004826,EMP04826,2024-03-09,2024-03-18,2025-04-20,Naukri,407,Joined
HIRE0004827,EMP04827,2024-03-03,2024-03-08,2022-01-06,Employee Referral,-787,Joined
HIRE0004828,EMP04828,2023-11-09,2023-11-17,2023-06-07,Employee Referral,-155,Joined
HIRE0004829,EMP04829,2025-01-12,2025-01-17,2020-05-28,Campus,-1690,Joined
HIRE0004830,EMP04830,2023-11-14,2023-11-20,2021-01-20,Indeed,-1028,Joined
HIRE0004831,EMP04831,2024-03-23,2024-03-28,2020-04-28,Consultancy,-1425,Joined
HIRE0004832,EMP04832,2025-05-11,2025-05-18,2025-03-31,Employee Referral,-41,Joined
HIRE0004833,EMP04833,2023-09-16,2023-09-29,2025-05-18,LinkedIn,610,Joined
HIRE0004834,EMP04834,2023-11-02,2023-11-11,2021-10-31,Naukri,-732,Joined
HIRE0004835,EMP04835,2024-04-01,2024-04-15,2015-04-30,Campus,-3259,Joined
HIRE0004836,EMP04836,2023-11-18,2023-12-02,2019-11-15,Consultancy,-1464,Joined
HIRE0004837,EMP04837,2025-01-26,2025-01-31,2023-12-09,Consultancy,-414,Joined
HIRE0004838,EMP04838,2023-09-24,2023-10-05,2016-11-18,LinkedIn,-2501,Joined
HIRE0004839,EMP04839,2025-03-27,2025-04-08,2018-04-09,Indeed,-2544,Joined
HIRE0004840,EMP04840,2023-12-22,2024-01-04,2016-11-25,Naukri,-2583,Joined
HIRE0004841,EMP04841,2024-01-18,2024-01-23,2020-12-31,Consultancy,-1113,Joined
HIRE0004842,EMP04842,2024-08-20,2024-08-29,2018-04-05,Campus,-2329,Joined
HIRE0004843,EMP04843,2025-02-09,2025-02-17,2025-03-02,Indeed,21,Joined
HIRE0004844,EMP04844,2024-05-31,2024-06-12,2024-05-15,LinkedIn,-16,Joined
HIRE0004845,EMP04845,2024-08-07,2024-08-14,2016-06-11,Naukri,-2979,Joined
HIRE0004846,EMP04846,2024-09-03,2024-09-11,2023-09-26,Indeed,-343,Joined
HIRE0004847,EMP04847,2025-01-05,2025-01-20,2025-11-03,Consultancy,302,Joined
HIRE0004848,EMP04848,2024-11-10,2024-11-25,2019-07-26,Consultancy,-1934,Joined
HIRE0004849,EMP04849,2024-03-18,2024-03-25,2017-05-04,LinkedIn,-2510,Joined
HIRE0004850,EMP04850,2024-10-26,2024-11-03,2015-10-10,Naukri,-3304,Joined
HIRE0004851,EMP04851,2023-12-04,2023-12-17,2024-04-17,Indeed,135,Joined
HIRE0004852,EMP04852,2023-09-27,2023-10-07,2018-09-05,Consultancy,-1848,Joined
HIRE0004853,EMP04853,2024-11-17,2024-11-26,2022-02-12,Consultancy,-1009,Joined
HIRE0004854,EMP04854,2023-08-30,2023-09-09,2022-05-31,Campus,-456,Joined
HIRE0004855,EMP04855,2023-11-30,2023-12-13,2021-01-25,Indeed,-1039,Joined
HIRE0004856,EMP04856,2025-06-02,2025-06-09,2018-10-07,Campus,-2430,Joined
HIRE0004857,EMP04857,2024-04-16,2024-05-01,2021-09-28,Naukri,-931,Joined
HIRE0004858,EMP04858,2024-04-13,2024-04-27,2021-02-27,LinkedIn,-1141,Joined
HIRE0004859,EMP04859,2024-10-05,2024-10-16,2023-07-30,Naukri,-433,Joined
HIRE0004860,EMP04860,2024-10-19,2024-10-24,2018-10-21,Indeed,-2190,Joined
HIRE0004861,EMP04861,2024-01-12,2024-01-24,2019-02-04,Campus,-1803,Joined
HIRE0004862,EMP04862,2025-04-22,2025-05-01,2018-11-11,Employee Referral,-2354,Joined
HIRE0004863,EMP04863,2025-01-27,2025-02-06,2015-07-04,Campus,-3495,Joined
HIRE0004864,EMP04864,2024-05-09,2024-05-16,2018-06-19,Naukri,-2151,Joined
HIRE0004865,EMP04865,2025-04-05,2025-04-18,2022-05-02,Campus,-1069,Joined
HIRE0004866,EMP04866,2024-01-21,2024-01-31,2015-02-02,Employee Referral,-3275,Joined
HIRE0004867,EMP04867,2024-02-28,2024-03-07,2016-09-13,Campus,-2724,Joined
HIRE0004868,EMP04868,2024-07-28,2024-08-06,2015-02-23,Indeed,-3443,Joined
HIRE0004869,EMP04869,2024-12-29,2025-01-04,2022-10-16,Campus,-805,Joined
HIRE0004870,EMP04870,2023-08-12,2023-08-22,2024-02-12,Naukri,184,Joined
HIRE0004871,EMP04871,2025-05-30,2025-06-05,2019-06-07,LinkedIn,-2184,Joined
HIRE0004872,EMP04872,2024-09-24,2024-10-05,2022-07-03,Consultancy,-814,Joined
HIRE0004873,EMP04873,2025-01-09,2025-01-15,2025-03-17,Campus,67,Joined
HIRE0004874,EMP04874,2025-03-06,2025-03-12,2017-06-30,Indeed,-2806,Joined
HIRE0004875,EMP04875,2024-01-15,2024-01-24,2023-06-15,Consultancy,-214,Joined
HIRE0004876,EMP04876,2024-04-17,2024-04-26,2021-11-01,Naukri,-898,Joined
HIRE0004877,EMP04877,2023-12-14,2023-12-20,2024-12-12,Employee Referral,364,Joined
HIRE0004878,EMP04878,2023-08-28,2023-09-04,2018-08-10,Naukri,-1844,Joined
HIRE0004879,EMP04879,2024-07-23,2024-07-30,2018-10-11,Consultancy,-2112,Joined
HIRE0004880,EMP04880,2025-01-30,2025-02-04,2016-07-14,Campus,-3122,Joined
HIRE0004881,EMP04881,2023-09-10,2023-09-25,2024-07-04,LinkedIn,298,Joined
HIRE0004882,EMP04882,2023-09-23,2023-10-06,2015-11-28,Indeed,-2856,Joined
HIRE0004883,EMP04883,2024-01-07,2024-01-13,2019-11-11,Employee Referral,-1518,Joined
HIRE0004884,EMP04884,2025-04-20,2025-04-30,2016-01-23,Consultancy,-3375,Joined
HIRE0004885,EMP04885,2024-12-12,2024-12-17,2021-06-06,Employee Referral,-1285,Joined
HIRE0004886,EMP04886,2024-05-29,2024-06-06,2022-02-04,Campus,-845,Joined
HIRE0004887,EMP04887,2023-09-26,2023-10-03,2020-11-04,Employee Referral,-1056,Joined
HIRE0004888,EMP04888,2024-01-23,2024-02-07,2016-10-07,LinkedIn,-2664,Joined
HIRE0004889,EMP04889,2024-06-20,2024-07-03,2017-05-02,Campus,-2606,Joined
HIRE0004890,EMP04890,2023-09-22,2023-09-30,2019-10-03,Campus,-1450,Joined
HIRE0004891,EMP04891,2023-10-21,2023-11-04,2021-07-23,Consultancy,-820,Joined
HIRE0004892,EMP04892,2025-07-30,2025-08-04,2021-01-18,Campus,-1654,Joined
HIRE0004893,EMP04893,2024-03-12,2024-03-24,2020-08-25,Naukri,-1295,Joined
HIRE0004894,EMP04894,2025-02-28,2025-03-14,2019-05-18,Naukri,-2113,Joined
HIRE0004895,EMP04895,2023-11-06,2023-11-11,2018-10-29,Employee Referral,-1834,Joined
HIRE0004896,EMP04896,2024-11-04,2024-11-18,2017-02-05,Employee Referral,-2829,Joined
HIRE0004897,EMP04897,2025-01-31,2025-02-13,2022-09-23,LinkedIn,-861,Joined
HIRE0004898,EMP04898,2023-10-15,2023-10-30,2017-11-04,Indeed,-2171,Joined
HIRE0004899,EMP04899,2024-03-15,2024-03-25,2022-03-03,LinkedIn,-743,Joined
HIRE0004900,EMP04900,2023-12-02,2023-12-09,2025-12-13,LinkedIn,742,Joined
HIRE0004901,EMP04901,2023-10-12,2023-10-19,2022-02-15,Consultancy,-604,Joined
HIRE0004902,EMP04902,2024-11-05,2024-11-16,2020-12-19,Naukri,-1417,Joined
HIRE0004903,EMP04903,2023-12-15,2023-12-25,2018-12-17,LinkedIn,-1824,Joined
HIRE0004904,EMP04904,2023-09-13,2023-09-21,2021-03-22,Naukri,-905,Joined
HIRE0004905,EMP04905,2024-05-25,2024-06-02,2020-09-07,Consultancy,-1356,Joined
HIRE0004906,EMP04906,2024-12-25,2025-01-07,2022-03-02,Indeed,-1029,Joined
HIRE0004907,EMP04907,2025-01-08,2025-01-20,2016-09-15,Campus,-3037,Joined
HIRE0004908,EMP04908,2025-06-04,2025-06-19,2020-07-27,Consultancy,-1773,Joined
HIRE0004909,EMP04909,2024-07-11,2024-07-18,2025-07-10,Naukri,364,Joined
HIRE0004910,EMP04910,2025-04-16,2025-04-29,2019-12-19,LinkedIn,-1945,Joined
HIRE0004911,EMP04911,2023-09-28,2023-10-06,2024-12-17,LinkedIn,446,Joined
HIRE0004912,EMP04912,2025-05-01,2025-05-14,2025-05-04,Employee Referral,3,Joined
HIRE0004913,EMP04913,2024-04-03,2024-04-12,2025-10-02,Indeed,547,Joined
HIRE0004914,EMP04914,2025-03-16,2025-03-23,2025-01-27,Naukri,-48,Joined
HIRE0004915,EMP04915,2025-03-22,2025-03-28,2015-12-28,LinkedIn,-3372,Joined
HIRE0004916,EMP04916,2024-09-05,2024-09-13,2020-12-18,Campus,-1357,Joined
HIRE0004917,EMP04917,2025-02-17,2025-02-28,2022-09-10,Consultancy,-891,Joined
HIRE0004918,EMP04918,2024-02-21,2024-03-03,2023-02-24,Naukri,-362,Joined
HIRE0004919,EMP04919,2024-11-04,2024-11-09,2023-03-20,Campus,-595,Joined
HIRE0004920,EMP04920,2024-09-08,2024-09-20,2018-09-20,Campus,-2180,Joined
HIRE0004921,EMP04921,2023-11-17,2023-11-27,2025-12-18,Employee Referral,762,Joined
HIRE0004922,EMP04922,2025-06-10,2025-06-18,2015-04-18,Employee Referral,-3706,Joined
HIRE0004923,EMP04923,2025-02-17,2025-03-02,2024-10-21,LinkedIn,-119,Joined
HIRE0004924,EMP04924,2024-08-03,2024-08-14,2022-08-28,Naukri,-706,Joined
HIRE0004925,EMP04925,2023-10-14,2023-10-23,2025-10-29,Campus,746,Joined
HIRE0004926,EMP04926,2023-10-13,2023-10-18,2024-05-15,Naukri,215,Joined
HIRE0004927,EMP04927,2025-03-11,2025-03-20,2023-06-22,Employee Referral,-628,Joined
HIRE0004928,EMP04928,2024-12-26,2025-01-06,2022-10-12,Consultancy,-806,Joined
HIRE0004929,EMP04929,2025-06-14,2025-06-20,2024-07-27,LinkedIn,-322,Joined
HIRE0004930,EMP04930,2024-02-27,2024-03-12,2017-07-29,LinkedIn,-2404,Joined
HIRE0004931,EMP04931,2023-10-18,2023-11-01,2016-12-06,Consultancy,-2507,Joined
HIRE0004932,EMP04932,2024-05-12,2024-05-18,2025-07-31,Employee Referral,445,Joined
HIRE0004933,EMP04933,2025-03-05,2025-03-20,2024-12-29,Employee Referral,-66,Joined
HIRE0004934,EMP04934,2024-01-12,2024-01-27,2024-03-19,Consultancy,67,Joined
HIRE0004935,EMP04935,2024-07-16,2024-07-21,2022-11-27,Indeed,-597,Joined
HIRE0004936,EMP04936,2025-02-17,2025-02-24,2023-07-22,Indeed,-576,Joined
HIRE0004937,EMP04937,2025-07-18,2025-07-24,2023-12-16,Consultancy,-580,Joined
HIRE0004938,EMP04938,2023-09-18,2023-09-27,2025-09-19,Employee Referral,732,Joined
HIRE0004939,EMP04939,2025-06-20,2025-07-03,2022-09-26,Indeed,-998,Joined
HIRE0004940,EMP04940,2024-07-10,2024-07-17,2019-07-13,Consultancy,-1824,Joined
HIRE0004941,EMP04941,2025-01-15,2025-01-23,2015-08-21,Naukri,-3435,Joined
HIRE0004942,EMP04942,2025-04-11,2025-04-23,2015-09-22,Campus,-3489,Joined
HIRE0004943,EMP04943,2024-02-28,2024-03-10,2018-06-29,Indeed,-2070,Joined
HIRE0004944,EMP04944,2025-07-09,2025-07-21,2024-06-12,Consultancy,-392,Joined
HIRE0004945,EMP04945,2025-01-11,2025-01-25,2025-03-10,LinkedIn,58,Joined
HIRE0004946,EMP04946,2024-12-19,2025-01-03,2025-10-20,Naukri,305,Joined
HIRE0004947,EMP04947,2024-01-23,2024-02-07,2020-09-28,Campus,-1212,Joined
HIRE0004948,EMP04948,2023-08-21,2023-08-29,2015-03-17,Naukri,-3079,Joined
HIRE0004949,EMP04949,2024-11-28,2024-12-10,2020-12-22,Consultancy,-1437,Joined
HIRE0004950,EMP04950,2025-05-07,2025-05-13,2016-12-20,Consultancy,-3060,Joined
HIRE0004951,EMP04951,2023-12-26,2024-01-10,2020-03-14,Employee Referral,-1382,Joined
HIRE0004952,EMP04952,2024-07-14,2024-07-22,2022-12-07,Naukri,-585,Joined
HIRE0004953,EMP04953,2024-01-12,2024-01-17,2023-12-26,Campus,-17,Joined
HIRE0004954,EMP04954,2024-03-08,2024-03-23,2023-02-07,Campus,-395,Joined
HIRE0004955,EMP04955,2025-05-20,2025-05-30,2021-10-07,Consultancy,-1321,Joined
HIRE0004956,EMP04956,2024-11-26,2024-12-09,2024-10-21,Employee Referral,-36,Joined
HIRE0004957,EMP04957,2023-11-04,2023-11-19,2023-11-26,Consultancy,22,Joined
HIRE0004958,EMP04958,2025-04-23,2025-05-07,2021-03-02,Naukri,-1513,Joined
HIRE0004959,EMP04959,2024-09-04,2024-09-19,2024-05-20,Campus,-107,Joined
HIRE0004960,EMP04960,2025-03-21,2025-04-03,2017-03-09,LinkedIn,-2934,Joined
HIRE0004961,EMP04961,2025-01-30,2025-02-11,2015-08-21,Indeed,-3450,Joined
HIRE0004962,EMP04962,2024-09-08,2024-09-15,2023-02-09,Consultancy,-577,Joined
HIRE0004963,EMP04963,2023-08-16,2023-08-24,2015-01-29,Employee Referral,-3121,Joined
HIRE0004964,EMP04964,2023-08-05,2023-08-17,2015-03-01,Naukri,-3079,Joined
HIRE0004965,EMP04965,2024-07-13,2024-07-24,2018-04-30,Consultancy,-2266,Joined
HIRE0004966,EMP04966,2024-03-15,2024-03-25,2019-09-27,Indeed,-1631,Joined
HIRE0004967,EMP04967,2025-05-21,2025-06-04,2015-03-20,Employee Referral,-3715,Joined
HIRE0004968,EMP04968,2024-10-16,2024-10-26,2018-05-10,LinkedIn,-2351,Joined
HIRE0004969,EMP04969,2024-03-13,2024-03-18,2025-02-28,Indeed,352,Joined
HIRE0004970,EMP04970,2025-05-15,2025-05-28,2025-01-26,Campus,-109,Joined
HIRE0004971,EMP04971,2024-01-22,2024-01-27,2015-09-21,Employee Referral,-3045,Joined
HIRE0004972,EMP04972,2024-02-03,2024-02-09,2025-01-13,Consultancy,345,Joined
HIRE0004973,EMP04973,2025-02-17,2025-02-28,2023-07-17,Campus,-581,Joined
HIRE0004974,EMP04974,2025-03-07,2025-03-20,2018-09-20,Indeed,-2360,Joined
HIRE0004975,EMP04975,2025-04-09,2025-04-16,2019-12-04,Indeed,-1953,Joined
HIRE0004976,EMP04976,2025-04-02,2025-04-10,2025-02-04,Indeed,-57,Joined
HIRE0004977,EMP04977,2024-01-30,2024-02-12,2016-10-07,LinkedIn,-2671,Joined
HIRE0004978,EMP04978,2024-02-02,2024-02-17,2022-02-08,Campus,-724,Joined
HIRE0004979,EMP04979,2023-10-30,2023-11-14,2025-08-23,Indeed,663,Joined
HIRE0004980,EMP04980,2024-09-15,2024-09-28,2016-04-19,Consultancy,-3071,Joined
HIRE0004981,EMP04981,2024-07-11,2024-07-26,2024-03-29,Campus,-104,Joined
HIRE0004982,EMP04982,2025-01-05,2025-01-11,2023-05-23,Naukri,-593,Joined
HIRE0004983,EMP04983,2025-06-19,2025-07-04,2025-05-31,Employee Referral,-19,Joined
HIRE0004984,EMP04984,2024-02-02,2024-02-15,2021-03-10,Indeed,-1059,Joined
HIRE0004985,EMP04985,2023-11-23,2023-12-02,2017-05-28,Campus,-2370,Joined
HIRE0004986,EMP04986,2024-06-23,2024-06-30,2025-01-23,Naukri,214,Joined
HIRE0004987,EMP04987,2024-01-12,2024-01-27,2018-10-31,LinkedIn,-1899,Joined
HIRE0004988,EMP04988,2025-05-12,2025-05-17,2019-09-20,Campus,-2061,Joined
HIRE0004989,EMP04989,2024-12-06,2024-12-14,2023-09-20,Naukri,-443,Joined
HIRE0004990,EMP04990,2024-04-12,2024-04-24,2021-10-03,Employee Referral,-922,Joined
HIRE0004991,EMP04991,2023-10-05,2023-10-11,2017-09-02,Indeed,-2224,Joined
HIRE0004992,EMP04992,2025-04-06,2025-04-16,2022-05-17,Consultancy,-1055,Joined
HIRE0004993,EMP04993,2024-02-03,2024-02-09,2021-08-30,Campus,-887,Joined
HIRE0004994,EMP04994,2025-07-03,2025-07-16,2016-02-12,Employee Referral,-3429,Joined
HIRE0004995,EMP04995,2025-06-11,2025-06-25,2015-03-16,Employee Referral,-3740,Joined
HIRE0004996,EMP04996,2024-03-17,2024-03-23,2016-03-25,Indeed,-2914,Joined
HIRE0004997,EMP04997,2025-07-18,2025-07-26,2021-11-30,Naukri,-1326,Joined
HIRE0004998,EMP04998,2025-04-19,2025-05-02,2015-04-05,Naukri,-3667,Joined
HIRE0004999,EMP04999,2024-12-30,2025-01-13,2022-03-02,Consultancy,-1034,Joined
HIRE0005000,EMP05000,2024-10-05,2024-10-13,2020-10-17,Campus,-1449,Joined
