performance_id,employee_id,review_period,manager_rating,performance_score,productivity_score,training_hours,promotion_eligible,bonus_percentage
PERF0000001,EMP00001,2025-H1,4,2.8,68,40,Yes,8
PERF0000002,EMP00001,2025-H2,4,2.66,78,2,No,5
PERF0000003,EMP00002,2025-H1,3,2.76,82,40,No,5
PERF0000004,EMP00002,2025-H2,3,3.78,97,22,Yes,10
PERF0000005,EMP00003,2025-H1,5,3.53,69,5,No,0
PERF0000006,EMP00003,2025-H2,2,3.65,94,0,No,15
PERF0000007,EMP00004,2025-H1,5,3.28,71,55,No,5
PERF0000008,EMP00004,2025-H2,2,2.78,60,39,Yes,10
PERF0000009,EMP00005,2025-H1,3,4.75,66,32,No,0
PERF0000010,EMP00005,2025-H2,4,2.86,65,39,Yes,0
PERF0000011,EMP00006,2025-H1,3,3.65,92,33,No,12
PERF0000012,EMP00006,2025-H2,5,4.89,91,6,No,0
PERF0000013,EMP00007,2025-H1,3,3.42,96,15,Yes,5
PERF0000014,EMP00007,2025-H2,2,3.77,65,12,No,12
PERF0000015,EMP00008,2025-H1,3,3.74,75,39,Yes,0
PERF0000016,EMP00008,2025-H2,2,3.85,94,16,No,15
PERF0000017,EMP00009,2025-H1,4,2.67,76,4,Yes,15
PERF0000018,EMP00009,2025-H2,4,2.66,60,3,Yes,0
PERF0000019,EMP00010,2025-H1,2,3.29,78,44,Yes,5
PERF0000020,EMP00010,2025-H2,4,4.88,97,55,Yes,8
PERF0000021,EMP00011,2025-H1,2,4.08,80,49,No,15
PERF0000022,EMP00011,2025-H2,5,3.55,63,46,Yes,5
PERF0000023,EMP00012,2025-H1,5,4.35,63,41,No,0
PERF0000024,EMP00012,2025-H2,4,2.61,72,25,No,12
PERF0000025,EMP00013,2025-H1,4,2.95,70,31,Yes,12
PERF0000026,EMP00013,2025-H2,2,3.45,71,21,Yes,12
PERF0000027,EMP00014,2025-H1,5,2.86,84,35,Yes,12
PERF0000028,EMP00014,2025-H2,4,4.86,99,52,No,12
PERF0000029,EMP00015,2025-H1,4,2.64,100,36,Yes,12
PERF0000030,EMP00015,2025-H2,4,3.72,82,7,Yes,0
PERF0000031,EMP00016,2025-H1,2,4.58,80,45,No,12
PERF0000032,EMP00016,2025-H2,4,3.01,84,38,No,12
PERF0000033,EMP00017,2025-H1,5,4.81,85,22,Yes,10
PERF0000034,EMP00017,2025-H2,5,3.25,80,14,Yes,10
PERF0000035,EMP00018,2025-H1,3,3.04,69,25,Yes,12
PERF0000036,EMP00018,2025-H2,5,3.56,83,9,No,15
PERF0000037,EMP00019,2025-H1,2,3.87,72,12,Yes,15
PERF0000038,EMP00019,2025-H2,2,2.74,92,29,No,12
PERF0000039,EMP00020,2025-H1,2,4.95,68,39,Yes,15
PERF0000040,EMP00020,2025-H2,5,3.81,92,54,No,12
PERF0000041,EMP00021,2025-H1,3,3.0,67,23,Yes,0
PERF0000042,EMP00021,2025-H2,5,4.54,79,26,No,0
PERF0000043,EMP00022,2025-H1,4,3.74,73,59,No,12
PERF0000044,EMP00022,2025-H2,3,3.6,80,44,Yes,10
PERF0000045,EMP00023,2025-H1,4,4.88,68,51,No,8
PERF0000046,EMP00023,2025-H2,2,4.28,73,30,No,0
PERF0000047,EMP00024,2025-H1,5,4.05,97,10,Yes,10
PERF0000048,EMP00024,2025-H2,5,3.8,71,30,No,8
PERF0000049,EMP00025,2025-H1,5,3.75,85,24,Yes,15
PERF0000050,EMP00025,2025-H2,5,2.85,81,32,Yes,15
PERF0000051,EMP00026,2025-H1,3,2.91,90,49,No,0
PERF0000052,EMP00026,2025-H2,4,4.15,64,43,Yes,8
PERF0000053,EMP00027,2025-H1,3,3.23,63,48,Yes,0
PERF0000054,EMP00027,2025-H2,3,3.26,65,13,No,12
PERF0000055,EMP00028,2025-H1,4,4.03,68,55,No,5
PERF0000056,EMP00028,2025-H2,4,2.99,72,31,Yes,12
PERF0000057,EMP00029,2025-H1,2,4.37,88,38,No,8
PERF0000058,EMP00029,2025-H2,4,2.55,99,8,Yes,15
PERF0000059,EMP00030,2025-H1,5,2.67,95,9,Yes,5
PERF0000060,EMP00030,2025-H2,5,4.92,99,25,Yes,10
PERF0000061,EMP00031,2025-H1,3,4.87,96,47,Yes,10
PERF0000062,EMP00031,2025-H2,4,4.99,70,31,Yes,12
PERF0000063,EMP00032,2025-H1,3,3.13,87,17,No,12
PERF0000064,EMP00032,2025-H2,5,2.84,60,49,No,8
PERF0000065,EMP00033,2025-H1,2,3.05,60,5,Yes,15
PERF0000066,EMP00033,2025-H2,4,3.89,79,55,Yes,12
PERF0000067,EMP00034,2025-H1,3,2.53,69,43,Yes,0
PERF0000068,EMP00034,2025-H2,2,3.87,89,51,No,8
PERF0000069,EMP00035,2025-H1,2,2.63,93,49,Yes,8
PERF0000070,EMP00035,2025-H2,5,3.1,78,47,Yes,15
PERF0000071,EMP00036,2025-H1,4,3.37,98,24,Yes,8
PERF0000072,EMP00036,2025-H2,5,4.06,83,26,No,8
PERF0000073,EMP00037,2025-H1,3,2.61,65,57,Yes,5
PERF0000074,EMP00037,2025-H2,4,4.13,81,31,No,15
PERF0000075,EMP00038,2025-H1,5,4.96,79,9,No,8
PERF0000076,EMP00038,2025-H2,5,3.8,70,27,Yes,8
PERF0000077,EMP00039,2025-H1,4,3.4,93,34,No,10
PERF0000078,EMP00039,2025-H2,3,4.1,63,56,No,0
PERF0000079,EMP00040,2025-H1,4,4.78,78,41,Yes,0
PERF0000080,EMP00040,2025-H2,3,2.72,71,11,Yes,8
PERF0000081,EMP00041,2025-H1,2,2.97,71,47,Yes,5
PERF0000082,EMP00041,2025-H2,5,2.97,61,49,No,12
PERF0000083,EMP00042,2025-H1,4,2.66,82,45,Yes,15
PERF0000084,EMP00042,2025-H2,4,4.46,86,6,Yes,12
PERF0000085,EMP00043,2025-H1,2,3.13,63,59,No,5
PERF0000086,EMP00043,2025-H2,5,3.72,81,26,Yes,5
PERF0000087,EMP00044,2025-H1,3,4.74,98,34,No,8
PERF0000088,EMP00044,2025-H2,4,3.91,71,53,Yes,8
PERF0000089,EMP00045,2025-H1,5,3.72,92,18,No,0
PERF0000090,EMP00045,2025-H2,4,3.7,63,3,Yes,10
PERF0000091,EMP00046,2025-H1,5,4.0,67,14,No,0
PERF0000092,EMP00046,2025-H2,3,3.61,67,17,No,8
PERF0000093,EMP00047,2025-H1,2,4.19,71,34,Yes,15
PERF0000094,EMP00047,2025-H2,3,4.12,92,58,No,5
PERF0000095,EMP00048,2025-H1,2,3.01,92,7,Yes,15
PERF0000096,EMP00048,2025-H2,3,4.29,74,31,No,0
PERF0000097,EMP00049,2025-H1,2,3.58,64,48,No,10
PERF0000098,EMP00049,2025-H2,5,4.27,69,57,No,5
PERF0000099,EMP00050,2025-H1,3,4.48,78,49,Yes,5
PERF0000100,EMP00050,2025-H2,4,4.96,66,37,No,15
PERF0000101,EMP00051,2025-H1,5,4.34,73,11,Yes,10
PERF0000102,EMP00051,2025-H2,4,2.56,89,3,No,8
PERF0000103,EMP00052,2025-H1,5,4.5,67,36,No,8
PERF0000104,EMP00052,2025-H2,3,2.58,85,38,Yes,8
PERF0000105,EMP00053,2025-H1,4,4.68,96,0,Yes,5
PERF0000106,EMP00053,2025-H2,5,4.26,64,24,Yes,15
PERF0000107,EMP00054,2025-H1,3,2.78,87,27,Yes,8
PERF0000108,EMP00054,2025-H2,3,2.54,74,33,No,8
PERF0000109,EMP00055,2025-H1,5,3.44,60,53,No,10
PERF0000110,EMP00055,2025-H2,5,3.33,98,42,No,10
PERF0000111,EMP00056,2025-H1,3,4.99,86,1,No,0
PERF0000112,EMP00056,2025-H2,2,3.93,86,59,Yes,10
PERF0000113,EMP00057,2025-H1,4,3.4,69,7,No,0
PERF0000114,EMP00057,2025-H2,2,3.38,95,49,No,10
PERF0000115,EMP00058,2025-H1,2,3.4,77,18,No,8
PERF0000116,EMP00058,2025-H2,5,2.57,98,53,No,5
PERF0000117,EMP00059,2025-H1,2,4.29,70,18,No,8
PERF0000118,EMP00059,2025-H2,4,4.21,90,1,Yes,0
PERF0000119,EMP00060,2025-H1,4,3.79,83,33,No,10
PERF0000120,EMP00060,2025-H2,4,4.06,91,49,Yes,8
PERF0000121,EMP00061,2025-H1,4,3.69,60,23,No,5
PERF0000122,EMP00061,2025-H2,3,2.85,84,18,Yes,8
PERF0000123,EMP00062,2025-H1,5,3.52,89,15,Yes,12
PERF0000124,EMP00062,2025-H2,3,3.83,79,50,No,12
PERF0000125,EMP00063,2025-H1,2,4.14,60,47,Yes,15
PERF0000126,EMP00063,2025-H2,5,4.27,77,57,No,8
PERF0000127,EMP00064,2025-H1,5,4.34,74,49,Yes,12
PERF0000128,EMP00064,2025-H2,2,3.24,84,53,Yes,8
PERF0000129,EMP00065,2025-H1,3,4.23,63,46,Yes,12
PERF0000130,EMP00065,2025-H2,2,2.79,94,30,Yes,12
PERF0000131,EMP00066,2025-H1,5,3.38,91,16,Yes,0
PERF0000132,EMP00066,2025-H2,3,2.63,83,54,Yes,8
PERF0000133,EMP00067,2025-H1,5,4.43,80,57,No,5
PERF0000134,EMP00067,2025-H2,5,2.72,96,36,Yes,5
PERF0000135,EMP00068,2025-H1,2,4.02,93,2,No,10
PERF0000136,EMP00068,2025-H2,5,4.8,100,27,Yes,15
PERF0000137,EMP00069,2025-H1,3,3.99,85,43,Yes,12
PERF0000138,EMP00069,2025-H2,4,2.76,82,23,No,12
PERF0000139,EMP00070,2025-H1,2,2.86,61,40,Yes,0
PERF0000140,EMP00070,2025-H2,5,4.79,80,36,Yes,8
PERF0000141,EMP00071,2025-H1,3,4.87,73,52,Yes,5
PERF0000142,EMP00071,2025-H2,5,3.81,97,44,No,0
PERF0000143,EMP00072,2025-H1,4,4.02,74,56,Yes,10
PERF0000144,EMP00072,2025-H2,4,2.55,77,56,No,15
PERF0000145,EMP00073,2025-H1,3,3.36,87,55,No,8
PERF0000146,EMP00073,2025-H2,2,4.25,73,22,No,15
PERF0000147,EMP00074,2025-H1,5,4.4,88,50,Yes,0
PERF0000148,EMP00074,2025-H2,2,4.89,72,59,No,8
PERF0000149,EMP00075,2025-H1,5,2.93,90,5,Yes,15
PERF0000150,EMP00075,2025-H2,3,3.02,77,53,Yes,8
PERF0000151,EMP00076,2025-H1,2,3.15,100,42,Yes,0
PERF0000152,EMP00076,2025-H2,5,4.45,64,47,Yes,12
PERF0000153,EMP00077,2025-H1,5,3.14,75,49,No,15
PERF0000154,EMP00077,2025-H2,2,3.6,97,14,No,12
PERF0000155,EMP00078,2025-H1,5,3.56,99,15,No,0
PERF0000156,EMP00078,2025-H2,4,4.07,75,20,No,0
PERF0000157,EMP00079,2025-H1,2,3.76,77,44,No,15
PERF0000158,EMP00079,2025-H2,4,4.59,78,43,No,15
PERF0000159,EMP00080,2025-H1,5,4.49,99,36,No,0
PERF0000160,EMP00080,2025-H2,4,3.72,80,23,Yes,0
PERF0000161,EMP00081,2025-H1,3,4.03,80,12,No,15
PERF0000162,EMP00081,2025-H2,2,3.4,83,17,Yes,12
PERF0000163,EMP00082,2025-H1,4,2.8,90,50,Yes,0
PERF0000164,EMP00082,2025-H2,4,4.83,94,2,Yes,12
PERF0000165,EMP00083,2025-H1,5,3.32,70,5,No,12
PERF0000166,EMP00083,2025-H2,3,2.81,91,9,No,10
PERF0000167,EMP00084,2025-H1,5,2.99,62,22,No,15
PERF0000168,EMP00084,2025-H2,5,4.64,95,57,Yes,10
PERF0000169,EMP00085,2025-H1,5,4.32,95,41,Yes,0
PERF0000170,EMP00085,2025-H2,4,4.52,73,46,No,15
PERF0000171,EMP00086,2025-H1,4,4.17,82,17,No,15
PERF0000172,EMP00086,2025-H2,3,3.89,66,48,No,8
PERF0000173,EMP00087,2025-H1,5,4.86,63,38,Yes,8
PERF0000174,EMP00087,2025-H2,3,4.42,100,13,No,12
PERF0000175,EMP00088,2025-H1,5,2.97,73,22,Yes,8
PERF0000176,EMP00088,2025-H2,3,4.34,99,32,Yes,15
PERF0000177,EMP00089,2025-H1,4,4.11,75,57,Yes,12
PERF0000178,EMP00089,2025-H2,3,2.77,92,12,Yes,0
PERF0000179,EMP00090,2025-H1,5,4.94,84,24,Yes,15
PERF0000180,EMP00090,2025-H2,3,3.29,79,13,Yes,15
PERF0000181,EMP00091,2025-H1,3,4.62,65,54,No,15
PERF0000182,EMP00091,2025-H2,5,4.21,72,12,Yes,10
PERF0000183,EMP00092,2025-H1,2,3.8,99,49,No,10
PERF0000184,EMP00092,2025-H2,5,4.87,71,40,No,10
PERF0000185,EMP00093,2025-H1,4,4.35,84,41,Yes,15
PERF0000186,EMP00093,2025-H2,4,3.34,80,58,No,0
PERF0000187,EMP00094,2025-H1,5,4.24,67,24,Yes,15
PERF0000188,EMP00094,2025-H2,2,4.12,77,19,Yes,8
PERF0000189,EMP00095,2025-H1,3,2.61,82,44,No,15
PERF0000190,EMP00095,2025-H2,3,4.6,71,31,Yes,10
PERF0000191,EMP00096,2025-H1,3,3.85,65,32,No,0
PERF0000192,EMP00096,2025-H2,3,2.98,100,42,No,15
PERF0000193,EMP00097,2025-H1,4,3.44,75,5,Yes,15
PERF0000194,EMP00097,2025-H2,4,2.94,85,32,Yes,15
PERF0000195,EMP00098,2025-H1,3,4.74,96,34,Yes,15
PERF0000196,EMP00098,2025-H2,5,3.36,73,6,Yes,5
PERF0000197,EMP00099,2025-H1,2,2.74,61,47,No,8
PERF0000198,EMP00099,2025-H2,2,3.93,81,51,No,12
PERF0000199,EMP00100,2025-H1,3,4.49,84,37,No,8
PERF0000200,EMP00100,2025-H2,4,4.91,87,37,No,5
PERF0000201,EMP00101,2025-H1,3,3.13,62,12,No,12
PERF0000202,EMP00101,2025-H2,3,2.96,64,28,No,15
PERF0000203,EMP00102,2025-H1,5,4.98,90,44,Yes,5
PERF0000204,EMP00102,2025-H2,4,4.91,88,14,Yes,0
PERF0000205,EMP00103,2025-H1,2,4.08,83,4,Yes,15
PERF0000206,EMP00103,2025-H2,4,3.74,99,30,No,0
PERF0000207,EMP00104,2025-H1,2,2.94,65,6,Yes,0
PERF0000208,EMP00104,2025-H2,2,2.55,85,1,Yes,5
PERF0000209,EMP00105,2025-H1,3,3.72,71,59,No,8
PERF0000210,EMP00105,2025-H2,3,3.77,63,29,No,12
PERF0000211,EMP00106,2025-H1,4,3.38,66,20,No,15
PERF0000212,EMP00106,2025-H2,4,2.68,94,22,No,8
PERF0000213,EMP00107,2025-H1,2,4.71,78,37,No,0
PERF0000214,EMP00107,2025-H2,4,4.88,79,47,No,12
PERF0000215,EMP00108,2025-H1,3,4.47,66,37,No,5
PERF0000216,EMP00108,2025-H2,3,3.87,70,3,Yes,15
PERF0000217,EMP00109,2025-H1,4,3.61,94,56,Yes,10
PERF0000218,EMP00109,2025-H2,2,3.44,83,12,No,12
PERF0000219,EMP00110,2025-H1,2,3.02,67,36,No,12
PERF0000220,EMP00110,2025-H2,3,2.64,93,46,Yes,5
PERF0000221,EMP00111,2025-H1,4,3.51,90,8,Yes,8
PERF0000222,EMP00111,2025-H2,4,4.52,95,19,Yes,5
PERF0000223,EMP00112,2025-H1,3,4.82,63,11,Yes,8
PERF0000224,EMP00112,2025-H2,5,4.9,83,23,No,12
PERF0000225,EMP00113,2025-H1,2,4.45,71,40,Yes,8
PERF0000226,EMP00113,2025-H2,3,3.32,93,45,No,10
PERF0000227,EMP00114,2025-H1,3,2.74,95,22,Yes,5
PERF0000228,EMP00114,2025-H2,5,4.43,90,9,No,12
PERF0000229,EMP00115,2025-H1,2,3.19,92,57,Yes,15
PERF0000230,EMP00115,2025-H2,2,5.0,74,20,Yes,8
PERF0000231,EMP00116,2025-H1,2,4.23,60,37,No,12
PERF0000232,EMP00116,2025-H2,3,4.58,100,10,No,10
PERF0000233,EMP00117,2025-H1,3,3.17,65,13,No,8
PERF0000234,EMP00117,2025-H2,3,4.98,92,17,No,15
PERF0000235,EMP00118,2025-H1,5,2.87,64,36,No,0
PERF0000236,EMP00118,2025-H2,3,3.41,93,11,No,15
PERF0000237,EMP00119,2025-H1,5,3.57,72,1,Yes,8
PERF0000238,EMP00119,2025-H2,3,2.8,92,35,Yes,12
PERF0000239,EMP00120,2025-H1,4,2.68,87,5,No,15
PERF0000240,EMP00120,2025-H2,2,3.26,74,7,No,0
PERF0000241,EMP00121,2025-H1,4,2.93,78,21,Yes,0
PERF0000242,EMP00121,2025-H2,2,4.84,79,28,Yes,10
PERF0000243,EMP00122,2025-H1,3,3.97,64,39,Yes,12
PERF0000244,EMP00122,2025-H2,4,4.06,98,39,No,8
PERF0000245,EMP00123,2025-H1,3,4.19,93,41,No,5
PERF0000246,EMP00123,2025-H2,5,4.25,71,7,No,15
PERF0000247,EMP00124,2025-H1,2,3.83,99,5,No,15
PERF0000248,EMP00124,2025-H2,2,3.5,87,11,No,8
PERF0000249,EMP00125,2025-H1,2,4.26,63,6,Yes,10
PERF0000250,EMP00125,2025-H2,3,4.27,86,14,No,15
PERF0000251,EMP00126,2025-H1,2,3.55,90,21,No,10
PERF0000252,EMP00126,2025-H2,2,3.74,93,47,No,10
PERF0000253,EMP00127,2025-H1,3,4.59,83,57,Yes,8
PERF0000254,EMP00127,2025-H2,4,2.6,77,7,Yes,8
PERF0000255,EMP00128,2025-H1,3,3.26,66,2,No,5
PERF0000256,EMP00128,2025-H2,4,3.68,61,5,Yes,15
PERF0000257,EMP00129,2025-H1,2,3.01,97,23,No,8
PERF0000258,EMP00129,2025-H2,2,3.04,73,2,Yes,12
PERF0000259,EMP00130,2025-H1,4,4.33,100,28,No,8
PERF0000260,EMP00130,2025-H2,4,4.16,79,39,Yes,15
PERF0000261,EMP00131,2025-H1,3,2.86,64,29,Yes,8
PERF0000262,EMP00131,2025-H2,4,4.49,74,4,Yes,10
PERF0000263,EMP00132,2025-H1,2,2.84,82,49,Yes,10
PERF0000264,EMP00132,2025-H2,3,4.79,91,44,Yes,15
PERF0000265,EMP00133,2025-H1,2,3.64,86,7,Yes,10
PERF0000266,EMP00133,2025-H2,4,4.56,85,25,Yes,8
PERF0000267,EMP00134,2025-H1,2,4.56,89,12,Yes,10
PERF0000268,EMP00134,2025-H2,3,4.25,87,16,Yes,0
PERF0000269,EMP00135,2025-H1,3,3.66,87,8,Yes,5
PERF0000270,EMP00135,2025-H2,2,4.68,77,25,Yes,5
PERF0000271,EMP00136,2025-H1,3,4.21,70,40,No,5
PERF0000272,EMP00136,2025-H2,2,3.94,96,37,No,8
PERF0000273,EMP00137,2025-H1,5,4.54,76,55,No,10
PERF0000274,EMP00137,2025-H2,4,2.67,62,23,No,0
PERF0000275,EMP00138,2025-H1,2,3.7,84,2,No,0
PERF0000276,EMP00138,2025-H2,5,2.73,74,22,No,12
PERF0000277,EMP00139,2025-H1,3,4.17,79,51,No,10
PERF0000278,EMP00139,2025-H2,2,3.61,80,4,Yes,15
PERF0000279,EMP00140,2025-H1,5,4.52,81,2,Yes,8
PERF0000280,EMP00140,2025-H2,3,3.27,71,56,No,0
PERF0000281,EMP00141,2025-H1,4,3.45,75,49,Yes,5
PERF0000282,EMP00141,2025-H2,3,4.18,75,14,No,5
PERF0000283,EMP00142,2025-H1,4,3.22,80,0,Yes,8
PERF0000284,EMP00142,2025-H2,2,3.69,99,32,No,0
PERF0000285,EMP00143,2025-H1,3,4.43,85,56,Yes,5
PERF0000286,EMP00143,2025-H2,3,4.78,94,18,No,10
PERF0000287,EMP00144,2025-H1,4,3.31,74,26,No,0
PERF0000288,EMP00144,2025-H2,2,4.96,75,44,Yes,15
PERF0000289,EMP00145,2025-H1,2,4.0,86,11,No,10
PERF0000290,EMP00145,2025-H2,5,2.52,93,34,Yes,5
PERF0000291,EMP00146,2025-H1,5,4.36,100,38,Yes,0
PERF0000292,EMP00146,2025-H2,4,2.84,79,35,Yes,5
PERF0000293,EMP00147,2025-H1,2,3.22,69,59,Yes,5
PERF0000294,EMP00147,2025-H2,3,4.58,78,24,No,15
PERF0000295,EMP00148,2025-H1,3,4.03,63,14,No,5
PERF0000296,EMP00148,2025-H2,2,3.77,89,21,No,5
PERF0000297,EMP00149,2025-H1,5,3.75,68,58,Yes,10
PERF0000298,EMP00149,2025-H2,3,4.19,60,29,No,5
PERF0000299,EMP00150,2025-H1,5,3.25,95,8,Yes,0
PERF0000300,EMP00150,2025-H2,5,3.27,92,12,No,12
PERF0000301,EMP00151,2025-H1,5,3.61,87,16,Yes,0
PERF0000302,EMP00151,2025-H2,4,4.33,68,54,No,15
PERF0000303,EMP00152,2025-H1,4,4.85,99,14,Yes,5
PERF0000304,EMP00152,2025-H2,4,4.28,92,10,No,10
PERF0000305,EMP00153,2025-H1,5,2.66,76,11,Yes,5
PERF0000306,EMP00153,2025-H2,3,4.14,70,59,No,0
PERF0000307,EMP00154,2025-H1,5,2.8,66,10,No,12
PERF0000308,EMP00154,2025-H2,3,2.63,73,47,Yes,0
PERF0000309,EMP00155,2025-H1,5,4.64,88,14,No,15
PERF0000310,EMP00155,2025-H2,4,4.52,83,6,No,12
PERF0000311,EMP00156,2025-H1,4,3.74,93,17,No,0
PERF0000312,EMP00156,2025-H2,2,4.29,84,53,No,12
PERF0000313,EMP00157,2025-H1,4,4.36,98,26,Yes,8
PERF0000314,EMP00157,2025-H2,3,3.56,62,12,No,5
PERF0000315,EMP00158,2025-H1,2,3.14,75,31,Yes,15
PERF0000316,EMP00158,2025-H2,5,4.5,70,4,No,10
PERF0000317,EMP00159,2025-H1,2,4.19,100,7,No,8
PERF0000318,EMP00159,2025-H2,5,3.22,83,17,Yes,10
PERF0000319,EMP00160,2025-H1,2,3.47,75,9,No,10
PERF0000320,EMP00160,2025-H2,2,3.76,88,48,Yes,0
PERF0000321,EMP00161,2025-H1,5,3.87,63,11,No,12
PERF0000322,EMP00161,2025-H2,4,3.19,83,60,Yes,15
PERF0000323,EMP00162,2025-H1,5,4.55,71,46,Yes,0
PERF0000324,EMP00162,2025-H2,4,3.59,69,39,No,15
PERF0000325,EMP00163,2025-H1,3,3.95,68,10,Yes,0
PERF0000326,EMP00163,2025-H2,5,4.27,84,41,No,8
PERF0000327,EMP00164,2025-H1,4,3.71,82,13,No,15
PERF0000328,EMP00164,2025-H2,4,3.34,60,43,No,10
PERF0000329,EMP00165,2025-H1,4,4.62,77,56,Yes,5
PERF0000330,EMP00165,2025-H2,3,4.06,88,43,Yes,0
PERF0000331,EMP00166,2025-H1,2,3.11,89,20,Yes,12
PERF0000332,EMP00166,2025-H2,2,3.46,81,23,Yes,10
PERF0000333,EMP00167,2025-H1,3,4.63,67,41,Yes,5
PERF0000334,EMP00167,2025-H2,3,2.83,78,57,Yes,10
PERF0000335,EMP00168,2025-H1,2,4.96,62,4,No,5
PERF0000336,EMP00168,2025-H2,3,3.25,77,20,Yes,0
PERF0000337,EMP00169,2025-H1,3,4.62,84,1,Yes,5
PERF0000338,EMP00169,2025-H2,4,4.07,71,28,No,5
PERF0000339,EMP00170,2025-H1,4,3.32,67,3,Yes,15
PERF0000340,EMP00170,2025-H2,3,2.58,86,19,No,5
PERF0000341,EMP00171,2025-H1,3,3.88,95,20,No,8
PERF0000342,EMP00171,2025-H2,4,2.64,75,9,Yes,12
PERF0000343,EMP00172,2025-H1,3,3.7,72,9,No,5
PERF0000344,EMP00172,2025-H2,2,4.32,82,1,No,10
PERF0000345,EMP00173,2025-H1,5,3.82,63,17,Yes,8
PERF0000346,EMP00173,2025-H2,4,3.94,90,31,Yes,15
PERF0000347,EMP00174,2025-H1,5,4.52,88,31,Yes,15
PERF0000348,EMP00174,2025-H2,5,3.27,74,5,Yes,8
PERF0000349,EMP00175,2025-H1,3,3.83,67,56,No,12
PERF0000350,EMP00175,2025-H2,5,4.4,73,11,No,15
PERF0000351,EMP00176,2025-H1,3,4.64,88,56,Yes,0
PERF0000352,EMP00176,2025-H2,2,3.23,76,7,Yes,5
PERF0000353,EMP00177,2025-H1,4,3.6,88,22,No,0
PERF0000354,EMP00177,2025-H2,3,3.86,86,36,Yes,5
PERF0000355,EMP00178,2025-H1,3,2.72,72,53,Yes,5
PERF0000356,EMP00178,2025-H2,2,3.84,78,1,Yes,10
PERF0000357,EMP00179,2025-H1,3,3.76,68,45,Yes,8
PERF0000358,EMP00179,2025-H2,5,2.56,85,6,No,8
PERF0000359,EMP00180,2025-H1,3,4.57,66,30,Yes,15
PERF0000360,EMP00180,2025-H2,4,3.26,72,39,Yes,5
PERF0000361,EMP00181,2025-H1,3,2.62,65,0,Yes,0
PERF0000362,EMP00181,2025-H2,2,2.53,89,39,Yes,12
PERF0000363,EMP00182,2025-H1,2,4.33,90,36,Yes,15
PERF0000364,EMP00182,2025-H2,4,4.44,70,42,No,5
PERF0000365,EMP00183,2025-H1,5,4.26,93,49,Yes,5
PERF0000366,EMP00183,2025-H2,4,4.32,76,40,No,0
PERF0000367,EMP00184,2025-H1,5,2.99,89,15,No,8
PERF0000368,EMP00184,2025-H2,4,4.47,70,14,No,15
PERF0000369,EMP00185,2025-H1,3,3.41,90,45,No,8
PERF0000370,EMP00185,2025-H2,3,4.61,64,16,Yes,8
PERF0000371,EMP00186,2025-H1,2,4.93,93,37,No,5
PERF0000372,EMP00186,2025-H2,5,4.88,87,1,No,12
PERF0000373,EMP00187,2025-H1,2,3.28,62,26,Yes,8
PERF0000374,EMP00187,2025-H2,2,3.16,94,41,No,12
PERF0000375,EMP00188,2025-H1,4,3.82,69,9,Yes,10
PERF0000376,EMP00188,2025-H2,4,2.97,61,40,No,12
PERF0000377,EMP00189,2025-H1,2,2.55,71,9,No,10
PERF0000378,EMP00189,2025-H2,5,3.49,68,50,Yes,12
PERF0000379,EMP00190,2025-H1,4,4.86,94,55,No,15
PERF0000380,EMP00190,2025-H2,4,3.71,99,39,Yes,12
PERF0000381,EMP00191,2025-H1,5,3.98,99,30,Yes,5
PERF0000382,EMP00191,2025-H2,2,3.64,100,33,No,12
PERF0000383,EMP00192,2025-H1,4,4.5,95,45,No,12
PERF0000384,EMP00192,2025-H2,2,3.33,80,38,No,12
PERF0000385,EMP00193,2025-H1,3,4.33,80,18,Yes,15
PERF0000386,EMP00193,2025-H2,4,3.32,63,15,Yes,0
PERF0000387,EMP00194,2025-H1,4,4.17,83,35,Yes,12
PERF0000388,EMP00194,2025-H2,3,3.66,80,18,Yes,12
PERF0000389,EMP00195,2025-H1,5,4.38,95,18,Yes,5
PERF0000390,EMP00195,2025-H2,4,4.05,92,31,No,5
PERF0000391,EMP00196,2025-H1,4,4.26,86,49,Yes,5
PERF0000392,EMP00196,2025-H2,2,2.59,89,45,No,0
PERF0000393,EMP00197,2025-H1,5,4.57,89,29,No,5
PERF0000394,EMP00197,2025-H2,3,3.16,71,53,No,5
PERF0000395,EMP00198,2025-H1,5,3.07,81,12,No,12
PERF0000396,EMP00198,2025-H2,4,2.75,97,28,No,12
PERF0000397,EMP00199,2025-H1,2,2.84,69,29,No,12
PERF0000398,EMP00199,2025-H2,4,3.7,85,37,Yes,15
PERF0000399,EMP00200,2025-H1,3,3.97,82,10,No,15
PERF0000400,EMP00200,2025-H2,3,2.62,88,35,No,15
PERF0000401,EMP00201,2025-H1,4,3.25,67,42,Yes,15
PERF0000402,EMP00201,2025-H2,5,4.91,81,36,No,0
PERF0000403,EMP00202,2025-H1,2,2.87,99,2,No,15
PERF0000404,EMP00202,2025-H2,5,3.39,77,8,Yes,0
PERF0000405,EMP00203,2025-H1,4,3.28,61,25,Yes,10
PERF0000406,EMP00203,2025-H2,4,2.93,63,46,Yes,8
PERF0000407,EMP00204,2025-H1,2,2.52,98,10,No,0
PERF0000408,EMP00204,2025-H2,5,4.93,85,46,No,10
PERF0000409,EMP00205,2025-H1,3,2.59,76,40,Yes,8
PERF0000410,EMP00205,2025-H2,5,3.8,97,23,Yes,12
PERF0000411,EMP00206,2025-H1,3,3.65,97,42,Yes,12
PERF0000412,EMP00206,2025-H2,3,3.74,76,31,Yes,12
PERF0000413,EMP00207,2025-H1,4,4.98,71,46,Yes,15
PERF0000414,EMP00207,2025-H2,2,3.44,95,31,No,5
PERF0000415,EMP00208,2025-H1,3,4.03,96,51,Yes,10
PERF0000416,EMP00208,2025-H2,4,3.25,80,38,Yes,0
PERF0000417,EMP00209,2025-H1,5,4.79,63,50,No,12
PERF0000418,EMP00209,2025-H2,2,4.59,100,44,No,10
PERF0000419,EMP00210,2025-H1,2,4.09,70,20,Yes,8
PERF0000420,EMP00210,2025-H2,2,3.99,72,13,No,8
PERF0000421,EMP00211,2025-H1,3,3.23,72,40,No,5
PERF0000422,EMP00211,2025-H2,4,2.65,67,32,No,8
PERF0000423,EMP00212,2025-H1,2,3.36,69,47,No,10
PERF0000424,EMP00212,2025-H2,5,4.15,92,14,No,15
PERF0000425,EMP00213,2025-H1,5,3.15,79,55,No,0
PERF0000426,EMP00213,2025-H2,3,4.54,83,52,Yes,5
PERF0000427,EMP00214,2025-H1,3,3.78,83,48,Yes,12
PERF0000428,EMP00214,2025-H2,5,4.9,94,27,No,12
PERF0000429,EMP00215,2025-H1,2,3.16,86,13,No,12
PERF0000430,EMP00215,2025-H2,2,2.67,95,12,No,15
PERF0000431,EMP00216,2025-H1,3,3.65,83,16,No,15
PERF0000432,EMP00216,2025-H2,5,4.09,73,6,Yes,15
PERF0000433,EMP00217,2025-H1,3,3.59,70,42,No,12
PERF0000434,EMP00217,2025-H2,2,3.73,89,2,Yes,15
PERF0000435,EMP00218,2025-H1,2,3.76,89,34,Yes,5
PERF0000436,EMP00218,2025-H2,4,3.88,70,19,No,10
PERF0000437,EMP00219,2025-H1,4,2.87,91,18,Yes,8
PERF0000438,EMP00219,2025-H2,3,4.68,95,9,No,0
PERF0000439,EMP00220,2025-H1,2,2.61,98,45,No,5
PERF0000440,EMP00220,2025-H2,2,4.07,90,40,No,10
PERF0000441,EMP00221,2025-H1,4,3.1,69,3,No,0
PERF0000442,EMP00221,2025-H2,5,2.95,95,28,Yes,10
PERF0000443,EMP00222,2025-H1,3,3.69,83,23,Yes,10
PERF0000444,EMP00222,2025-H2,5,4.29,61,27,No,12
PERF0000445,EMP00223,2025-H1,2,3.59,82,54,No,15
PERF0000446,EMP00223,2025-H2,4,2.81,72,15,No,12
PERF0000447,EMP00224,2025-H1,3,4.31,85,36,Yes,0
PERF0000448,EMP00224,2025-H2,5,4.65,91,44,Yes,10
PERF0000449,EMP00225,2025-H1,5,4.91,74,6,Yes,12
PERF0000450,EMP00225,2025-H2,2,4.39,71,54,Yes,8
PERF0000451,EMP00226,2025-H1,5,3.48,98,15,Yes,10
PERF0000452,EMP00226,2025-H2,5,3.16,73,26,No,15
PERF0000453,EMP00227,2025-H1,3,4.29,83,31,No,10
PERF0000454,EMP00227,2025-H2,4,4.18,69,15,No,8
PERF0000455,EMP00228,2025-H1,4,3.88,60,25,Yes,15
PERF0000456,EMP00228,2025-H2,4,4.27,98,29,No,10
PERF0000457,EMP00229,2025-H1,3,3.05,100,22,No,12
PERF0000458,EMP00229,2025-H2,3,3.77,85,32,No,5
PERF0000459,EMP00230,2025-H1,4,4.55,95,5,Yes,5
PERF0000460,EMP00230,2025-H2,4,3.81,96,12,No,5
PERF0000461,EMP00231,2025-H1,4,4.22,76,49,No,15
PERF0000462,EMP00231,2025-H2,4,4.77,61,17,Yes,15
PERF0000463,EMP00232,2025-H1,4,4.74,97,2,No,12
PERF0000464,EMP00232,2025-H2,3,3.66,87,45,Yes,10
PERF0000465,EMP00233,2025-H1,5,4.12,75,30,Yes,12
PERF0000466,EMP00233,2025-H2,4,4.22,78,50,No,10
PERF0000467,EMP00234,2025-H1,2,4.86,69,60,No,0
PERF0000468,EMP00234,2025-H2,3,3.78,96,2,No,5
PERF0000469,EMP00235,2025-H1,5,3.86,96,11,Yes,0
PERF0000470,EMP00235,2025-H2,3,2.53,65,59,Yes,0
PERF0000471,EMP00236,2025-H1,3,3.52,78,58,No,10
PERF0000472,EMP00236,2025-H2,2,4.16,97,52,Yes,12
PERF0000473,EMP00237,2025-H1,5,4.84,60,24,Yes,0
PERF0000474,EMP00237,2025-H2,2,2.79,60,33,Yes,0
PERF0000475,EMP00238,2025-H1,4,4.46,74,25,Yes,12
PERF0000476,EMP00238,2025-H2,3,3.96,73,16,No,5
PERF0000477,EMP00239,2025-H1,3,5.0,81,13,No,10
PERF0000478,EMP00239,2025-H2,3,2.83,99,25,Yes,0
PERF0000479,EMP00240,2025-H1,3,2.66,83,48,Yes,12
PERF0000480,EMP00240,2025-H2,5,2.59,80,51,No,10
PERF0000481,EMP00241,2025-H1,4,2.59,70,3,Yes,10
PERF0000482,EMP00241,2025-H2,3,3.35,73,57,No,0
PERF0000483,EMP00242,2025-H1,5,2.6,69,59,Yes,0
PERF0000484,EMP00242,2025-H2,3,4.56,93,2,Yes,5
PERF0000485,EMP00243,2025-H1,5,2.98,92,44,No,10
PERF0000486,EMP00243,2025-H2,2,3.57,95,35,No,0
PERF0000487,EMP00244,2025-H1,3,2.61,90,40,No,5
PERF0000488,EMP00244,2025-H2,4,4.81,95,29,Yes,5
PERF0000489,EMP00245,2025-H1,4,3.01,87,39,No,15
PERF0000490,EMP00245,2025-H2,2,3.41,75,29,Yes,10
PERF0000491,EMP00246,2025-H1,2,4.41,98,59,Yes,8
PERF0000492,EMP00246,2025-H2,2,4.47,77,15,No,12
PERF0000493,EMP00247,2025-H1,4,2.79,97,14,No,15
PERF0000494,EMP00247,2025-H2,3,2.79,100,0,Yes,5
PERF0000495,EMP00248,2025-H1,3,3.41,62,49,No,5
PERF0000496,EMP00248,2025-H2,4,2.89,82,28,No,5
PERF0000497,EMP00249,2025-H1,3,4.13,63,23,No,5
PERF0000498,EMP00249,2025-H2,4,4.06,82,5,No,0
PERF0000499,EMP00250,2025-H1,4,4.58,71,14,Yes,5
PERF0000500,EMP00250,2025-H2,3,3.34,69,30,Yes,0
PERF0000501,EMP00251,2025-H1,5,3.77,75,32,No,8
PERF0000502,EMP00251,2025-H2,3,4.56,83,2,No,0
PERF0000503,EMP00252,2025-H1,4,4.34,85,55,No,0
PERF0000504,EMP00252,2025-H2,2,3.32,78,26,Yes,12
PERF0000505,EMP00253,2025-H1,3,3.78,72,14,Yes,12
PERF0000506,EMP00253,2025-H2,5,3.48,96,52,No,0
PERF0000507,EMP00254,2025-H1,4,2.76,87,52,No,15
PERF0000508,EMP00254,2025-H2,5,3.86,82,60,No,8
PERF0000509,EMP00255,2025-H1,2,2.55,66,9,Yes,8
PERF0000510,EMP00255,2025-H2,2,3.35,79,50,Yes,0
PERF0000511,EMP00256,2025-H1,3,4.32,77,54,Yes,10
PERF0000512,EMP00256,2025-H2,4,4.96,99,31,No,8
PERF0000513,EMP00257,2025-H1,5,4.91,84,56,No,10
PERF0000514,EMP00257,2025-H2,3,4.95,72,36,No,12
PERF0000515,EMP00258,2025-H1,3,4.95,72,5,No,12
PERF0000516,EMP00258,2025-H2,3,4.69,63,1,No,8
PERF0000517,EMP00259,2025-H1,5,3.84,74,50,No,12
PERF0000518,EMP00259,2025-H2,4,4.47,89,9,Yes,8
PERF0000519,EMP00260,2025-H1,2,4.3,64,42,Yes,8
PERF0000520,EMP00260,2025-H2,3,2.52,69,22,Yes,12
PERF0000521,EMP00261,2025-H1,4,4.83,84,35,Yes,8
PERF0000522,EMP00261,2025-H2,3,4.87,71,4,Yes,8
PERF0000523,EMP00262,2025-H1,4,3.53,63,8,Yes,15
PERF0000524,EMP00262,2025-H2,2,2.73,63,50,No,8
PERF0000525,EMP00263,2025-H1,5,2.53,69,60,Yes,8
PERF0000526,EMP00263,2025-H2,5,2.7,72,54,No,8
PERF0000527,EMP00264,2025-H1,5,4.84,94,60,No,12
PERF0000528,EMP00264,2025-H2,2,3.41,100,22,No,10
PERF0000529,EMP00265,2025-H1,5,4.15,88,58,Yes,8
PERF0000530,EMP00265,2025-H2,2,4.41,87,21,No,15
PERF0000531,EMP00266,2025-H1,4,3.42,66,29,No,10
PERF0000532,EMP00266,2025-H2,4,4.17,86,33,No,15
PERF0000533,EMP00267,2025-H1,3,3.22,67,17,No,10
PERF0000534,EMP00267,2025-H2,5,3.11,65,51,No,12
PERF0000535,EMP00268,2025-H1,4,3.17,79,2,No,10
PERF0000536,EMP00268,2025-H2,4,3.03,88,20,No,5
PERF0000537,EMP00269,2025-H1,5,3.08,62,23,Yes,15
PERF0000538,EMP00269,2025-H2,5,4.28,93,52,No,15
PERF0000539,EMP00270,2025-H1,5,3.87,77,23,No,8
PERF0000540,EMP00270,2025-H2,4,4.65,69,12,No,8
PERF0000541,EMP00271,2025-H1,2,4.06,76,25,No,10
PERF0000542,EMP00271,2025-H2,5,3.32,65,54,Yes,15
PERF0000543,EMP00272,2025-H1,3,4.09,60,45,Yes,15
PERF0000544,EMP00272,2025-H2,4,2.9,64,1,Yes,8
PERF0000545,EMP00273,2025-H1,4,3.35,99,13,No,12
PERF0000546,EMP00273,2025-H2,3,4.64,78,14,Yes,0
PERF0000547,EMP00274,2025-H1,4,2.56,98,17,No,15
PERF0000548,EMP00274,2025-H2,3,2.8,95,3,No,12
PERF0000549,EMP00275,2025-H1,2,3.7,87,23,No,12
PERF0000550,EMP00275,2025-H2,3,3.75,80,57,No,0
PERF0000551,EMP00276,2025-H1,3,3.53,69,27,Yes,5
PERF0000552,EMP00276,2025-H2,3,4.74,60,53,No,12
PERF0000553,EMP00277,2025-H1,4,4.29,70,2,Yes,0
PERF0000554,EMP00277,2025-H2,4,4.09,67,2,Yes,5
PERF0000555,EMP00278,2025-H1,5,4.93,69,55,Yes,8
PERF0000556,EMP00278,2025-H2,3,2.63,96,60,Yes,15
PERF0000557,EMP00279,2025-H1,3,3.01,88,2,Yes,0
PERF0000558,EMP00279,2025-H2,5,4.78,82,53,Yes,8
PERF0000559,EMP00280,2025-H1,3,4.86,99,22,Yes,8
PERF0000560,EMP00280,2025-H2,3,2.98,74,5,Yes,5
PERF0000561,EMP00281,2025-H1,2,2.55,67,18,No,10
PERF0000562,EMP00281,2025-H2,5,4.31,88,22,No,8
PERF0000563,EMP00282,2025-H1,5,4.98,85,4,No,12
PERF0000564,EMP00282,2025-H2,2,3.73,94,44,No,10
PERF0000565,EMP00283,2025-H1,5,3.2,63,46,Yes,15
PERF0000566,EMP00283,2025-H2,2,3.09,93,13,No,5
PERF0000567,EMP00284,2025-H1,4,4.72,89,51,Yes,15
PERF0000568,EMP00284,2025-H2,4,4.64,61,41,Yes,15
PERF0000569,EMP00285,2025-H1,2,4.96,73,44,Yes,15
PERF0000570,EMP00285,2025-H2,2,3.6,80,1,Yes,10
PERF0000571,EMP00286,2025-H1,4,3.91,71,10,No,12
PERF0000572,EMP00286,2025-H2,3,3.08,74,14,Yes,12
PERF0000573,EMP00287,2025-H1,2,3.98,92,55,Yes,5
PERF0000574,EMP00287,2025-H2,3,4.5,87,60,No,0
PERF0000575,EMP00288,2025-H1,5,4.68,88,42,Yes,12
PERF0000576,EMP00288,2025-H2,5,3.99,67,38,Yes,5
PERF0000577,EMP00289,2025-H1,3,3.56,100,9,Yes,0
PERF0000578,EMP00289,2025-H2,4,3.27,86,30,Yes,12
PERF0000579,EMP00290,2025-H1,5,3.87,83,38,No,10
PERF0000580,EMP00290,2025-H2,3,3.58,67,23,Yes,15
PERF0000581,EMP00291,2025-H1,5,4.44,74,32,No,5
PERF0000582,EMP00291,2025-H2,5,4.22,84,10,No,8
PERF0000583,EMP00292,2025-H1,4,3.37,92,45,No,10
PERF0000584,EMP00292,2025-H2,5,3.65,78,30,No,5
PERF0000585,EMP00293,2025-H1,4,3.79,84,31,No,5
PERF0000586,EMP00293,2025-H2,3,3.04,71,28,No,8
PERF0000587,EMP00294,2025-H1,4,4.53,91,40,Yes,15
PERF0000588,EMP00294,2025-H2,2,2.9,84,9,Yes,0
PERF0000589,EMP00295,2025-H1,5,4.32,87,21,No,5
PERF0000590,EMP00295,2025-H2,4,3.03,75,51,No,10
PERF0000591,EMP00296,2025-H1,3,3.34,61,43,Yes,8
PERF0000592,EMP00296,2025-H2,3,3.84,84,0,Yes,12
PERF0000593,EMP00297,2025-H1,5,3.04,92,25,Yes,0
PERF0000594,EMP00297,2025-H2,4,3.17,89,0,No,15
PERF0000595,EMP00298,2025-H1,4,3.0,84,33,Yes,8
PERF0000596,EMP00298,2025-H2,3,4.68,81,52,Yes,12
PERF0000597,EMP00299,2025-H1,3,4.79,92,2,Yes,12
PERF0000598,EMP00299,2025-H2,2,3.56,80,53,Yes,0
PERF0000599,EMP00300,2025-H1,4,2.52,83,54,Yes,12
PERF0000600,EMP00300,2025-H2,3,4.35,87,47,Yes,15
PERF0000601,EMP00301,2025-H1,2,2.95,89,52,Yes,5
PERF0000602,EMP00301,2025-H2,4,4.52,72,35,Yes,0
PERF0000603,EMP00302,2025-H1,5,3.6,61,52,No,5
PERF0000604,EMP00302,2025-H2,5,2.66,100,2,Yes,5
PERF0000605,EMP00303,2025-H1,4,4.22,70,13,No,0
PERF0000606,EMP00303,2025-H2,5,3.62,89,6,Yes,5
PERF0000607,EMP00304,2025-H1,5,4.11,80,46,Yes,12
PERF0000608,EMP00304,2025-H2,2,4.35,88,17,No,10
PERF0000609,EMP00305,2025-H1,4,2.99,69,25,No,0
PERF0000610,EMP00305,2025-H2,3,3.01,69,4,Yes,5
PERF0000611,EMP00306,2025-H1,3,3.17,76,53,No,12
PERF0000612,EMP00306,2025-H2,4,3.58,80,57,Yes,5
PERF0000613,EMP00307,2025-H1,2,4.87,74,36,No,12
PERF0000614,EMP00307,2025-H2,5,3.67,91,34,No,5
PERF0000615,EMP00308,2025-H1,5,4.9,87,37,No,12
PERF0000616,EMP00308,2025-H2,5,2.62,92,18,Yes,0
PERF0000617,EMP00309,2025-H1,4,2.83,96,27,Yes,0
PERF0000618,EMP00309,2025-H2,4,3.84,64,44,Yes,10
PERF0000619,EMP00310,2025-H1,2,3.56,81,35,No,10
PERF0000620,EMP00310,2025-H2,3,3.95,84,32,Yes,15
PERF0000621,EMP00311,2025-H1,2,3.73,75,58,No,8
PERF0000622,EMP00311,2025-H2,5,4.12,65,27,Yes,12
PERF0000623,EMP00312,2025-H1,3,3.96,96,2,No,8
PERF0000624,EMP00312,2025-H2,4,3.0,88,25,No,12
PERF0000625,EMP00313,2025-H1,5,3.46,63,24,Yes,12
PERF0000626,EMP00313,2025-H2,3,3.66,63,18,Yes,15
PERF0000627,EMP00314,2025-H1,4,4.96,94,13,No,8
PERF0000628,EMP00314,2025-H2,5,3.89,62,42,Yes,8
PERF0000629,EMP00315,2025-H1,3,2.8,91,15,Yes,8
PERF0000630,EMP00315,2025-H2,3,4.96,85,45,Yes,5
PERF0000631,EMP00316,2025-H1,3,2.58,93,38,No,5
PERF0000632,EMP00316,2025-H2,4,4.33,65,18,Yes,8
PERF0000633,EMP00317,2025-H1,2,4.92,64,36,Yes,10
PERF0000634,EMP00317,2025-H2,3,2.79,65,57,Yes,8
PERF0000635,EMP00318,2025-H1,5,3.13,76,29,Yes,5
PERF0000636,EMP00318,2025-H2,4,2.97,83,8,No,8
PERF0000637,EMP00319,2025-H1,3,4.58,81,36,No,10
PERF0000638,EMP00319,2025-H2,4,4.67,92,3,No,10
PERF0000639,EMP00320,2025-H1,3,3.32,97,56,Yes,15
PERF0000640,EMP00320,2025-H2,5,4.88,80,38,No,10
PERF0000641,EMP00321,2025-H1,4,4.5,97,14,No,8
PERF0000642,EMP00321,2025-H2,2,2.61,87,44,Yes,10
PERF0000643,EMP00322,2025-H1,4,4.21,90,2,No,0
PERF0000644,EMP00322,2025-H2,4,3.34,72,44,No,5
PERF0000645,EMP00323,2025-H1,2,3.05,95,8,No,5
PERF0000646,EMP00323,2025-H2,2,3.9,95,18,No,12
PERF0000647,EMP00324,2025-H1,2,4.1,84,50,No,5
PERF0000648,EMP00324,2025-H2,2,4.18,94,13,Yes,8
PERF0000649,EMP00325,2025-H1,2,4.1,91,24,No,15
PERF0000650,EMP00325,2025-H2,2,2.76,87,5,Yes,8
PERF0000651,EMP00326,2025-H1,5,3.72,71,53,Yes,15
PERF0000652,EMP00326,2025-H2,3,4.05,90,10,Yes,8
PERF0000653,EMP00327,2025-H1,5,3.07,93,7,No,8
PERF0000654,EMP00327,2025-H2,3,4.69,92,2,No,15
PERF0000655,EMP00328,2025-H1,5,3.61,79,56,No,5
PERF0000656,EMP00328,2025-H2,3,3.49,96,10,Yes,0
PERF0000657,EMP00329,2025-H1,3,3.11,69,37,No,12
PERF0000658,EMP00329,2025-H2,2,3.12,87,3,No,5
PERF0000659,EMP00330,2025-H1,4,3.94,76,7,No,0
PERF0000660,EMP00330,2025-H2,4,3.1,69,47,Yes,15
PERF0000661,EMP00331,2025-H1,5,2.89,66,47,No,8
PERF0000662,EMP00331,2025-H2,3,2.55,94,45,No,12
PERF0000663,EMP00332,2025-H1,5,2.53,70,24,No,5
PERF0000664,EMP00332,2025-H2,2,4.36,73,0,No,15
PERF0000665,EMP00333,2025-H1,4,2.87,90,56,No,5
PERF0000666,EMP00333,2025-H2,3,4.39,89,28,No,10
PERF0000667,EMP00334,2025-H1,5,4.62,86,2,Yes,10
PERF0000668,EMP00334,2025-H2,5,3.52,75,25,Yes,15
PERF0000669,EMP00335,2025-H1,2,3.35,94,21,No,15
PERF0000670,EMP00335,2025-H2,4,3.22,73,48,No,10
PERF0000671,EMP00336,2025-H1,3,3.08,86,1,No,8
PERF0000672,EMP00336,2025-H2,2,3.01,76,22,Yes,12
PERF0000673,EMP00337,2025-H1,5,3.91,99,47,No,5
PERF0000674,EMP00337,2025-H2,4,2.59,62,27,No,0
PERF0000675,EMP00338,2025-H1,2,4.0,71,31,No,0
PERF0000676,EMP00338,2025-H2,2,4.76,96,4,No,10
PERF0000677,EMP00339,2025-H1,3,4.39,80,25,No,5
PERF0000678,EMP00339,2025-H2,4,3.37,97,46,Yes,5
PERF0000679,EMP00340,2025-H1,2,3.43,79,39,No,5
PERF0000680,EMP00340,2025-H2,2,3.53,91,51,Yes,10
PERF0000681,EMP00341,2025-H1,5,4.63,84,59,Yes,5
PERF0000682,EMP00341,2025-H2,2,4.69,89,18,Yes,10
PERF0000683,EMP00342,2025-H1,2,3.8,98,42,No,8
PERF0000684,EMP00342,2025-H2,2,2.82,94,39,No,15
PERF0000685,EMP00343,2025-H1,2,4.61,75,46,No,5
PERF0000686,EMP00343,2025-H2,2,4.48,66,42,No,8
PERF0000687,EMP00344,2025-H1,4,4.46,62,55,No,8
PERF0000688,EMP00344,2025-H2,4,4.16,95,20,No,12
PERF0000689,EMP00345,2025-H1,2,3.63,66,41,Yes,12
PERF0000690,EMP00345,2025-H2,2,3.18,67,34,Yes,0
PERF0000691,EMP00346,2025-H1,3,4.69,97,9,Yes,10
PERF0000692,EMP00346,2025-H2,3,3.22,77,53,No,15
PERF0000693,EMP00347,2025-H1,5,3.65,73,31,No,15
PERF0000694,EMP00347,2025-H2,4,4.95,91,9,No,0
PERF0000695,EMP00348,2025-H1,5,3.44,79,57,No,12
PERF0000696,EMP00348,2025-H2,4,4.58,92,32,Yes,8
PERF0000697,EMP00349,2025-H1,2,3.51,69,6,Yes,5
PERF0000698,EMP00349,2025-H2,2,2.62,89,30,No,0
PERF0000699,EMP00350,2025-H1,5,3.79,61,1,Yes,5
PERF0000700,EMP00350,2025-H2,2,4.43,77,14,Yes,0
PERF0000701,EMP00351,2025-H1,4,3.07,68,42,No,10
PERF0000702,EMP00351,2025-H2,5,4.55,66,8,Yes,15
PERF0000703,EMP00352,2025-H1,4,3.53,89,0,Yes,8
PERF0000704,EMP00352,2025-H2,3,3.95,95,18,Yes,12
PERF0000705,EMP00353,2025-H1,4,4.5,71,0,No,5
PERF0000706,EMP00353,2025-H2,5,3.32,79,1,No,12
PERF0000707,EMP00354,2025-H1,4,3.41,91,5,No,0
PERF0000708,EMP00354,2025-H2,5,3.09,64,1,No,15
PERF0000709,EMP00355,2025-H1,3,4.16,74,25,Yes,5
PERF0000710,EMP00355,2025-H2,2,4.62,87,5,Yes,15
PERF0000711,EMP00356,2025-H1,4,4.24,73,4,Yes,15
PERF0000712,EMP00356,2025-H2,3,4.8,81,9,No,15
PERF0000713,EMP00357,2025-H1,3,3.17,96,4,Yes,12
PERF0000714,EMP00357,2025-H2,5,4.3,84,49,No,10
PERF0000715,EMP00358,2025-H1,5,4.81,75,3,No,12
PERF0000716,EMP00358,2025-H2,5,3.5,93,59,Yes,12
PERF0000717,EMP00359,2025-H1,4,2.71,63,15,No,10
PERF0000718,EMP00359,2025-H2,3,4.67,65,57,Yes,15
PERF0000719,EMP00360,2025-H1,4,3.85,77,11,No,12
PERF0000720,EMP00360,2025-H2,2,2.53,96,29,No,12
PERF0000721,EMP00361,2025-H1,5,4.21,73,27,Yes,8
PERF0000722,EMP00361,2025-H2,2,2.96,95,14,No,8
PERF0000723,EMP00362,2025-H1,3,3.04,71,14,Yes,15
PERF0000724,EMP00362,2025-H2,4,3.92,98,9,Yes,12
PERF0000725,EMP00363,2025-H1,3,3.47,95,39,Yes,10
PERF0000726,EMP00363,2025-H2,5,3.1,69,43,Yes,8
PERF0000727,EMP00364,2025-H1,2,4.18,65,58,No,12
PERF0000728,EMP00364,2025-H2,5,3.05,93,23,Yes,12
PERF0000729,EMP00365,2025-H1,5,2.97,67,48,No,15
PERF0000730,EMP00365,2025-H2,4,3.88,82,57,No,10
PERF0000731,EMP00366,2025-H1,4,3.76,77,5,Yes,8
PERF0000732,EMP00366,2025-H2,4,3.69,83,32,No,15
PERF0000733,EMP00367,2025-H1,4,2.95,99,16,Yes,5
PERF0000734,EMP00367,2025-H2,3,3.86,66,45,No,0
PERF0000735,EMP00368,2025-H1,3,3.02,67,29,Yes,5
PERF0000736,EMP00368,2025-H2,4,2.83,81,45,No,10
PERF0000737,EMP00369,2025-H1,3,4.31,75,26,No,15
PERF0000738,EMP00369,2025-H2,5,4.46,93,25,No,10
PERF0000739,EMP00370,2025-H1,2,4.66,91,30,No,15
PERF0000740,EMP00370,2025-H2,3,4.35,75,23,No,5
PERF0000741,EMP00371,2025-H1,4,4.48,91,29,No,8
PERF0000742,EMP00371,2025-H2,5,3.69,97,36,No,0
PERF0000743,EMP00372,2025-H1,5,2.92,66,59,Yes,10
PERF0000744,EMP00372,2025-H2,2,4.55,80,50,Yes,12
PERF0000745,EMP00373,2025-H1,5,4.77,81,32,No,10
PERF0000746,EMP00373,2025-H2,3,3.68,66,59,No,5
PERF0000747,EMP00374,2025-H1,3,3.44,77,44,Yes,12
PERF0000748,EMP00374,2025-H2,5,3.85,97,11,No,5
PERF0000749,EMP00375,2025-H1,5,2.83,96,48,No,5
PERF0000750,EMP00375,2025-H2,5,3.1,60,0,Yes,10
PERF0000751,EMP00376,2025-H1,2,3.59,78,49,No,10
PERF0000752,EMP00376,2025-H2,5,4.37,65,11,Yes,12
PERF0000753,EMP00377,2025-H1,3,2.94,97,47,Yes,8
PERF0000754,EMP00377,2025-H2,3,2.58,68,5,No,5
PERF0000755,EMP00378,2025-H1,5,4.73,76,23,Yes,12
PERF0000756,EMP00378,2025-H2,4,4.13,67,23,Yes,0
PERF0000757,EMP00379,2025-H1,2,4.95,88,39,No,0
PERF0000758,EMP00379,2025-H2,4,2.56,91,52,No,12
PERF0000759,EMP00380,2025-H1,4,2.57,93,28,No,0
PERF0000760,EMP00380,2025-H2,2,3.23,67,2,No,15
PERF0000761,EMP00381,2025-H1,2,4.84,86,10,No,12
PERF0000762,EMP00381,2025-H2,3,3.36,72,44,Yes,12
PERF0000763,EMP00382,2025-H1,2,3.79,95,42,Yes,12
PERF0000764,EMP00382,2025-H2,5,4.74,68,59,No,15
PERF0000765,EMP00383,2025-H1,3,3.06,88,50,No,5
PERF0000766,EMP00383,2025-H2,5,4.24,86,38,No,0
PERF0000767,EMP00384,2025-H1,3,4.54,74,22,No,8
PERF0000768,EMP00384,2025-H2,3,2.84,97,51,No,5
PERF0000769,EMP00385,2025-H1,2,2.78,97,15,No,5
PERF0000770,EMP00385,2025-H2,3,3.29,90,11,Yes,5
PERF0000771,EMP00386,2025-H1,5,3.66,63,32,Yes,12
PERF0000772,EMP00386,2025-H2,5,3.31,100,20,No,15
PERF0000773,EMP00387,2025-H1,5,3.3,90,30,Yes,8
PERF0000774,EMP00387,2025-H2,4,3.85,83,11,No,15
PERF0000775,EMP00388,2025-H1,5,4.83,94,41,No,15
PERF0000776,EMP00388,2025-H2,5,4.02,62,31,Yes,8
PERF0000777,EMP00389,2025-H1,3,4.54,78,19,Yes,0
PERF0000778,EMP00389,2025-H2,4,3.91,83,28,Yes,0
PERF0000779,EMP00390,2025-H1,4,2.97,97,22,No,5
PERF0000780,EMP00390,2025-H2,5,4.48,79,10,No,15
PERF0000781,EMP00391,2025-H1,3,3.99,96,59,No,5
PERF0000782,EMP00391,2025-H2,4,3.63,72,57,Yes,0
PERF0000783,EMP00392,2025-H1,4,4.63,74,8,Yes,10
PERF0000784,EMP00392,2025-H2,5,4.0,73,5,Yes,15
PERF0000785,EMP00393,2025-H1,5,3.71,72,41,No,8
PERF0000786,EMP00393,2025-H2,4,2.98,85,10,Yes,0
PERF0000787,EMP00394,2025-H1,2,3.87,97,50,No,5
PERF0000788,EMP00394,2025-H2,4,3.79,63,45,Yes,10
PERF0000789,EMP00395,2025-H1,4,3.57,93,40,No,5
PERF0000790,EMP00395,2025-H2,5,2.7,60,26,No,10
PERF0000791,EMP00396,2025-H1,4,2.6,97,42,No,15
PERF0000792,EMP00396,2025-H2,3,3.94,83,55,Yes,0
PERF0000793,EMP00397,2025-H1,5,3.97,84,16,Yes,15
PERF0000794,EMP00397,2025-H2,4,4.55,88,38,Yes,8
PERF0000795,EMP00398,2025-H1,3,3.27,90,59,Yes,15
PERF0000796,EMP00398,2025-H2,3,4.62,71,12,No,8
PERF0000797,EMP00399,2025-H1,4,3.23,94,26,No,5
PERF0000798,EMP00399,2025-H2,5,3.1,88,11,Yes,15
PERF0000799,EMP00400,2025-H1,4,3.18,99,24,No,12
PERF0000800,EMP00400,2025-H2,2,2.83,100,25,No,8
PERF0000801,EMP00401,2025-H1,5,4.84,100,35,No,5
PERF0000802,EMP00401,2025-H2,3,4.49,87,56,Yes,10
PERF0000803,EMP00402,2025-H1,4,2.56,97,40,No,8
PERF0000804,EMP00402,2025-H2,5,2.63,70,40,No,5
PERF0000805,EMP00403,2025-H1,4,4.43,89,20,Yes,15
PERF0000806,EMP00403,2025-H2,4,3.15,98,1,Yes,5
PERF0000807,EMP00404,2025-H1,5,2.77,69,36,Yes,10
PERF0000808,EMP00404,2025-H2,2,3.12,62,22,No,10
PERF0000809,EMP00405,2025-H1,3,3.44,76,4,Yes,10
PERF0000810,EMP00405,2025-H2,2,3.52,90,38,No,15
PERF0000811,EMP00406,2025-H1,2,2.53,66,42,No,12
PERF0000812,EMP00406,2025-H2,3,4.15,71,57,No,15
PERF0000813,EMP00407,2025-H1,5,2.76,81,58,Yes,15
PERF0000814,EMP00407,2025-H2,3,3.18,93,27,Yes,15
PERF0000815,EMP00408,2025-H1,3,3.89,88,48,No,10
PERF0000816,EMP00408,2025-H2,4,3.42,90,38,Yes,8
PERF0000817,EMP00409,2025-H1,2,2.85,88,46,Yes,15
PERF0000818,EMP00409,2025-H2,2,3.38,70,50,Yes,10
PERF0000819,EMP00410,2025-H1,3,4.47,94,44,No,5
PERF0000820,EMP00410,2025-H2,5,4.68,61,25,Yes,0
PERF0000821,EMP00411,2025-H1,5,4.48,66,10,Yes,0
PERF0000822,EMP00411,2025-H2,3,3.98,68,7,Yes,0
PERF0000823,EMP00412,2025-H1,4,3.94,85,12,No,0
PERF0000824,EMP00412,2025-H2,2,4.68,91,25,No,12
PERF0000825,EMP00413,2025-H1,5,4.57,76,44,Yes,15
PERF0000826,EMP00413,2025-H2,5,3.55,84,47,No,10
PERF0000827,EMP00414,2025-H1,3,4.37,71,13,Yes,5
PERF0000828,EMP00414,2025-H2,4,3.13,78,37,Yes,15
PERF0000829,EMP00415,2025-H1,3,3.75,97,17,No,8
PERF0000830,EMP00415,2025-H2,4,3.08,83,6,No,5
PERF0000831,EMP00416,2025-H1,5,4.05,91,5,No,15
PERF0000832,EMP00416,2025-H2,3,2.98,83,21,No,8
PERF0000833,EMP00417,2025-H1,4,2.51,61,13,Yes,0
PERF0000834,EMP00417,2025-H2,2,2.82,87,16,Yes,0
PERF0000835,EMP00418,2025-H1,3,3.65,72,38,Yes,12
PERF0000836,EMP00418,2025-H2,3,4.97,75,50,No,12
PERF0000837,EMP00419,2025-H1,2,4.48,84,47,No,10
PERF0000838,EMP00419,2025-H2,2,3.53,79,27,Yes,12
PERF0000839,EMP00420,2025-H1,4,2.65,96,50,No,5
PERF0000840,EMP00420,2025-H2,5,2.61,60,48,No,8
PERF0000841,EMP00421,2025-H1,2,2.52,97,39,Yes,12
PERF0000842,EMP00421,2025-H2,2,4.45,81,52,No,5
PERF0000843,EMP00422,2025-H1,3,4.61,78,48,No,8
PERF0000844,EMP00422,2025-H2,3,3.64,77,55,No,10
PERF0000845,EMP00423,2025-H1,4,3.44,65,41,No,12
PERF0000846,EMP00423,2025-H2,5,4.08,77,44,Yes,10
PERF0000847,EMP00424,2025-H1,2,4.17,61,25,No,8
PERF0000848,EMP00424,2025-H2,3,2.56,92,35,Yes,15
PERF0000849,EMP00425,2025-H1,5,4.05,63,44,Yes,15
PERF0000850,EMP00425,2025-H2,2,2.77,61,8,Yes,0
PERF0000851,EMP00426,2025-H1,4,3.8,94,3,Yes,0
PERF0000852,EMP00426,2025-H2,5,4.23,81,39,Yes,12
PERF0000853,EMP00427,2025-H1,3,3.88,72,60,Yes,15
PERF0000854,EMP00427,2025-H2,5,4.82,65,28,No,5
PERF0000855,EMP00428,2025-H1,4,2.84,61,20,No,5
PERF0000856,EMP00428,2025-H2,5,3.5,62,29,No,12
PERF0000857,EMP00429,2025-H1,5,3.94,72,34,Yes,15
PERF0000858,EMP00429,2025-H2,4,2.6,82,19,No,10
PERF0000859,EMP00430,2025-H1,5,4.77,95,20,No,5
PERF0000860,EMP00430,2025-H2,2,4.57,98,56,Yes,5
PERF0000861,EMP00431,2025-H1,3,4.77,63,14,Yes,12
PERF0000862,EMP00431,2025-H2,4,3.47,91,31,No,5
PERF0000863,EMP00432,2025-H1,5,4.84,62,54,Yes,15
PERF0000864,EMP00432,2025-H2,3,3.88,99,57,Yes,15
PERF0000865,EMP00433,2025-H1,5,4.12,68,26,Yes,8
PERF0000866,EMP00433,2025-H2,2,2.8,99,18,No,10
PERF0000867,EMP00434,2025-H1,5,4.85,63,47,Yes,12
PERF0000868,EMP00434,2025-H2,4,3.85,100,33,Yes,10
PERF0000869,EMP00435,2025-H1,5,4.54,73,38,No,12
PERF0000870,EMP00435,2025-H2,4,3.74,80,18,No,8
PERF0000871,EMP00436,2025-H1,3,3.06,79,21,Yes,12
PERF0000872,EMP00436,2025-H2,4,2.69,73,53,Yes,5
PERF0000873,EMP00437,2025-H1,3,2.97,73,27,No,5
PERF0000874,EMP00437,2025-H2,4,4.87,88,12,No,0
PERF0000875,EMP00438,2025-H1,2,3.26,73,35,No,10
PERF0000876,EMP00438,2025-H2,4,4.57,80,47,Yes,5
PERF0000877,EMP00439,2025-H1,5,3.35,81,48,No,12
PERF0000878,EMP00439,2025-H2,3,4.48,61,27,Yes,0
PERF0000879,EMP00440,2025-H1,5,4.99,71,42,No,12
PERF0000880,EMP00440,2025-H2,4,4.46,96,11,Yes,5
PERF0000881,EMP00441,2025-H1,5,4.83,62,33,No,15
PERF0000882,EMP00441,2025-H2,5,4.42,73,1,No,0
PERF0000883,EMP00442,2025-H1,3,4.37,73,38,Yes,12
PERF0000884,EMP00442,2025-H2,2,3.36,93,12,No,12
PERF0000885,EMP00443,2025-H1,5,3.24,90,41,No,8
PERF0000886,EMP00443,2025-H2,5,3.81,63,35,Yes,12
PERF0000887,EMP00444,2025-H1,2,3.91,67,31,Yes,10
PERF0000888,EMP00444,2025-H2,3,2.79,79,37,Yes,10
PERF0000889,EMP00445,2025-H1,4,3.06,74,9,No,5
PERF0000890,EMP00445,2025-H2,5,4.69,70,9,No,0
PERF0000891,EMP00446,2025-H1,4,4.93,99,18,No,8
PERF0000892,EMP00446,2025-H2,5,2.96,92,16,No,0
PERF0000893,EMP00447,2025-H1,5,4.83,99,54,Yes,10
PERF0000894,EMP00447,2025-H2,3,3.13,70,41,No,12
PERF0000895,EMP00448,2025-H1,3,3.46,66,2,Yes,5
PERF0000896,EMP00448,2025-H2,5,4.25,73,6,No,10
PERF0000897,EMP00449,2025-H1,2,3.0,78,27,No,15
PERF0000898,EMP00449,2025-H2,4,4.24,77,31,No,0
PERF0000899,EMP00450,2025-H1,3,4.71,76,26,Yes,12
PERF0000900,EMP00450,2025-H2,3,3.82,87,35,No,5
PERF0000901,EMP00451,2025-H1,4,4.98,92,32,Yes,8
PERF0000902,EMP00451,2025-H2,3,3.25,89,50,Yes,5
PERF0000903,EMP00452,2025-H1,5,4.44,63,60,No,8
PERF0000904,EMP00452,2025-H2,2,3.18,78,12,Yes,10
PERF0000905,EMP00453,2025-H1,5,2.77,65,14,Yes,15
PERF0000906,EMP00453,2025-H2,5,3.5,93,30,No,15
PERF0000907,EMP00454,2025-H1,4,4.12,98,11,Yes,15
PERF0000908,EMP00454,2025-H2,2,4.14,64,47,Yes,0
PERF0000909,EMP00455,2025-H1,3,3.65,69,55,No,10
PERF0000910,EMP00455,2025-H2,4,3.87,80,1,Yes,10
PERF0000911,EMP00456,2025-H1,3,3.27,90,4,Yes,5
PERF0000912,EMP00456,2025-H2,5,3.96,88,40,No,15
PERF0000913,EMP00457,2025-H1,2,4.85,98,37,Yes,8
PERF0000914,EMP00457,2025-H2,2,2.58,98,1,Yes,10
PERF0000915,EMP00458,2025-H1,4,2.8,96,16,No,8
PERF0000916,EMP00458,2025-H2,2,4.04,98,33,Yes,8
PERF0000917,EMP00459,2025-H1,5,2.9,81,4,No,5
PERF0000918,EMP00459,2025-H2,2,4.94,80,11,No,5
PERF0000919,EMP00460,2025-H1,3,2.91,89,55,No,5
PERF0000920,EMP00460,2025-H2,4,2.7,61,36,No,15
PERF0000921,EMP00461,2025-H1,5,4.92,94,1,Yes,5
PERF0000922,EMP00461,2025-H2,5,2.88,69,12,No,12
PERF0000923,EMP00462,2025-H1,2,3.32,100,34,Yes,5
PERF0000924,EMP00462,2025-H2,5,2.7,91,28,Yes,0
PERF0000925,EMP00463,2025-H1,3,4.63,97,16,Yes,0
PERF0000926,EMP00463,2025-H2,2,3.98,67,36,Yes,15
PERF0000927,EMP00464,2025-H1,4,3.26,64,59,No,15
PERF0000928,EMP00464,2025-H2,2,4.15,60,11,Yes,15
PERF0000929,EMP00465,2025-H1,3,4.35,94,15,No,0
PERF0000930,EMP00465,2025-H2,5,4.92,84,51,Yes,8
PERF0000931,EMP00466,2025-H1,5,3.19,95,30,No,15
PERF0000932,EMP00466,2025-H2,5,3.95,76,42,Yes,12
PERF0000933,EMP00467,2025-H1,3,4.89,85,0,No,12
PERF0000934,EMP00467,2025-H2,3,2.68,79,7,No,15
PERF0000935,EMP00468,2025-H1,4,4.05,64,48,No,12
PERF0000936,EMP00468,2025-H2,4,4.53,100,20,No,5
PERF0000937,EMP00469,2025-H1,5,3.11,81,42,Yes,8
PERF0000938,EMP00469,2025-H2,3,3.29,77,54,Yes,10
PERF0000939,EMP00470,2025-H1,3,3.0,93,42,Yes,0
PERF0000940,EMP00470,2025-H2,5,4.53,60,4,Yes,5
PERF0000941,EMP00471,2025-H1,2,2.84,81,31,No,10
PERF0000942,EMP00471,2025-H2,3,3.86,60,49,Yes,8
PERF0000943,EMP00472,2025-H1,3,4.49,77,45,No,8
PERF0000944,EMP00472,2025-H2,5,3.1,94,39,No,0
PERF0000945,EMP00473,2025-H1,4,4.71,66,16,Yes,8
PERF0000946,EMP00473,2025-H2,2,2.82,68,12,Yes,15
PERF0000947,EMP00474,2025-H1,5,4.03,73,34,Yes,0
PERF0000948,EMP00474,2025-H2,4,4.97,68,23,Yes,15
PERF0000949,EMP00475,2025-H1,5,3.04,96,28,No,12
PERF0000950,EMP00475,2025-H2,5,3.13,71,18,Yes,15
PERF0000951,EMP00476,2025-H1,4,4.9,72,51,Yes,0
PERF0000952,EMP00476,2025-H2,4,3.95,60,40,No,15
PERF0000953,EMP00477,2025-H1,5,3.71,68,49,Yes,5
PERF0000954,EMP00477,2025-H2,3,3.44,83,56,No,8
PERF0000955,EMP00478,2025-H1,3,4.24,97,56,Yes,0
PERF0000956,EMP00478,2025-H2,2,3.05,93,11,Yes,10
PERF0000957,EMP00479,2025-H1,3,3.34,84,13,No,12
PERF0000958,EMP00479,2025-H2,2,4.98,62,7,No,8
PERF0000959,EMP00480,2025-H1,5,3.65,67,49,No,5
PERF0000960,EMP00480,2025-H2,3,2.91,75,55,Yes,5
PERF0000961,EMP00481,2025-H1,5,4.7,68,35,No,12
PERF0000962,EMP00481,2025-H2,3,4.6,77,13,Yes,15
PERF0000963,EMP00482,2025-H1,3,4.51,66,15,No,15
PERF0000964,EMP00482,2025-H2,4,3.8,82,52,Yes,5
PERF0000965,EMP00483,2025-H1,5,2.92,75,20,Yes,0
PERF0000966,EMP00483,2025-H2,3,4.63,94,27,Yes,5
PERF0000967,EMP00484,2025-H1,5,2.74,99,27,Yes,0
PERF0000968,EMP00484,2025-H2,5,4.7,89,1,Yes,0
PERF0000969,EMP00485,2025-H1,3,2.97,66,45,No,10
PERF0000970,EMP00485,2025-H2,2,3.85,96,8,No,8
PERF0000971,EMP00486,2025-H1,2,3.38,87,43,No,5
PERF0000972,EMP00486,2025-H2,3,4.6,72,1,No,8
PERF0000973,EMP00487,2025-H1,5,4.53,72,31,No,8
PERF0000974,EMP00487,2025-H2,5,3.46,65,42,No,0
PERF0000975,EMP00488,2025-H1,5,4.48,64,3,Yes,10
PERF0000976,EMP00488,2025-H2,2,4.76,80,54,No,0
PERF0000977,EMP00489,2025-H1,4,4.7,77,43,No,0
PERF0000978,EMP00489,2025-H2,4,4.36,84,49,Yes,5
PERF0000979,EMP00490,2025-H1,4,3.71,64,11,Yes,0
PERF0000980,EMP00490,2025-H2,4,4.05,74,9,No,15
PERF0000981,EMP00491,2025-H1,3,4.28,78,24,No,0
PERF0000982,EMP00491,2025-H2,2,4.19,71,60,Yes,0
PERF0000983,EMP00492,2025-H1,3,4.58,87,2,Yes,15
PERF0000984,EMP00492,2025-H2,2,4.47,70,30,No,12
PERF0000985,EMP00493,2025-H1,5,3.53,91,39,No,8
PERF0000986,EMP00493,2025-H2,2,2.58,94,27,No,0
PERF0000987,EMP00494,2025-H1,4,3.61,63,32,Yes,8
PERF0000988,EMP00494,2025-H2,3,2.78,67,43,Yes,8
PERF0000989,EMP00495,2025-H1,5,4.31,67,31,No,15
PERF0000990,EMP00495,2025-H2,4,2.51,63,22,No,5
PERF0000991,EMP00496,2025-H1,3,2.52,87,24,Yes,8
PERF0000992,EMP00496,2025-H2,4,3.97,93,34,Yes,10
PERF0000993,EMP00497,2025-H1,3,2.82,74,17,Yes,0
PERF0000994,EMP00497,2025-H2,4,3.11,86,45,No,12
PERF0000995,EMP00498,2025-H1,3,3.82,71,28,No,12
PERF0000996,EMP00498,2025-H2,5,3.36,75,59,No,5
PERF0000997,EMP00499,2025-H1,3,3.71,60,51,Yes,15
PERF0000998,EMP00499,2025-H2,3,3.04,88,4,Yes,8
PERF0000999,EMP00500,2025-H1,5,3.08,73,29,Yes,10
PERF0001000,EMP00500,2025-H2,5,4.13,82,10,Yes,15
PERF0001001,EMP00501,2025-H1,2,3.26,72,50,No,10
PERF0001002,EMP00501,2025-H2,3,3.32,86,9,Yes,0
PERF0001003,EMP00502,2025-H1,5,3.39,81,16,Yes,10
PERF0001004,EMP00502,2025-H2,5,3.04,79,3,Yes,10
PERF0001005,EMP00503,2025-H1,5,3.05,93,57,Yes,10
PERF0001006,EMP00503,2025-H2,5,2.98,96,35,Yes,5
PERF0001007,EMP00504,2025-H1,5,2.61,98,36,No,0
PERF0001008,EMP00504,2025-H2,5,3.84,62,18,Yes,10
PERF0001009,EMP00505,2025-H1,2,3.86,72,57,Yes,12
PERF0001010,EMP00505,2025-H2,5,3.99,96,28,Yes,0
PERF0001011,EMP00506,2025-H1,2,4.01,93,39,Yes,10
PERF0001012,EMP00506,2025-H2,2,4.33,97,31,No,8
PERF0001013,EMP00507,2025-H1,5,3.32,87,30,No,10
PERF0001014,EMP00507,2025-H2,5,2.61,97,57,Yes,8
PERF0001015,EMP00508,2025-H1,5,2.7,82,45,No,8
PERF0001016,EMP00508,2025-H2,4,3.3,100,34,No,0
PERF0001017,EMP00509,2025-H1,5,2.97,73,49,Yes,15
PERF0001018,EMP00509,2025-H2,4,4.32,60,53,No,8
PERF0001019,EMP00510,2025-H1,2,3.45,95,42,No,12
PERF0001020,EMP00510,2025-H2,3,2.74,62,28,Yes,5
PERF0001021,EMP00511,2025-H1,4,3.4,68,41,No,5
PERF0001022,EMP00511,2025-H2,4,2.53,95,9,No,10
PERF0001023,EMP00512,2025-H1,4,3.47,89,51,Yes,12
PERF0001024,EMP00512,2025-H2,5,3.09,94,53,Yes,8
PERF0001025,EMP00513,2025-H1,4,4.83,77,11,Yes,15
PERF0001026,EMP00513,2025-H2,2,2.59,75,57,Yes,12
PERF0001027,EMP00514,2025-H1,4,4.89,88,40,No,8
PERF0001028,EMP00514,2025-H2,4,4.21,68,25,Yes,10
PERF0001029,EMP00515,2025-H1,4,2.7,91,60,No,0
PERF0001030,EMP00515,2025-H2,2,3.24,83,32,No,10
PERF0001031,EMP00516,2025-H1,3,4.05,96,38,Yes,8
PERF0001032,EMP00516,2025-H2,5,2.7,64,22,Yes,5
PERF0001033,EMP00517,2025-H1,3,4.87,69,26,Yes,12
PERF0001034,EMP00517,2025-H2,3,2.65,87,28,Yes,12
PERF0001035,EMP00518,2025-H1,4,3.09,76,56,Yes,8
PERF0001036,EMP00518,2025-H2,3,2.97,83,40,No,0
PERF0001037,EMP00519,2025-H1,2,2.54,80,9,Yes,8
PERF0001038,EMP00519,2025-H2,2,4.11,63,0,No,12
PERF0001039,EMP00520,2025-H1,3,3.36,74,15,No,8
PERF0001040,EMP00520,2025-H2,2,4.44,77,26,Yes,8
PERF0001041,EMP00521,2025-H1,5,3.9,85,59,Yes,0
PERF0001042,EMP00521,2025-H2,4,4.82,69,55,Yes,12
PERF0001043,EMP00522,2025-H1,4,4.75,81,8,No,10
PERF0001044,EMP00522,2025-H2,3,2.58,69,60,Yes,0
PERF0001045,EMP00523,2025-H1,3,4.56,97,10,No,12
PERF0001046,EMP00523,2025-H2,4,4.22,90,0,Yes,8
PERF0001047,EMP00524,2025-H1,5,2.95,97,31,Yes,12
PERF0001048,EMP00524,2025-H2,5,4.56,68,12,No,10
PERF0001049,EMP00525,2025-H1,2,3.7,97,4,No,15
PERF0001050,EMP00525,2025-H2,2,3.84,65,8,No,12
PERF0001051,EMP00526,2025-H1,5,3.25,98,6,No,15
PERF0001052,EMP00526,2025-H2,2,2.71,93,36,Yes,8
PERF0001053,EMP00527,2025-H1,4,4.93,74,44,No,12
PERF0001054,EMP00527,2025-H2,5,3.79,79,2,Yes,15
PERF0001055,EMP00528,2025-H1,2,3.78,75,18,No,15
PERF0001056,EMP00528,2025-H2,4,4.98,77,53,No,8
PERF0001057,EMP00529,2025-H1,4,3.41,93,38,Yes,8
PERF0001058,EMP00529,2025-H2,2,3.91,90,55,No,5
PERF0001059,EMP00530,2025-H1,2,3.12,88,52,No,0
PERF0001060,EMP00530,2025-H2,3,4.21,60,27,No,0
PERF0001061,EMP00531,2025-H1,4,4.05,86,12,No,12
PERF0001062,EMP00531,2025-H2,2,3.8,82,23,Yes,10
PERF0001063,EMP00532,2025-H1,4,2.68,69,26,Yes,5
PERF0001064,EMP00532,2025-H2,2,4.58,81,47,No,10
PERF0001065,EMP00533,2025-H1,5,3.14,66,2,Yes,12
PERF0001066,EMP00533,2025-H2,5,4.55,75,48,Yes,15
PERF0001067,EMP00534,2025-H1,5,2.86,67,14,No,5
PERF0001068,EMP00534,2025-H2,3,3.45,87,33,Yes,8
PERF0001069,EMP00535,2025-H1,4,4.83,75,10,Yes,5
PERF0001070,EMP00535,2025-H2,5,4.87,77,44,Yes,10
PERF0001071,EMP00536,2025-H1,2,3.84,90,54,No,5
PERF0001072,EMP00536,2025-H2,2,4.17,100,58,Yes,5
PERF0001073,EMP00537,2025-H1,5,4.72,72,55,Yes,0
PERF0001074,EMP00537,2025-H2,4,2.65,61,41,Yes,12
PERF0001075,EMP00538,2025-H1,5,4.53,89,60,No,8
PERF0001076,EMP00538,2025-H2,2,3.1,71,43,No,5
PERF0001077,EMP00539,2025-H1,4,3.17,79,1,No,12
PERF0001078,EMP00539,2025-H2,4,3.58,72,34,No,0
PERF0001079,EMP00540,2025-H1,2,4.01,79,18,Yes,8
PERF0001080,EMP00540,2025-H2,4,5.0,93,13,Yes,12
PERF0001081,EMP00541,2025-H1,4,3.11,76,22,No,0
PERF0001082,EMP00541,2025-H2,3,3.59,67,30,Yes,0
PERF0001083,EMP00542,2025-H1,4,2.68,67,35,Yes,8
PERF0001084,EMP00542,2025-H2,5,3.55,61,58,No,15
PERF0001085,EMP00543,2025-H1,2,4.76,71,38,Yes,15
PERF0001086,EMP00543,2025-H2,4,4.04,73,27,Yes,10
PERF0001087,EMP00544,2025-H1,4,4.64,78,52,Yes,12
PERF0001088,EMP00544,2025-H2,3,4.81,76,51,Yes,15
PERF0001089,EMP00545,2025-H1,2,4.15,71,57,No,12
PERF0001090,EMP00545,2025-H2,3,3.41,82,20,No,15
PERF0001091,EMP00546,2025-H1,5,4.15,90,11,No,12
PERF0001092,EMP00546,2025-H2,3,4.72,95,34,Yes,5
PERF0001093,EMP00547,2025-H1,3,2.83,84,22,Yes,0
PERF0001094,EMP00547,2025-H2,5,4.14,76,2,Yes,12
PERF0001095,EMP00548,2025-H1,5,4.14,79,12,Yes,15
PERF0001096,EMP00548,2025-H2,5,2.5,93,24,No,12
PERF0001097,EMP00549,2025-H1,4,2.81,95,6,No,10
PERF0001098,EMP00549,2025-H2,4,3.62,63,48,Yes,5
PERF0001099,EMP00550,2025-H1,4,4.79,64,59,No,0
PERF0001100,EMP00550,2025-H2,5,4.1,74,45,Yes,15
PERF0001101,EMP00551,2025-H1,4,3.92,99,40,Yes,0
PERF0001102,EMP00551,2025-H2,3,3.77,97,37,No,0
PERF0001103,EMP00552,2025-H1,5,3.78,69,58,No,8
PERF0001104,EMP00552,2025-H2,5,4.64,84,0,No,8
PERF0001105,EMP00553,2025-H1,5,4.19,65,12,No,5
PERF0001106,EMP00553,2025-H2,4,2.77,91,52,No,5
PERF0001107,EMP00554,2025-H1,5,3.77,94,45,Yes,0
PERF0001108,EMP00554,2025-H2,4,2.88,95,48,No,5
PERF0001109,EMP00555,2025-H1,5,4.46,70,32,No,10
PERF0001110,EMP00555,2025-H2,2,4.94,85,44,No,8
PERF0001111,EMP00556,2025-H1,2,3.29,93,17,No,5
PERF0001112,EMP00556,2025-H2,5,3.01,80,56,Yes,10
PERF0001113,EMP00557,2025-H1,2,3.98,98,17,No,8
PERF0001114,EMP00557,2025-H2,3,3.04,87,32,Yes,10
PERF0001115,EMP00558,2025-H1,4,3.48,60,30,No,15
PERF0001116,EMP00558,2025-H2,5,4.44,82,30,Yes,5
PERF0001117,EMP00559,2025-H1,4,3.33,72,17,No,10
PERF0001118,EMP00559,2025-H2,3,2.88,94,7,Yes,5
PERF0001119,EMP00560,2025-H1,4,4.77,90,7,Yes,0
PERF0001120,EMP00560,2025-H2,5,4.14,65,5,No,0
PERF0001121,EMP00561,2025-H1,2,4.8,79,34,Yes,8
PERF0001122,EMP00561,2025-H2,5,3.7,79,56,Yes,12
PERF0001123,EMP00562,2025-H1,4,3.41,100,27,Yes,8
PERF0001124,EMP00562,2025-H2,2,4.23,88,1,Yes,0
PERF0001125,EMP00563,2025-H1,5,4.45,80,55,Yes,15
PERF0001126,EMP00563,2025-H2,3,2.81,65,46,Yes,12
PERF0001127,EMP00564,2025-H1,3,2.79,100,56,No,5
PERF0001128,EMP00564,2025-H2,4,3.88,62,21,No,8
PERF0001129,EMP00565,2025-H1,3,4.59,81,46,No,5
PERF0001130,EMP00565,2025-H2,5,4.32,70,45,No,8
PERF0001131,EMP00566,2025-H1,3,2.61,80,33,No,5
PERF0001132,EMP00566,2025-H2,5,4.02,86,42,Yes,10
PERF0001133,EMP00567,2025-H1,3,4.39,65,44,Yes,15
PERF0001134,EMP00567,2025-H2,4,4.67,92,10,Yes,5
PERF0001135,EMP00568,2025-H1,4,4.78,98,26,No,8
PERF0001136,EMP00568,2025-H2,3,3.26,70,35,Yes,5
PERF0001137,EMP00569,2025-H1,5,2.72,66,34,Yes,8
PERF0001138,EMP00569,2025-H2,2,4.4,86,40,No,0
PERF0001139,EMP00570,2025-H1,3,3.26,81,44,No,8
PERF0001140,EMP00570,2025-H2,4,3.97,69,57,Yes,0
PERF0001141,EMP00571,2025-H1,2,3.21,65,26,Yes,10
PERF0001142,EMP00571,2025-H2,2,3.78,68,2,Yes,8
PERF0001143,EMP00572,2025-H1,3,3.39,73,32,No,12
PERF0001144,EMP00572,2025-H2,5,2.66,99,58,Yes,12
PERF0001145,EMP00573,2025-H1,5,3.05,78,44,No,10
PERF0001146,EMP00573,2025-H2,3,3.04,80,23,No,15
PERF0001147,EMP00574,2025-H1,3,3.09,98,41,Yes,10
PERF0001148,EMP00574,2025-H2,2,2.51,70,59,No,8
PERF0001149,EMP00575,2025-H1,5,2.9,93,4,Yes,0
PERF0001150,EMP00575,2025-H2,2,4.42,62,3,No,10
PERF0001151,EMP00576,2025-H1,4,4.98,82,23,Yes,15
PERF0001152,EMP00576,2025-H2,4,3.83,98,15,Yes,10
PERF0001153,EMP00577,2025-H1,5,4.64,89,56,Yes,8
PERF0001154,EMP00577,2025-H2,3,3.4,73,20,No,8
PERF0001155,EMP00578,2025-H1,2,4.9,64,13,No,5
PERF0001156,EMP00578,2025-H2,2,2.84,97,38,No,8
PERF0001157,EMP00579,2025-H1,4,4.52,98,30,No,12
PERF0001158,EMP00579,2025-H2,5,2.84,95,34,No,8
PERF0001159,EMP00580,2025-H1,5,4.55,64,24,No,12
PERF0001160,EMP00580,2025-H2,5,4.73,76,36,Yes,5
PERF0001161,EMP00581,2025-H1,4,5.0,61,53,No,0
PERF0001162,EMP00581,2025-H2,2,3.2,74,43,Yes,10
PERF0001163,EMP00582,2025-H1,3,4.5,88,19,Yes,12
PERF0001164,EMP00582,2025-H2,4,4.23,85,26,No,12
PERF0001165,EMP00583,2025-H1,4,2.71,86,19,Yes,0
PERF0001166,EMP00583,2025-H2,5,3.41,65,34,Yes,10
PERF0001167,EMP00584,2025-H1,2,4.49,86,11,No,15
PERF0001168,EMP00584,2025-H2,5,3.31,64,32,No,15
PERF0001169,EMP00585,2025-H1,4,3.88,87,12,Yes,5
PERF0001170,EMP00585,2025-H2,2,4.23,85,7,No,12
PERF0001171,EMP00586,2025-H1,5,4.26,78,38,No,5
PERF0001172,EMP00586,2025-H2,2,4.02,97,35,No,15
PERF0001173,EMP00587,2025-H1,2,3.93,67,48,Yes,0
PERF0001174,EMP00587,2025-H2,2,4.53,74,20,No,0
PERF0001175,EMP00588,2025-H1,3,3.08,75,14,No,0
PERF0001176,EMP00588,2025-H2,2,4.06,91,27,Yes,10
PERF0001177,EMP00589,2025-H1,3,3.31,62,9,No,5
PERF0001178,EMP00589,2025-H2,3,2.73,97,56,Yes,8
PERF0001179,EMP00590,2025-H1,2,3.87,67,57,Yes,12
PERF0001180,EMP00590,2025-H2,5,4.02,61,30,Yes,15
PERF0001181,EMP00591,2025-H1,5,4.76,73,31,No,8
PERF0001182,EMP00591,2025-H2,4,2.94,68,37,Yes,8
PERF0001183,EMP00592,2025-H1,2,3.43,65,39,No,15
PERF0001184,EMP00592,2025-H2,2,3.35,81,39,No,15
PERF0001185,EMP00593,2025-H1,2,2.6,70,31,No,8
PERF0001186,EMP00593,2025-H2,3,3.84,85,35,No,12
PERF0001187,EMP00594,2025-H1,4,3.61,99,44,Yes,10
PERF0001188,EMP00594,2025-H2,2,4.65,93,35,Yes,12
PERF0001189,EMP00595,2025-H1,5,4.78,69,6,No,15
PERF0001190,EMP00595,2025-H2,4,3.47,79,50,No,10
PERF0001191,EMP00596,2025-H1,4,2.52,97,37,No,5
PERF0001192,EMP00596,2025-H2,2,3.39,63,58,No,5
PERF0001193,EMP00597,2025-H1,3,2.72,75,60,Yes,5
PERF0001194,EMP00597,2025-H2,5,3.28,100,59,Yes,10
PERF0001195,EMP00598,2025-H1,4,4.78,79,54,Yes,12
PERF0001196,EMP00598,2025-H2,3,2.7,67,6,No,10
PERF0001197,EMP00599,2025-H1,4,4.09,66,41,Yes,12
PERF0001198,EMP00599,2025-H2,3,2.84,71,59,No,5
PERF0001199,EMP00600,2025-H1,2,2.5,75,15,Yes,5
PERF0001200,EMP00600,2025-H2,4,4.95,69,19,Yes,10
PERF0001201,EMP00601,2025-H1,5,3.21,73,11,No,10
PERF0001202,EMP00601,2025-H2,5,3.97,100,50,Yes,12
PERF0001203,EMP00602,2025-H1,5,4.18,61,28,No,10
PERF0001204,EMP00602,2025-H2,4,4.8,62,42,Yes,15
PERF0001205,EMP00603,2025-H1,5,3.51,86,55,No,10
PERF0001206,EMP00603,2025-H2,4,4.71,75,6,Yes,10
PERF0001207,EMP00604,2025-H1,3,4.55,70,5,Yes,8
PERF0001208,EMP00604,2025-H2,3,3.69,95,16,No,0
PERF0001209,EMP00605,2025-H1,4,3.21,69,44,Yes,0
PERF0001210,EMP00605,2025-H2,2,3.47,71,37,No,0
PERF0001211,EMP00606,2025-H1,2,2.9,92,51,Yes,5
PERF0001212,EMP00606,2025-H2,3,3.84,83,45,Yes,8
PERF0001213,EMP00607,2025-H1,5,3.37,82,56,No,15
PERF0001214,EMP00607,2025-H2,3,2.58,78,7,No,12
PERF0001215,EMP00608,2025-H1,3,4.92,93,59,No,12
PERF0001216,EMP00608,2025-H2,2,2.72,81,29,No,0
PERF0001217,EMP00609,2025-H1,4,3.83,80,53,Yes,5
PERF0001218,EMP00609,2025-H2,4,4.68,61,17,Yes,10
PERF0001219,EMP00610,2025-H1,3,4.18,73,10,No,5
PERF0001220,EMP00610,2025-H2,2,3.54,92,60,Yes,12
PERF0001221,EMP00611,2025-H1,5,4.58,95,11,Yes,0
PERF0001222,EMP00611,2025-H2,2,4.52,99,53,No,0
PERF0001223,EMP00612,2025-H1,2,3.17,64,8,Yes,15
PERF0001224,EMP00612,2025-H2,5,3.95,94,10,Yes,0
PERF0001225,EMP00613,2025-H1,4,3.91,71,42,Yes,12
PERF0001226,EMP00613,2025-H2,3,3.5,71,55,No,0
PERF0001227,EMP00614,2025-H1,3,4.6,84,27,No,10
PERF0001228,EMP00614,2025-H2,4,4.72,77,18,No,8
PERF0001229,EMP00615,2025-H1,5,4.83,67,12,Yes,0
PERF0001230,EMP00615,2025-H2,5,4.81,96,42,Yes,12
PERF0001231,EMP00616,2025-H1,5,4.72,84,43,No,12
PERF0001232,EMP00616,2025-H2,2,4.11,83,54,No,0
PERF0001233,EMP00617,2025-H1,3,2.57,87,33,No,8
PERF0001234,EMP00617,2025-H2,5,4.71,63,55,No,10
PERF0001235,EMP00618,2025-H1,5,3.53,69,22,Yes,10
PERF0001236,EMP00618,2025-H2,3,4.31,92,42,Yes,0
PERF0001237,EMP00619,2025-H1,2,3.89,68,53,Yes,0
PERF0001238,EMP00619,2025-H2,2,2.54,61,18,No,10
PERF0001239,EMP00620,2025-H1,5,5.0,79,11,Yes,10
PERF0001240,EMP00620,2025-H2,2,4.55,78,3,No,12
PERF0001241,EMP00621,2025-H1,3,3.92,83,44,No,0
PERF0001242,EMP00621,2025-H2,4,4.02,61,35,Yes,15
PERF0001243,EMP00622,2025-H1,4,2.92,96,3,Yes,10
PERF0001244,EMP00622,2025-H2,5,3.24,81,60,Yes,8
PERF0001245,EMP00623,2025-H1,4,3.85,93,42,No,0
PERF0001246,EMP00623,2025-H2,3,3.82,64,56,Yes,8
PERF0001247,EMP00624,2025-H1,4,4.63,92,54,No,15
PERF0001248,EMP00624,2025-H2,4,2.77,63,37,Yes,5
PERF0001249,EMP00625,2025-H1,3,4.91,75,37,No,0
PERF0001250,EMP00625,2025-H2,4,3.16,74,37,No,15
PERF0001251,EMP00626,2025-H1,2,4.01,65,29,Yes,10
PERF0001252,EMP00626,2025-H2,2,4.83,90,48,No,10
PERF0001253,EMP00627,2025-H1,3,4.04,89,26,No,12
PERF0001254,EMP00627,2025-H2,2,4.49,72,22,Yes,12
PERF0001255,EMP00628,2025-H1,4,4.47,61,37,No,5
PERF0001256,EMP00628,2025-H2,2,4.87,81,23,Yes,0
PERF0001257,EMP00629,2025-H1,2,2.61,92,58,No,12
PERF0001258,EMP00629,2025-H2,4,4.23,63,56,Yes,15
PERF0001259,EMP00630,2025-H1,2,2.56,84,11,Yes,0
PERF0001260,EMP00630,2025-H2,2,4.84,68,49,No,10
PERF0001261,EMP00631,2025-H1,3,3.38,69,48,No,8
PERF0001262,EMP00631,2025-H2,5,4.62,85,59,Yes,10
PERF0001263,EMP00632,2025-H1,3,3.69,71,11,No,0
PERF0001264,EMP00632,2025-H2,4,3.14,97,21,Yes,8
PERF0001265,EMP00633,2025-H1,5,3.29,63,35,Yes,0
PERF0001266,EMP00633,2025-H2,4,3.63,72,14,Yes,12
PERF0001267,EMP00634,2025-H1,4,3.47,94,48,Yes,15
PERF0001268,EMP00634,2025-H2,5,3.35,74,37,No,10
PERF0001269,EMP00635,2025-H1,5,3.88,72,24,Yes,10
PERF0001270,EMP00635,2025-H2,4,4.35,85,17,No,15
PERF0001271,EMP00636,2025-H1,3,3.82,78,60,Yes,10
PERF0001272,EMP00636,2025-H2,5,2.92,67,27,Yes,8
PERF0001273,EMP00637,2025-H1,3,3.98,98,59,No,8
PERF0001274,EMP00637,2025-H2,2,3.15,89,20,No,10
PERF0001275,EMP00638,2025-H1,5,3.36,63,38,No,8
PERF0001276,EMP00638,2025-H2,2,3.49,64,52,Yes,10
PERF0001277,EMP00639,2025-H1,4,2.85,75,48,No,12
PERF0001278,EMP00639,2025-H2,3,3.26,67,16,Yes,0
PERF0001279,EMP00640,2025-H1,5,4.66,81,1,No,8
PERF0001280,EMP00640,2025-H2,3,4.68,65,29,Yes,0
PERF0001281,EMP00641,2025-H1,5,2.74,78,0,No,8
PERF0001282,EMP00641,2025-H2,3,3.64,75,43,Yes,12
PERF0001283,EMP00642,2025-H1,3,3.78,82,10,Yes,12
PERF0001284,EMP00642,2025-H2,2,2.94,68,29,Yes,0
PERF0001285,EMP00643,2025-H1,2,3.82,96,56,No,5
PERF0001286,EMP00643,2025-H2,3,3.57,80,53,No,8
PERF0001287,EMP00644,2025-H1,2,3.05,61,21,No,0
PERF0001288,EMP00644,2025-H2,3,4.96,67,27,Yes,15
PERF0001289,EMP00645,2025-H1,2,2.84,100,2,No,5
PERF0001290,EMP00645,2025-H2,5,4.1,75,27,No,8
PERF0001291,EMP00646,2025-H1,3,3.61,70,51,No,15
PERF0001292,EMP00646,2025-H2,4,4.51,83,45,Yes,10
PERF0001293,EMP00647,2025-H1,3,3.94,86,43,No,15
PERF0001294,EMP00647,2025-H2,2,4.75,65,18,No,10
PERF0001295,EMP00648,2025-H1,2,3.54,75,46,No,8
PERF0001296,EMP00648,2025-H2,4,3.79,84,33,Yes,15
PERF0001297,EMP00649,2025-H1,5,2.86,92,50,No,8
PERF0001298,EMP00649,2025-H2,3,2.74,91,51,Yes,10
PERF0001299,EMP00650,2025-H1,4,4.1,66,49,No,5
PERF0001300,EMP00650,2025-H2,4,4.58,93,48,No,0
PERF0001301,EMP00651,2025-H1,3,4.95,68,29,Yes,12
PERF0001302,EMP00651,2025-H2,4,3.49,86,51,No,0
PERF0001303,EMP00652,2025-H1,5,4.83,82,2,Yes,12
PERF0001304,EMP00652,2025-H2,5,4.12,83,60,Yes,12
PERF0001305,EMP00653,2025-H1,2,3.3,62,40,Yes,8
PERF0001306,EMP00653,2025-H2,4,3.3,68,39,No,15
PERF0001307,EMP00654,2025-H1,5,4.97,97,48,No,10
PERF0001308,EMP00654,2025-H2,3,3.02,89,51,Yes,8
PERF0001309,EMP00655,2025-H1,5,3.07,60,39,No,8
PERF0001310,EMP00655,2025-H2,3,4.77,89,42,No,5
PERF0001311,EMP00656,2025-H1,4,2.77,77,53,Yes,0
PERF0001312,EMP00656,2025-H2,2,3.38,95,24,No,8
PERF0001313,EMP00657,2025-H1,5,4.04,88,13,No,10
PERF0001314,EMP00657,2025-H2,2,3.6,64,44,Yes,5
PERF0001315,EMP00658,2025-H1,4,3.2,79,58,Yes,8
PERF0001316,EMP00658,2025-H2,2,4.37,99,5,Yes,12
PERF0001317,EMP00659,2025-H1,5,3.6,87,22,No,12
PERF0001318,EMP00659,2025-H2,4,4.81,66,21,Yes,10
PERF0001319,EMP00660,2025-H1,5,4.19,96,7,Yes,0
PERF0001320,EMP00660,2025-H2,4,4.19,93,59,No,10
PERF0001321,EMP00661,2025-H1,4,4.35,96,20,No,0
PERF0001322,EMP00661,2025-H2,5,4.04,97,38,Yes,12
PERF0001323,EMP00662,2025-H1,5,3.65,95,23,No,12
PERF0001324,EMP00662,2025-H2,2,2.65,91,53,Yes,15
PERF0001325,EMP00663,2025-H1,3,3.77,77,37,Yes,5
PERF0001326,EMP00663,2025-H2,3,2.55,86,46,No,12
PERF0001327,EMP00664,2025-H1,3,4.04,100,53,No,12
PERF0001328,EMP00664,2025-H2,5,4.27,81,24,Yes,12
PERF0001329,EMP00665,2025-H1,4,4.07,91,41,Yes,0
PERF0001330,EMP00665,2025-H2,3,3.5,99,43,No,10
PERF0001331,EMP00666,2025-H1,3,4.9,92,43,No,5
PERF0001332,EMP00666,2025-H2,3,3.47,86,56,Yes,8
PERF0001333,EMP00667,2025-H1,2,4.94,92,1,No,8
PERF0001334,EMP00667,2025-H2,3,3.22,94,23,Yes,10
PERF0001335,EMP00668,2025-H1,2,4.37,97,52,Yes,5
PERF0001336,EMP00668,2025-H2,4,4.44,77,26,No,5
PERF0001337,EMP00669,2025-H1,3,4.35,99,7,No,10
PERF0001338,EMP00669,2025-H2,3,4.75,73,58,No,12
PERF0001339,EMP00670,2025-H1,4,3.12,94,33,Yes,12
PERF0001340,EMP00670,2025-H2,3,4.23,68,26,No,10
PERF0001341,EMP00671,2025-H1,2,2.75,74,40,Yes,12
PERF0001342,EMP00671,2025-H2,5,2.57,66,43,No,12
PERF0001343,EMP00672,2025-H1,3,4.4,76,21,No,5
PERF0001344,EMP00672,2025-H2,3,2.55,76,54,No,5
PERF0001345,EMP00673,2025-H1,2,3.48,78,6,No,10
PERF0001346,EMP00673,2025-H2,4,2.89,84,2,No,8
PERF0001347,EMP00674,2025-H1,2,2.92,79,10,Yes,8
PERF0001348,EMP00674,2025-H2,2,2.91,79,23,Yes,8
PERF0001349,EMP00675,2025-H1,2,3.27,60,4,No,12
PERF0001350,EMP00675,2025-H2,3,2.96,65,30,No,8
PERF0001351,EMP00676,2025-H1,4,3.54,83,57,Yes,8
PERF0001352,EMP00676,2025-H2,3,3.92,62,41,No,8
PERF0001353,EMP00677,2025-H1,2,4.0,60,37,No,0
PERF0001354,EMP00677,2025-H2,2,3.14,93,8,No,5
PERF0001355,EMP00678,2025-H1,3,3.99,60,38,Yes,5
PERF0001356,EMP00678,2025-H2,2,3.1,97,13,No,8
PERF0001357,EMP00679,2025-H1,5,4.61,68,14,Yes,5
PERF0001358,EMP00679,2025-H2,2,4.5,75,7,Yes,8
PERF0001359,EMP00680,2025-H1,4,4.4,70,39,Yes,12
PERF0001360,EMP00680,2025-H2,4,3.07,77,18,Yes,15
PERF0001361,EMP00681,2025-H1,5,2.79,100,16,Yes,8
PERF0001362,EMP00681,2025-H2,2,4.36,61,8,Yes,10
PERF0001363,EMP00682,2025-H1,2,3.59,68,11,No,0
PERF0001364,EMP00682,2025-H2,2,4.84,65,45,No,5
PERF0001365,EMP00683,2025-H1,4,4.6,81,29,Yes,10
PERF0001366,EMP00683,2025-H2,2,4.98,78,29,No,5
PERF0001367,EMP00684,2025-H1,2,2.94,87,44,Yes,12
PERF0001368,EMP00684,2025-H2,3,4.88,67,14,Yes,5
PERF0001369,EMP00685,2025-H1,2,4.56,79,12,No,10
PERF0001370,EMP00685,2025-H2,3,4.73,87,40,Yes,10
PERF0001371,EMP00686,2025-H1,4,4.74,90,54,Yes,8
PERF0001372,EMP00686,2025-H2,3,3.24,84,56,No,10
PERF0001373,EMP00687,2025-H1,3,5.0,68,55,No,8
PERF0001374,EMP00687,2025-H2,3,4.99,94,42,Yes,15
PERF0001375,EMP00688,2025-H1,2,4.13,71,2,Yes,10
PERF0001376,EMP00688,2025-H2,3,2.88,84,2,No,8
PERF0001377,EMP00689,2025-H1,5,4.02,68,56,No,15
PERF0001378,EMP00689,2025-H2,5,4.32,84,45,Yes,0
PERF0001379,EMP00690,2025-H1,4,3.45,80,14,Yes,8
PERF0001380,EMP00690,2025-H2,4,2.55,68,8,Yes,0
PERF0001381,EMP00691,2025-H1,5,2.81,97,14,Yes,12
PERF0001382,EMP00691,2025-H2,3,2.61,76,36,No,0
PERF0001383,EMP00692,2025-H1,5,2.91,60,60,No,8
PERF0001384,EMP00692,2025-H2,3,4.74,89,35,Yes,15
PERF0001385,EMP00693,2025-H1,3,3.61,83,41,Yes,0
PERF0001386,EMP00693,2025-H2,2,3.94,82,57,Yes,10
PERF0001387,EMP00694,2025-H1,5,3.46,67,35,No,15
PERF0001388,EMP00694,2025-H2,4,2.81,69,30,Yes,0
PERF0001389,EMP00695,2025-H1,5,4.76,84,23,No,12
PERF0001390,EMP00695,2025-H2,3,4.71,74,31,No,5
PERF0001391,EMP00696,2025-H1,3,3.38,93,30,No,5
PERF0001392,EMP00696,2025-H2,5,2.73,95,32,No,10
PERF0001393,EMP00697,2025-H1,3,3.29,64,56,No,5
PERF0001394,EMP00697,2025-H2,3,3.84,89,12,Yes,12
PERF0001395,EMP00698,2025-H1,5,4.95,97,23,No,5
PERF0001396,EMP00698,2025-H2,3,4.51,83,12,Yes,15
PERF0001397,EMP00699,2025-H1,2,3.84,71,60,Yes,5
PERF0001398,EMP00699,2025-H2,5,4.86,91,8,Yes,10
PERF0001399,EMP00700,2025-H1,5,3.61,81,15,No,12
PERF0001400,EMP00700,2025-H2,2,3.99,74,28,Yes,0
PERF0001401,EMP00701,2025-H1,4,3.37,81,25,No,5
PERF0001402,EMP00701,2025-H2,4,2.66,97,41,No,15
PERF0001403,EMP00702,2025-H1,2,4.03,87,20,Yes,12
PERF0001404,EMP00702,2025-H2,4,4.1,79,58,Yes,10
PERF0001405,EMP00703,2025-H1,5,3.39,94,19,No,10
PERF0001406,EMP00703,2025-H2,5,3.59,65,50,Yes,12
PERF0001407,EMP00704,2025-H1,3,4.03,86,12,Yes,12
PERF0001408,EMP00704,2025-H2,3,3.04,98,46,No,0
PERF0001409,EMP00705,2025-H1,2,3.28,82,58,No,5
PERF0001410,EMP00705,2025-H2,3,3.67,80,25,No,5
PERF0001411,EMP00706,2025-H1,4,4.49,88,3,No,15
PERF0001412,EMP00706,2025-H2,3,4.42,60,20,Yes,15
PERF0001413,EMP00707,2025-H1,4,3.27,79,15,No,0
PERF0001414,EMP00707,2025-H2,2,3.4,74,38,No,0
PERF0001415,EMP00708,2025-H1,4,4.47,99,21,No,0
PERF0001416,EMP00708,2025-H2,3,3.88,86,5,No,15
PERF0001417,EMP00709,2025-H1,2,2.71,74,35,Yes,10
PERF0001418,EMP00709,2025-H2,3,3.77,79,13,Yes,10
PERF0001419,EMP00710,2025-H1,4,3.48,97,16,No,12
PERF0001420,EMP00710,2025-H2,5,4.1,78,23,No,12
PERF0001421,EMP00711,2025-H1,5,4.16,70,27,Yes,10
PERF0001422,EMP00711,2025-H2,4,3.2,69,28,No,8
PERF0001423,EMP00712,2025-H1,2,3.33,100,51,Yes,0
PERF0001424,EMP00712,2025-H2,3,2.98,70,2,No,12
PERF0001425,EMP00713,2025-H1,3,3.3,93,0,No,15
PERF0001426,EMP00713,2025-H2,3,3.28,66,18,No,0
PERF0001427,EMP00714,2025-H1,3,3.74,60,31,Yes,5
PERF0001428,EMP00714,2025-H2,2,4.53,99,7,Yes,15
PERF0001429,EMP00715,2025-H1,3,2.74,82,31,Yes,15
PERF0001430,EMP00715,2025-H2,2,3.27,91,33,Yes,5
PERF0001431,EMP00716,2025-H1,4,4.75,92,9,No,15
PERF0001432,EMP00716,2025-H2,2,3.66,93,9,No,0
PERF0001433,EMP00717,2025-H1,3,2.53,83,51,No,10
PERF0001434,EMP00717,2025-H2,5,4.15,96,32,No,0
PERF0001435,EMP00718,2025-H1,5,4.05,96,53,No,5
PERF0001436,EMP00718,2025-H2,4,3.51,76,60,No,5
PERF0001437,EMP00719,2025-H1,4,2.81,62,15,No,10
PERF0001438,EMP00719,2025-H2,4,4.25,91,58,No,8
PERF0001439,EMP00720,2025-H1,4,3.7,96,2,No,15
PERF0001440,EMP00720,2025-H2,2,3.3,90,42,Yes,8
PERF0001441,EMP00721,2025-H1,5,4.96,82,50,No,0
PERF0001442,EMP00721,2025-H2,2,3.75,80,45,Yes,5
PERF0001443,EMP00722,2025-H1,4,4.86,84,25,No,15
PERF0001444,EMP00722,2025-H2,3,3.6,68,18,No,12
PERF0001445,EMP00723,2025-H1,4,2.89,96,59,No,0
PERF0001446,EMP00723,2025-H2,4,2.9,91,11,No,0
PERF0001447,EMP00724,2025-H1,2,3.49,98,41,No,0
PERF0001448,EMP00724,2025-H2,5,3.73,81,51,Yes,5
PERF0001449,EMP00725,2025-H1,4,4.3,73,24,Yes,15
PERF0001450,EMP00725,2025-H2,4,3.17,78,28,No,12
PERF0001451,EMP00726,2025-H1,2,4.55,83,29,No,12
PERF0001452,EMP00726,2025-H2,2,2.96,79,42,Yes,0
PERF0001453,EMP00727,2025-H1,5,3.9,75,59,No,5
PERF0001454,EMP00727,2025-H2,2,3.37,72,19,No,15
PERF0001455,EMP00728,2025-H1,2,4.97,79,35,No,0
PERF0001456,EMP00728,2025-H2,5,4.78,70,43,No,5
PERF0001457,EMP00729,2025-H1,4,3.19,77,18,Yes,12
PERF0001458,EMP00729,2025-H2,2,3.69,79,9,Yes,8
PERF0001459,EMP00730,2025-H1,5,4.78,80,21,Yes,8
PERF0001460,EMP00730,2025-H2,3,3.82,100,50,Yes,15
PERF0001461,EMP00731,2025-H1,3,3.76,94,56,No,8
PERF0001462,EMP00731,2025-H2,3,4.96,64,12,Yes,5
PERF0001463,EMP00732,2025-H1,4,4.33,86,4,No,10
PERF0001464,EMP00732,2025-H2,5,4.85,89,20,Yes,12
PERF0001465,EMP00733,2025-H1,3,3.3,85,42,No,5
PERF0001466,EMP00733,2025-H2,2,2.97,87,52,Yes,0
PERF0001467,EMP00734,2025-H1,2,2.86,94,4,Yes,12
PERF0001468,EMP00734,2025-H2,4,3.54,71,31,Yes,12
PERF0001469,EMP00735,2025-H1,4,3.17,92,30,No,5
PERF0001470,EMP00735,2025-H2,2,4.28,72,12,No,0
PERF0001471,EMP00736,2025-H1,2,4.08,75,1,No,15
PERF0001472,EMP00736,2025-H2,2,2.61,81,49,Yes,10
PERF0001473,EMP00737,2025-H1,3,4.03,78,40,Yes,8
PERF0001474,EMP00737,2025-H2,3,4.17,100,5,No,15
PERF0001475,EMP00738,2025-H1,3,3.28,67,42,No,8
PERF0001476,EMP00738,2025-H2,4,3.19,75,47,Yes,10
PERF0001477,EMP00739,2025-H1,4,3.86,77,47,Yes,0
PERF0001478,EMP00739,2025-H2,4,4.39,97,11,Yes,15
PERF0001479,EMP00740,2025-H1,2,2.65,94,44,Yes,5
PERF0001480,EMP00740,2025-H2,5,3.79,83,42,Yes,0
PERF0001481,EMP00741,2025-H1,3,3.46,79,0,No,10
PERF0001482,EMP00741,2025-H2,2,2.88,74,5,No,10
PERF0001483,EMP00742,2025-H1,5,3.68,62,9,No,0
PERF0001484,EMP00742,2025-H2,2,3.99,91,26,No,10
PERF0001485,EMP00743,2025-H1,3,3.32,88,11,No,0
PERF0001486,EMP00743,2025-H2,2,4.22,96,59,No,15
PERF0001487,EMP00744,2025-H1,4,3.57,71,22,No,5
PERF0001488,EMP00744,2025-H2,3,4.24,80,31,No,8
PERF0001489,EMP00745,2025-H1,2,4.43,73,3,Yes,0
PERF0001490,EMP00745,2025-H2,3,3.17,88,31,Yes,15
PERF0001491,EMP00746,2025-H1,2,4.67,80,23,Yes,0
PERF0001492,EMP00746,2025-H2,5,4.96,67,28,Yes,15
PERF0001493,EMP00747,2025-H1,3,2.64,94,42,No,8
PERF0001494,EMP00747,2025-H2,3,4.52,92,53,Yes,0
PERF0001495,EMP00748,2025-H1,2,3.34,91,31,Yes,0
PERF0001496,EMP00748,2025-H2,2,3.23,91,19,Yes,8
PERF0001497,EMP00749,2025-H1,3,2.95,88,1,No,15
PERF0001498,EMP00749,2025-H2,2,4.47,71,40,No,5
PERF0001499,EMP00750,2025-H1,4,4.46,62,21,No,15
PERF0001500,EMP00750,2025-H2,4,3.78,64,57,No,15
PERF0001501,EMP00751,2025-H1,5,4.72,84,3,No,15
PERF0001502,EMP00751,2025-H2,2,2.95,81,52,Yes,12
PERF0001503,EMP00752,2025-H1,4,4.57,91,35,Yes,12
PERF0001504,EMP00752,2025-H2,3,4.12,86,38,No,5
PERF0001505,EMP00753,2025-H1,4,4.87,73,15,Yes,12
PERF0001506,EMP00753,2025-H2,4,4.02,90,33,No,8
PERF0001507,EMP00754,2025-H1,2,4.84,70,6,Yes,5
PERF0001508,EMP00754,2025-H2,3,2.74,80,11,Yes,8
PERF0001509,EMP00755,2025-H1,2,4.89,88,7,No,12
PERF0001510,EMP00755,2025-H2,4,3.37,88,24,Yes,12
PERF0001511,EMP00756,2025-H1,2,4.95,72,57,No,8
PERF0001512,EMP00756,2025-H2,3,4.8,100,31,Yes,8
PERF0001513,EMP00757,2025-H1,4,2.77,61,38,Yes,8
PERF0001514,EMP00757,2025-H2,4,3.34,85,45,Yes,12
PERF0001515,EMP00758,2025-H1,4,2.54,96,13,Yes,0
PERF0001516,EMP00758,2025-H2,3,4.3,84,36,No,5
PERF0001517,EMP00759,2025-H1,4,2.9,97,29,No,0
PERF0001518,EMP00759,2025-H2,5,2.62,68,19,Yes,12
PERF0001519,EMP00760,2025-H1,5,3.38,97,19,No,15
PERF0001520,EMP00760,2025-H2,2,4.11,84,31,Yes,12
PERF0001521,EMP00761,2025-H1,2,2.5,90,25,Yes,8
PERF0001522,EMP00761,2025-H2,3,4.87,94,7,Yes,0
PERF0001523,EMP00762,2025-H1,3,3.57,93,36,No,12
PERF0001524,EMP00762,2025-H2,2,4.68,86,12,Yes,0
PERF0001525,EMP00763,2025-H1,5,4.41,63,9,Yes,0
PERF0001526,EMP00763,2025-H2,4,3.3,90,43,No,10
PERF0001527,EMP00764,2025-H1,2,3.29,62,31,Yes,5
PERF0001528,EMP00764,2025-H2,4,2.61,74,57,No,8
PERF0001529,EMP00765,2025-H1,3,2.96,100,6,Yes,12
PERF0001530,EMP00765,2025-H2,3,4.02,80,38,Yes,8
PERF0001531,EMP00766,2025-H1,5,4.83,88,31,Yes,15
PERF0001532,EMP00766,2025-H2,5,3.48,73,46,Yes,0
PERF0001533,EMP00767,2025-H1,4,3.49,69,36,No,10
PERF0001534,EMP00767,2025-H2,3,4.39,61,5,No,15
PERF0001535,EMP00768,2025-H1,5,2.61,91,13,No,5
PERF0001536,EMP00768,2025-H2,3,4.46,73,47,No,5
PERF0001537,EMP00769,2025-H1,5,4.51,84,48,Yes,12
PERF0001538,EMP00769,2025-H2,4,3.9,83,32,Yes,8
PERF0001539,EMP00770,2025-H1,2,4.0,74,24,Yes,5
PERF0001540,EMP00770,2025-H2,5,3.91,68,26,No,12
PERF0001541,EMP00771,2025-H1,2,2.67,74,3,Yes,15
PERF0001542,EMP00771,2025-H2,2,3.32,91,31,No,15
PERF0001543,EMP00772,2025-H1,5,3.52,85,46,No,8
PERF0001544,EMP00772,2025-H2,5,3.88,80,60,No,12
PERF0001545,EMP00773,2025-H1,3,3.41,64,40,Yes,12
PERF0001546,EMP00773,2025-H2,4,3.45,75,21,Yes,5
PERF0001547,EMP00774,2025-H1,4,4.54,72,56,No,8
PERF0001548,EMP00774,2025-H2,3,3.64,64,23,No,12
PERF0001549,EMP00775,2025-H1,2,2.74,66,49,No,0
PERF0001550,EMP00775,2025-H2,3,3.9,80,15,No,12
PERF0001551,EMP00776,2025-H1,3,4.21,90,36,No,5
PERF0001552,EMP00776,2025-H2,4,3.06,75,15,Yes,10
PERF0001553,EMP00777,2025-H1,3,4.13,99,30,Yes,10
PERF0001554,EMP00777,2025-H2,4,3.4,81,58,Yes,12
PERF0001555,EMP00778,2025-H1,5,2.86,66,60,Yes,12
PERF0001556,EMP00778,2025-H2,4,3.96,64,60,Yes,5
PERF0001557,EMP00779,2025-H1,4,4.97,71,43,No,15
PERF0001558,EMP00779,2025-H2,4,4.95,76,14,Yes,10
PERF0001559,EMP00780,2025-H1,3,2.84,68,22,Yes,12
PERF0001560,EMP00780,2025-H2,3,3.27,69,39,Yes,0
PERF0001561,EMP00781,2025-H1,5,2.69,90,45,Yes,12
PERF0001562,EMP00781,2025-H2,3,3.28,92,6,Yes,12
PERF0001563,EMP00782,2025-H1,5,3.44,75,29,Yes,12
PERF0001564,EMP00782,2025-H2,5,4.61,96,58,Yes,8
PERF0001565,EMP00783,2025-H1,3,3.7,92,59,No,10
PERF0001566,EMP00783,2025-H2,2,3.73,67,15,Yes,15
PERF0001567,EMP00784,2025-H1,4,2.83,82,40,No,12
PERF0001568,EMP00784,2025-H2,4,2.72,98,49,Yes,12
PERF0001569,EMP00785,2025-H1,3,3.25,63,23,Yes,15
PERF0001570,EMP00785,2025-H2,3,4.49,94,40,No,8
PERF0001571,EMP00786,2025-H1,3,4.21,95,43,No,0
PERF0001572,EMP00786,2025-H2,4,4.37,95,3,No,10
PERF0001573,EMP00787,2025-H1,4,3.59,75,55,No,5
PERF0001574,EMP00787,2025-H2,3,3.73,90,46,Yes,0
PERF0001575,EMP00788,2025-H1,3,3.18,64,45,No,8
PERF0001576,EMP00788,2025-H2,3,3.24,85,1,Yes,8
PERF0001577,EMP00789,2025-H1,5,4.57,87,45,Yes,0
PERF0001578,EMP00789,2025-H2,2,3.45,93,10,No,12
PERF0001579,EMP00790,2025-H1,3,4.59,93,36,Yes,0
PERF0001580,EMP00790,2025-H2,5,2.91,89,16,Yes,12
PERF0001581,EMP00791,2025-H1,3,3.21,72,3,No,10
PERF0001582,EMP00791,2025-H2,3,3.38,66,16,No,0
PERF0001583,EMP00792,2025-H1,4,3.74,71,60,Yes,15
PERF0001584,EMP00792,2025-H2,5,4.24,97,16,No,10
PERF0001585,EMP00793,2025-H1,2,4.97,87,59,Yes,5
PERF0001586,EMP00793,2025-H2,4,4.02,76,31,No,12
PERF0001587,EMP00794,2025-H1,4,3.14,73,35,No,15
PERF0001588,EMP00794,2025-H2,4,4.13,81,19,Yes,5
PERF0001589,EMP00795,2025-H1,4,2.83,71,56,Yes,12
PERF0001590,EMP00795,2025-H2,2,2.65,72,7,No,10
PERF0001591,EMP00796,2025-H1,2,3.48,89,19,No,15
PERF0001592,EMP00796,2025-H2,3,2.94,78,25,Yes,8
PERF0001593,EMP00797,2025-H1,2,4.57,77,53,Yes,5
PERF0001594,EMP00797,2025-H2,3,4.47,97,20,No,10
PERF0001595,EMP00798,2025-H1,5,3.03,64,55,Yes,10
PERF0001596,EMP00798,2025-H2,5,3.25,98,16,Yes,0
PERF0001597,EMP00799,2025-H1,2,4.0,85,59,No,0
PERF0001598,EMP00799,2025-H2,2,3.55,82,36,Yes,0
PERF0001599,EMP00800,2025-H1,5,3.78,100,57,Yes,10
PERF0001600,EMP00800,2025-H2,3,2.99,72,48,No,10
PERF0001601,EMP00801,2025-H1,3,2.87,83,40,Yes,12
PERF0001602,EMP00801,2025-H2,5,3.33,84,16,Yes,5
PERF0001603,EMP00802,2025-H1,2,3.61,94,0,Yes,12
PERF0001604,EMP00802,2025-H2,2,3.46,96,5,No,0
PERF0001605,EMP00803,2025-H1,2,3.23,70,26,No,8
PERF0001606,EMP00803,2025-H2,3,4.72,99,7,Yes,8
PERF0001607,EMP00804,2025-H1,4,3.5,91,44,No,15
PERF0001608,EMP00804,2025-H2,3,2.99,64,25,Yes,10
PERF0001609,EMP00805,2025-H1,2,4.13,76,10,No,0
PERF0001610,EMP00805,2025-H2,5,3.12,90,15,Yes,8
PERF0001611,EMP00806,2025-H1,4,4.83,80,27,Yes,5
PERF0001612,EMP00806,2025-H2,4,2.9,71,21,No,5
PERF0001613,EMP00807,2025-H1,4,2.89,61,56,No,8
PERF0001614,EMP00807,2025-H2,4,4.56,81,20,No,0
PERF0001615,EMP00808,2025-H1,5,4.08,72,32,Yes,10
PERF0001616,EMP00808,2025-H2,3,4.76,87,41,Yes,15
PERF0001617,EMP00809,2025-H1,5,4.98,67,54,No,8
PERF0001618,EMP00809,2025-H2,2,4.25,87,33,Yes,10
PERF0001619,EMP00810,2025-H1,4,4.88,85,11,Yes,12
PERF0001620,EMP00810,2025-H2,4,4.81,95,50,Yes,8
PERF0001621,EMP00811,2025-H1,2,3.29,63,26,Yes,15
PERF0001622,EMP00811,2025-H2,5,4.77,86,0,No,5
PERF0001623,EMP00812,2025-H1,3,3.05,90,19,No,15
PERF0001624,EMP00812,2025-H2,2,3.32,72,40,Yes,5
PERF0001625,EMP00813,2025-H1,2,4.33,66,6,Yes,15
PERF0001626,EMP00813,2025-H2,4,3.39,87,59,Yes,10
PERF0001627,EMP00814,2025-H1,4,3.73,81,48,Yes,12
PERF0001628,EMP00814,2025-H2,2,4.23,62,58,No,15
PERF0001629,EMP00815,2025-H1,4,3.24,67,56,Yes,0
PERF0001630,EMP00815,2025-H2,5,4.25,72,2,No,5
PERF0001631,EMP00816,2025-H1,4,4.61,63,23,No,8
PERF0001632,EMP00816,2025-H2,5,2.96,65,43,No,8
PERF0001633,EMP00817,2025-H1,2,3.24,85,27,No,12
PERF0001634,EMP00817,2025-H2,3,2.66,79,16,No,8
PERF0001635,EMP00818,2025-H1,2,3.27,85,23,Yes,10
PERF0001636,EMP00818,2025-H2,2,2.79,61,2,Yes,15
PERF0001637,EMP00819,2025-H1,4,3.18,93,0,Yes,10
PERF0001638,EMP00819,2025-H2,2,3.2,90,26,Yes,15
PERF0001639,EMP00820,2025-H1,5,4.63,66,34,No,5
PERF0001640,EMP00820,2025-H2,5,3.6,62,54,No,15
PERF0001641,EMP00821,2025-H1,2,2.85,96,59,Yes,10
PERF0001642,EMP00821,2025-H2,3,2.68,92,40,No,5
PERF0001643,EMP00822,2025-H1,5,2.51,97,54,Yes,15
PERF0001644,EMP00822,2025-H2,5,4.18,88,16,No,0
PERF0001645,EMP00823,2025-H1,5,4.35,75,45,Yes,12
PERF0001646,EMP00823,2025-H2,3,3.71,86,1,Yes,12
PERF0001647,EMP00824,2025-H1,2,4.11,87,51,Yes,8
PERF0001648,EMP00824,2025-H2,3,4.26,74,9,Yes,5
PERF0001649,EMP00825,2025-H1,4,3.45,99,23,Yes,10
PERF0001650,EMP00825,2025-H2,5,4.29,69,59,Yes,8
PERF0001651,EMP00826,2025-H1,5,3.79,76,20,No,12
PERF0001652,EMP00826,2025-H2,3,2.78,79,34,No,8
PERF0001653,EMP00827,2025-H1,3,4.24,80,45,Yes,12
PERF0001654,EMP00827,2025-H2,3,2.8,96,18,No,0
PERF0001655,EMP00828,2025-H1,2,4.34,99,56,Yes,10
PERF0001656,EMP00828,2025-H2,5,3.98,65,28,Yes,12
PERF0001657,EMP00829,2025-H1,4,4.25,61,4,No,15
PERF0001658,EMP00829,2025-H2,5,3.99,85,35,Yes,8
PERF0001659,EMP00830,2025-H1,2,3.02,77,39,Yes,0
PERF0001660,EMP00830,2025-H2,5,3.98,99,29,No,0
PERF0001661,EMP00831,2025-H1,5,3.15,74,36,Yes,5
PERF0001662,EMP00831,2025-H2,4,3.41,96,48,Yes,10
PERF0001663,EMP00832,2025-H1,2,4.61,87,3,No,15
PERF0001664,EMP00832,2025-H2,5,3.78,60,17,No,0
PERF0001665,EMP00833,2025-H1,4,4.63,100,42,No,12
PERF0001666,EMP00833,2025-H2,5,4.71,75,44,No,0
PERF0001667,EMP00834,2025-H1,2,4.27,85,15,Yes,5
PERF0001668,EMP00834,2025-H2,4,4.27,91,7,Yes,10
PERF0001669,EMP00835,2025-H1,5,4.54,76,2,No,15
PERF0001670,EMP00835,2025-H2,5,2.76,90,0,No,12
PERF0001671,EMP00836,2025-H1,4,3.99,97,10,No,12
PERF0001672,EMP00836,2025-H2,5,3.35,90,18,Yes,15
PERF0001673,EMP00837,2025-H1,3,2.79,80,6,No,12
PERF0001674,EMP00837,2025-H2,4,3.24,64,5,Yes,15
PERF0001675,EMP00838,2025-H1,5,2.67,72,40,No,0
PERF0001676,EMP00838,2025-H2,5,4.48,81,57,Yes,10
PERF0001677,EMP00839,2025-H1,5,3.76,92,48,No,15
PERF0001678,EMP00839,2025-H2,5,3.13,64,57,Yes,12
PERF0001679,EMP00840,2025-H1,2,2.88,82,59,No,12
PERF0001680,EMP00840,2025-H2,3,4.66,93,41,No,15
PERF0001681,EMP00841,2025-H1,4,4.97,60,16,No,5
PERF0001682,EMP00841,2025-H2,3,4.9,78,48,Yes,0
PERF0001683,EMP00842,2025-H1,4,4.47,77,3,Yes,10
PERF0001684,EMP00842,2025-H2,5,4.74,87,26,No,8
PERF0001685,EMP00843,2025-H1,2,4.03,88,35,Yes,10
PERF0001686,EMP00843,2025-H2,3,4.13,81,14,No,8
PERF0001687,EMP00844,2025-H1,3,4.7,83,27,No,8
PERF0001688,EMP00844,2025-H2,2,3.23,79,59,Yes,5
PERF0001689,EMP00845,2025-H1,3,3.88,92,38,Yes,10
PERF0001690,EMP00845,2025-H2,4,4.81,68,35,No,8
PERF0001691,EMP00846,2025-H1,5,3.44,100,9,Yes,8
PERF0001692,EMP00846,2025-H2,5,3.47,68,35,No,0
PERF0001693,EMP00847,2025-H1,2,3.92,66,58,Yes,0
PERF0001694,EMP00847,2025-H2,2,3.03,75,38,No,10
PERF0001695,EMP00848,2025-H1,4,3.65,91,43,Yes,0
PERF0001696,EMP00848,2025-H2,4,4.89,98,18,Yes,15
PERF0001697,EMP00849,2025-H1,5,3.11,61,31,Yes,12
PERF0001698,EMP00849,2025-H2,5,3.64,65,1,No,5
PERF0001699,EMP00850,2025-H1,2,3.45,83,11,Yes,5
PERF0001700,EMP00850,2025-H2,2,3.72,60,35,No,0
PERF0001701,EMP00851,2025-H1,4,2.53,94,47,Yes,10
PERF0001702,EMP00851,2025-H2,5,4.87,71,42,No,8
PERF0001703,EMP00852,2025-H1,2,3.84,66,29,Yes,15
PERF0001704,EMP00852,2025-H2,2,4.34,97,19,Yes,5
PERF0001705,EMP00853,2025-H1,3,2.7,88,42,No,5
PERF0001706,EMP00853,2025-H2,3,2.98,78,32,No,5
PERF0001707,EMP00854,2025-H1,5,2.75,97,50,Yes,12
PERF0001708,EMP00854,2025-H2,2,4.7,77,1,No,8
PERF0001709,EMP00855,2025-H1,3,3.74,94,3,Yes,12
PERF0001710,EMP00855,2025-H2,4,3.52,84,57,No,0
PERF0001711,EMP00856,2025-H1,2,3.2,94,15,Yes,12
PERF0001712,EMP00856,2025-H2,5,3.27,98,28,No,10
PERF0001713,EMP00857,2025-H1,5,3.31,66,51,Yes,5
PERF0001714,EMP00857,2025-H2,4,4.42,97,20,Yes,10
PERF0001715,EMP00858,2025-H1,4,4.57,90,35,Yes,5
PERF0001716,EMP00858,2025-H2,2,4.92,89,11,Yes,5
PERF0001717,EMP00859,2025-H1,2,2.55,86,42,No,8
PERF0001718,EMP00859,2025-H2,2,3.3,100,43,Yes,10
PERF0001719,EMP00860,2025-H1,3,3.49,93,8,Yes,15
PERF0001720,EMP00860,2025-H2,3,4.26,93,60,No,12
PERF0001721,EMP00861,2025-H1,2,3.01,84,38,Yes,5
PERF0001722,EMP00861,2025-H2,3,3.99,67,19,No,15
PERF0001723,EMP00862,2025-H1,4,2.7,96,3,Yes,15
PERF0001724,EMP00862,2025-H2,4,3.91,66,30,No,8
PERF0001725,EMP00863,2025-H1,3,2.97,87,26,Yes,12
PERF0001726,EMP00863,2025-H2,5,4.29,96,57,No,8
PERF0001727,EMP00864,2025-H1,4,3.84,89,8,Yes,10
PERF0001728,EMP00864,2025-H2,3,4.85,91,22,Yes,15
PERF0001729,EMP00865,2025-H1,3,4.26,66,34,Yes,0
PERF0001730,EMP00865,2025-H2,2,4.47,64,16,No,0
PERF0001731,EMP00866,2025-H1,5,4.11,64,55,Yes,15
PERF0001732,EMP00866,2025-H2,3,4.4,96,2,Yes,5
PERF0001733,EMP00867,2025-H1,4,4.54,93,46,No,12
PERF0001734,EMP00867,2025-H2,3,3.63,81,56,Yes,5
PERF0001735,EMP00868,2025-H1,2,3.51,88,5,No,15
PERF0001736,EMP00868,2025-H2,4,4.46,100,45,No,0
PERF0001737,EMP00869,2025-H1,2,3.38,76,48,Yes,5
PERF0001738,EMP00869,2025-H2,4,4.5,83,52,Yes,0
PERF0001739,EMP00870,2025-H1,5,3.21,62,17,No,12
PERF0001740,EMP00870,2025-H2,3,3.2,85,38,Yes,8
PERF0001741,EMP00871,2025-H1,3,3.57,93,28,Yes,12
PERF0001742,EMP00871,2025-H2,2,4.17,65,57,Yes,8
PERF0001743,EMP00872,2025-H1,4,3.64,60,57,No,0
PERF0001744,EMP00872,2025-H2,2,3.43,92,60,Yes,15
PERF0001745,EMP00873,2025-H1,5,2.82,99,60,No,10
PERF0001746,EMP00873,2025-H2,5,4.26,69,3,Yes,12
PERF0001747,EMP00874,2025-H1,2,4.96,93,14,No,12
PERF0001748,EMP00874,2025-H2,2,2.53,84,31,Yes,10
PERF0001749,EMP00875,2025-H1,2,2.64,61,9,Yes,10
PERF0001750,EMP00875,2025-H2,5,3.99,88,48,Yes,5
PERF0001751,EMP00876,2025-H1,3,4.62,76,45,Yes,10
PERF0001752,EMP00876,2025-H2,4,3.0,93,53,Yes,5
PERF0001753,EMP00877,2025-H1,4,3.52,81,6,No,5
PERF0001754,EMP00877,2025-H2,2,3.03,97,31,No,12
PERF0001755,EMP00878,2025-H1,4,3.69,91,29,No,0
PERF0001756,EMP00878,2025-H2,4,2.51,66,51,Yes,15
PERF0001757,EMP00879,2025-H1,2,4.15,89,52,Yes,0
PERF0001758,EMP00879,2025-H2,3,4.64,81,38,Yes,5
PERF0001759,EMP00880,2025-H1,3,4.12,85,39,Yes,15
PERF0001760,EMP00880,2025-H2,3,3.28,76,16,Yes,8
PERF0001761,EMP00881,2025-H1,4,3.96,90,26,Yes,10
PERF0001762,EMP00881,2025-H2,3,3.25,71,31,Yes,10
PERF0001763,EMP00882,2025-H1,5,4.85,97,40,Yes,15
PERF0001764,EMP00882,2025-H2,5,4.59,71,12,Yes,12
PERF0001765,EMP00883,2025-H1,4,4.27,90,57,No,8
PERF0001766,EMP00883,2025-H2,2,4.44,88,4,No,8
PERF0001767,EMP00884,2025-H1,5,4.95,86,14,No,12
PERF0001768,EMP00884,2025-H2,4,4.79,81,45,No,8
PERF0001769,EMP00885,2025-H1,3,4.73,86,35,No,12
PERF0001770,EMP00885,2025-H2,4,4.6,97,46,Yes,5
PERF0001771,EMP00886,2025-H1,4,4.41,80,26,No,15
PERF0001772,EMP00886,2025-H2,2,3.05,87,17,No,10
PERF0001773,EMP00887,2025-H1,5,3.32,88,60,Yes,15
PERF0001774,EMP00887,2025-H2,3,4.94,65,53,No,12
PERF0001775,EMP00888,2025-H1,3,4.9,77,26,Yes,10
PERF0001776,EMP00888,2025-H2,4,4.19,81,57,Yes,0
PERF0001777,EMP00889,2025-H1,4,4.36,87,47,No,12
PERF0001778,EMP00889,2025-H2,5,4.04,82,12,No,15
PERF0001779,EMP00890,2025-H1,2,3.82,93,27,No,8
PERF0001780,EMP00890,2025-H2,3,2.68,96,20,No,5
PERF0001781,EMP00891,2025-H1,3,4.13,62,20,No,10
PERF0001782,EMP00891,2025-H2,4,2.88,62,56,No,5
PERF0001783,EMP00892,2025-H1,5,3.99,86,20,No,8
PERF0001784,EMP00892,2025-H2,5,3.96,92,25,No,10
PERF0001785,EMP00893,2025-H1,3,2.87,76,21,Yes,5
PERF0001786,EMP00893,2025-H2,4,4.54,70,45,Yes,15
PERF0001787,EMP00894,2025-H1,2,3.4,100,60,No,12
PERF0001788,EMP00894,2025-H2,5,3.57,65,2,Yes,0
PERF0001789,EMP00895,2025-H1,2,4.18,75,8,No,12
PERF0001790,EMP00895,2025-H2,3,4.22,63,3,Yes,12
PERF0001791,EMP00896,2025-H1,4,3.39,62,9,No,15
PERF0001792,EMP00896,2025-H2,4,3.66,70,31,No,10
PERF0001793,EMP00897,2025-H1,5,4.58,77,53,No,0
PERF0001794,EMP00897,2025-H2,4,3.67,71,37,No,0
PERF0001795,EMP00898,2025-H1,2,4.89,74,59,No,15
PERF0001796,EMP00898,2025-H2,4,4.61,98,16,No,5
PERF0001797,EMP00899,2025-H1,5,3.74,79,20,No,10
PERF0001798,EMP00899,2025-H2,4,2.82,84,22,No,0
PERF0001799,EMP00900,2025-H1,4,2.87,66,56,Yes,5
PERF0001800,EMP00900,2025-H2,5,3.5,82,38,Yes,12
PERF0001801,EMP00901,2025-H1,2,4.94,73,33,No,8
PERF0001802,EMP00901,2025-H2,3,3.54,72,3,Yes,8
PERF0001803,EMP00902,2025-H1,5,3.97,68,33,Yes,8
PERF0001804,EMP00902,2025-H2,4,3.48,62,9,Yes,15
PERF0001805,EMP00903,2025-H1,5,3.94,97,37,No,5
PERF0001806,EMP00903,2025-H2,5,2.61,69,58,No,12
PERF0001807,EMP00904,2025-H1,5,4.29,78,35,No,5
PERF0001808,EMP00904,2025-H2,2,4.16,84,6,Yes,0
PERF0001809,EMP00905,2025-H1,5,4.51,93,38,Yes,5
PERF0001810,EMP00905,2025-H2,4,4.29,64,45,No,5
PERF0001811,EMP00906,2025-H1,5,3.55,79,49,No,12
PERF0001812,EMP00906,2025-H2,3,2.82,88,34,No,5
PERF0001813,EMP00907,2025-H1,2,3.48,77,34,No,5
PERF0001814,EMP00907,2025-H2,4,4.48,78,10,No,0
PERF0001815,EMP00908,2025-H1,5,2.58,93,39,No,5
PERF0001816,EMP00908,2025-H2,5,3.62,65,41,Yes,5
PERF0001817,EMP00909,2025-H1,2,3.36,96,35,Yes,15
PERF0001818,EMP00909,2025-H2,5,4.59,81,53,No,8
PERF0001819,EMP00910,2025-H1,4,4.12,86,12,Yes,10
PERF0001820,EMP00910,2025-H2,5,2.83,93,26,Yes,8
PERF0001821,EMP00911,2025-H1,5,3.34,83,3,No,12
PERF0001822,EMP00911,2025-H2,3,4.81,94,18,Yes,10
PERF0001823,EMP00912,2025-H1,5,4.48,76,28,Yes,10
PERF0001824,EMP00912,2025-H2,4,2.62,93,49,No,0
PERF0001825,EMP00913,2025-H1,4,4.84,88,20,Yes,12
PERF0001826,EMP00913,2025-H2,2,4.75,64,28,No,8
PERF0001827,EMP00914,2025-H1,4,4.52,73,1,No,12
PERF0001828,EMP00914,2025-H2,5,3.28,76,59,Yes,15
PERF0001829,EMP00915,2025-H1,3,4.51,76,4,No,8
PERF0001830,EMP00915,2025-H2,4,3.83,94,10,Yes,5
PERF0001831,EMP00916,2025-H1,3,3.25,60,16,Yes,12
PERF0001832,EMP00916,2025-H2,3,3.56,84,58,Yes,8
PERF0001833,EMP00917,2025-H1,3,4.41,100,29,Yes,12
PERF0001834,EMP00917,2025-H2,3,4.9,71,31,No,12
PERF0001835,EMP00918,2025-H1,4,4.15,79,10,Yes,10
PERF0001836,EMP00918,2025-H2,3,4.83,96,12,No,15
PERF0001837,EMP00919,2025-H1,5,4.94,81,50,No,5
PERF0001838,EMP00919,2025-H2,2,2.77,87,40,Yes,15
PERF0001839,EMP00920,2025-H1,2,4.6,82,24,Yes,12
PERF0001840,EMP00920,2025-H2,5,2.78,85,30,Yes,5
PERF0001841,EMP00921,2025-H1,3,3.37,60,27,No,10
PERF0001842,EMP00921,2025-H2,5,4.74,70,13,Yes,12
PERF0001843,EMP00922,2025-H1,5,4.48,94,55,Yes,0
PERF0001844,EMP00922,2025-H2,3,3.7,89,17,No,5
PERF0001845,EMP00923,2025-H1,4,2.51,96,58,No,8
PERF0001846,EMP00923,2025-H2,5,4.18,70,59,Yes,15
PERF0001847,EMP00924,2025-H1,4,3.59,61,39,No,0
PERF0001848,EMP00924,2025-H2,5,4.87,71,3,Yes,0
PERF0001849,EMP00925,2025-H1,5,3.99,96,46,No,5
PERF0001850,EMP00925,2025-H2,3,3.15,89,54,No,12
PERF0001851,EMP00926,2025-H1,2,2.69,85,5,Yes,10
PERF0001852,EMP00926,2025-H2,3,4.74,71,53,Yes,0
PERF0001853,EMP00927,2025-H1,5,3.45,87,53,No,5
PERF0001854,EMP00927,2025-H2,3,3.28,78,54,Yes,0
PERF0001855,EMP00928,2025-H1,3,3.16,66,57,Yes,8
PERF0001856,EMP00928,2025-H2,5,3.47,87,30,No,12
PERF0001857,EMP00929,2025-H1,4,4.6,96,48,Yes,12
PERF0001858,EMP00929,2025-H2,3,4.07,89,36,No,8
PERF0001859,EMP00930,2025-H1,3,3.43,72,13,Yes,12
PERF0001860,EMP00930,2025-H2,2,4.88,84,14,No,8
PERF0001861,EMP00931,2025-H1,5,4.43,84,52,Yes,8
PERF0001862,EMP00931,2025-H2,2,3.85,65,8,Yes,15
PERF0001863,EMP00932,2025-H1,3,4.6,60,29,No,15
PERF0001864,EMP00932,2025-H2,4,4.65,92,33,Yes,0
PERF0001865,EMP00933,2025-H1,5,2.81,62,2,Yes,15
PERF0001866,EMP00933,2025-H2,3,5.0,92,19,No,15
PERF0001867,EMP00934,2025-H1,5,3.73,78,45,No,5
PERF0001868,EMP00934,2025-H2,5,3.08,97,20,Yes,10
PERF0001869,EMP00935,2025-H1,5,3.62,73,55,No,0
PERF0001870,EMP00935,2025-H2,3,4.22,62,5,No,8
PERF0001871,EMP00936,2025-H1,2,4.11,69,53,Yes,10
PERF0001872,EMP00936,2025-H2,5,4.04,77,28,Yes,5
PERF0001873,EMP00937,2025-H1,5,4.24,89,35,No,12
PERF0001874,EMP00937,2025-H2,4,3.49,60,57,No,15
PERF0001875,EMP00938,2025-H1,2,4.41,65,39,Yes,15
PERF0001876,EMP00938,2025-H2,3,4.33,98,35,Yes,0
PERF0001877,EMP00939,2025-H1,4,2.54,67,37,Yes,5
PERF0001878,EMP00939,2025-H2,5,2.76,73,36,No,15
PERF0001879,EMP00940,2025-H1,3,3.11,63,20,Yes,12
PERF0001880,EMP00940,2025-H2,5,2.59,93,18,No,5
PERF0001881,EMP00941,2025-H1,2,4.31,72,21,No,12
PERF0001882,EMP00941,2025-H2,5,4.25,61,29,No,12
PERF0001883,EMP00942,2025-H1,5,3.31,82,46,Yes,5
PERF0001884,EMP00942,2025-H2,3,4.49,69,60,Yes,0
PERF0001885,EMP00943,2025-H1,2,4.79,96,15,No,5
PERF0001886,EMP00943,2025-H2,2,3.5,69,14,Yes,15
PERF0001887,EMP00944,2025-H1,3,2.91,91,48,No,10
PERF0001888,EMP00944,2025-H2,2,3.26,94,60,No,15
PERF0001889,EMP00945,2025-H1,3,4.22,89,42,Yes,0
PERF0001890,EMP00945,2025-H2,4,4.53,76,28,Yes,0
PERF0001891,EMP00946,2025-H1,5,3.84,91,13,No,0
PERF0001892,EMP00946,2025-H2,2,3.12,86,56,Yes,8
PERF0001893,EMP00947,2025-H1,5,2.62,68,6,No,10
PERF0001894,EMP00947,2025-H2,2,3.82,83,37,No,0
PERF0001895,EMP00948,2025-H1,2,4.83,63,0,Yes,0
PERF0001896,EMP00948,2025-H2,4,4.37,94,0,Yes,15
PERF0001897,EMP00949,2025-H1,4,3.49,70,8,No,12
PERF0001898,EMP00949,2025-H2,2,2.57,84,9,No,15
PERF0001899,EMP00950,2025-H1,2,4.44,88,1,No,5
PERF0001900,EMP00950,2025-H2,2,3.16,93,15,Yes,8
PERF0001901,EMP00951,2025-H1,3,4.42,78,30,Yes,5
PERF0001902,EMP00951,2025-H2,5,3.74,64,22,Yes,8
PERF0001903,EMP00952,2025-H1,2,3.63,61,28,Yes,5
PERF0001904,EMP00952,2025-H2,4,4.12,77,35,No,8
PERF0001905,EMP00953,2025-H1,3,4.46,96,14,Yes,12
PERF0001906,EMP00953,2025-H2,4,3.71,73,31,Yes,12
PERF0001907,EMP00954,2025-H1,5,3.71,61,38,Yes,8
PERF0001908,EMP00954,2025-H2,5,3.14,74,11,No,8
PERF0001909,EMP00955,2025-H1,3,4.59,68,5,No,15
PERF0001910,EMP00955,2025-H2,5,2.73,96,51,Yes,15
PERF0001911,EMP00956,2025-H1,5,3.57,85,43,No,12
PERF0001912,EMP00956,2025-H2,5,4.17,85,16,Yes,5
PERF0001913,EMP00957,2025-H1,2,2.75,89,55,No,5
PERF0001914,EMP00957,2025-H2,5,3.01,73,57,No,8
PERF0001915,EMP00958,2025-H1,4,3.26,84,14,Yes,0
PERF0001916,EMP00958,2025-H2,2,4.25,73,26,No,10
PERF0001917,EMP00959,2025-H1,2,3.32,64,15,Yes,0
PERF0001918,EMP00959,2025-H2,5,2.52,70,56,Yes,0
PERF0001919,EMP00960,2025-H1,4,3.21,61,7,No,15
PERF0001920,EMP00960,2025-H2,3,4.6,77,14,No,10
PERF0001921,EMP00961,2025-H1,5,3.19,61,44,Yes,10
PERF0001922,EMP00961,2025-H2,5,2.79,60,45,No,10
PERF0001923,EMP00962,2025-H1,2,3.55,90,37,No,5
PERF0001924,EMP00962,2025-H2,5,4.85,62,23,Yes,15
PERF0001925,EMP00963,2025-H1,5,4.96,76,21,No,15
PERF0001926,EMP00963,2025-H2,4,2.53,67,2,No,0
PERF0001927,EMP00964,2025-H1,2,3.03,82,55,Yes,15
PERF0001928,EMP00964,2025-H2,3,3.32,80,48,No,12
PERF0001929,EMP00965,2025-H1,4,4.21,90,22,Yes,5
PERF0001930,EMP00965,2025-H2,3,3.91,60,36,No,10
PERF0001931,EMP00966,2025-H1,2,2.98,85,26,Yes,5
PERF0001932,EMP00966,2025-H2,4,3.34,65,16,Yes,15
PERF0001933,EMP00967,2025-H1,5,4.78,66,57,Yes,12
PERF0001934,EMP00967,2025-H2,3,3.6,91,3,Yes,8
PERF0001935,EMP00968,2025-H1,2,3.38,70,39,Yes,0
PERF0001936,EMP00968,2025-H2,4,4.61,64,24,No,10
PERF0001937,EMP00969,2025-H1,3,3.99,84,0,No,0
PERF0001938,EMP00969,2025-H2,4,4.95,62,44,No,5
PERF0001939,EMP00970,2025-H1,2,3.59,64,32,Yes,15
PERF0001940,EMP00970,2025-H2,2,2.72,77,45,Yes,12
PERF0001941,EMP00971,2025-H1,4,4.42,74,7,Yes,12
PERF0001942,EMP00971,2025-H2,5,4.71,92,33,Yes,12
PERF0001943,EMP00972,2025-H1,5,3.47,94,29,Yes,12
PERF0001944,EMP00972,2025-H2,4,4.85,81,31,Yes,5
PERF0001945,EMP00973,2025-H1,4,4.28,79,22,Yes,5
PERF0001946,EMP00973,2025-H2,3,2.69,72,52,No,12
PERF0001947,EMP00974,2025-H1,3,3.72,80,31,Yes,10
PERF0001948,EMP00974,2025-H2,3,3.26,96,37,No,0
PERF0001949,EMP00975,2025-H1,3,4.25,62,30,No,12
PERF0001950,EMP00975,2025-H2,4,4.14,63,17,No,0
PERF0001951,EMP00976,2025-H1,2,4.17,65,54,No,0
PERF0001952,EMP00976,2025-H2,4,3.94,96,19,No,12
PERF0001953,EMP00977,2025-H1,4,4.16,93,46,Yes,10
PERF0001954,EMP00977,2025-H2,2,3.59,71,59,Yes,10
PERF0001955,EMP00978,2025-H1,2,3.87,67,60,No,10
PERF0001956,EMP00978,2025-H2,4,2.52,92,28,Yes,15
PERF0001957,EMP00979,2025-H1,2,3.52,66,16,Yes,8
PERF0001958,EMP00979,2025-H2,4,4.98,67,29,Yes,15
PERF0001959,EMP00980,2025-H1,5,3.35,61,25,No,15
PERF0001960,EMP00980,2025-H2,2,2.67,76,32,Yes,5
PERF0001961,EMP00981,2025-H1,4,4.27,81,53,Yes,12
PERF0001962,EMP00981,2025-H2,4,2.96,61,40,Yes,12
PERF0001963,EMP00982,2025-H1,3,4.06,92,56,No,15
PERF0001964,EMP00982,2025-H2,5,4.79,72,5,Yes,8
PERF0001965,EMP00983,2025-H1,4,3.68,71,12,Yes,15
PERF0001966,EMP00983,2025-H2,4,3.75,77,34,No,12
PERF0001967,EMP00984,2025-H1,4,4.19,78,54,No,15
PERF0001968,EMP00984,2025-H2,4,4.6,77,28,Yes,15
PERF0001969,EMP00985,2025-H1,4,3.54,85,36,Yes,5
PERF0001970,EMP00985,2025-H2,5,4.01,89,59,Yes,0
PERF0001971,EMP00986,2025-H1,2,3.93,76,0,No,12
PERF0001972,EMP00986,2025-H2,2,4.31,76,14,Yes,5
PERF0001973,EMP00987,2025-H1,5,2.5,86,48,Yes,10
PERF0001974,EMP00987,2025-H2,4,2.83,75,18,No,10
PERF0001975,EMP00988,2025-H1,2,2.76,96,47,No,15
PERF0001976,EMP00988,2025-H2,2,4.49,69,47,Yes,15
PERF0001977,EMP00989,2025-H1,2,3.71,97,48,No,12
PERF0001978,EMP00989,2025-H2,3,2.66,73,12,No,0
PERF0001979,EMP00990,2025-H1,3,4.56,98,4,Yes,8
PERF0001980,EMP00990,2025-H2,2,3.54,89,23,No,15
PERF0001981,EMP00991,2025-H1,3,4.7,84,29,No,12
PERF0001982,EMP00991,2025-H2,3,3.52,97,34,Yes,15
PERF0001983,EMP00992,2025-H1,2,3.47,68,29,Yes,12
PERF0001984,EMP00992,2025-H2,3,4.27,89,30,No,10
PERF0001985,EMP00993,2025-H1,3,4.15,89,28,No,10
PERF0001986,EMP00993,2025-H2,5,4.57,60,9,No,15
PERF0001987,EMP00994,2025-H1,5,4.22,74,13,Yes,5
PERF0001988,EMP00994,2025-H2,3,4.16,99,30,Yes,5
PERF0001989,EMP00995,2025-H1,2,4.51,72,38,No,0
PERF0001990,EMP00995,2025-H2,3,4.42,81,19,Yes,15
PERF0001991,EMP00996,2025-H1,2,3.2,96,51,Yes,8
PERF0001992,EMP00996,2025-H2,3,3.68,89,32,No,10
PERF0001993,EMP00997,2025-H1,4,3.55,100,10,Yes,0
PERF0001994,EMP00997,2025-H2,3,3.83,85,51,Yes,0
PERF0001995,EMP00998,2025-H1,4,2.94,64,5,Yes,8
PERF0001996,EMP00998,2025-H2,5,2.91,68,60,Yes,5
PERF0001997,EMP00999,2025-H1,3,2.61,86,22,No,12
PERF0001998,EMP00999,2025-H2,4,3.85,72,39,No,8
PERF0001999,EMP01000,2025-H1,3,4.67,69,24,Yes,12
PERF0002000,EMP01000,2025-H2,4,3.04,85,37,Yes,15
PERF0002001,EMP01001,2025-H1,4,3.07,61,19,No,5
PERF0002002,EMP01001,2025-H2,5,3.97,99,31,No,5
PERF0002003,EMP01002,2025-H1,3,4.46,86,12,No,0
PERF0002004,EMP01002,2025-H2,3,2.9,95,5,Yes,15
PERF0002005,EMP01003,2025-H1,3,2.59,61,39,No,8
PERF0002006,EMP01003,2025-H2,3,3.04,97,54,No,10
PERF0002007,EMP01004,2025-H1,2,2.67,89,40,Yes,8
PERF0002008,EMP01004,2025-H2,4,4.78,82,3,Yes,0
PERF0002009,EMP01005,2025-H1,2,2.79,81,31,Yes,10
PERF0002010,EMP01005,2025-H2,2,3.2,67,58,No,8
PERF0002011,EMP01006,2025-H1,3,3.41,83,55,No,8
PERF0002012,EMP01006,2025-H2,5,2.72,94,56,Yes,8
PERF0002013,EMP01007,2025-H1,5,3.12,93,55,No,5
PERF0002014,EMP01007,2025-H2,3,3.5,85,51,No,8
PERF0002015,EMP01008,2025-H1,4,4.92,77,22,Yes,12
PERF0002016,EMP01008,2025-H2,3,3.82,89,49,Yes,0
PERF0002017,EMP01009,2025-H1,2,4.19,88,15,Yes,0
PERF0002018,EMP01009,2025-H2,5,2.87,81,58,Yes,15
PERF0002019,EMP01010,2025-H1,4,4.76,89,28,No,5
PERF0002020,EMP01010,2025-H2,2,4.56,99,16,Yes,8
PERF0002021,EMP01011,2025-H1,3,4.13,92,39,Yes,10
PERF0002022,EMP01011,2025-H2,5,4.59,67,49,Yes,8
PERF0002023,EMP01012,2025-H1,4,3.61,75,53,Yes,8
PERF0002024,EMP01012,2025-H2,2,4.3,90,59,No,0
PERF0002025,EMP01013,2025-H1,5,4.07,95,11,No,5
PERF0002026,EMP01013,2025-H2,3,3.99,83,47,No,12
PERF0002027,EMP01014,2025-H1,3,4.43,76,39,No,8
PERF0002028,EMP01014,2025-H2,3,3.82,74,40,Yes,15
PERF0002029,EMP01015,2025-H1,4,4.99,88,52,No,8
PERF0002030,EMP01015,2025-H2,4,3.67,82,11,Yes,0
PERF0002031,EMP01016,2025-H1,4,4.96,69,16,No,12
PERF0002032,EMP01016,2025-H2,5,4.91,76,1,No,8
PERF0002033,EMP01017,2025-H1,4,4.4,73,0,Yes,15
PERF0002034,EMP01017,2025-H2,4,4.74,75,13,No,0
PERF0002035,EMP01018,2025-H1,4,4.69,94,0,Yes,10
PERF0002036,EMP01018,2025-H2,4,2.77,72,57,No,8
PERF0002037,EMP01019,2025-H1,5,3.93,79,47,Yes,0
PERF0002038,EMP01019,2025-H2,3,2.61,73,42,No,10
PERF0002039,EMP01020,2025-H1,3,3.93,75,20,Yes,8
PERF0002040,EMP01020,2025-H2,4,2.88,79,59,No,0
PERF0002041,EMP01021,2025-H1,2,3.44,68,51,No,10
PERF0002042,EMP01021,2025-H2,4,4.0,66,25,No,12
PERF0002043,EMP01022,2025-H1,2,4.73,72,42,No,10
PERF0002044,EMP01022,2025-H2,4,3.27,61,44,Yes,12
PERF0002045,EMP01023,2025-H1,3,2.7,74,25,Yes,12
PERF0002046,EMP01023,2025-H2,4,3.3,67,33,Yes,10
PERF0002047,EMP01024,2025-H1,3,4.26,95,7,No,10
PERF0002048,EMP01024,2025-H2,5,2.54,92,56,No,0
PERF0002049,EMP01025,2025-H1,2,4.02,68,47,No,0
PERF0002050,EMP01025,2025-H2,4,2.78,72,37,No,15
PERF0002051,EMP01026,2025-H1,3,4.45,70,37,Yes,15
PERF0002052,EMP01026,2025-H2,4,4.06,84,41,Yes,8
PERF0002053,EMP01027,2025-H1,3,4.03,93,37,Yes,0
PERF0002054,EMP01027,2025-H2,5,4.7,77,43,Yes,15
PERF0002055,EMP01028,2025-H1,2,4.66,76,8,Yes,12
PERF0002056,EMP01028,2025-H2,5,2.83,73,38,No,0
PERF0002057,EMP01029,2025-H1,5,4.32,70,18,No,0
PERF0002058,EMP01029,2025-H2,3,3.95,100,16,No,15
PERF0002059,EMP01030,2025-H1,3,4.45,68,19,Yes,0
PERF0002060,EMP01030,2025-H2,4,4.54,71,13,No,0
PERF0002061,EMP01031,2025-H1,2,3.17,95,33,No,10
PERF0002062,EMP01031,2025-H2,2,3.65,75,1,Yes,10
PERF0002063,EMP01032,2025-H1,2,3.81,82,4,Yes,10
PERF0002064,EMP01032,2025-H2,4,4.87,100,34,Yes,8
PERF0002065,EMP01033,2025-H1,3,3.07,88,32,No,5
PERF0002066,EMP01033,2025-H2,4,2.76,84,34,Yes,15
PERF0002067,EMP01034,2025-H1,2,2.51,61,32,No,5
PERF0002068,EMP01034,2025-H2,5,3.3,64,19,No,5
PERF0002069,EMP01035,2025-H1,2,2.65,88,19,No,8
PERF0002070,EMP01035,2025-H2,5,3.18,79,35,No,8
PERF0002071,EMP01036,2025-H1,2,3.98,91,18,Yes,10
PERF0002072,EMP01036,2025-H2,4,3.36,98,36,No,8
PERF0002073,EMP01037,2025-H1,5,4.5,88,27,Yes,10
PERF0002074,EMP01037,2025-H2,5,3.57,87,42,No,8
PERF0002075,EMP01038,2025-H1,2,4.96,80,25,No,10
PERF0002076,EMP01038,2025-H2,5,4.25,62,54,No,12
PERF0002077,EMP01039,2025-H1,4,2.55,82,28,No,8
PERF0002078,EMP01039,2025-H2,3,3.77,94,55,No,12
PERF0002079,EMP01040,2025-H1,4,3.36,76,11,No,15
PERF0002080,EMP01040,2025-H2,3,3.95,87,40,No,0
PERF0002081,EMP01041,2025-H1,3,3.66,86,3,No,15
PERF0002082,EMP01041,2025-H2,5,2.56,95,17,Yes,15
PERF0002083,EMP01042,2025-H1,4,4.17,86,9,No,5
PERF0002084,EMP01042,2025-H2,3,2.73,69,40,No,5
PERF0002085,EMP01043,2025-H1,4,3.77,68,7,Yes,8
PERF0002086,EMP01043,2025-H2,5,4.43,64,29,No,10
PERF0002087,EMP01044,2025-H1,3,4.98,89,57,Yes,8
PERF0002088,EMP01044,2025-H2,3,2.95,77,29,Yes,12
PERF0002089,EMP01045,2025-H1,5,3.89,94,18,No,10
PERF0002090,EMP01045,2025-H2,4,2.6,81,30,Yes,0
PERF0002091,EMP01046,2025-H1,4,3.32,82,29,No,15
PERF0002092,EMP01046,2025-H2,3,4.83,72,16,No,12
PERF0002093,EMP01047,2025-H1,3,3.12,79,34,No,8
PERF0002094,EMP01047,2025-H2,4,3.73,65,14,No,8
PERF0002095,EMP01048,2025-H1,4,2.7,82,57,Yes,8
PERF0002096,EMP01048,2025-H2,2,4.39,80,27,Yes,10
PERF0002097,EMP01049,2025-H1,4,4.38,63,1,No,8
PERF0002098,EMP01049,2025-H2,5,2.78,61,13,No,10
PERF0002099,EMP01050,2025-H1,4,3.39,77,26,No,15
PERF0002100,EMP01050,2025-H2,3,4.51,64,11,Yes,5
PERF0002101,EMP01051,2025-H1,2,3.19,73,3,No,0
PERF0002102,EMP01051,2025-H2,3,3.06,85,17,No,15
PERF0002103,EMP01052,2025-H1,2,3.59,95,24,No,0
PERF0002104,EMP01052,2025-H2,4,3.19,95,12,Yes,5
PERF0002105,EMP01053,2025-H1,2,3.05,100,46,No,5
PERF0002106,EMP01053,2025-H2,4,3.88,75,24,No,15
PERF0002107,EMP01054,2025-H1,3,3.77,94,51,No,8
PERF0002108,EMP01054,2025-H2,3,3.74,88,7,No,15
PERF0002109,EMP01055,2025-H1,3,4.1,94,6,No,10
PERF0002110,EMP01055,2025-H2,2,4.13,67,33,Yes,0
PERF0002111,EMP01056,2025-H1,4,3.6,87,3,No,12
PERF0002112,EMP01056,2025-H2,5,2.96,72,15,Yes,10
PERF0002113,EMP01057,2025-H1,4,4.14,91,7,Yes,0
PERF0002114,EMP01057,2025-H2,3,3.77,72,6,No,15
PERF0002115,EMP01058,2025-H1,4,2.81,98,42,Yes,15
PERF0002116,EMP01058,2025-H2,4,4.5,81,24,No,5
PERF0002117,EMP01059,2025-H1,3,3.94,60,2,Yes,8
PERF0002118,EMP01059,2025-H2,3,3.84,80,5,No,12
PERF0002119,EMP01060,2025-H1,3,3.87,90,49,Yes,10
PERF0002120,EMP01060,2025-H2,2,2.56,81,53,No,5
PERF0002121,EMP01061,2025-H1,5,3.37,84,55,Yes,0
PERF0002122,EMP01061,2025-H2,3,4.03,78,32,Yes,0
PERF0002123,EMP01062,2025-H1,3,3.3,98,39,Yes,15
PERF0002124,EMP01062,2025-H2,4,4.28,78,31,No,15
PERF0002125,EMP01063,2025-H1,4,3.9,62,11,Yes,12
PERF0002126,EMP01063,2025-H2,5,3.5,89,11,Yes,8
PERF0002127,EMP01064,2025-H1,5,4.82,69,45,Yes,5
PERF0002128,EMP01064,2025-H2,3,4.52,79,36,Yes,10
PERF0002129,EMP01065,2025-H1,3,3.37,78,16,No,0
PERF0002130,EMP01065,2025-H2,3,2.76,64,47,Yes,5
PERF0002131,EMP01066,2025-H1,4,3.7,86,47,Yes,10
PERF0002132,EMP01066,2025-H2,4,3.82,88,27,No,12
PERF0002133,EMP01067,2025-H1,2,4.75,77,42,Yes,12
PERF0002134,EMP01067,2025-H2,4,4.53,65,43,No,8
PERF0002135,EMP01068,2025-H1,3,4.43,99,42,No,0
PERF0002136,EMP01068,2025-H2,5,2.71,86,60,Yes,5
PERF0002137,EMP01069,2025-H1,4,4.48,83,27,Yes,15
PERF0002138,EMP01069,2025-H2,5,2.98,89,45,Yes,15
PERF0002139,EMP01070,2025-H1,4,3.15,91,16,Yes,5
PERF0002140,EMP01070,2025-H2,3,3.95,91,28,No,10
PERF0002141,EMP01071,2025-H1,4,3.11,66,15,No,0
PERF0002142,EMP01071,2025-H2,2,3.39,74,50,No,12
PERF0002143,EMP01072,2025-H1,2,4.48,85,50,Yes,0
PERF0002144,EMP01072,2025-H2,4,3.02,67,59,No,12
PERF0002145,EMP01073,2025-H1,2,3.39,82,34,No,0
PERF0002146,EMP01073,2025-H2,4,4.36,98,27,Yes,0
PERF0002147,EMP01074,2025-H1,3,3.8,98,28,Yes,12
PERF0002148,EMP01074,2025-H2,3,4.28,84,37,No,0
PERF0002149,EMP01075,2025-H1,5,3.89,87,19,No,15
PERF0002150,EMP01075,2025-H2,5,2.95,79,35,No,15
PERF0002151,EMP01076,2025-H1,2,2.54,91,55,Yes,15
PERF0002152,EMP01076,2025-H2,4,4.51,70,8,No,12
PERF0002153,EMP01077,2025-H1,2,4.65,92,29,Yes,15
PERF0002154,EMP01077,2025-H2,4,2.85,84,20,Yes,8
PERF0002155,EMP01078,2025-H1,2,3.82,65,27,Yes,10
PERF0002156,EMP01078,2025-H2,4,4.56,95,54,No,10
PERF0002157,EMP01079,2025-H1,5,4.61,71,53,No,10
PERF0002158,EMP01079,2025-H2,5,3.86,80,10,No,8
PERF0002159,EMP01080,2025-H1,2,4.6,100,13,Yes,8
PERF0002160,EMP01080,2025-H2,4,2.59,94,23,Yes,10
PERF0002161,EMP01081,2025-H1,4,3.22,64,48,No,5
PERF0002162,EMP01081,2025-H2,5,2.64,98,3,Yes,10
PERF0002163,EMP01082,2025-H1,3,4.36,64,3,Yes,8
PERF0002164,EMP01082,2025-H2,3,4.53,90,37,No,15
PERF0002165,EMP01083,2025-H1,3,4.78,87,24,No,5
PERF0002166,EMP01083,2025-H2,2,4.52,96,0,No,0
PERF0002167,EMP01084,2025-H1,4,2.82,79,55,No,15
PERF0002168,EMP01084,2025-H2,5,3.3,64,54,Yes,8
PERF0002169,EMP01085,2025-H1,3,2.68,90,25,Yes,8
PERF0002170,EMP01085,2025-H2,5,2.76,78,7,Yes,15
PERF0002171,EMP01086,2025-H1,3,4.97,95,16,Yes,10
PERF0002172,EMP01086,2025-H2,4,3.84,85,4,No,0
PERF0002173,EMP01087,2025-H1,4,4.82,90,27,No,8
PERF0002174,EMP01087,2025-H2,5,2.89,66,39,Yes,10
PERF0002175,EMP01088,2025-H1,2,4.82,94,55,Yes,8
PERF0002176,EMP01088,2025-H2,4,3.54,96,60,Yes,10
PERF0002177,EMP01089,2025-H1,2,2.53,96,48,Yes,5
PERF0002178,EMP01089,2025-H2,4,4.78,76,7,No,5
PERF0002179,EMP01090,2025-H1,5,4.64,100,8,Yes,10
PERF0002180,EMP01090,2025-H2,2,4.0,100,37,No,10
PERF0002181,EMP01091,2025-H1,3,3.85,83,57,No,0
PERF0002182,EMP01091,2025-H2,2,2.74,67,48,Yes,12
PERF0002183,EMP01092,2025-H1,5,2.89,85,57,No,8
PERF0002184,EMP01092,2025-H2,4,4.43,85,49,No,8
PERF0002185,EMP01093,2025-H1,5,4.22,74,1,Yes,5
PERF0002186,EMP01093,2025-H2,3,2.94,99,58,No,5
PERF0002187,EMP01094,2025-H1,4,4.12,99,17,Yes,10
PERF0002188,EMP01094,2025-H2,2,2.55,71,1,Yes,8
PERF0002189,EMP01095,2025-H1,2,4.45,88,56,No,15
PERF0002190,EMP01095,2025-H2,3,3.05,100,16,No,0
PERF0002191,EMP01096,2025-H1,3,3.14,85,10,No,0
PERF0002192,EMP01096,2025-H2,4,4.91,61,42,No,5
PERF0002193,EMP01097,2025-H1,4,3.6,91,57,Yes,10
PERF0002194,EMP01097,2025-H2,5,3.8,72,43,No,8
PERF0002195,EMP01098,2025-H1,4,3.69,94,27,Yes,0
PERF0002196,EMP01098,2025-H2,5,2.96,93,2,No,8
PERF0002197,EMP01099,2025-H1,4,2.99,62,25,No,5
PERF0002198,EMP01099,2025-H2,2,4.21,84,42,No,15
PERF0002199,EMP01100,2025-H1,3,2.55,77,50,Yes,12
PERF0002200,EMP01100,2025-H2,4,3.24,91,57,No,8
PERF0002201,EMP01101,2025-H1,2,3.73,65,20,Yes,8
PERF0002202,EMP01101,2025-H2,4,4.13,61,30,No,10
PERF0002203,EMP01102,2025-H1,4,3.12,100,4,No,0
PERF0002204,EMP01102,2025-H2,4,2.71,92,52,Yes,12
PERF0002205,EMP01103,2025-H1,3,3.4,65,36,Yes,0
PERF0002206,EMP01103,2025-H2,2,4.21,65,35,Yes,5
PERF0002207,EMP01104,2025-H1,5,4.45,64,55,Yes,8
PERF0002208,EMP01104,2025-H2,5,3.2,65,6,No,5
PERF0002209,EMP01105,2025-H1,5,2.57,76,9,Yes,0
PERF0002210,EMP01105,2025-H2,4,4.71,99,11,Yes,15
PERF0002211,EMP01106,2025-H1,4,2.55,81,26,No,8
PERF0002212,EMP01106,2025-H2,2,3.18,94,13,Yes,0
PERF0002213,EMP01107,2025-H1,4,4.16,92,34,No,12
PERF0002214,EMP01107,2025-H2,4,2.94,82,29,No,10
PERF0002215,EMP01108,2025-H1,5,4.9,98,12,No,8
PERF0002216,EMP01108,2025-H2,4,3.52,65,58,No,8
PERF0002217,EMP01109,2025-H1,2,4.15,63,5,Yes,5
PERF0002218,EMP01109,2025-H2,2,3.41,87,23,No,12
PERF0002219,EMP01110,2025-H1,4,2.81,90,43,No,5
PERF0002220,EMP01110,2025-H2,4,2.93,77,10,Yes,10
PERF0002221,EMP01111,2025-H1,5,4.31,93,35,Yes,8
PERF0002222,EMP01111,2025-H2,4,4.81,83,55,No,8
PERF0002223,EMP01112,2025-H1,5,2.83,73,56,No,12
PERF0002224,EMP01112,2025-H2,2,4.94,62,0,No,10
PERF0002225,EMP01113,2025-H1,5,4.36,72,56,Yes,15
PERF0002226,EMP01113,2025-H2,5,4.18,62,8,Yes,15
PERF0002227,EMP01114,2025-H1,5,3.77,66,54,No,10
PERF0002228,EMP01114,2025-H2,4,2.75,72,60,Yes,5
PERF0002229,EMP01115,2025-H1,5,3.25,85,40,Yes,0
PERF0002230,EMP01115,2025-H2,3,4.24,88,22,Yes,0
PERF0002231,EMP01116,2025-H1,5,2.6,60,4,No,10
PERF0002232,EMP01116,2025-H2,4,2.69,89,34,No,5
PERF0002233,EMP01117,2025-H1,3,4.42,88,40,No,12
PERF0002234,EMP01117,2025-H2,2,3.99,96,9,Yes,12
PERF0002235,EMP01118,2025-H1,5,4.04,79,2,No,10
PERF0002236,EMP01118,2025-H2,2,2.81,81,7,Yes,8
PERF0002237,EMP01119,2025-H1,2,4.73,68,23,No,12
PERF0002238,EMP01119,2025-H2,4,3.21,97,12,Yes,15
PERF0002239,EMP01120,2025-H1,3,4.36,70,55,No,0
PERF0002240,EMP01120,2025-H2,2,3.13,97,17,No,12
PERF0002241,EMP01121,2025-H1,2,3.83,60,59,Yes,10
PERF0002242,EMP01121,2025-H2,2,2.61,85,20,Yes,0
PERF0002243,EMP01122,2025-H1,2,4.08,99,46,No,15
PERF0002244,EMP01122,2025-H2,2,4.31,99,20,Yes,12
PERF0002245,EMP01123,2025-H1,2,3.24,94,8,Yes,10
PERF0002246,EMP01123,2025-H2,2,3.29,63,32,No,12
PERF0002247,EMP01124,2025-H1,5,4.68,70,38,No,12
PERF0002248,EMP01124,2025-H2,4,3.47,74,58,Yes,8
PERF0002249,EMP01125,2025-H1,4,4.68,86,31,No,5
PERF0002250,EMP01125,2025-H2,2,3.76,67,18,Yes,5
PERF0002251,EMP01126,2025-H1,2,4.43,63,17,No,12
PERF0002252,EMP01126,2025-H2,3,3.26,82,5,Yes,8
PERF0002253,EMP01127,2025-H1,2,4.01,68,28,No,10
PERF0002254,EMP01127,2025-H2,5,2.89,75,23,No,10
PERF0002255,EMP01128,2025-H1,5,3.05,94,9,Yes,12
PERF0002256,EMP01128,2025-H2,4,4.13,94,11,Yes,15
PERF0002257,EMP01129,2025-H1,4,3.4,77,24,No,10
PERF0002258,EMP01129,2025-H2,5,3.94,90,37,No,15
PERF0002259,EMP01130,2025-H1,2,3.92,69,35,Yes,5
PERF0002260,EMP01130,2025-H2,4,4.06,64,28,No,12
PERF0002261,EMP01131,2025-H1,3,3.84,99,9,No,12
PERF0002262,EMP01131,2025-H2,4,2.7,95,7,Yes,15
PERF0002263,EMP01132,2025-H1,3,3.41,81,41,Yes,0
PERF0002264,EMP01132,2025-H2,5,4.21,90,45,No,12
PERF0002265,EMP01133,2025-H1,5,3.14,95,31,No,10
PERF0002266,EMP01133,2025-H2,5,4.09,68,54,No,15
PERF0002267,EMP01134,2025-H1,3,2.61,80,29,No,12
PERF0002268,EMP01134,2025-H2,3,4.74,62,18,Yes,12
PERF0002269,EMP01135,2025-H1,3,3.4,91,43,Yes,15
PERF0002270,EMP01135,2025-H2,2,4.65,89,60,No,12
PERF0002271,EMP01136,2025-H1,5,4.22,64,41,No,5
PERF0002272,EMP01136,2025-H2,3,4.94,72,12,Yes,10
PERF0002273,EMP01137,2025-H1,3,4.86,87,11,Yes,10
PERF0002274,EMP01137,2025-H2,4,4.96,94,39,Yes,5
PERF0002275,EMP01138,2025-H1,5,4.19,75,52,No,8
PERF0002276,EMP01138,2025-H2,4,4.02,75,42,No,15
PERF0002277,EMP01139,2025-H1,2,3.64,69,44,No,5
PERF0002278,EMP01139,2025-H2,5,4.41,74,39,No,0
PERF0002279,EMP01140,2025-H1,2,3.29,93,25,No,10
PERF0002280,EMP01140,2025-H2,5,3.32,85,58,No,15
PERF0002281,EMP01141,2025-H1,2,2.58,83,53,No,5
PERF0002282,EMP01141,2025-H2,3,3.58,92,42,No,12
PERF0002283,EMP01142,2025-H1,3,2.57,88,3,Yes,5
PERF0002284,EMP01142,2025-H2,2,4.06,77,38,No,15
PERF0002285,EMP01143,2025-H1,5,4.36,71,53,No,5
PERF0002286,EMP01143,2025-H2,3,4.83,100,26,Yes,12
PERF0002287,EMP01144,2025-H1,4,2.65,86,27,Yes,12
PERF0002288,EMP01144,2025-H2,4,4.84,82,27,No,0
PERF0002289,EMP01145,2025-H1,4,3.56,73,33,No,0
PERF0002290,EMP01145,2025-H2,3,3.5,87,39,Yes,10
PERF0002291,EMP01146,2025-H1,3,3.12,79,54,No,15
PERF0002292,EMP01146,2025-H2,5,4.94,77,35,Yes,8
PERF0002293,EMP01147,2025-H1,4,2.71,60,30,No,0
PERF0002294,EMP01147,2025-H2,3,3.46,88,51,No,12
PERF0002295,EMP01148,2025-H1,3,3.31,70,54,No,5
PERF0002296,EMP01148,2025-H2,5,4.9,90,2,No,5
PERF0002297,EMP01149,2025-H1,4,4.58,65,21,Yes,0
PERF0002298,EMP01149,2025-H2,3,4.1,71,16,Yes,0
PERF0002299,EMP01150,2025-H1,3,2.57,67,18,Yes,15
PERF0002300,EMP01150,2025-H2,4,3.01,78,59,Yes,10
PERF0002301,EMP01151,2025-H1,5,4.34,76,0,Yes,15
PERF0002302,EMP01151,2025-H2,4,2.73,92,17,No,0
PERF0002303,EMP01152,2025-H1,3,2.8,78,40,No,10
PERF0002304,EMP01152,2025-H2,4,4.58,86,44,No,15
PERF0002305,EMP01153,2025-H1,3,4.16,86,22,No,15
PERF0002306,EMP01153,2025-H2,2,4.82,70,14,No,10
PERF0002307,EMP01154,2025-H1,4,2.74,88,8,No,5
PERF0002308,EMP01154,2025-H2,4,3.74,76,54,No,5
PERF0002309,EMP01155,2025-H1,2,4.48,86,24,No,5
PERF0002310,EMP01155,2025-H2,2,3.8,90,40,No,12
PERF0002311,EMP01156,2025-H1,4,3.8,72,33,No,8
PERF0002312,EMP01156,2025-H2,2,2.62,61,37,No,0
PERF0002313,EMP01157,2025-H1,2,3.42,69,37,Yes,0
PERF0002314,EMP01157,2025-H2,3,4.02,72,40,Yes,0
PERF0002315,EMP01158,2025-H1,5,3.66,97,24,No,15
PERF0002316,EMP01158,2025-H2,4,4.04,62,2,Yes,10
PERF0002317,EMP01159,2025-H1,5,3.61,96,24,No,10
PERF0002318,EMP01159,2025-H2,5,4.99,81,11,No,15
PERF0002319,EMP01160,2025-H1,4,2.91,72,25,Yes,0
PERF0002320,EMP01160,2025-H2,5,2.58,99,54,No,0
PERF0002321,EMP01161,2025-H1,4,3.77,74,52,Yes,5
PERF0002322,EMP01161,2025-H2,4,2.93,89,17,No,0
PERF0002323,EMP01162,2025-H1,5,3.39,93,54,Yes,5
PERF0002324,EMP01162,2025-H2,5,4.51,85,20,No,12
PERF0002325,EMP01163,2025-H1,4,2.69,79,37,Yes,8
PERF0002326,EMP01163,2025-H2,3,3.55,88,58,Yes,0
PERF0002327,EMP01164,2025-H1,2,4.54,85,28,No,5
PERF0002328,EMP01164,2025-H2,4,4.2,84,17,Yes,12
PERF0002329,EMP01165,2025-H1,3,4.9,97,36,No,12
PERF0002330,EMP01165,2025-H2,2,3.77,90,11,No,12
PERF0002331,EMP01166,2025-H1,5,4.63,75,42,Yes,12
PERF0002332,EMP01166,2025-H2,4,4.63,99,2,No,0
PERF0002333,EMP01167,2025-H1,3,4.98,100,38,Yes,12
PERF0002334,EMP01167,2025-H2,2,3.28,94,15,No,12
PERF0002335,EMP01168,2025-H1,4,3.66,88,8,No,0
PERF0002336,EMP01168,2025-H2,4,3.8,79,51,Yes,8
PERF0002337,EMP01169,2025-H1,3,4.94,83,51,No,8
PERF0002338,EMP01169,2025-H2,2,2.68,67,28,Yes,5
PERF0002339,EMP01170,2025-H1,4,4.01,93,25,Yes,0
PERF0002340,EMP01170,2025-H2,2,4.18,86,45,No,12
PERF0002341,EMP01171,2025-H1,3,2.57,91,57,No,8
PERF0002342,EMP01171,2025-H2,5,3.09,98,30,No,5
PERF0002343,EMP01172,2025-H1,3,3.49,99,51,Yes,12
PERF0002344,EMP01172,2025-H2,3,3.74,69,41,No,5
PERF0002345,EMP01173,2025-H1,5,3.96,85,15,No,8
PERF0002346,EMP01173,2025-H2,3,4.58,78,54,Yes,8
PERF0002347,EMP01174,2025-H1,3,4.31,61,11,No,10
PERF0002348,EMP01174,2025-H2,2,3.93,99,11,Yes,8
PERF0002349,EMP01175,2025-H1,4,4.41,97,58,No,10
PERF0002350,EMP01175,2025-H2,3,4.5,80,37,No,15
PERF0002351,EMP01176,2025-H1,3,2.99,96,53,Yes,8
PERF0002352,EMP01176,2025-H2,5,2.99,76,19,No,0
PERF0002353,EMP01177,2025-H1,4,2.58,64,35,No,12
PERF0002354,EMP01177,2025-H2,5,3.4,93,37,Yes,12
PERF0002355,EMP01178,2025-H1,4,2.73,92,28,Yes,12
PERF0002356,EMP01178,2025-H2,5,4.81,85,57,Yes,8
PERF0002357,EMP01179,2025-H1,5,3.57,63,43,No,12
PERF0002358,EMP01179,2025-H2,2,3.52,73,20,Yes,12
PERF0002359,EMP01180,2025-H1,3,2.78,70,18,Yes,5
PERF0002360,EMP01180,2025-H2,3,4.42,66,36,Yes,0
PERF0002361,EMP01181,2025-H1,4,4.22,67,18,Yes,0
PERF0002362,EMP01181,2025-H2,2,3.54,65,22,No,10
PERF0002363,EMP01182,2025-H1,5,2.92,95,16,Yes,15
PERF0002364,EMP01182,2025-H2,4,4.64,84,58,Yes,15
PERF0002365,EMP01183,2025-H1,4,2.59,62,25,No,15
PERF0002366,EMP01183,2025-H2,3,4.54,71,53,Yes,15
PERF0002367,EMP01184,2025-H1,3,3.67,70,27,No,12
PERF0002368,EMP01184,2025-H2,2,4.28,83,33,Yes,12
PERF0002369,EMP01185,2025-H1,5,4.22,82,5,No,15
PERF0002370,EMP01185,2025-H2,5,2.95,70,25,Yes,15
PERF0002371,EMP01186,2025-H1,4,3.7,66,51,No,15
PERF0002372,EMP01186,2025-H2,2,4.21,97,27,Yes,5
PERF0002373,EMP01187,2025-H1,4,4.4,65,18,No,12
PERF0002374,EMP01187,2025-H2,3,3.93,94,8,No,12
PERF0002375,EMP01188,2025-H1,3,3.84,64,57,Yes,5
PERF0002376,EMP01188,2025-H2,4,2.62,97,33,Yes,0
PERF0002377,EMP01189,2025-H1,2,2.75,71,23,No,0
PERF0002378,EMP01189,2025-H2,5,4.82,84,48,No,15
PERF0002379,EMP01190,2025-H1,2,3.54,88,20,No,5
PERF0002380,EMP01190,2025-H2,4,4.56,91,33,Yes,15
PERF0002381,EMP01191,2025-H1,2,4.26,89,27,Yes,0
PERF0002382,EMP01191,2025-H2,5,3.67,94,48,No,15
PERF0002383,EMP01192,2025-H1,5,3.75,85,22,No,10
PERF0002384,EMP01192,2025-H2,3,3.57,91,37,No,0
PERF0002385,EMP01193,2025-H1,3,3.76,69,12,No,8
PERF0002386,EMP01193,2025-H2,5,4.27,95,41,Yes,8
PERF0002387,EMP01194,2025-H1,4,3.54,85,2,No,5
PERF0002388,EMP01194,2025-H2,5,4.2,79,17,No,8
PERF0002389,EMP01195,2025-H1,2,4.64,93,44,No,12
PERF0002390,EMP01195,2025-H2,2,3.98,61,51,No,12
PERF0002391,EMP01196,2025-H1,3,4.58,89,21,No,0
PERF0002392,EMP01196,2025-H2,4,3.4,68,41,Yes,10
PERF0002393,EMP01197,2025-H1,5,4.29,64,44,No,5
PERF0002394,EMP01197,2025-H2,5,3.55,81,50,No,10
PERF0002395,EMP01198,2025-H1,3,4.31,86,11,No,10
PERF0002396,EMP01198,2025-H2,2,3.64,73,43,Yes,5
PERF0002397,EMP01199,2025-H1,2,4.15,62,25,No,12
PERF0002398,EMP01199,2025-H2,3,3.38,60,50,No,5
PERF0002399,EMP01200,2025-H1,5,2.53,95,10,Yes,15
PERF0002400,EMP01200,2025-H2,2,2.51,95,8,No,12
PERF0002401,EMP01201,2025-H1,3,3.77,66,20,Yes,5
PERF0002402,EMP01201,2025-H2,2,3.83,60,38,Yes,5
PERF0002403,EMP01202,2025-H1,4,3.06,63,6,No,8
PERF0002404,EMP01202,2025-H2,5,4.01,66,51,No,0
PERF0002405,EMP01203,2025-H1,5,2.97,88,4,No,8
PERF0002406,EMP01203,2025-H2,3,3.09,99,24,Yes,15
PERF0002407,EMP01204,2025-H1,2,2.85,63,18,No,5
PERF0002408,EMP01204,2025-H2,2,3.94,97,0,No,5
PERF0002409,EMP01205,2025-H1,3,3.49,88,31,No,8
PERF0002410,EMP01205,2025-H2,4,3.09,76,58,Yes,15
PERF0002411,EMP01206,2025-H1,2,2.75,87,55,Yes,10
PERF0002412,EMP01206,2025-H2,4,3.45,64,0,Yes,8
PERF0002413,EMP01207,2025-H1,2,3.71,83,46,Yes,12
PERF0002414,EMP01207,2025-H2,2,4.34,87,57,No,0
PERF0002415,EMP01208,2025-H1,3,4.57,62,60,Yes,8
PERF0002416,EMP01208,2025-H2,5,3.25,74,49,Yes,5
PERF0002417,EMP01209,2025-H1,5,4.3,69,13,Yes,12
PERF0002418,EMP01209,2025-H2,4,2.88,65,58,Yes,0
PERF0002419,EMP01210,2025-H1,4,4.41,71,40,Yes,10
PERF0002420,EMP01210,2025-H2,3,4.22,70,28,No,10
PERF0002421,EMP01211,2025-H1,4,4.31,81,25,Yes,0
PERF0002422,EMP01211,2025-H2,4,2.95,74,15,Yes,15
PERF0002423,EMP01212,2025-H1,2,3.52,100,12,Yes,12
PERF0002424,EMP01212,2025-H2,3,4.12,87,52,Yes,5
PERF0002425,EMP01213,2025-H1,3,3.32,62,9,Yes,10
PERF0002426,EMP01213,2025-H2,3,3.63,61,50,No,5
PERF0002427,EMP01214,2025-H1,3,3.68,66,31,Yes,10
PERF0002428,EMP01214,2025-H2,5,3.1,61,25,Yes,5
PERF0002429,EMP01215,2025-H1,3,4.66,79,38,No,15
PERF0002430,EMP01215,2025-H2,3,2.56,91,57,Yes,8
PERF0002431,EMP01216,2025-H1,3,4.48,76,10,Yes,10
PERF0002432,EMP01216,2025-H2,2,4.38,62,50,No,8
PERF0002433,EMP01217,2025-H1,3,3.71,88,8,Yes,8
PERF0002434,EMP01217,2025-H2,4,4.94,66,15,Yes,15
PERF0002435,EMP01218,2025-H1,4,3.9,96,19,No,5
PERF0002436,EMP01218,2025-H2,5,4.58,83,49,No,10
PERF0002437,EMP01219,2025-H1,2,3.36,86,13,No,5
PERF0002438,EMP01219,2025-H2,2,2.97,80,47,No,12
PERF0002439,EMP01220,2025-H1,2,3.18,81,12,Yes,12
PERF0002440,EMP01220,2025-H2,4,4.2,75,22,No,12
PERF0002441,EMP01221,2025-H1,5,4.63,62,43,Yes,8
PERF0002442,EMP01221,2025-H2,5,4.16,73,13,No,10
PERF0002443,EMP01222,2025-H1,2,3.12,66,41,Yes,10
PERF0002444,EMP01222,2025-H2,5,3.06,86,9,No,12
PERF0002445,EMP01223,2025-H1,4,4.22,77,51,Yes,0
PERF0002446,EMP01223,2025-H2,3,3.85,63,44,Yes,8
PERF0002447,EMP01224,2025-H1,5,4.6,61,44,No,0
PERF0002448,EMP01224,2025-H2,3,2.58,98,31,Yes,0
PERF0002449,EMP01225,2025-H1,3,3.96,90,13,No,0
PERF0002450,EMP01225,2025-H2,3,3.77,61,37,No,10
PERF0002451,EMP01226,2025-H1,2,4.82,82,24,Yes,12
PERF0002452,EMP01226,2025-H2,2,4.79,63,53,Yes,15
PERF0002453,EMP01227,2025-H1,2,2.77,92,28,Yes,0
PERF0002454,EMP01227,2025-H2,4,3.93,84,17,Yes,8
PERF0002455,EMP01228,2025-H1,2,3.93,92,46,No,15
PERF0002456,EMP01228,2025-H2,4,3.28,82,60,No,5
PERF0002457,EMP01229,2025-H1,5,3.05,100,25,No,8
PERF0002458,EMP01229,2025-H2,3,4.14,71,20,Yes,5
PERF0002459,EMP01230,2025-H1,5,4.61,100,4,No,5
PERF0002460,EMP01230,2025-H2,2,2.62,90,11,Yes,8
PERF0002461,EMP01231,2025-H1,3,2.96,60,40,No,0
PERF0002462,EMP01231,2025-H2,3,4.71,90,22,No,10
PERF0002463,EMP01232,2025-H1,3,4.87,73,53,Yes,12
PERF0002464,EMP01232,2025-H2,3,3.46,91,16,Yes,5
PERF0002465,EMP01233,2025-H1,4,3.27,74,43,Yes,0
PERF0002466,EMP01233,2025-H2,5,2.8,60,4,Yes,12
PERF0002467,EMP01234,2025-H1,2,3.19,87,29,No,5
PERF0002468,EMP01234,2025-H2,4,4.69,74,12,No,15
PERF0002469,EMP01235,2025-H1,5,4.35,91,49,No,10
PERF0002470,EMP01235,2025-H2,5,3.9,62,32,Yes,5
PERF0002471,EMP01236,2025-H1,4,4.51,97,38,Yes,5
PERF0002472,EMP01236,2025-H2,2,4.32,67,0,No,15
PERF0002473,EMP01237,2025-H1,5,3.94,66,51,Yes,12
PERF0002474,EMP01237,2025-H2,2,4.83,92,32,No,8
PERF0002475,EMP01238,2025-H1,3,3.51,86,33,No,15
PERF0002476,EMP01238,2025-H2,5,3.65,82,34,Yes,15
PERF0002477,EMP01239,2025-H1,5,2.88,72,2,No,0
PERF0002478,EMP01239,2025-H2,2,3.73,99,45,No,15
PERF0002479,EMP01240,2025-H1,4,4.04,69,3,No,12
PERF0002480,EMP01240,2025-H2,2,4.16,96,2,No,0
PERF0002481,EMP01241,2025-H1,2,2.99,98,51,Yes,12
PERF0002482,EMP01241,2025-H2,4,3.33,62,29,Yes,12
PERF0002483,EMP01242,2025-H1,2,4.1,79,35,No,15
PERF0002484,EMP01242,2025-H2,2,4.25,81,57,No,15
PERF0002485,EMP01243,2025-H1,5,4.66,74,44,No,8
PERF0002486,EMP01243,2025-H2,3,3.45,100,48,Yes,10
PERF0002487,EMP01244,2025-H1,5,3.31,73,9,Yes,15
PERF0002488,EMP01244,2025-H2,5,3.77,87,38,Yes,15
PERF0002489,EMP01245,2025-H1,3,4.28,99,48,No,12
PERF0002490,EMP01245,2025-H2,4,4.41,74,13,No,15
PERF0002491,EMP01246,2025-H1,3,3.8,60,52,Yes,5
PERF0002492,EMP01246,2025-H2,5,2.92,68,9,Yes,0
PERF0002493,EMP01247,2025-H1,3,2.98,84,60,No,12
PERF0002494,EMP01247,2025-H2,5,4.22,76,50,Yes,5
PERF0002495,EMP01248,2025-H1,3,3.23,80,18,Yes,8
PERF0002496,EMP01248,2025-H2,5,4.36,77,30,Yes,12
PERF0002497,EMP01249,2025-H1,3,3.24,98,56,No,15
PERF0002498,EMP01249,2025-H2,2,2.61,90,16,No,5
PERF0002499,EMP01250,2025-H1,3,2.5,66,2,Yes,10
PERF0002500,EMP01250,2025-H2,2,3.73,65,59,No,8
PERF0002501,EMP01251,2025-H1,3,3.15,77,20,No,0
PERF0002502,EMP01251,2025-H2,4,4.76,63,8,Yes,5
PERF0002503,EMP01252,2025-H1,2,2.97,88,41,Yes,12
PERF0002504,EMP01252,2025-H2,2,3.05,100,42,Yes,10
PERF0002505,EMP01253,2025-H1,4,3.3,99,3,No,5
PERF0002506,EMP01253,2025-H2,5,3.57,83,53,Yes,12
PERF0002507,EMP01254,2025-H1,3,4.66,92,11,No,0
PERF0002508,EMP01254,2025-H2,3,2.91,62,58,Yes,10
PERF0002509,EMP01255,2025-H1,5,4.42,72,58,No,8
PERF0002510,EMP01255,2025-H2,3,3.32,65,60,No,12
PERF0002511,EMP01256,2025-H1,3,3.88,87,27,No,10
PERF0002512,EMP01256,2025-H2,5,4.15,85,35,Yes,5
PERF0002513,EMP01257,2025-H1,3,4.49,95,24,Yes,12
PERF0002514,EMP01257,2025-H2,2,3.94,61,59,Yes,0
PERF0002515,EMP01258,2025-H1,5,4.28,92,15,No,15
PERF0002516,EMP01258,2025-H2,3,2.81,99,49,Yes,10
PERF0002517,EMP01259,2025-H1,4,3.04,80,36,Yes,12
PERF0002518,EMP01259,2025-H2,4,2.68,80,41,No,5
PERF0002519,EMP01260,2025-H1,5,4.52,97,45,No,15
PERF0002520,EMP01260,2025-H2,3,3.98,80,43,Yes,8
PERF0002521,EMP01261,2025-H1,5,4.9,78,23,No,5
PERF0002522,EMP01261,2025-H2,4,4.15,78,29,Yes,8
PERF0002523,EMP01262,2025-H1,5,4.54,93,14,Yes,0
PERF0002524,EMP01262,2025-H2,3,4.51,73,41,No,15
PERF0002525,EMP01263,2025-H1,5,2.99,97,14,Yes,12
PERF0002526,EMP01263,2025-H2,5,4.47,99,21,Yes,0
PERF0002527,EMP01264,2025-H1,4,2.83,84,39,No,8
PERF0002528,EMP01264,2025-H2,5,3.52,99,56,No,8
PERF0002529,EMP01265,2025-H1,4,3.15,71,17,No,8
PERF0002530,EMP01265,2025-H2,3,2.82,81,6,No,0
PERF0002531,EMP01266,2025-H1,4,4.84,84,14,No,10
PERF0002532,EMP01266,2025-H2,2,4.77,92,10,No,12
PERF0002533,EMP01267,2025-H1,3,4.61,81,37,Yes,10
PERF0002534,EMP01267,2025-H2,2,2.62,83,43,Yes,15
PERF0002535,EMP01268,2025-H1,2,4.66,61,12,Yes,15
PERF0002536,EMP01268,2025-H2,5,3.34,66,5,Yes,5
PERF0002537,EMP01269,2025-H1,4,4.33,95,30,Yes,10
PERF0002538,EMP01269,2025-H2,2,4.97,89,59,No,12
PERF0002539,EMP01270,2025-H1,4,4.09,60,49,No,0
PERF0002540,EMP01270,2025-H2,5,2.86,96,35,Yes,12
PERF0002541,EMP01271,2025-H1,2,3.6,94,36,No,10
PERF0002542,EMP01271,2025-H2,2,3.61,99,46,No,8
PERF0002543,EMP01272,2025-H1,4,3.48,86,21,Yes,12
PERF0002544,EMP01272,2025-H2,4,4.04,74,29,No,12
PERF0002545,EMP01273,2025-H1,4,4.93,88,2,No,0
PERF0002546,EMP01273,2025-H2,3,4.36,60,13,Yes,8
PERF0002547,EMP01274,2025-H1,3,2.53,93,46,Yes,15
PERF0002548,EMP01274,2025-H2,2,4.04,89,2,Yes,15
PERF0002549,EMP01275,2025-H1,2,2.88,87,49,No,12
PERF0002550,EMP01275,2025-H2,3,2.74,82,43,Yes,12
PERF0002551,EMP01276,2025-H1,3,4.25,82,52,No,5
PERF0002552,EMP01276,2025-H2,5,4.92,72,26,Yes,0
PERF0002553,EMP01277,2025-H1,4,3.93,71,39,Yes,8
PERF0002554,EMP01277,2025-H2,4,4.11,85,44,Yes,15
PERF0002555,EMP01278,2025-H1,3,4.39,100,32,Yes,8
PERF0002556,EMP01278,2025-H2,2,3.75,72,52,Yes,0
PERF0002557,EMP01279,2025-H1,3,4.65,71,33,No,10
PERF0002558,EMP01279,2025-H2,5,2.9,94,8,Yes,15
PERF0002559,EMP01280,2025-H1,5,3.23,95,48,Yes,15
PERF0002560,EMP01280,2025-H2,3,4.69,93,40,Yes,0
PERF0002561,EMP01281,2025-H1,2,2.59,92,32,No,8
PERF0002562,EMP01281,2025-H2,2,3.16,62,0,Yes,10
PERF0002563,EMP01282,2025-H1,3,2.62,82,53,Yes,0
PERF0002564,EMP01282,2025-H2,3,2.72,61,37,No,0
PERF0002565,EMP01283,2025-H1,2,4.14,81,10,Yes,8
PERF0002566,EMP01283,2025-H2,4,4.33,70,31,Yes,12
PERF0002567,EMP01284,2025-H1,2,4.89,91,51,No,0
PERF0002568,EMP01284,2025-H2,4,4.52,72,25,Yes,8
PERF0002569,EMP01285,2025-H1,2,3.2,66,44,Yes,8
PERF0002570,EMP01285,2025-H2,5,2.89,98,56,No,12
PERF0002571,EMP01286,2025-H1,4,4.48,80,9,Yes,0
PERF0002572,EMP01286,2025-H2,2,2.71,98,29,Yes,5
PERF0002573,EMP01287,2025-H1,3,3.1,67,57,No,5
PERF0002574,EMP01287,2025-H2,2,2.99,90,51,No,10
PERF0002575,EMP01288,2025-H1,5,2.94,80,15,No,15
PERF0002576,EMP01288,2025-H2,5,4.3,60,46,Yes,8
PERF0002577,EMP01289,2025-H1,2,4.74,94,14,Yes,5
PERF0002578,EMP01289,2025-H2,3,2.53,66,59,No,15
PERF0002579,EMP01290,2025-H1,2,2.76,81,39,No,15
PERF0002580,EMP01290,2025-H2,5,4.28,78,13,Yes,15
PERF0002581,EMP01291,2025-H1,2,2.57,69,20,Yes,12
PERF0002582,EMP01291,2025-H2,3,2.86,75,50,Yes,15
PERF0002583,EMP01292,2025-H1,4,4.8,93,15,No,15
PERF0002584,EMP01292,2025-H2,4,4.51,88,60,Yes,0
PERF0002585,EMP01293,2025-H1,2,2.67,80,16,No,10
PERF0002586,EMP01293,2025-H2,3,3.43,89,56,Yes,8
PERF0002587,EMP01294,2025-H1,5,4.23,81,29,No,12
PERF0002588,EMP01294,2025-H2,4,3.21,73,30,Yes,5
PERF0002589,EMP01295,2025-H1,4,4.9,89,11,Yes,0
PERF0002590,EMP01295,2025-H2,5,4.52,79,44,Yes,5
PERF0002591,EMP01296,2025-H1,4,4.45,67,53,Yes,10
PERF0002592,EMP01296,2025-H2,3,2.66,95,51,Yes,5
PERF0002593,EMP01297,2025-H1,3,4.57,99,50,Yes,12
PERF0002594,EMP01297,2025-H2,2,4.23,66,7,No,5
PERF0002595,EMP01298,2025-H1,2,2.52,63,41,No,10
PERF0002596,EMP01298,2025-H2,2,3.89,80,33,No,10
PERF0002597,EMP01299,2025-H1,3,2.75,80,30,No,15
PERF0002598,EMP01299,2025-H2,2,4.49,60,47,Yes,5
PERF0002599,EMP01300,2025-H1,5,4.82,98,6,No,5
PERF0002600,EMP01300,2025-H2,2,3.08,67,14,No,5
PERF0002601,EMP01301,2025-H1,5,2.65,100,58,No,15
PERF0002602,EMP01301,2025-H2,4,3.42,62,30,No,10
PERF0002603,EMP01302,2025-H1,2,4.6,90,18,No,10
PERF0002604,EMP01302,2025-H2,2,4.29,74,60,No,8
PERF0002605,EMP01303,2025-H1,3,3.23,67,43,No,8
PERF0002606,EMP01303,2025-H2,4,3.03,60,33,Yes,8
PERF0002607,EMP01304,2025-H1,4,4.42,60,42,Yes,0
PERF0002608,EMP01304,2025-H2,3,4.07,66,10,No,10
PERF0002609,EMP01305,2025-H1,2,3.72,86,1,No,10
PERF0002610,EMP01305,2025-H2,5,4.39,100,17,Yes,12
PERF0002611,EMP01306,2025-H1,5,3.23,65,36,No,0
PERF0002612,EMP01306,2025-H2,3,4.99,81,14,Yes,15
PERF0002613,EMP01307,2025-H1,2,4.11,76,15,Yes,12
PERF0002614,EMP01307,2025-H2,4,3.46,93,58,Yes,8
PERF0002615,EMP01308,2025-H1,5,3.83,61,9,No,15
PERF0002616,EMP01308,2025-H2,3,4.11,65,34,No,10
PERF0002617,EMP01309,2025-H1,5,4.59,95,58,No,12
PERF0002618,EMP01309,2025-H2,2,3.12,79,15,Yes,10
PERF0002619,EMP01310,2025-H1,2,2.79,88,26,No,8
PERF0002620,EMP01310,2025-H2,2,3.26,94,35,No,10
PERF0002621,EMP01311,2025-H1,5,4.3,71,40,No,8
PERF0002622,EMP01311,2025-H2,3,4.19,79,28,Yes,8
PERF0002623,EMP01312,2025-H1,2,3.7,85,34,No,8
PERF0002624,EMP01312,2025-H2,5,3.19,99,4,No,0
PERF0002625,EMP01313,2025-H1,4,3.49,97,15,No,10
PERF0002626,EMP01313,2025-H2,4,3.93,60,40,No,0
PERF0002627,EMP01314,2025-H1,3,3.49,66,26,No,15
PERF0002628,EMP01314,2025-H2,4,3.1,89,27,No,5
PERF0002629,EMP01315,2025-H1,4,2.62,88,8,No,0
PERF0002630,EMP01315,2025-H2,4,3.61,64,30,No,0
PERF0002631,EMP01316,2025-H1,2,2.71,70,9,Yes,0
PERF0002632,EMP01316,2025-H2,5,2.73,90,14,Yes,8
PERF0002633,EMP01317,2025-H1,5,3.68,64,42,No,0
PERF0002634,EMP01317,2025-H2,5,2.79,79,17,No,12
PERF0002635,EMP01318,2025-H1,5,4.13,91,50,No,8
PERF0002636,EMP01318,2025-H2,4,4.37,71,21,Yes,0
PERF0002637,EMP01319,2025-H1,2,3.5,68,40,Yes,15
PERF0002638,EMP01319,2025-H2,2,3.73,64,41,No,10
PERF0002639,EMP01320,2025-H1,3,3.94,74,40,Yes,15
PERF0002640,EMP01320,2025-H2,4,3.65,95,7,Yes,10
PERF0002641,EMP01321,2025-H1,3,4.99,72,36,No,12
PERF0002642,EMP01321,2025-H2,5,4.94,98,28,Yes,10
PERF0002643,EMP01322,2025-H1,2,4.47,100,34,No,0
PERF0002644,EMP01322,2025-H2,2,3.68,90,29,Yes,0
PERF0002645,EMP01323,2025-H1,4,3.88,87,26,No,10
PERF0002646,EMP01323,2025-H2,4,4.67,93,58,Yes,0
PERF0002647,EMP01324,2025-H1,2,2.73,84,53,Yes,8
PERF0002648,EMP01324,2025-H2,2,2.96,62,29,No,15
PERF0002649,EMP01325,2025-H1,2,3.0,72,25,No,10
PERF0002650,EMP01325,2025-H2,2,2.91,64,48,No,15
PERF0002651,EMP01326,2025-H1,5,4.36,72,30,No,8
PERF0002652,EMP01326,2025-H2,5,4.51,96,16,No,8
PERF0002653,EMP01327,2025-H1,4,4.39,98,38,No,5
PERF0002654,EMP01327,2025-H2,5,3.92,92,29,Yes,5
PERF0002655,EMP01328,2025-H1,5,3.35,97,30,Yes,15
PERF0002656,EMP01328,2025-H2,4,4.75,78,45,Yes,0
PERF0002657,EMP01329,2025-H1,2,2.9,70,31,Yes,12
PERF0002658,EMP01329,2025-H2,5,3.2,86,18,Yes,0
PERF0002659,EMP01330,2025-H1,3,2.54,67,5,No,15
PERF0002660,EMP01330,2025-H2,2,2.55,100,49,Yes,10
PERF0002661,EMP01331,2025-H1,3,2.55,79,46,No,8
PERF0002662,EMP01331,2025-H2,3,4.96,99,37,Yes,10
PERF0002663,EMP01332,2025-H1,3,4.34,82,39,No,0
PERF0002664,EMP01332,2025-H2,3,4.89,61,28,Yes,10
PERF0002665,EMP01333,2025-H1,5,4.31,100,38,No,12
PERF0002666,EMP01333,2025-H2,4,2.74,96,53,No,8
PERF0002667,EMP01334,2025-H1,2,2.93,60,10,Yes,5
PERF0002668,EMP01334,2025-H2,3,2.75,93,41,Yes,15
PERF0002669,EMP01335,2025-H1,4,3.76,60,47,Yes,8
PERF0002670,EMP01335,2025-H2,2,3.49,60,6,Yes,12
PERF0002671,EMP01336,2025-H1,2,2.54,91,20,No,8
PERF0002672,EMP01336,2025-H2,5,3.4,73,27,No,8
PERF0002673,EMP01337,2025-H1,4,2.61,87,30,Yes,8
PERF0002674,EMP01337,2025-H2,4,3.65,63,15,No,0
PERF0002675,EMP01338,2025-H1,5,2.75,73,5,No,0
PERF0002676,EMP01338,2025-H2,5,3.32,69,59,No,10
PERF0002677,EMP01339,2025-H1,3,3.68,93,33,No,8
PERF0002678,EMP01339,2025-H2,5,2.52,60,21,No,5
PERF0002679,EMP01340,2025-H1,4,3.44,100,27,Yes,5
PERF0002680,EMP01340,2025-H2,3,4.65,99,47,Yes,15
PERF0002681,EMP01341,2025-H1,2,4.06,60,39,Yes,0
PERF0002682,EMP01341,2025-H2,5,3.92,64,33,Yes,5
PERF0002683,EMP01342,2025-H1,4,2.61,98,36,Yes,15
PERF0002684,EMP01342,2025-H2,2,3.76,95,23,Yes,5
PERF0002685,EMP01343,2025-H1,3,3.27,72,30,No,10
PERF0002686,EMP01343,2025-H2,4,2.86,81,10,Yes,5
PERF0002687,EMP01344,2025-H1,4,3.99,88,3,No,0
PERF0002688,EMP01344,2025-H2,3,2.86,72,22,Yes,15
PERF0002689,EMP01345,2025-H1,5,4.01,94,55,No,12
PERF0002690,EMP01345,2025-H2,4,3.24,86,29,Yes,10
PERF0002691,EMP01346,2025-H1,4,3.37,79,37,Yes,8
PERF0002692,EMP01346,2025-H2,4,2.58,79,40,No,0
PERF0002693,EMP01347,2025-H1,3,2.75,74,35,Yes,15
PERF0002694,EMP01347,2025-H2,4,4.09,71,43,Yes,5
PERF0002695,EMP01348,2025-H1,4,4.21,71,59,Yes,10
PERF0002696,EMP01348,2025-H2,5,3.19,67,48,Yes,10
PERF0002697,EMP01349,2025-H1,3,2.8,77,29,No,5
PERF0002698,EMP01349,2025-H2,4,3.13,73,31,Yes,10
PERF0002699,EMP01350,2025-H1,3,3.46,60,37,Yes,5
PERF0002700,EMP01350,2025-H2,3,4.6,86,25,No,0
PERF0002701,EMP01351,2025-H1,4,4.73,92,52,Yes,15
PERF0002702,EMP01351,2025-H2,3,4.98,86,13,Yes,0
PERF0002703,EMP01352,2025-H1,4,4.03,85,3,No,8
PERF0002704,EMP01352,2025-H2,2,2.87,88,32,No,5
PERF0002705,EMP01353,2025-H1,4,4.29,93,48,No,0
PERF0002706,EMP01353,2025-H2,3,2.8,72,32,No,5
PERF0002707,EMP01354,2025-H1,4,4.67,61,44,No,15
PERF0002708,EMP01354,2025-H2,4,4.1,74,33,Yes,5
PERF0002709,EMP01355,2025-H1,3,4.03,76,17,No,15
PERF0002710,EMP01355,2025-H2,3,3.21,69,59,Yes,8
PERF0002711,EMP01356,2025-H1,5,3.23,89,25,Yes,0
PERF0002712,EMP01356,2025-H2,2,3.49,67,52,Yes,0
PERF0002713,EMP01357,2025-H1,3,4.12,72,7,No,5
PERF0002714,EMP01357,2025-H2,2,2.81,93,46,No,5
PERF0002715,EMP01358,2025-H1,5,2.98,95,34,Yes,0
PERF0002716,EMP01358,2025-H2,2,4.24,100,11,No,10
PERF0002717,EMP01359,2025-H1,2,4.04,70,41,Yes,5
PERF0002718,EMP01359,2025-H2,2,3.6,83,37,No,15
PERF0002719,EMP01360,2025-H1,5,3.85,60,56,Yes,5
PERF0002720,EMP01360,2025-H2,2,4.18,82,17,Yes,10
PERF0002721,EMP01361,2025-H1,3,3.78,76,24,Yes,0
PERF0002722,EMP01361,2025-H2,3,3.27,73,43,Yes,8
PERF0002723,EMP01362,2025-H1,2,4.74,79,19,Yes,10
PERF0002724,EMP01362,2025-H2,3,3.5,91,43,Yes,0
PERF0002725,EMP01363,2025-H1,2,4.01,75,11,No,10
PERF0002726,EMP01363,2025-H2,5,2.65,86,35,Yes,12
PERF0002727,EMP01364,2025-H1,3,3.02,91,24,No,15
PERF0002728,EMP01364,2025-H2,2,5.0,96,41,Yes,10
PERF0002729,EMP01365,2025-H1,5,4.01,91,15,No,10
PERF0002730,EMP01365,2025-H2,3,4.4,86,28,Yes,8
PERF0002731,EMP01366,2025-H1,5,4.8,71,19,No,12
PERF0002732,EMP01366,2025-H2,2,4.99,70,33,Yes,5
PERF0002733,EMP01367,2025-H1,3,3.25,94,28,Yes,15
PERF0002734,EMP01367,2025-H2,2,4.69,71,39,Yes,15
PERF0002735,EMP01368,2025-H1,5,4.21,89,28,No,12
PERF0002736,EMP01368,2025-H2,5,2.91,81,37,No,8
PERF0002737,EMP01369,2025-H1,3,3.85,91,21,Yes,12
PERF0002738,EMP01369,2025-H2,2,4.74,68,27,No,12
PERF0002739,EMP01370,2025-H1,4,3.93,86,34,No,0
PERF0002740,EMP01370,2025-H2,2,4.13,92,31,No,8
PERF0002741,EMP01371,2025-H1,2,4.71,90,40,No,8
PERF0002742,EMP01371,2025-H2,5,4.2,88,11,Yes,15
PERF0002743,EMP01372,2025-H1,4,3.14,79,1,Yes,5
PERF0002744,EMP01372,2025-H2,2,4.3,79,6,No,0
PERF0002745,EMP01373,2025-H1,5,4.86,98,41,No,0
PERF0002746,EMP01373,2025-H2,5,3.28,97,16,Yes,15
PERF0002747,EMP01374,2025-H1,5,3.26,77,20,No,5
PERF0002748,EMP01374,2025-H2,5,3.52,66,4,No,12
PERF0002749,EMP01375,2025-H1,4,2.88,69,2,Yes,8
PERF0002750,EMP01375,2025-H2,3,3.9,62,14,Yes,10
PERF0002751,EMP01376,2025-H1,5,4.36,73,7,No,8
PERF0002752,EMP01376,2025-H2,3,3.2,62,37,Yes,10
PERF0002753,EMP01377,2025-H1,5,3.09,88,35,No,10
PERF0002754,EMP01377,2025-H2,4,3.91,92,24,Yes,12
PERF0002755,EMP01378,2025-H1,4,4.93,99,22,Yes,12
PERF0002756,EMP01378,2025-H2,3,4.11,78,58,Yes,12
PERF0002757,EMP01379,2025-H1,4,4.17,75,37,No,8
PERF0002758,EMP01379,2025-H2,5,4.74,86,60,Yes,8
PERF0002759,EMP01380,2025-H1,2,2.86,69,0,Yes,8
PERF0002760,EMP01380,2025-H2,5,3.68,80,47,No,0
PERF0002761,EMP01381,2025-H1,2,4.41,69,29,Yes,10
PERF0002762,EMP01381,2025-H2,5,3.62,71,56,Yes,15
PERF0002763,EMP01382,2025-H1,2,4.75,90,51,No,12
PERF0002764,EMP01382,2025-H2,4,4.29,94,27,Yes,5
PERF0002765,EMP01383,2025-H1,3,2.66,85,21,No,0
PERF0002766,EMP01383,2025-H2,4,3.94,73,45,No,0
PERF0002767,EMP01384,2025-H1,2,2.51,70,4,Yes,8
PERF0002768,EMP01384,2025-H2,3,3.22,72,47,No,10
PERF0002769,EMP01385,2025-H1,5,3.66,95,47,No,0
PERF0002770,EMP01385,2025-H2,5,3.03,80,17,No,12
PERF0002771,EMP01386,2025-H1,3,4.84,65,2,No,8
PERF0002772,EMP01386,2025-H2,3,4.38,69,3,Yes,10
PERF0002773,EMP01387,2025-H1,4,2.69,83,48,No,8
PERF0002774,EMP01387,2025-H2,3,3.84,62,36,Yes,0
PERF0002775,EMP01388,2025-H1,3,4.13,100,29,Yes,8
PERF0002776,EMP01388,2025-H2,2,3.03,95,22,Yes,8
PERF0002777,EMP01389,2025-H1,5,2.91,76,42,Yes,0
PERF0002778,EMP01389,2025-H2,4,3.28,69,14,No,12
PERF0002779,EMP01390,2025-H1,4,4.15,90,43,No,10
PERF0002780,EMP01390,2025-H2,2,4.79,87,46,No,15
PERF0002781,EMP01391,2025-H1,3,3.93,67,6,No,15
PERF0002782,EMP01391,2025-H2,4,3.28,97,43,No,10
PERF0002783,EMP01392,2025-H1,4,2.8,67,55,No,0
PERF0002784,EMP01392,2025-H2,5,3.28,60,28,Yes,10
PERF0002785,EMP01393,2025-H1,4,3.48,93,43,Yes,10
PERF0002786,EMP01393,2025-H2,3,4.24,85,45,No,5
PERF0002787,EMP01394,2025-H1,2,2.51,72,30,Yes,12
PERF0002788,EMP01394,2025-H2,5,3.97,81,29,No,8
PERF0002789,EMP01395,2025-H1,5,4.88,82,60,Yes,15
PERF0002790,EMP01395,2025-H2,4,3.32,99,51,Yes,10
PERF0002791,EMP01396,2025-H1,5,2.61,94,4,No,12
PERF0002792,EMP01396,2025-H2,3,2.87,84,31,No,5
PERF0002793,EMP01397,2025-H1,3,2.51,81,15,Yes,15
PERF0002794,EMP01397,2025-H2,2,4.75,74,5,Yes,0
PERF0002795,EMP01398,2025-H1,5,4.17,61,26,Yes,15
PERF0002796,EMP01398,2025-H2,4,4.58,100,31,Yes,8
PERF0002797,EMP01399,2025-H1,2,3.09,71,41,Yes,10
PERF0002798,EMP01399,2025-H2,3,2.85,77,10,No,8
PERF0002799,EMP01400,2025-H1,4,2.89,66,29,Yes,8
PERF0002800,EMP01400,2025-H2,2,2.52,84,30,No,0
PERF0002801,EMP01401,2025-H1,3,4.24,90,16,Yes,5
PERF0002802,EMP01401,2025-H2,4,3.3,99,22,No,5
PERF0002803,EMP01402,2025-H1,4,3.73,66,38,No,5
PERF0002804,EMP01402,2025-H2,3,4.68,63,0,Yes,12
PERF0002805,EMP01403,2025-H1,5,2.52,93,25,Yes,15
PERF0002806,EMP01403,2025-H2,4,4.98,73,29,Yes,15
PERF0002807,EMP01404,2025-H1,4,4.92,83,5,Yes,10
PERF0002808,EMP01404,2025-H2,3,4.31,96,13,No,5
PERF0002809,EMP01405,2025-H1,4,3.15,92,15,No,5
PERF0002810,EMP01405,2025-H2,5,4.99,61,21,Yes,8
PERF0002811,EMP01406,2025-H1,5,4.38,66,19,No,10
PERF0002812,EMP01406,2025-H2,4,2.81,66,16,No,12
PERF0002813,EMP01407,2025-H1,2,3.09,85,48,Yes,10
PERF0002814,EMP01407,2025-H2,3,4.83,67,20,No,15
PERF0002815,EMP01408,2025-H1,5,4.4,64,59,No,0
PERF0002816,EMP01408,2025-H2,4,4.03,81,22,Yes,15
PERF0002817,EMP01409,2025-H1,3,3.04,74,21,No,0
PERF0002818,EMP01409,2025-H2,5,3.42,76,58,Yes,10
PERF0002819,EMP01410,2025-H1,2,4.09,80,31,No,8
PERF0002820,EMP01410,2025-H2,2,2.65,91,10,No,0
PERF0002821,EMP01411,2025-H1,4,4.38,91,31,Yes,15
PERF0002822,EMP01411,2025-H2,4,4.59,100,60,No,8
PERF0002823,EMP01412,2025-H1,4,4.55,88,41,No,12
PERF0002824,EMP01412,2025-H2,4,3.07,82,22,Yes,15
PERF0002825,EMP01413,2025-H1,2,4.37,64,19,Yes,0
PERF0002826,EMP01413,2025-H2,3,2.98,94,2,No,0
PERF0002827,EMP01414,2025-H1,2,4.64,93,43,Yes,8
PERF0002828,EMP01414,2025-H2,5,2.68,100,13,No,8
PERF0002829,EMP01415,2025-H1,4,2.53,62,55,No,15
PERF0002830,EMP01415,2025-H2,4,3.98,79,59,Yes,8
PERF0002831,EMP01416,2025-H1,2,3.41,76,11,Yes,5
PERF0002832,EMP01416,2025-H2,3,3.89,72,50,No,0
PERF0002833,EMP01417,2025-H1,5,2.94,77,3,Yes,12
PERF0002834,EMP01417,2025-H2,2,4.74,76,33,Yes,0
PERF0002835,EMP01418,2025-H1,5,4.83,85,20,No,0
PERF0002836,EMP01418,2025-H2,4,4.96,71,47,No,5
PERF0002837,EMP01419,2025-H1,5,4.43,66,57,Yes,10
PERF0002838,EMP01419,2025-H2,4,3.71,89,55,Yes,0
PERF0002839,EMP01420,2025-H1,5,3.01,72,25,Yes,12
PERF0002840,EMP01420,2025-H2,3,3.79,74,13,Yes,15
PERF0002841,EMP01421,2025-H1,4,4.26,91,7,No,8
PERF0002842,EMP01421,2025-H2,3,2.67,90,41,Yes,8
PERF0002843,EMP01422,2025-H1,2,2.71,62,14,Yes,8
PERF0002844,EMP01422,2025-H2,2,4.66,74,11,No,15
PERF0002845,EMP01423,2025-H1,2,3.48,61,33,Yes,0
PERF0002846,EMP01423,2025-H2,2,3.09,89,17,No,5
PERF0002847,EMP01424,2025-H1,3,2.77,65,42,No,8
PERF0002848,EMP01424,2025-H2,4,2.7,91,51,No,15
PERF0002849,EMP01425,2025-H1,4,3.02,80,39,Yes,5
PERF0002850,EMP01425,2025-H2,5,4.73,74,44,No,5
PERF0002851,EMP01426,2025-H1,5,2.58,98,46,No,15
PERF0002852,EMP01426,2025-H2,4,3.98,89,21,Yes,8
PERF0002853,EMP01427,2025-H1,2,2.96,69,50,No,0
PERF0002854,EMP01427,2025-H2,5,3.09,97,48,No,0
PERF0002855,EMP01428,2025-H1,5,3.64,86,3,No,10
PERF0002856,EMP01428,2025-H2,4,4.74,76,12,Yes,5
PERF0002857,EMP01429,2025-H1,2,2.68,75,19,No,12
PERF0002858,EMP01429,2025-H2,3,3.34,68,10,No,5
PERF0002859,EMP01430,2025-H1,4,4.87,92,57,No,12
PERF0002860,EMP01430,2025-H2,2,4.63,86,48,No,10
PERF0002861,EMP01431,2025-H1,3,3.33,96,33,No,5
PERF0002862,EMP01431,2025-H2,4,3.41,99,46,No,0
PERF0002863,EMP01432,2025-H1,3,2.52,67,6,Yes,15
PERF0002864,EMP01432,2025-H2,2,4.3,87,57,No,0
PERF0002865,EMP01433,2025-H1,2,4.76,68,20,Yes,8
PERF0002866,EMP01433,2025-H2,2,3.75,98,35,No,0
PERF0002867,EMP01434,2025-H1,3,4.3,93,12,Yes,12
PERF0002868,EMP01434,2025-H2,3,4.48,79,50,Yes,5
PERF0002869,EMP01435,2025-H1,5,2.8,86,18,Yes,5
PERF0002870,EMP01435,2025-H2,5,2.94,92,56,Yes,10
PERF0002871,EMP01436,2025-H1,5,4.15,99,16,No,12
PERF0002872,EMP01436,2025-H2,4,3.88,78,45,Yes,15
PERF0002873,EMP01437,2025-H1,3,4.2,82,13,No,8
PERF0002874,EMP01437,2025-H2,2,3.1,95,22,Yes,10
PERF0002875,EMP01438,2025-H1,3,3.88,66,44,No,15
PERF0002876,EMP01438,2025-H2,2,3.12,78,12,Yes,8
PERF0002877,EMP01439,2025-H1,4,4.61,86,37,No,5
PERF0002878,EMP01439,2025-H2,3,2.53,83,53,No,10
PERF0002879,EMP01440,2025-H1,2,3.81,65,56,No,15
PERF0002880,EMP01440,2025-H2,4,2.71,100,14,Yes,10
PERF0002881,EMP01441,2025-H1,2,4.64,75,20,No,8
PERF0002882,EMP01441,2025-H2,3,2.75,69,42,No,10
PERF0002883,EMP01442,2025-H1,2,4.88,60,16,Yes,8
PERF0002884,EMP01442,2025-H2,5,2.98,100,41,No,8
PERF0002885,EMP01443,2025-H1,3,3.03,73,36,No,12
PERF0002886,EMP01443,2025-H2,5,5.0,62,27,No,15
PERF0002887,EMP01444,2025-H1,3,2.79,89,24,Yes,5
PERF0002888,EMP01444,2025-H2,4,3.01,66,5,Yes,8
PERF0002889,EMP01445,2025-H1,5,4.38,77,59,Yes,10
PERF0002890,EMP01445,2025-H2,3,4.62,95,56,Yes,12
PERF0002891,EMP01446,2025-H1,5,4.54,96,37,No,15
PERF0002892,EMP01446,2025-H2,5,4.92,96,25,Yes,12
PERF0002893,EMP01447,2025-H1,3,3.41,61,33,No,10
PERF0002894,EMP01447,2025-H2,3,3.71,79,52,Yes,0
PERF0002895,EMP01448,2025-H1,4,2.87,95,40,No,15
PERF0002896,EMP01448,2025-H2,5,2.86,77,15,Yes,8
PERF0002897,EMP01449,2025-H1,3,2.85,61,60,No,8
PERF0002898,EMP01449,2025-H2,4,4.51,88,4,Yes,15
PERF0002899,EMP01450,2025-H1,4,4.23,65,23,No,8
PERF0002900,EMP01450,2025-H2,4,3.03,98,52,No,15
PERF0002901,EMP01451,2025-H1,4,3.74,94,23,Yes,5
PERF0002902,EMP01451,2025-H2,3,4.72,65,9,No,15
PERF0002903,EMP01452,2025-H1,3,3.78,78,47,Yes,12
PERF0002904,EMP01452,2025-H2,2,4.52,84,2,No,15
PERF0002905,EMP01453,2025-H1,2,3.51,61,9,Yes,8
PERF0002906,EMP01453,2025-H2,2,4.71,67,53,Yes,8
PERF0002907,EMP01454,2025-H1,2,3.15,78,56,Yes,12
PERF0002908,EMP01454,2025-H2,3,3.01,73,27,Yes,5
PERF0002909,EMP01455,2025-H1,3,4.55,99,36,No,8
PERF0002910,EMP01455,2025-H2,2,4.15,76,51,No,5
PERF0002911,EMP01456,2025-H1,5,3.38,76,28,No,5
PERF0002912,EMP01456,2025-H2,2,3.93,69,29,No,8
PERF0002913,EMP01457,2025-H1,4,3.38,68,31,Yes,12
PERF0002914,EMP01457,2025-H2,4,2.93,67,0,Yes,0
PERF0002915,EMP01458,2025-H1,3,3.96,67,5,Yes,15
PERF0002916,EMP01458,2025-H2,5,4.11,70,57,Yes,15
PERF0002917,EMP01459,2025-H1,3,2.96,77,19,No,12
PERF0002918,EMP01459,2025-H2,5,3.51,86,53,Yes,0
PERF0002919,EMP01460,2025-H1,2,3.3,94,8,No,15
PERF0002920,EMP01460,2025-H2,5,3.78,94,50,Yes,8
PERF0002921,EMP01461,2025-H1,2,3.02,89,30,Yes,10
PERF0002922,EMP01461,2025-H2,3,3.03,87,10,No,15
PERF0002923,EMP01462,2025-H1,4,3.46,61,0,No,5
PERF0002924,EMP01462,2025-H2,3,3.47,81,21,Yes,10
PERF0002925,EMP01463,2025-H1,3,2.58,90,26,Yes,5
PERF0002926,EMP01463,2025-H2,4,3.96,91,22,No,0
PERF0002927,EMP01464,2025-H1,3,3.78,98,0,Yes,8
PERF0002928,EMP01464,2025-H2,5,4.08,98,14,Yes,10
PERF0002929,EMP01465,2025-H1,2,2.86,97,40,Yes,10
PERF0002930,EMP01465,2025-H2,5,3.64,79,31,No,15
PERF0002931,EMP01466,2025-H1,5,4.21,68,41,Yes,0
PERF0002932,EMP01466,2025-H2,4,2.87,90,33,No,8
PERF0002933,EMP01467,2025-H1,3,3.22,94,22,Yes,15
PERF0002934,EMP01467,2025-H2,3,3.61,86,53,Yes,5
PERF0002935,EMP01468,2025-H1,3,3.3,94,14,Yes,10
PERF0002936,EMP01468,2025-H2,4,3.47,74,33,No,12
PERF0002937,EMP01469,2025-H1,3,2.72,87,16,Yes,10
PERF0002938,EMP01469,2025-H2,3,4.65,66,7,Yes,5
PERF0002939,EMP01470,2025-H1,4,4.87,63,39,No,8
PERF0002940,EMP01470,2025-H2,2,3.62,75,23,Yes,15
PERF0002941,EMP01471,2025-H1,5,3.9,84,16,Yes,0
PERF0002942,EMP01471,2025-H2,2,3.67,62,31,No,0
PERF0002943,EMP01472,2025-H1,5,2.61,89,42,No,8
PERF0002944,EMP01472,2025-H2,3,4.24,77,10,Yes,0
PERF0002945,EMP01473,2025-H1,3,3.34,82,27,Yes,0
PERF0002946,EMP01473,2025-H2,3,3.69,95,9,No,5
PERF0002947,EMP01474,2025-H1,2,2.93,100,26,No,0
PERF0002948,EMP01474,2025-H2,5,4.61,85,25,No,15
PERF0002949,EMP01475,2025-H1,3,4.79,88,12,Yes,5
PERF0002950,EMP01475,2025-H2,3,4.33,99,49,No,15
PERF0002951,EMP01476,2025-H1,2,3.35,86,50,Yes,5
PERF0002952,EMP01476,2025-H2,5,2.88,61,32,No,5
PERF0002953,EMP01477,2025-H1,3,4.41,62,21,No,0
PERF0002954,EMP01477,2025-H2,5,3.5,85,40,Yes,0
PERF0002955,EMP01478,2025-H1,3,2.9,69,13,No,10
PERF0002956,EMP01478,2025-H2,4,3.75,90,41,No,5
PERF0002957,EMP01479,2025-H1,2,4.15,95,17,Yes,15
PERF0002958,EMP01479,2025-H2,3,4.19,74,53,Yes,5
PERF0002959,EMP01480,2025-H1,4,4.42,85,30,No,10
PERF0002960,EMP01480,2025-H2,2,4.69,77,3,Yes,15
PERF0002961,EMP01481,2025-H1,5,2.93,60,51,Yes,5
PERF0002962,EMP01481,2025-H2,5,2.99,64,54,Yes,8
PERF0002963,EMP01482,2025-H1,4,2.54,100,28,Yes,12
PERF0002964,EMP01482,2025-H2,3,4.88,88,22,Yes,8
PERF0002965,EMP01483,2025-H1,2,4.36,83,43,No,5
PERF0002966,EMP01483,2025-H2,5,4.87,75,16,Yes,5
PERF0002967,EMP01484,2025-H1,3,2.72,62,41,Yes,8
PERF0002968,EMP01484,2025-H2,3,3.91,77,46,No,5
PERF0002969,EMP01485,2025-H1,2,4.7,81,56,Yes,5
PERF0002970,EMP01485,2025-H2,3,3.72,78,39,No,0
PERF0002971,EMP01486,2025-H1,2,4.46,77,58,Yes,10
PERF0002972,EMP01486,2025-H2,2,4.98,92,23,No,5
PERF0002973,EMP01487,2025-H1,3,2.9,85,40,Yes,5
PERF0002974,EMP01487,2025-H2,5,4.01,85,26,Yes,0
PERF0002975,EMP01488,2025-H1,2,4.01,92,34,Yes,10
PERF0002976,EMP01488,2025-H2,5,3.02,66,38,Yes,12
PERF0002977,EMP01489,2025-H1,2,3.12,78,48,Yes,15
PERF0002978,EMP01489,2025-H2,3,4.02,83,34,No,0
PERF0002979,EMP01490,2025-H1,5,2.51,92,36,No,15
PERF0002980,EMP01490,2025-H2,5,3.02,94,23,No,10
PERF0002981,EMP01491,2025-H1,4,3.95,60,33,No,10
PERF0002982,EMP01491,2025-H2,3,4.3,74,9,No,8
PERF0002983,EMP01492,2025-H1,2,4.45,67,52,No,0
PERF0002984,EMP01492,2025-H2,4,4.47,76,20,No,8
PERF0002985,EMP01493,2025-H1,2,4.32,79,45,No,5
PERF0002986,EMP01493,2025-H2,4,3.08,67,37,No,8
PERF0002987,EMP01494,2025-H1,3,3.96,63,13,No,10
PERF0002988,EMP01494,2025-H2,3,3.29,96,0,No,12
PERF0002989,EMP01495,2025-H1,4,2.67,80,9,Yes,0
PERF0002990,EMP01495,2025-H2,4,4.64,87,3,No,0
PERF0002991,EMP01496,2025-H1,4,4.59,64,4,No,5
PERF0002992,EMP01496,2025-H2,4,4.06,65,41,Yes,12
PERF0002993,EMP01497,2025-H1,4,3.83,76,35,No,8
PERF0002994,EMP01497,2025-H2,2,4.35,69,39,Yes,12
PERF0002995,EMP01498,2025-H1,5,4.28,83,2,No,10
PERF0002996,EMP01498,2025-H2,2,2.78,96,0,Yes,8
PERF0002997,EMP01499,2025-H1,5,4.17,74,40,Yes,15
PERF0002998,EMP01499,2025-H2,2,4.97,63,39,No,5
PERF0002999,EMP01500,2025-H1,5,4.37,89,43,Yes,10
PERF0003000,EMP01500,2025-H2,5,4.38,71,48,Yes,8
PERF0003001,EMP01501,2025-H1,2,2.62,84,49,No,8
PERF0003002,EMP01501,2025-H2,4,4.88,87,45,Yes,8
PERF0003003,EMP01502,2025-H1,4,3.67,88,52,Yes,8
PERF0003004,EMP01502,2025-H2,2,4.95,86,59,No,12
PERF0003005,EMP01503,2025-H1,5,3.52,65,30,No,5
PERF0003006,EMP01503,2025-H2,4,3.83,70,29,No,12
PERF0003007,EMP01504,2025-H1,5,3.57,81,11,Yes,10
PERF0003008,EMP01504,2025-H2,2,4.45,91,45,Yes,12
PERF0003009,EMP01505,2025-H1,3,4.09,89,7,No,0
PERF0003010,EMP01505,2025-H2,4,3.21,70,20,No,5
PERF0003011,EMP01506,2025-H1,3,3.81,75,23,No,5
PERF0003012,EMP01506,2025-H2,5,3.13,94,14,Yes,5
PERF0003013,EMP01507,2025-H1,5,4.61,90,11,No,10
PERF0003014,EMP01507,2025-H2,2,4.58,79,5,No,15
PERF0003015,EMP01508,2025-H1,2,2.99,94,51,Yes,0
PERF0003016,EMP01508,2025-H2,3,3.86,100,48,Yes,12
PERF0003017,EMP01509,2025-H1,3,3.19,81,48,Yes,10
PERF0003018,EMP01509,2025-H2,4,3.14,83,37,Yes,12
PERF0003019,EMP01510,2025-H1,5,3.71,61,10,Yes,0
PERF0003020,EMP01510,2025-H2,3,2.57,93,45,No,15
PERF0003021,EMP01511,2025-H1,4,4.71,60,21,Yes,15
PERF0003022,EMP01511,2025-H2,4,2.8,99,46,No,0
PERF0003023,EMP01512,2025-H1,2,3.88,72,11,Yes,10
PERF0003024,EMP01512,2025-H2,3,2.86,76,20,Yes,5
PERF0003025,EMP01513,2025-H1,5,2.65,83,11,No,15
PERF0003026,EMP01513,2025-H2,3,4.34,74,12,No,5
PERF0003027,EMP01514,2025-H1,2,3.27,96,16,Yes,15
PERF0003028,EMP01514,2025-H2,2,4.52,66,11,No,0
PERF0003029,EMP01515,2025-H1,2,2.94,85,3,No,8
PERF0003030,EMP01515,2025-H2,2,3.43,86,58,No,12
PERF0003031,EMP01516,2025-H1,4,4.49,94,45,No,0
PERF0003032,EMP01516,2025-H2,3,3.65,100,48,No,8
PERF0003033,EMP01517,2025-H1,2,3.54,74,28,No,8
PERF0003034,EMP01517,2025-H2,4,3.96,94,18,No,10
PERF0003035,EMP01518,2025-H1,4,4.19,60,8,No,10
PERF0003036,EMP01518,2025-H2,2,3.86,82,11,No,15
PERF0003037,EMP01519,2025-H1,3,3.31,82,32,Yes,0
PERF0003038,EMP01519,2025-H2,3,3.42,75,1,Yes,12
PERF0003039,EMP01520,2025-H1,5,2.7,87,58,No,8
PERF0003040,EMP01520,2025-H2,5,4.51,86,45,Yes,8
PERF0003041,EMP01521,2025-H1,2,3.99,70,46,No,12
PERF0003042,EMP01521,2025-H2,4,3.62,92,12,No,15
PERF0003043,EMP01522,2025-H1,3,3.75,99,37,Yes,10
PERF0003044,EMP01522,2025-H2,2,4.26,67,7,No,15
PERF0003045,EMP01523,2025-H1,5,3.27,86,20,No,10
PERF0003046,EMP01523,2025-H2,3,4.68,87,13,No,12
PERF0003047,EMP01524,2025-H1,4,4.46,74,38,Yes,15
PERF0003048,EMP01524,2025-H2,2,2.72,88,59,No,15
PERF0003049,EMP01525,2025-H1,5,4.62,67,50,No,8
PERF0003050,EMP01525,2025-H2,5,4.51,66,10,No,15
PERF0003051,EMP01526,2025-H1,5,2.7,74,13,No,0
PERF0003052,EMP01526,2025-H2,3,4.27,63,55,Yes,12
PERF0003053,EMP01527,2025-H1,2,3.21,83,2,No,5
PERF0003054,EMP01527,2025-H2,5,2.92,71,22,No,8
PERF0003055,EMP01528,2025-H1,3,3.83,79,31,Yes,5
PERF0003056,EMP01528,2025-H2,4,4.0,96,51,No,5
PERF0003057,EMP01529,2025-H1,5,3.8,75,43,No,15
PERF0003058,EMP01529,2025-H2,3,4.33,67,17,No,0
PERF0003059,EMP01530,2025-H1,2,3.94,76,22,Yes,15
PERF0003060,EMP01530,2025-H2,5,4.62,82,58,No,5
PERF0003061,EMP01531,2025-H1,5,3.63,91,41,No,15
PERF0003062,EMP01531,2025-H2,3,3.71,95,11,Yes,8
PERF0003063,EMP01532,2025-H1,4,4.45,97,31,Yes,12
PERF0003064,EMP01532,2025-H2,3,3.22,89,30,No,10
PERF0003065,EMP01533,2025-H1,3,4.66,83,21,Yes,0
PERF0003066,EMP01533,2025-H2,5,2.54,65,52,No,5
PERF0003067,EMP01534,2025-H1,2,3.64,81,5,Yes,8
PERF0003068,EMP01534,2025-H2,2,3.42,69,48,No,10
PERF0003069,EMP01535,2025-H1,3,3.02,100,49,Yes,12
PERF0003070,EMP01535,2025-H2,3,4.24,72,38,No,0
PERF0003071,EMP01536,2025-H1,3,2.9,79,38,Yes,10
PERF0003072,EMP01536,2025-H2,3,4.88,83,49,No,8
PERF0003073,EMP01537,2025-H1,4,4.99,85,47,Yes,15
PERF0003074,EMP01537,2025-H2,2,3.88,98,13,Yes,12
PERF0003075,EMP01538,2025-H1,3,3.05,60,17,Yes,0
PERF0003076,EMP01538,2025-H2,5,4.53,65,15,Yes,0
PERF0003077,EMP01539,2025-H1,2,2.61,69,48,Yes,10
PERF0003078,EMP01539,2025-H2,4,2.79,71,31,Yes,12
PERF0003079,EMP01540,2025-H1,3,3.95,98,14,Yes,10
PERF0003080,EMP01540,2025-H2,4,2.86,75,48,Yes,5
PERF0003081,EMP01541,2025-H1,3,3.91,95,57,Yes,10
PERF0003082,EMP01541,2025-H2,4,3.6,64,1,Yes,12
PERF0003083,EMP01542,2025-H1,2,4.2,88,15,Yes,15
PERF0003084,EMP01542,2025-H2,3,4.76,64,56,No,12
PERF0003085,EMP01543,2025-H1,2,2.55,66,60,Yes,12
PERF0003086,EMP01543,2025-H2,5,4.43,89,24,No,0
PERF0003087,EMP01544,2025-H1,5,2.52,76,53,No,10
PERF0003088,EMP01544,2025-H2,5,3.92,92,36,No,10
PERF0003089,EMP01545,2025-H1,3,2.59,66,38,No,15
PERF0003090,EMP01545,2025-H2,5,3.29,74,24,No,8
PERF0003091,EMP01546,2025-H1,4,4.69,95,51,No,10
PERF0003092,EMP01546,2025-H2,4,2.98,71,2,No,10
PERF0003093,EMP01547,2025-H1,4,3.67,86,38,Yes,12
PERF0003094,EMP01547,2025-H2,3,3.06,91,1,No,15
PERF0003095,EMP01548,2025-H1,2,4.49,92,18,No,12
PERF0003096,EMP01548,2025-H2,2,3.83,71,3,No,8
PERF0003097,EMP01549,2025-H1,2,2.88,94,8,Yes,0
PERF0003098,EMP01549,2025-H2,5,4.36,96,5,No,5
PERF0003099,EMP01550,2025-H1,3,4.43,76,46,Yes,0
PERF0003100,EMP01550,2025-H2,4,4.34,89,10,Yes,5
PERF0003101,EMP01551,2025-H1,3,2.84,96,4,Yes,10
PERF0003102,EMP01551,2025-H2,5,2.53,92,8,No,10
PERF0003103,EMP01552,2025-H1,4,4.83,96,42,Yes,15
PERF0003104,EMP01552,2025-H2,3,3.49,96,57,Yes,12
PERF0003105,EMP01553,2025-H1,3,3.31,71,41,No,15
PERF0003106,EMP01553,2025-H2,2,4.33,100,18,No,10
PERF0003107,EMP01554,2025-H1,4,3.6,91,53,Yes,0
PERF0003108,EMP01554,2025-H2,3,4.5,66,31,Yes,8
PERF0003109,EMP01555,2025-H1,3,3.0,68,0,Yes,5
PERF0003110,EMP01555,2025-H2,5,4.06,96,28,Yes,5
PERF0003111,EMP01556,2025-H1,4,4.05,75,23,No,0
PERF0003112,EMP01556,2025-H2,3,3.68,70,20,Yes,15
PERF0003113,EMP01557,2025-H1,3,3.07,95,26,No,0
PERF0003114,EMP01557,2025-H2,2,4.8,89,24,Yes,15
PERF0003115,EMP01558,2025-H1,5,3.73,100,26,No,12
PERF0003116,EMP01558,2025-H2,5,4.45,90,33,Yes,0
PERF0003117,EMP01559,2025-H1,2,4.61,81,59,Yes,5
PERF0003118,EMP01559,2025-H2,3,2.98,61,21,Yes,12
PERF0003119,EMP01560,2025-H1,3,4.08,87,25,No,10
PERF0003120,EMP01560,2025-H2,2,2.67,79,12,No,10
PERF0003121,EMP01561,2025-H1,2,4.66,82,26,Yes,8
PERF0003122,EMP01561,2025-H2,2,3.32,97,15,No,8
PERF0003123,EMP01562,2025-H1,5,4.32,78,2,No,0
PERF0003124,EMP01562,2025-H2,5,3.74,67,12,Yes,10
PERF0003125,EMP01563,2025-H1,5,2.76,75,49,No,12
PERF0003126,EMP01563,2025-H2,5,3.4,71,45,No,10
PERF0003127,EMP01564,2025-H1,5,3.73,90,22,No,12
PERF0003128,EMP01564,2025-H2,3,3.59,83,32,Yes,8
PERF0003129,EMP01565,2025-H1,5,2.84,64,9,No,10
PERF0003130,EMP01565,2025-H2,3,4.89,93,20,Yes,0
PERF0003131,EMP01566,2025-H1,3,3.77,98,24,No,8
PERF0003132,EMP01566,2025-H2,3,3.55,70,41,Yes,0
PERF0003133,EMP01567,2025-H1,2,3.35,98,9,No,8
PERF0003134,EMP01567,2025-H2,2,4.05,87,40,Yes,5
PERF0003135,EMP01568,2025-H1,4,2.74,84,46,No,0
PERF0003136,EMP01568,2025-H2,3,3.78,73,49,No,8
PERF0003137,EMP01569,2025-H1,3,2.93,100,56,Yes,10
PERF0003138,EMP01569,2025-H2,4,3.3,66,9,No,15
PERF0003139,EMP01570,2025-H1,2,3.8,74,22,Yes,0
PERF0003140,EMP01570,2025-H2,3,4.76,67,48,No,8
PERF0003141,EMP01571,2025-H1,2,4.55,78,32,No,15
PERF0003142,EMP01571,2025-H2,5,2.54,76,6,Yes,0
PERF0003143,EMP01572,2025-H1,5,2.97,82,2,Yes,10
PERF0003144,EMP01572,2025-H2,2,2.87,92,42,Yes,15
PERF0003145,EMP01573,2025-H1,3,3.66,92,19,No,8
PERF0003146,EMP01573,2025-H2,5,4.03,80,56,Yes,5
PERF0003147,EMP01574,2025-H1,5,2.94,74,54,No,8
PERF0003148,EMP01574,2025-H2,5,4.94,78,26,Yes,15
PERF0003149,EMP01575,2025-H1,2,3.93,78,4,Yes,10
PERF0003150,EMP01575,2025-H2,3,3.53,63,27,No,10
PERF0003151,EMP01576,2025-H1,2,4.5,84,21,Yes,10
PERF0003152,EMP01576,2025-H2,4,3.32,87,27,Yes,0
PERF0003153,EMP01577,2025-H1,3,3.86,72,44,Yes,5
PERF0003154,EMP01577,2025-H2,3,2.58,89,33,Yes,8
PERF0003155,EMP01578,2025-H1,5,4.11,84,45,No,10
PERF0003156,EMP01578,2025-H2,3,4.02,84,32,No,0
PERF0003157,EMP01579,2025-H1,4,4.41,99,12,Yes,5
PERF0003158,EMP01579,2025-H2,2,4.77,88,44,No,15
PERF0003159,EMP01580,2025-H1,3,3.53,78,49,No,8
PERF0003160,EMP01580,2025-H2,4,4.52,86,20,Yes,15
PERF0003161,EMP01581,2025-H1,4,3.19,61,6,No,8
PERF0003162,EMP01581,2025-H2,2,4.4,63,25,Yes,12
PERF0003163,EMP01582,2025-H1,5,4.64,64,47,Yes,10
PERF0003164,EMP01582,2025-H2,4,4.5,85,1,No,5
PERF0003165,EMP01583,2025-H1,2,2.93,64,47,Yes,15
PERF0003166,EMP01583,2025-H2,2,3.15,65,4,Yes,15
PERF0003167,EMP01584,2025-H1,3,2.8,100,49,Yes,15
PERF0003168,EMP01584,2025-H2,2,4.48,74,56,No,8
PERF0003169,EMP01585,2025-H1,2,3.72,84,35,No,8
PERF0003170,EMP01585,2025-H2,2,4.71,99,60,No,8
PERF0003171,EMP01586,2025-H1,5,4.91,97,6,Yes,15
PERF0003172,EMP01586,2025-H2,4,4.34,80,44,Yes,8
PERF0003173,EMP01587,2025-H1,5,4.28,79,26,No,15
PERF0003174,EMP01587,2025-H2,4,3.1,86,4,No,15
PERF0003175,EMP01588,2025-H1,2,4.98,92,9,No,15
PERF0003176,EMP01588,2025-H2,4,3.4,69,8,Yes,0
PERF0003177,EMP01589,2025-H1,5,2.93,84,11,No,0
PERF0003178,EMP01589,2025-H2,3,2.65,69,56,No,10
PERF0003179,EMP01590,2025-H1,2,2.56,69,15,No,15
PERF0003180,EMP01590,2025-H2,2,4.78,82,49,Yes,10
PERF0003181,EMP01591,2025-H1,2,2.54,99,42,No,15
PERF0003182,EMP01591,2025-H2,3,4.08,60,58,No,15
PERF0003183,EMP01592,2025-H1,3,3.16,66,41,Yes,8
PERF0003184,EMP01592,2025-H2,4,3.95,74,58,No,0
PERF0003185,EMP01593,2025-H1,4,3.2,87,9,No,8
PERF0003186,EMP01593,2025-H2,3,3.98,72,59,No,8
PERF0003187,EMP01594,2025-H1,4,2.96,64,42,No,5
PERF0003188,EMP01594,2025-H2,3,3.63,98,35,Yes,8
PERF0003189,EMP01595,2025-H1,5,3.72,94,58,Yes,5
PERF0003190,EMP01595,2025-H2,4,4.31,62,33,Yes,10
PERF0003191,EMP01596,2025-H1,4,3.28,97,7,Yes,0
PERF0003192,EMP01596,2025-H2,2,3.99,90,49,Yes,10
PERF0003193,EMP01597,2025-H1,2,2.69,84,34,Yes,5
PERF0003194,EMP01597,2025-H2,3,4.89,74,11,No,10
PERF0003195,EMP01598,2025-H1,2,3.89,63,46,No,12
PERF0003196,EMP01598,2025-H2,5,4.48,68,3,Yes,5
PERF0003197,EMP01599,2025-H1,4,3.81,98,50,Yes,10
PERF0003198,EMP01599,2025-H2,5,2.67,79,4,No,12
PERF0003199,EMP01600,2025-H1,2,2.79,86,44,Yes,0
PERF0003200,EMP01600,2025-H2,4,4.98,78,3,No,15
PERF0003201,EMP01601,2025-H1,3,3.01,89,11,No,12
PERF0003202,EMP01601,2025-H2,4,3.72,70,13,No,10
PERF0003203,EMP01602,2025-H1,3,2.54,82,25,No,12
PERF0003204,EMP01602,2025-H2,5,2.75,96,7,No,10
PERF0003205,EMP01603,2025-H1,4,2.73,60,56,No,12
PERF0003206,EMP01603,2025-H2,4,2.9,67,11,No,12
PERF0003207,EMP01604,2025-H1,3,2.58,71,38,No,12
PERF0003208,EMP01604,2025-H2,5,3.77,68,50,Yes,10
PERF0003209,EMP01605,2025-H1,4,3.53,63,4,Yes,10
PERF0003210,EMP01605,2025-H2,4,2.88,83,48,Yes,5
PERF0003211,EMP01606,2025-H1,5,3.26,100,36,No,0
PERF0003212,EMP01606,2025-H2,3,4.56,88,0,No,5
PERF0003213,EMP01607,2025-H1,3,4.82,65,21,Yes,10
PERF0003214,EMP01607,2025-H2,2,3.91,98,54,No,0
PERF0003215,EMP01608,2025-H1,3,4.12,97,21,Yes,12
PERF0003216,EMP01608,2025-H2,2,3.6,64,39,Yes,15
PERF0003217,EMP01609,2025-H1,5,4.4,70,25,No,5
PERF0003218,EMP01609,2025-H2,4,4.73,66,45,No,8
PERF0003219,EMP01610,2025-H1,3,4.6,96,28,Yes,10
PERF0003220,EMP01610,2025-H2,4,3.91,80,36,No,0
PERF0003221,EMP01611,2025-H1,2,4.87,82,56,Yes,10
PERF0003222,EMP01611,2025-H2,4,4.63,99,33,No,8
PERF0003223,EMP01612,2025-H1,3,3.1,97,60,No,15
PERF0003224,EMP01612,2025-H2,3,4.35,79,21,Yes,10
PERF0003225,EMP01613,2025-H1,3,2.91,92,35,Yes,5
PERF0003226,EMP01613,2025-H2,4,3.54,94,20,Yes,15
PERF0003227,EMP01614,2025-H1,2,3.29,87,23,Yes,15
PERF0003228,EMP01614,2025-H2,4,5.0,67,28,No,5
PERF0003229,EMP01615,2025-H1,4,3.78,83,51,Yes,12
PERF0003230,EMP01615,2025-H2,2,4.62,67,55,Yes,8
PERF0003231,EMP01616,2025-H1,2,2.55,88,56,No,12
PERF0003232,EMP01616,2025-H2,4,4.07,99,21,Yes,12
PERF0003233,EMP01617,2025-H1,5,4.89,90,41,Yes,12
PERF0003234,EMP01617,2025-H2,5,4.51,81,2,No,15
PERF0003235,EMP01618,2025-H1,4,4.95,92,20,Yes,0
PERF0003236,EMP01618,2025-H2,2,3.35,96,58,Yes,0
PERF0003237,EMP01619,2025-H1,5,3.75,76,57,No,5
PERF0003238,EMP01619,2025-H2,2,4.59,82,31,Yes,10
PERF0003239,EMP01620,2025-H1,2,3.4,95,55,Yes,5
PERF0003240,EMP01620,2025-H2,3,2.91,81,19,Yes,5
PERF0003241,EMP01621,2025-H1,2,4.36,68,46,No,0
PERF0003242,EMP01621,2025-H2,5,3.25,89,57,No,15
PERF0003243,EMP01622,2025-H1,4,3.59,81,2,Yes,15
PERF0003244,EMP01622,2025-H2,4,3.52,61,23,Yes,15
PERF0003245,EMP01623,2025-H1,5,2.59,69,45,Yes,8
PERF0003246,EMP01623,2025-H2,3,2.83,81,24,Yes,0
PERF0003247,EMP01624,2025-H1,5,4.89,96,14,Yes,5
PERF0003248,EMP01624,2025-H2,3,4.99,97,5,Yes,8
PERF0003249,EMP01625,2025-H1,3,4.12,83,52,No,15
PERF0003250,EMP01625,2025-H2,5,2.99,75,43,Yes,10
PERF0003251,EMP01626,2025-H1,5,4.73,79,32,No,5
PERF0003252,EMP01626,2025-H2,3,4.37,100,28,No,15
PERF0003253,EMP01627,2025-H1,3,4.34,78,47,Yes,10
PERF0003254,EMP01627,2025-H2,4,4.03,89,10,No,15
PERF0003255,EMP01628,2025-H1,3,3.31,75,3,Yes,15
PERF0003256,EMP01628,2025-H2,3,4.43,74,25,Yes,15
PERF0003257,EMP01629,2025-H1,5,4.4,80,49,Yes,8
PERF0003258,EMP01629,2025-H2,4,3.26,76,21,No,10
PERF0003259,EMP01630,2025-H1,5,3.53,81,12,Yes,5
PERF0003260,EMP01630,2025-H2,2,2.64,95,32,Yes,8
PERF0003261,EMP01631,2025-H1,3,4.9,72,47,No,12
PERF0003262,EMP01631,2025-H2,2,2.76,86,45,No,15
PERF0003263,EMP01632,2025-H1,3,4.35,96,1,Yes,5
PERF0003264,EMP01632,2025-H2,3,4.96,97,28,Yes,8
PERF0003265,EMP01633,2025-H1,2,2.67,69,44,Yes,5
PERF0003266,EMP01633,2025-H2,5,3.23,97,20,No,12
PERF0003267,EMP01634,2025-H1,5,3.4,71,8,No,10
PERF0003268,EMP01634,2025-H2,4,4.94,79,43,Yes,10
PERF0003269,EMP01635,2025-H1,2,4.8,90,20,No,8
PERF0003270,EMP01635,2025-H2,5,3.34,100,18,Yes,15
PERF0003271,EMP01636,2025-H1,2,3.95,94,0,No,12
PERF0003272,EMP01636,2025-H2,2,2.89,93,17,No,12
PERF0003273,EMP01637,2025-H1,5,4.31,64,49,Yes,15
PERF0003274,EMP01637,2025-H2,3,4.79,61,35,Yes,12
PERF0003275,EMP01638,2025-H1,4,4.45,95,54,No,5
PERF0003276,EMP01638,2025-H2,5,3.02,95,39,No,0
PERF0003277,EMP01639,2025-H1,2,3.87,72,55,No,8
PERF0003278,EMP01639,2025-H2,4,4.64,82,20,No,0
PERF0003279,EMP01640,2025-H1,3,3.93,100,40,No,8
PERF0003280,EMP01640,2025-H2,2,2.58,84,9,No,8
PERF0003281,EMP01641,2025-H1,5,4.57,82,26,Yes,5
PERF0003282,EMP01641,2025-H2,4,4.36,64,35,Yes,8
PERF0003283,EMP01642,2025-H1,5,3.68,71,50,No,8
PERF0003284,EMP01642,2025-H2,4,4.39,97,24,Yes,15
PERF0003285,EMP01643,2025-H1,3,4.22,93,7,No,0
PERF0003286,EMP01643,2025-H2,4,4.89,92,48,No,8
PERF0003287,EMP01644,2025-H1,4,3.0,95,9,No,5
PERF0003288,EMP01644,2025-H2,2,3.94,89,32,Yes,5
PERF0003289,EMP01645,2025-H1,3,3.48,76,17,No,12
PERF0003290,EMP01645,2025-H2,3,3.06,79,46,No,15
PERF0003291,EMP01646,2025-H1,3,3.73,76,12,No,8
PERF0003292,EMP01646,2025-H2,2,4.16,91,19,Yes,5
PERF0003293,EMP01647,2025-H1,4,4.1,86,29,No,5
PERF0003294,EMP01647,2025-H2,2,4.01,92,15,No,0
PERF0003295,EMP01648,2025-H1,3,2.76,80,50,Yes,5
PERF0003296,EMP01648,2025-H2,5,3.33,82,54,No,15
PERF0003297,EMP01649,2025-H1,5,3.24,61,14,Yes,10
PERF0003298,EMP01649,2025-H2,5,4.84,73,60,Yes,5
PERF0003299,EMP01650,2025-H1,5,3.8,96,13,No,12
PERF0003300,EMP01650,2025-H2,4,4.16,63,11,Yes,10
PERF0003301,EMP01651,2025-H1,2,3.11,63,22,Yes,10
PERF0003302,EMP01651,2025-H2,4,4.14,64,4,Yes,15
PERF0003303,EMP01652,2025-H1,4,4.86,75,15,Yes,10
PERF0003304,EMP01652,2025-H2,5,3.97,90,57,No,12
PERF0003305,EMP01653,2025-H1,5,3.33,63,40,Yes,8
PERF0003306,EMP01653,2025-H2,3,2.55,65,0,No,12
PERF0003307,EMP01654,2025-H1,3,2.94,96,23,Yes,0
PERF0003308,EMP01654,2025-H2,2,3.27,86,1,No,10
PERF0003309,EMP01655,2025-H1,4,3.35,100,13,No,15
PERF0003310,EMP01655,2025-H2,5,3.39,87,33,Yes,10
PERF0003311,EMP01656,2025-H1,3,4.61,98,5,Yes,8
PERF0003312,EMP01656,2025-H2,3,4.8,98,18,Yes,0
PERF0003313,EMP01657,2025-H1,3,4.09,82,43,Yes,12
PERF0003314,EMP01657,2025-H2,5,4.93,75,50,No,10
PERF0003315,EMP01658,2025-H1,2,3.55,83,11,No,5
PERF0003316,EMP01658,2025-H2,5,3.56,88,59,Yes,5
PERF0003317,EMP01659,2025-H1,2,2.79,86,11,No,10
PERF0003318,EMP01659,2025-H2,4,4.23,89,36,No,8
PERF0003319,EMP01660,2025-H1,4,4.21,64,19,No,15
PERF0003320,EMP01660,2025-H2,3,2.77,62,55,Yes,5
PERF0003321,EMP01661,2025-H1,5,2.56,74,5,No,10
PERF0003322,EMP01661,2025-H2,5,4.85,77,49,Yes,0
PERF0003323,EMP01662,2025-H1,5,3.32,86,28,No,12
PERF0003324,EMP01662,2025-H2,3,4.55,93,38,No,5
PERF0003325,EMP01663,2025-H1,2,4.26,79,33,Yes,0
PERF0003326,EMP01663,2025-H2,4,4.07,80,17,Yes,15
PERF0003327,EMP01664,2025-H1,2,3.36,77,8,No,12
PERF0003328,EMP01664,2025-H2,4,4.89,86,3,No,10
PERF0003329,EMP01665,2025-H1,5,2.74,89,41,Yes,8
PERF0003330,EMP01665,2025-H2,2,3.29,74,46,Yes,12
PERF0003331,EMP01666,2025-H1,2,3.41,98,47,No,0
PERF0003332,EMP01666,2025-H2,4,4.68,95,54,Yes,10
PERF0003333,EMP01667,2025-H1,2,2.91,78,7,Yes,5
PERF0003334,EMP01667,2025-H2,2,3.09,77,8,No,5
PERF0003335,EMP01668,2025-H1,5,4.45,88,32,Yes,15
PERF0003336,EMP01668,2025-H2,3,3.92,88,5,Yes,10
PERF0003337,EMP01669,2025-H1,5,3.74,97,12,Yes,15
PERF0003338,EMP01669,2025-H2,2,3.11,90,45,No,10
PERF0003339,EMP01670,2025-H1,4,3.88,85,7,No,5
PERF0003340,EMP01670,2025-H2,4,2.81,62,4,Yes,10
PERF0003341,EMP01671,2025-H1,4,3.87,98,12,Yes,0
PERF0003342,EMP01671,2025-H2,3,4.24,99,60,No,8
PERF0003343,EMP01672,2025-H1,4,4.72,94,32,No,10
PERF0003344,EMP01672,2025-H2,4,2.93,96,35,Yes,0
PERF0003345,EMP01673,2025-H1,4,3.72,73,24,No,0
PERF0003346,EMP01673,2025-H2,5,2.81,83,22,Yes,15
PERF0003347,EMP01674,2025-H1,5,4.21,69,23,Yes,15
PERF0003348,EMP01674,2025-H2,5,4.38,96,19,No,10
PERF0003349,EMP01675,2025-H1,3,3.97,66,52,No,5
PERF0003350,EMP01675,2025-H2,5,4.36,64,13,No,5
PERF0003351,EMP01676,2025-H1,4,4.33,71,32,Yes,10
PERF0003352,EMP01676,2025-H2,5,4.76,70,55,No,8
PERF0003353,EMP01677,2025-H1,3,2.89,77,58,No,12
PERF0003354,EMP01677,2025-H2,4,3.09,81,21,Yes,10
PERF0003355,EMP01678,2025-H1,4,4.16,61,6,No,12
PERF0003356,EMP01678,2025-H2,4,3.14,81,18,No,12
PERF0003357,EMP01679,2025-H1,4,4.77,80,14,Yes,8
PERF0003358,EMP01679,2025-H2,4,4.82,90,40,No,8
PERF0003359,EMP01680,2025-H1,5,4.31,88,37,No,12
PERF0003360,EMP01680,2025-H2,2,2.86,64,56,Yes,15
PERF0003361,EMP01681,2025-H1,4,3.27,69,29,Yes,5
PERF0003362,EMP01681,2025-H2,2,2.72,62,44,No,0
PERF0003363,EMP01682,2025-H1,3,4.98,69,40,Yes,10
PERF0003364,EMP01682,2025-H2,5,4.53,65,16,Yes,12
PERF0003365,EMP01683,2025-H1,5,2.91,91,0,No,12
PERF0003366,EMP01683,2025-H2,5,2.59,87,54,Yes,8
PERF0003367,EMP01684,2025-H1,2,3.02,95,38,No,12
PERF0003368,EMP01684,2025-H2,2,4.16,90,20,Yes,15
PERF0003369,EMP01685,2025-H1,2,4.39,86,19,No,5
PERF0003370,EMP01685,2025-H2,3,2.93,61,21,No,15
PERF0003371,EMP01686,2025-H1,3,3.0,81,31,No,0
PERF0003372,EMP01686,2025-H2,4,4.02,91,39,No,0
PERF0003373,EMP01687,2025-H1,5,4.41,62,5,Yes,5
PERF0003374,EMP01687,2025-H2,3,4.23,95,33,Yes,10
PERF0003375,EMP01688,2025-H1,2,4.03,63,7,Yes,15
PERF0003376,EMP01688,2025-H2,5,3.08,98,20,No,10
PERF0003377,EMP01689,2025-H1,3,4.12,77,2,No,0
PERF0003378,EMP01689,2025-H2,2,2.86,74,48,No,0
PERF0003379,EMP01690,2025-H1,2,5.0,72,54,No,5
PERF0003380,EMP01690,2025-H2,2,4.02,95,7,Yes,0
PERF0003381,EMP01691,2025-H1,4,3.98,98,60,Yes,0
PERF0003382,EMP01691,2025-H2,5,3.69,96,34,Yes,15
PERF0003383,EMP01692,2025-H1,3,4.31,99,50,Yes,15
PERF0003384,EMP01692,2025-H2,3,3.77,74,12,Yes,15
PERF0003385,EMP01693,2025-H1,4,3.21,86,38,No,5
PERF0003386,EMP01693,2025-H2,4,3.07,96,47,No,10
PERF0003387,EMP01694,2025-H1,4,3.16,97,27,No,10
PERF0003388,EMP01694,2025-H2,2,3.12,74,0,Yes,10
PERF0003389,EMP01695,2025-H1,3,3.48,73,52,No,10
PERF0003390,EMP01695,2025-H2,4,2.7,66,21,No,12
PERF0003391,EMP01696,2025-H1,4,3.63,70,31,Yes,12
PERF0003392,EMP01696,2025-H2,2,3.73,83,54,No,12
PERF0003393,EMP01697,2025-H1,2,4.6,83,9,Yes,10
PERF0003394,EMP01697,2025-H2,2,2.75,80,53,No,5
PERF0003395,EMP01698,2025-H1,2,3.07,77,50,Yes,10
PERF0003396,EMP01698,2025-H2,4,2.55,78,21,Yes,12
PERF0003397,EMP01699,2025-H1,4,4.52,86,20,Yes,0
PERF0003398,EMP01699,2025-H2,3,4.1,96,36,Yes,0
PERF0003399,EMP01700,2025-H1,4,2.78,71,60,No,12
PERF0003400,EMP01700,2025-H2,4,4.74,93,35,No,5
PERF0003401,EMP01701,2025-H1,4,4.67,89,41,Yes,8
PERF0003402,EMP01701,2025-H2,2,4.84,89,45,Yes,0
PERF0003403,EMP01702,2025-H1,5,4.49,100,42,Yes,15
PERF0003404,EMP01702,2025-H2,2,4.4,88,10,No,12
PERF0003405,EMP01703,2025-H1,5,3.9,86,39,Yes,8
PERF0003406,EMP01703,2025-H2,5,4.56,88,54,No,0
PERF0003407,EMP01704,2025-H1,4,4.76,84,18,Yes,15
PERF0003408,EMP01704,2025-H2,3,4.56,89,8,Yes,5
PERF0003409,EMP01705,2025-H1,3,4.54,91,45,No,0
PERF0003410,EMP01705,2025-H2,5,4.88,63,38,Yes,0
PERF0003411,EMP01706,2025-H1,4,3.32,84,5,No,8
PERF0003412,EMP01706,2025-H2,2,3.37,79,3,No,10
PERF0003413,EMP01707,2025-H1,5,4.56,97,2,Yes,8
PERF0003414,EMP01707,2025-H2,4,2.75,74,38,Yes,8
PERF0003415,EMP01708,2025-H1,2,4.98,82,55,No,5
PERF0003416,EMP01708,2025-H2,5,4.64,76,6,Yes,10
PERF0003417,EMP01709,2025-H1,5,3.49,71,37,No,12
PERF0003418,EMP01709,2025-H2,3,3.63,75,14,No,5
PERF0003419,EMP01710,2025-H1,5,2.7,89,59,No,0
PERF0003420,EMP01710,2025-H2,2,2.55,63,29,Yes,10
PERF0003421,EMP01711,2025-H1,3,3.4,68,34,Yes,8
PERF0003422,EMP01711,2025-H2,5,3.92,76,13,Yes,5
PERF0003423,EMP01712,2025-H1,4,4.31,98,10,Yes,15
PERF0003424,EMP01712,2025-H2,3,3.23,94,59,No,12
PERF0003425,EMP01713,2025-H1,3,3.3,93,37,No,5
PERF0003426,EMP01713,2025-H2,3,3.79,79,46,No,8
PERF0003427,EMP01714,2025-H1,4,2.71,81,3,No,12
PERF0003428,EMP01714,2025-H2,5,3.32,60,58,Yes,10
PERF0003429,EMP01715,2025-H1,3,4.35,91,32,No,5
PERF0003430,EMP01715,2025-H2,4,4.31,79,58,No,15
PERF0003431,EMP01716,2025-H1,5,4.72,77,18,Yes,8
PERF0003432,EMP01716,2025-H2,5,4.68,87,24,Yes,5
PERF0003433,EMP01717,2025-H1,3,4.9,66,60,Yes,10
PERF0003434,EMP01717,2025-H2,4,3.09,62,29,No,12
PERF0003435,EMP01718,2025-H1,5,3.25,71,21,Yes,15
PERF0003436,EMP01718,2025-H2,5,4.17,62,41,Yes,8
PERF0003437,EMP01719,2025-H1,4,4.9,75,53,Yes,12
PERF0003438,EMP01719,2025-H2,4,3.69,80,11,No,8
PERF0003439,EMP01720,2025-H1,4,3.2,90,36,Yes,12
PERF0003440,EMP01720,2025-H2,4,4.49,95,2,Yes,12
PERF0003441,EMP01721,2025-H1,3,4.05,98,29,No,12
PERF0003442,EMP01721,2025-H2,5,3.68,88,9,No,5
PERF0003443,EMP01722,2025-H1,2,2.54,94,42,No,15
PERF0003444,EMP01722,2025-H2,2,4.17,76,47,Yes,12
PERF0003445,EMP01723,2025-H1,2,2.67,62,48,Yes,8
PERF0003446,EMP01723,2025-H2,2,4.99,72,26,Yes,8
PERF0003447,EMP01724,2025-H1,3,3.93,79,16,No,0
PERF0003448,EMP01724,2025-H2,2,2.84,83,57,Yes,5
PERF0003449,EMP01725,2025-H1,2,4.88,69,55,Yes,8
PERF0003450,EMP01725,2025-H2,5,3.41,84,60,No,5
PERF0003451,EMP01726,2025-H1,5,4.44,90,54,No,12
PERF0003452,EMP01726,2025-H2,3,3.03,80,15,Yes,12
PERF0003453,EMP01727,2025-H1,5,4.11,60,49,Yes,5
PERF0003454,EMP01727,2025-H2,2,4.96,90,20,Yes,8
PERF0003455,EMP01728,2025-H1,3,4.29,89,56,No,10
PERF0003456,EMP01728,2025-H2,2,3.32,92,28,Yes,0
PERF0003457,EMP01729,2025-H1,3,3.0,69,58,No,5
PERF0003458,EMP01729,2025-H2,5,4.66,70,7,No,8
PERF0003459,EMP01730,2025-H1,2,3.37,74,51,Yes,10
PERF0003460,EMP01730,2025-H2,2,4.09,91,34,No,12
PERF0003461,EMP01731,2025-H1,2,2.72,68,34,No,0
PERF0003462,EMP01731,2025-H2,3,3.33,97,37,No,0
PERF0003463,EMP01732,2025-H1,5,2.99,67,24,Yes,8
PERF0003464,EMP01732,2025-H2,3,3.73,92,56,No,8
PERF0003465,EMP01733,2025-H1,4,3.38,84,24,No,0
PERF0003466,EMP01733,2025-H2,3,4.43,90,11,Yes,12
PERF0003467,EMP01734,2025-H1,3,3.83,67,38,Yes,10
PERF0003468,EMP01734,2025-H2,4,3.78,100,13,No,0
PERF0003469,EMP01735,2025-H1,5,3.92,88,28,Yes,0
PERF0003470,EMP01735,2025-H2,5,2.82,100,14,No,8
PERF0003471,EMP01736,2025-H1,3,3.54,93,49,Yes,8
PERF0003472,EMP01736,2025-H2,3,4.21,68,10,Yes,8
PERF0003473,EMP01737,2025-H1,2,4.13,67,18,Yes,10
PERF0003474,EMP01737,2025-H2,4,4.2,74,17,Yes,8
PERF0003475,EMP01738,2025-H1,2,3.98,67,55,No,15
PERF0003476,EMP01738,2025-H2,4,4.07,67,48,Yes,12
PERF0003477,EMP01739,2025-H1,4,3.89,95,53,Yes,5
PERF0003478,EMP01739,2025-H2,3,3.21,80,0,Yes,5
PERF0003479,EMP01740,2025-H1,2,4.82,77,50,Yes,5
PERF0003480,EMP01740,2025-H2,5,3.06,90,14,Yes,12
PERF0003481,EMP01741,2025-H1,5,3.88,86,11,No,0
PERF0003482,EMP01741,2025-H2,5,3.19,95,47,Yes,12
PERF0003483,EMP01742,2025-H1,5,3.57,73,14,Yes,10
PERF0003484,EMP01742,2025-H2,5,4.01,93,27,Yes,15
PERF0003485,EMP01743,2025-H1,4,4.91,100,59,Yes,10
PERF0003486,EMP01743,2025-H2,5,3.27,98,20,No,10
PERF0003487,EMP01744,2025-H1,2,2.54,82,37,No,10
PERF0003488,EMP01744,2025-H2,4,3.61,92,3,No,10
PERF0003489,EMP01745,2025-H1,2,3.98,95,30,No,10
PERF0003490,EMP01745,2025-H2,3,3.87,79,36,No,5
PERF0003491,EMP01746,2025-H1,2,2.57,71,43,No,12
PERF0003492,EMP01746,2025-H2,5,3.83,69,18,Yes,5
PERF0003493,EMP01747,2025-H1,3,3.35,69,48,No,5
PERF0003494,EMP01747,2025-H2,4,4.75,88,54,No,8
PERF0003495,EMP01748,2025-H1,4,4.93,79,39,No,8
PERF0003496,EMP01748,2025-H2,4,4.38,76,58,Yes,8
PERF0003497,EMP01749,2025-H1,2,3.29,86,5,Yes,5
PERF0003498,EMP01749,2025-H2,5,4.98,85,42,No,15
PERF0003499,EMP01750,2025-H1,3,3.88,86,22,Yes,15
PERF0003500,EMP01750,2025-H2,5,2.66,92,27,Yes,8
PERF0003501,EMP01751,2025-H1,2,2.59,67,25,No,15
PERF0003502,EMP01751,2025-H2,3,4.31,89,57,Yes,12
PERF0003503,EMP01752,2025-H1,4,4.59,85,52,No,10
PERF0003504,EMP01752,2025-H2,2,3.52,75,38,Yes,12
PERF0003505,EMP01753,2025-H1,2,2.68,66,57,No,5
PERF0003506,EMP01753,2025-H2,2,4.53,84,34,No,5
PERF0003507,EMP01754,2025-H1,5,4.79,93,49,No,10
PERF0003508,EMP01754,2025-H2,4,2.57,78,18,Yes,10
PERF0003509,EMP01755,2025-H1,3,4.08,96,59,No,15
PERF0003510,EMP01755,2025-H2,3,3.02,77,20,Yes,15
PERF0003511,EMP01756,2025-H1,2,3.71,77,40,No,12
PERF0003512,EMP01756,2025-H2,3,4.32,68,35,Yes,12
PERF0003513,EMP01757,2025-H1,4,4.09,61,15,Yes,5
PERF0003514,EMP01757,2025-H2,2,3.9,81,10,No,8
PERF0003515,EMP01758,2025-H1,2,3.77,75,20,No,8
PERF0003516,EMP01758,2025-H2,2,3.45,93,52,No,12
PERF0003517,EMP01759,2025-H1,3,3.05,100,4,Yes,10
PERF0003518,EMP01759,2025-H2,2,2.99,61,59,Yes,5
PERF0003519,EMP01760,2025-H1,2,3.49,80,33,No,0
PERF0003520,EMP01760,2025-H2,5,2.85,84,38,Yes,15
PERF0003521,EMP01761,2025-H1,5,4.97,75,0,Yes,0
PERF0003522,EMP01761,2025-H2,2,4.75,61,35,Yes,5
PERF0003523,EMP01762,2025-H1,3,4.04,79,44,Yes,5
PERF0003524,EMP01762,2025-H2,5,3.86,65,50,Yes,8
PERF0003525,EMP01763,2025-H1,3,2.58,89,1,Yes,10
PERF0003526,EMP01763,2025-H2,2,2.99,88,4,No,15
PERF0003527,EMP01764,2025-H1,4,3.04,63,25,No,12
PERF0003528,EMP01764,2025-H2,4,4.27,95,33,Yes,15
PERF0003529,EMP01765,2025-H1,2,3.51,76,7,No,0
PERF0003530,EMP01765,2025-H2,5,4.05,89,43,No,12
PERF0003531,EMP01766,2025-H1,3,2.5,90,41,Yes,0
PERF0003532,EMP01766,2025-H2,2,2.53,63,41,No,8
PERF0003533,EMP01767,2025-H1,5,4.84,90,14,No,5
PERF0003534,EMP01767,2025-H2,3,4.65,68,0,No,10
PERF0003535,EMP01768,2025-H1,5,4.55,98,49,No,5
PERF0003536,EMP01768,2025-H2,4,4.1,70,35,No,0
PERF0003537,EMP01769,2025-H1,4,4.52,88,13,No,12
PERF0003538,EMP01769,2025-H2,5,3.64,92,21,No,5
PERF0003539,EMP01770,2025-H1,3,3.27,67,44,Yes,12
PERF0003540,EMP01770,2025-H2,2,3.38,67,20,Yes,15
PERF0003541,EMP01771,2025-H1,2,4.21,95,31,No,5
PERF0003542,EMP01771,2025-H2,5,4.56,90,57,No,12
PERF0003543,EMP01772,2025-H1,5,3.47,70,8,Yes,10
PERF0003544,EMP01772,2025-H2,5,3.81,98,6,Yes,12
PERF0003545,EMP01773,2025-H1,2,4.53,85,5,Yes,15
PERF0003546,EMP01773,2025-H2,2,3.15,99,54,No,8
PERF0003547,EMP01774,2025-H1,4,2.78,92,7,No,0
PERF0003548,EMP01774,2025-H2,2,3.17,60,20,No,0
PERF0003549,EMP01775,2025-H1,4,3.6,77,18,Yes,12
PERF0003550,EMP01775,2025-H2,3,4.03,66,32,Yes,0
PERF0003551,EMP01776,2025-H1,5,3.57,69,51,Yes,10
PERF0003552,EMP01776,2025-H2,3,2.98,60,45,No,10
PERF0003553,EMP01777,2025-H1,3,3.68,99,12,No,15
PERF0003554,EMP01777,2025-H2,5,4.14,92,17,No,8
PERF0003555,EMP01778,2025-H1,3,4.28,95,41,No,15
PERF0003556,EMP01778,2025-H2,4,4.87,72,54,Yes,8
PERF0003557,EMP01779,2025-H1,4,4.33,89,52,Yes,10
PERF0003558,EMP01779,2025-H2,2,2.78,85,9,No,10
PERF0003559,EMP01780,2025-H1,4,3.95,65,41,Yes,15
PERF0003560,EMP01780,2025-H2,2,2.74,64,4,No,0
PERF0003561,EMP01781,2025-H1,5,2.51,69,45,Yes,8
PERF0003562,EMP01781,2025-H2,4,3.13,72,37,Yes,12
PERF0003563,EMP01782,2025-H1,2,4.27,60,33,No,5
PERF0003564,EMP01782,2025-H2,3,4.59,94,11,No,15
PERF0003565,EMP01783,2025-H1,4,4.42,98,55,No,8
PERF0003566,EMP01783,2025-H2,5,4.72,80,59,Yes,10
PERF0003567,EMP01784,2025-H1,4,3.82,82,33,No,12
PERF0003568,EMP01784,2025-H2,3,3.47,73,56,No,0
PERF0003569,EMP01785,2025-H1,5,3.26,89,41,No,5
PERF0003570,EMP01785,2025-H2,5,3.83,68,25,No,0
PERF0003571,EMP01786,2025-H1,5,4.29,85,45,No,10
PERF0003572,EMP01786,2025-H2,4,3.55,93,17,Yes,10
PERF0003573,EMP01787,2025-H1,2,3.34,84,3,Yes,0
PERF0003574,EMP01787,2025-H2,3,4.87,92,2,No,12
PERF0003575,EMP01788,2025-H1,3,4.97,88,34,Yes,15
PERF0003576,EMP01788,2025-H2,5,4.64,91,43,No,8
PERF0003577,EMP01789,2025-H1,2,4.94,60,0,No,12
PERF0003578,EMP01789,2025-H2,3,2.54,85,24,No,10
PERF0003579,EMP01790,2025-H1,4,3.68,87,52,No,8
PERF0003580,EMP01790,2025-H2,5,4.95,97,7,Yes,5
PERF0003581,EMP01791,2025-H1,4,2.87,83,16,No,10
PERF0003582,EMP01791,2025-H2,3,3.47,83,8,No,15
PERF0003583,EMP01792,2025-H1,4,4.48,68,17,No,8
PERF0003584,EMP01792,2025-H2,5,4.48,88,49,No,5
PERF0003585,EMP01793,2025-H1,5,3.42,94,41,Yes,10
PERF0003586,EMP01793,2025-H2,4,3.46,91,32,No,8
PERF0003587,EMP01794,2025-H1,4,3.68,63,29,No,15
PERF0003588,EMP01794,2025-H2,4,4.54,70,29,Yes,5
PERF0003589,EMP01795,2025-H1,4,3.29,88,2,Yes,8
PERF0003590,EMP01795,2025-H2,5,3.44,85,51,No,10
PERF0003591,EMP01796,2025-H1,4,2.74,90,49,Yes,8
PERF0003592,EMP01796,2025-H2,4,4.13,89,57,No,8
PERF0003593,EMP01797,2025-H1,4,4.87,61,3,No,12
PERF0003594,EMP01797,2025-H2,5,3.85,89,57,No,8
PERF0003595,EMP01798,2025-H1,4,3.75,65,17,Yes,10
PERF0003596,EMP01798,2025-H2,4,2.53,89,31,No,15
PERF0003597,EMP01799,2025-H1,4,3.46,79,24,No,0
PERF0003598,EMP01799,2025-H2,3,3.39,60,24,No,10
PERF0003599,EMP01800,2025-H1,4,3.86,94,1,Yes,8
PERF0003600,EMP01800,2025-H2,2,4.31,84,30,Yes,15
PERF0003601,EMP01801,2025-H1,2,2.79,74,9,No,5
PERF0003602,EMP01801,2025-H2,2,2.68,80,44,No,5
PERF0003603,EMP01802,2025-H1,5,3.36,61,13,No,5
PERF0003604,EMP01802,2025-H2,3,4.43,65,54,No,8
PERF0003605,EMP01803,2025-H1,3,4.31,91,58,No,15
PERF0003606,EMP01803,2025-H2,4,3.78,70,47,Yes,5
PERF0003607,EMP01804,2025-H1,5,2.9,73,25,No,0
PERF0003608,EMP01804,2025-H2,3,3.98,93,9,No,0
PERF0003609,EMP01805,2025-H1,4,3.13,94,18,Yes,0
PERF0003610,EMP01805,2025-H2,5,3.38,71,18,Yes,8
PERF0003611,EMP01806,2025-H1,2,3.23,94,58,Yes,0
PERF0003612,EMP01806,2025-H2,2,3.12,81,1,Yes,0
PERF0003613,EMP01807,2025-H1,2,2.62,88,28,No,15
PERF0003614,EMP01807,2025-H2,2,2.72,68,59,No,8
PERF0003615,EMP01808,2025-H1,2,2.68,74,42,Yes,8
PERF0003616,EMP01808,2025-H2,3,2.82,84,44,Yes,5
PERF0003617,EMP01809,2025-H1,5,2.61,82,50,Yes,8
PERF0003618,EMP01809,2025-H2,3,3.53,84,1,Yes,5
PERF0003619,EMP01810,2025-H1,2,4.02,81,54,Yes,10
PERF0003620,EMP01810,2025-H2,2,3.99,65,23,Yes,15
PERF0003621,EMP01811,2025-H1,2,4.19,64,46,Yes,10
PERF0003622,EMP01811,2025-H2,3,3.0,91,49,No,15
PERF0003623,EMP01812,2025-H1,3,4.62,98,25,Yes,12
PERF0003624,EMP01812,2025-H2,5,4.13,67,19,Yes,5
PERF0003625,EMP01813,2025-H1,3,3.1,81,26,No,0
PERF0003626,EMP01813,2025-H2,3,4.53,67,28,No,10
PERF0003627,EMP01814,2025-H1,3,4.82,77,42,No,8
PERF0003628,EMP01814,2025-H2,5,2.9,86,23,No,8
PERF0003629,EMP01815,2025-H1,5,4.89,78,37,Yes,12
PERF0003630,EMP01815,2025-H2,3,3.86,75,34,Yes,15
PERF0003631,EMP01816,2025-H1,2,3.95,61,31,No,12
PERF0003632,EMP01816,2025-H2,4,3.15,87,2,No,15
PERF0003633,EMP01817,2025-H1,4,2.64,70,7,No,10
PERF0003634,EMP01817,2025-H2,2,3.47,87,19,Yes,5
PERF0003635,EMP01818,2025-H1,4,2.87,64,29,No,12
PERF0003636,EMP01818,2025-H2,2,4.26,84,23,No,15
PERF0003637,EMP01819,2025-H1,3,4.26,78,34,Yes,8
PERF0003638,EMP01819,2025-H2,4,3.38,97,44,No,12
PERF0003639,EMP01820,2025-H1,5,4.96,98,28,Yes,10
PERF0003640,EMP01820,2025-H2,2,2.55,77,16,No,12
PERF0003641,EMP01821,2025-H1,3,4.39,94,48,No,8
PERF0003642,EMP01821,2025-H2,5,3.98,84,7,No,5
PERF0003643,EMP01822,2025-H1,3,3.25,80,10,Yes,15
PERF0003644,EMP01822,2025-H2,2,2.7,89,48,No,10
PERF0003645,EMP01823,2025-H1,3,2.77,70,50,Yes,15
PERF0003646,EMP01823,2025-H2,5,4.62,89,39,Yes,5
PERF0003647,EMP01824,2025-H1,3,4.38,64,39,No,15
PERF0003648,EMP01824,2025-H2,5,3.01,62,46,Yes,10
PERF0003649,EMP01825,2025-H1,3,4.99,97,50,No,12
PERF0003650,EMP01825,2025-H2,4,3.55,77,29,Yes,5
PERF0003651,EMP01826,2025-H1,3,3.04,91,29,No,0
PERF0003652,EMP01826,2025-H2,5,3.17,68,4,No,12
PERF0003653,EMP01827,2025-H1,2,3.06,76,50,No,10
PERF0003654,EMP01827,2025-H2,5,4.63,98,31,Yes,12
PERF0003655,EMP01828,2025-H1,5,4.18,86,1,No,15
PERF0003656,EMP01828,2025-H2,4,4.79,86,32,No,5
PERF0003657,EMP01829,2025-H1,4,2.69,92,49,No,0
PERF0003658,EMP01829,2025-H2,2,4.67,72,27,No,15
PERF0003659,EMP01830,2025-H1,2,3.25,65,41,No,0
PERF0003660,EMP01830,2025-H2,4,4.17,88,51,Yes,0
PERF0003661,EMP01831,2025-H1,2,3.34,75,8,No,10
PERF0003662,EMP01831,2025-H2,3,3.71,86,45,No,15
PERF0003663,EMP01832,2025-H1,3,3.64,92,13,No,10
PERF0003664,EMP01832,2025-H2,5,3.58,62,42,No,15
PERF0003665,EMP01833,2025-H1,2,4.92,66,0,Yes,0
PERF0003666,EMP01833,2025-H2,5,3.3,84,1,Yes,5
PERF0003667,EMP01834,2025-H1,3,4.06,96,8,No,5
PERF0003668,EMP01834,2025-H2,4,4.76,92,40,No,8
PERF0003669,EMP01835,2025-H1,4,3.54,95,20,Yes,15
PERF0003670,EMP01835,2025-H2,5,4.21,73,35,No,5
PERF0003671,EMP01836,2025-H1,3,3.88,74,19,Yes,5
PERF0003672,EMP01836,2025-H2,5,3.74,100,25,Yes,5
PERF0003673,EMP01837,2025-H1,4,4.29,95,42,No,8
PERF0003674,EMP01837,2025-H2,5,3.74,89,58,No,12
PERF0003675,EMP01838,2025-H1,5,4.6,72,23,No,0
PERF0003676,EMP01838,2025-H2,4,4.85,61,4,No,8
PERF0003677,EMP01839,2025-H1,2,4.43,98,20,No,10
PERF0003678,EMP01839,2025-H2,2,2.67,69,21,Yes,10
PERF0003679,EMP01840,2025-H1,3,4.82,66,15,Yes,10
PERF0003680,EMP01840,2025-H2,2,4.84,96,35,Yes,15
PERF0003681,EMP01841,2025-H1,5,3.35,82,59,No,0
PERF0003682,EMP01841,2025-H2,4,4.84,89,5,Yes,15
PERF0003683,EMP01842,2025-H1,4,2.82,100,32,Yes,12
PERF0003684,EMP01842,2025-H2,4,3.15,79,32,No,12
PERF0003685,EMP01843,2025-H1,5,3.95,90,11,Yes,8
PERF0003686,EMP01843,2025-H2,3,4.96,97,24,Yes,8
PERF0003687,EMP01844,2025-H1,5,4.62,99,16,Yes,8
PERF0003688,EMP01844,2025-H2,2,4.77,85,46,Yes,0
PERF0003689,EMP01845,2025-H1,2,3.83,74,14,No,0
PERF0003690,EMP01845,2025-H2,4,4.68,90,19,Yes,12
PERF0003691,EMP01846,2025-H1,4,2.93,100,0,No,8
PERF0003692,EMP01846,2025-H2,5,3.3,71,40,No,15
PERF0003693,EMP01847,2025-H1,2,4.64,100,53,No,8
PERF0003694,EMP01847,2025-H2,3,4.55,91,28,Yes,8
PERF0003695,EMP01848,2025-H1,3,4.22,92,52,No,5
PERF0003696,EMP01848,2025-H2,5,2.71,79,37,No,15
PERF0003697,EMP01849,2025-H1,3,3.54,68,14,Yes,12
PERF0003698,EMP01849,2025-H2,2,2.58,96,38,No,15
PERF0003699,EMP01850,2025-H1,4,2.76,100,33,Yes,12
PERF0003700,EMP01850,2025-H2,2,4.57,63,50,Yes,5
PERF0003701,EMP01851,2025-H1,3,4.61,92,51,Yes,8
PERF0003702,EMP01851,2025-H2,2,4.01,99,49,Yes,0
PERF0003703,EMP01852,2025-H1,2,4.28,76,36,No,12
PERF0003704,EMP01852,2025-H2,5,4.14,98,26,Yes,8
PERF0003705,EMP01853,2025-H1,3,2.57,82,9,Yes,0
PERF0003706,EMP01853,2025-H2,2,4.95,90,51,Yes,10
PERF0003707,EMP01854,2025-H1,4,4.69,95,2,Yes,8
PERF0003708,EMP01854,2025-H2,5,2.83,93,32,No,15
PERF0003709,EMP01855,2025-H1,2,2.71,63,52,Yes,12
PERF0003710,EMP01855,2025-H2,3,3.39,77,25,Yes,8
PERF0003711,EMP01856,2025-H1,5,2.87,80,8,Yes,12
PERF0003712,EMP01856,2025-H2,3,4.76,94,8,Yes,8
PERF0003713,EMP01857,2025-H1,4,3.14,80,47,Yes,8
PERF0003714,EMP01857,2025-H2,5,4.74,100,3,No,8
PERF0003715,EMP01858,2025-H1,2,2.67,68,1,No,8
PERF0003716,EMP01858,2025-H2,4,3.35,91,9,No,15
PERF0003717,EMP01859,2025-H1,4,3.12,74,45,No,5
PERF0003718,EMP01859,2025-H2,3,3.48,60,44,No,5
PERF0003719,EMP01860,2025-H1,4,4.97,82,57,No,12
PERF0003720,EMP01860,2025-H2,3,2.99,82,24,Yes,0
PERF0003721,EMP01861,2025-H1,5,2.61,66,17,No,12
PERF0003722,EMP01861,2025-H2,5,4.71,65,36,Yes,0
PERF0003723,EMP01862,2025-H1,3,3.31,72,0,No,10
PERF0003724,EMP01862,2025-H2,3,3.65,75,24,Yes,15
PERF0003725,EMP01863,2025-H1,2,3.09,75,27,No,8
PERF0003726,EMP01863,2025-H2,4,4.99,96,56,Yes,10
PERF0003727,EMP01864,2025-H1,4,4.26,86,19,No,10
PERF0003728,EMP01864,2025-H2,2,4.01,78,3,Yes,10
PERF0003729,EMP01865,2025-H1,5,3.43,92,57,No,12
PERF0003730,EMP01865,2025-H2,2,4.22,70,19,Yes,0
PERF0003731,EMP01866,2025-H1,3,3.93,83,6,No,0
PERF0003732,EMP01866,2025-H2,4,4.09,82,50,No,10
PERF0003733,EMP01867,2025-H1,4,3.56,83,52,Yes,8
PERF0003734,EMP01867,2025-H2,5,4.94,96,18,Yes,5
PERF0003735,EMP01868,2025-H1,4,4.95,94,0,Yes,5
PERF0003736,EMP01868,2025-H2,4,4.85,100,31,No,15
PERF0003737,EMP01869,2025-H1,2,2.98,72,13,Yes,15
PERF0003738,EMP01869,2025-H2,2,4.06,81,26,Yes,5
PERF0003739,EMP01870,2025-H1,4,2.86,100,12,Yes,5
PERF0003740,EMP01870,2025-H2,4,3.52,98,18,No,0
PERF0003741,EMP01871,2025-H1,2,3.14,93,34,Yes,15
PERF0003742,EMP01871,2025-H2,4,4.57,60,50,Yes,8
PERF0003743,EMP01872,2025-H1,4,3.98,99,44,No,8
PERF0003744,EMP01872,2025-H2,5,2.54,100,8,No,12
PERF0003745,EMP01873,2025-H1,5,2.85,78,58,Yes,5
PERF0003746,EMP01873,2025-H2,3,3.98,73,11,No,10
PERF0003747,EMP01874,2025-H1,5,3.2,78,53,No,12
PERF0003748,EMP01874,2025-H2,4,3.21,74,36,No,0
PERF0003749,EMP01875,2025-H1,3,2.76,91,58,Yes,15
PERF0003750,EMP01875,2025-H2,4,3.59,78,27,Yes,10
PERF0003751,EMP01876,2025-H1,4,4.8,88,55,Yes,10
PERF0003752,EMP01876,2025-H2,4,3.12,68,26,No,0
PERF0003753,EMP01877,2025-H1,4,4.21,76,18,No,8
PERF0003754,EMP01877,2025-H2,3,4.36,81,53,No,0
PERF0003755,EMP01878,2025-H1,3,2.57,64,57,No,12
PERF0003756,EMP01878,2025-H2,4,4.83,98,60,Yes,12
PERF0003757,EMP01879,2025-H1,2,4.1,62,9,Yes,15
PERF0003758,EMP01879,2025-H2,4,4.06,87,34,No,0
PERF0003759,EMP01880,2025-H1,4,3.88,62,38,Yes,15
PERF0003760,EMP01880,2025-H2,3,4.93,83,41,No,8
PERF0003761,EMP01881,2025-H1,2,4.27,60,56,No,12
PERF0003762,EMP01881,2025-H2,3,4.3,64,48,Yes,5
PERF0003763,EMP01882,2025-H1,2,3.36,82,24,No,8
PERF0003764,EMP01882,2025-H2,5,4.05,74,28,No,10
PERF0003765,EMP01883,2025-H1,2,3.88,96,51,Yes,5
PERF0003766,EMP01883,2025-H2,3,3.19,80,29,No,15
PERF0003767,EMP01884,2025-H1,4,3.39,69,29,Yes,5
PERF0003768,EMP01884,2025-H2,4,4.01,96,16,No,12
PERF0003769,EMP01885,2025-H1,2,4.6,66,37,Yes,10
PERF0003770,EMP01885,2025-H2,4,2.88,99,17,Yes,5
PERF0003771,EMP01886,2025-H1,4,3.28,91,1,No,5
PERF0003772,EMP01886,2025-H2,3,2.82,79,39,No,12
PERF0003773,EMP01887,2025-H1,2,3.34,92,15,Yes,15
PERF0003774,EMP01887,2025-H2,3,3.61,76,60,No,10
PERF0003775,EMP01888,2025-H1,2,2.67,95,19,Yes,12
PERF0003776,EMP01888,2025-H2,4,3.01,86,24,Yes,12
PERF0003777,EMP01889,2025-H1,5,4.93,78,15,Yes,5
PERF0003778,EMP01889,2025-H2,5,3.34,74,48,Yes,15
PERF0003779,EMP01890,2025-H1,2,4.94,91,60,Yes,8
PERF0003780,EMP01890,2025-H2,4,2.92,86,59,No,0
PERF0003781,EMP01891,2025-H1,5,4.07,80,55,No,15
PERF0003782,EMP01891,2025-H2,3,3.23,81,7,No,8
PERF0003783,EMP01892,2025-H1,5,4.81,95,38,Yes,10
PERF0003784,EMP01892,2025-H2,3,2.87,72,54,Yes,15
PERF0003785,EMP01893,2025-H1,2,4.02,71,22,Yes,8
PERF0003786,EMP01893,2025-H2,4,2.68,65,28,No,5
PERF0003787,EMP01894,2025-H1,2,4.15,70,27,Yes,10
PERF0003788,EMP01894,2025-H2,5,3.96,80,41,No,5
PERF0003789,EMP01895,2025-H1,2,4.87,98,11,Yes,5
PERF0003790,EMP01895,2025-H2,5,3.97,75,47,Yes,12
PERF0003791,EMP01896,2025-H1,2,3.81,82,58,Yes,8
PERF0003792,EMP01896,2025-H2,3,4.94,85,32,No,15
PERF0003793,EMP01897,2025-H1,5,2.81,75,40,Yes,15
PERF0003794,EMP01897,2025-H2,3,3.49,62,36,No,0
PERF0003795,EMP01898,2025-H1,4,2.79,70,38,Yes,10
PERF0003796,EMP01898,2025-H2,3,3.23,63,59,No,8
PERF0003797,EMP01899,2025-H1,2,4.12,89,41,Yes,0
PERF0003798,EMP01899,2025-H2,3,4.12,75,20,No,12
PERF0003799,EMP01900,2025-H1,4,4.69,66,43,Yes,0
PERF0003800,EMP01900,2025-H2,2,4.49,84,34,No,15
PERF0003801,EMP01901,2025-H1,4,4.03,84,1,Yes,15
PERF0003802,EMP01901,2025-H2,4,4.92,61,7,No,8
PERF0003803,EMP01902,2025-H1,5,3.23,91,42,Yes,12
PERF0003804,EMP01902,2025-H2,3,4.69,100,49,No,12
PERF0003805,EMP01903,2025-H1,4,4.66,97,47,No,0
PERF0003806,EMP01903,2025-H2,2,4.68,62,37,No,5
PERF0003807,EMP01904,2025-H1,3,2.52,62,18,No,15
PERF0003808,EMP01904,2025-H2,2,3.27,69,48,No,10
PERF0003809,EMP01905,2025-H1,4,2.56,73,43,No,10
PERF0003810,EMP01905,2025-H2,3,4.11,77,12,Yes,0
PERF0003811,EMP01906,2025-H1,4,3.07,100,53,No,10
PERF0003812,EMP01906,2025-H2,2,4.8,65,3,Yes,0
PERF0003813,EMP01907,2025-H1,4,4.49,70,31,Yes,8
PERF0003814,EMP01907,2025-H2,2,2.78,72,24,No,15
PERF0003815,EMP01908,2025-H1,4,4.71,85,19,Yes,12
PERF0003816,EMP01908,2025-H2,4,2.86,67,4,Yes,10
PERF0003817,EMP01909,2025-H1,5,3.4,83,54,Yes,8
PERF0003818,EMP01909,2025-H2,5,2.59,74,41,No,12
PERF0003819,EMP01910,2025-H1,2,2.91,65,41,Yes,15
PERF0003820,EMP01910,2025-H2,5,3.84,97,13,Yes,8
PERF0003821,EMP01911,2025-H1,4,2.76,96,36,Yes,12
PERF0003822,EMP01911,2025-H2,5,4.76,77,48,No,0
PERF0003823,EMP01912,2025-H1,2,3.3,62,6,Yes,8
PERF0003824,EMP01912,2025-H2,5,4.36,87,41,Yes,0
PERF0003825,EMP01913,2025-H1,3,3.4,70,58,Yes,15
PERF0003826,EMP01913,2025-H2,4,2.83,85,1,Yes,15
PERF0003827,EMP01914,2025-H1,5,3.34,61,14,No,12
PERF0003828,EMP01914,2025-H2,4,3.22,73,48,No,0
PERF0003829,EMP01915,2025-H1,4,4.24,87,8,Yes,0
PERF0003830,EMP01915,2025-H2,5,4.35,66,20,Yes,15
PERF0003831,EMP01916,2025-H1,2,4.91,78,27,Yes,8
PERF0003832,EMP01916,2025-H2,2,4.46,93,8,Yes,5
PERF0003833,EMP01917,2025-H1,5,3.87,77,45,No,5
PERF0003834,EMP01917,2025-H2,4,4.84,72,21,No,12
PERF0003835,EMP01918,2025-H1,2,4.83,83,50,Yes,15
PERF0003836,EMP01918,2025-H2,4,4.69,91,9,Yes,0
PERF0003837,EMP01919,2025-H1,4,4.79,82,12,Yes,0
PERF0003838,EMP01919,2025-H2,3,3.47,97,32,Yes,8
PERF0003839,EMP01920,2025-H1,2,3.05,72,8,Yes,15
PERF0003840,EMP01920,2025-H2,5,2.59,92,8,Yes,0
PERF0003841,EMP01921,2025-H1,4,3.24,100,21,No,0
PERF0003842,EMP01921,2025-H2,5,2.87,61,45,No,10
PERF0003843,EMP01922,2025-H1,4,3.54,89,51,No,10
PERF0003844,EMP01922,2025-H2,3,4.73,60,8,Yes,0
PERF0003845,EMP01923,2025-H1,4,4.24,93,9,Yes,8
PERF0003846,EMP01923,2025-H2,5,3.8,77,47,Yes,15
PERF0003847,EMP01924,2025-H1,2,2.88,94,2,Yes,0
PERF0003848,EMP01924,2025-H2,3,3.81,74,8,No,5
PERF0003849,EMP01925,2025-H1,3,4.01,93,57,Yes,0
PERF0003850,EMP01925,2025-H2,3,2.51,88,29,Yes,8
PERF0003851,EMP01926,2025-H1,4,2.54,70,15,No,15
PERF0003852,EMP01926,2025-H2,2,4.38,80,42,Yes,10
PERF0003853,EMP01927,2025-H1,2,2.85,71,43,Yes,5
PERF0003854,EMP01927,2025-H2,4,4.8,74,53,No,12
PERF0003855,EMP01928,2025-H1,2,3.28,61,25,Yes,10
PERF0003856,EMP01928,2025-H2,2,4.23,65,52,No,12
PERF0003857,EMP01929,2025-H1,5,3.5,73,33,Yes,8
PERF0003858,EMP01929,2025-H2,5,3.3,70,48,Yes,15
PERF0003859,EMP01930,2025-H1,3,4.38,99,47,Yes,10
PERF0003860,EMP01930,2025-H2,5,4.06,85,36,No,0
PERF0003861,EMP01931,2025-H1,3,4.99,66,12,No,10
PERF0003862,EMP01931,2025-H2,2,4.85,68,28,No,10
PERF0003863,EMP01932,2025-H1,2,4.98,81,1,Yes,12
PERF0003864,EMP01932,2025-H2,2,3.43,90,50,Yes,12
PERF0003865,EMP01933,2025-H1,4,4.27,96,16,No,5
PERF0003866,EMP01933,2025-H2,5,4.65,80,58,Yes,15
PERF0003867,EMP01934,2025-H1,4,4.65,62,57,Yes,8
PERF0003868,EMP01934,2025-H2,4,4.8,94,58,No,8
PERF0003869,EMP01935,2025-H1,4,2.85,94,16,Yes,12
PERF0003870,EMP01935,2025-H2,3,2.69,86,60,Yes,8
PERF0003871,EMP01936,2025-H1,5,2.89,97,1,Yes,0
PERF0003872,EMP01936,2025-H2,3,2.62,81,16,No,10
PERF0003873,EMP01937,2025-H1,3,4.41,67,42,No,12
PERF0003874,EMP01937,2025-H2,2,2.75,82,28,No,10
PERF0003875,EMP01938,2025-H1,2,3.74,94,13,No,5
PERF0003876,EMP01938,2025-H2,4,4.0,85,24,Yes,10
PERF0003877,EMP01939,2025-H1,3,3.94,87,14,No,15
PERF0003878,EMP01939,2025-H2,3,3.31,66,32,No,5
PERF0003879,EMP01940,2025-H1,2,4.7,63,32,No,15
PERF0003880,EMP01940,2025-H2,3,4.34,94,8,No,12
PERF0003881,EMP01941,2025-H1,3,2.52,64,53,Yes,8
PERF0003882,EMP01941,2025-H2,4,4.16,77,51,No,10
PERF0003883,EMP01942,2025-H1,4,4.73,95,35,Yes,12
PERF0003884,EMP01942,2025-H2,5,2.65,95,25,No,12
PERF0003885,EMP01943,2025-H1,2,2.97,100,33,No,5
PERF0003886,EMP01943,2025-H2,3,3.51,97,60,No,10
PERF0003887,EMP01944,2025-H1,5,4.87,68,52,Yes,12
PERF0003888,EMP01944,2025-H2,2,4.64,87,36,No,12
PERF0003889,EMP01945,2025-H1,5,3.16,75,11,Yes,10
PERF0003890,EMP01945,2025-H2,3,3.27,69,3,Yes,0
PERF0003891,EMP01946,2025-H1,3,4.56,61,3,Yes,5
PERF0003892,EMP01946,2025-H2,4,3.67,89,24,Yes,10
PERF0003893,EMP01947,2025-H1,3,2.77,89,5,No,0
PERF0003894,EMP01947,2025-H2,2,4.6,63,15,Yes,5
PERF0003895,EMP01948,2025-H1,4,4.55,69,11,No,12
PERF0003896,EMP01948,2025-H2,2,3.31,63,35,No,10
PERF0003897,EMP01949,2025-H1,5,2.69,92,1,Yes,10
PERF0003898,EMP01949,2025-H2,2,3.16,66,40,Yes,12
PERF0003899,EMP01950,2025-H1,5,3.9,73,60,No,10
PERF0003900,EMP01950,2025-H2,2,4.41,74,22,Yes,5
PERF0003901,EMP01951,2025-H1,3,3.34,73,43,No,10
PERF0003902,EMP01951,2025-H2,3,3.13,90,6,No,12
PERF0003903,EMP01952,2025-H1,3,2.87,65,29,Yes,12
PERF0003904,EMP01952,2025-H2,2,2.58,93,8,Yes,5
PERF0003905,EMP01953,2025-H1,3,3.33,61,30,No,8
PERF0003906,EMP01953,2025-H2,5,3.49,92,29,No,8
PERF0003907,EMP01954,2025-H1,4,4.82,66,35,Yes,0
PERF0003908,EMP01954,2025-H2,2,4.07,70,26,Yes,0
PERF0003909,EMP01955,2025-H1,4,4.82,86,30,No,15
PERF0003910,EMP01955,2025-H2,2,2.54,67,27,No,5
PERF0003911,EMP01956,2025-H1,3,4.11,74,29,No,8
PERF0003912,EMP01956,2025-H2,4,4.61,90,53,No,8
PERF0003913,EMP01957,2025-H1,3,3.84,86,3,No,10
PERF0003914,EMP01957,2025-H2,4,4.43,61,58,Yes,0
PERF0003915,EMP01958,2025-H1,5,3.28,64,51,No,0
PERF0003916,EMP01958,2025-H2,5,4.82,87,52,No,8
PERF0003917,EMP01959,2025-H1,3,4.9,100,31,Yes,5
PERF0003918,EMP01959,2025-H2,2,4.64,89,7,No,5
PERF0003919,EMP01960,2025-H1,2,4.07,75,22,Yes,12
PERF0003920,EMP01960,2025-H2,4,4.72,82,12,Yes,10
PERF0003921,EMP01961,2025-H1,5,3.76,94,26,No,12
PERF0003922,EMP01961,2025-H2,2,3.93,62,4,No,5
PERF0003923,EMP01962,2025-H1,4,4.0,91,39,Yes,0
PERF0003924,EMP01962,2025-H2,5,3.09,73,25,No,12
PERF0003925,EMP01963,2025-H1,5,3.17,78,32,Yes,12
PERF0003926,EMP01963,2025-H2,2,3.02,99,43,No,15
PERF0003927,EMP01964,2025-H1,5,2.77,75,51,No,0
PERF0003928,EMP01964,2025-H2,5,2.65,82,33,Yes,10
PERF0003929,EMP01965,2025-H1,2,4.19,91,29,No,12
PERF0003930,EMP01965,2025-H2,4,3.34,100,60,No,0
PERF0003931,EMP01966,2025-H1,2,3.73,99,48,No,0
PERF0003932,EMP01966,2025-H2,5,2.54,77,38,Yes,5
PERF0003933,EMP01967,2025-H1,4,3.36,90,29,Yes,8
PERF0003934,EMP01967,2025-H2,5,4.91,86,51,Yes,15
PERF0003935,EMP01968,2025-H1,3,4.89,86,37,No,15
PERF0003936,EMP01968,2025-H2,2,3.65,91,45,No,10
PERF0003937,EMP01969,2025-H1,4,2.94,90,5,Yes,10
PERF0003938,EMP01969,2025-H2,4,4.15,88,41,No,0
PERF0003939,EMP01970,2025-H1,3,4.26,99,18,Yes,8
PERF0003940,EMP01970,2025-H2,2,4.93,95,16,Yes,15
PERF0003941,EMP01971,2025-H1,5,3.88,81,18,No,5
PERF0003942,EMP01971,2025-H2,5,3.79,88,34,No,15
PERF0003943,EMP01972,2025-H1,4,4.66,100,26,No,8
PERF0003944,EMP01972,2025-H2,3,4.57,61,22,Yes,12
PERF0003945,EMP01973,2025-H1,4,3.17,62,33,No,5
PERF0003946,EMP01973,2025-H2,5,3.75,96,38,No,0
PERF0003947,EMP01974,2025-H1,3,4.69,98,4,No,15
PERF0003948,EMP01974,2025-H2,2,4.85,94,17,Yes,8
PERF0003949,EMP01975,2025-H1,2,4.98,95,25,Yes,10
PERF0003950,EMP01975,2025-H2,3,4.6,87,14,No,5
PERF0003951,EMP01976,2025-H1,3,4.71,82,60,No,5
PERF0003952,EMP01976,2025-H2,5,2.87,69,3,No,12
PERF0003953,EMP01977,2025-H1,4,4.28,69,46,No,8
PERF0003954,EMP01977,2025-H2,5,3.97,72,8,No,10
PERF0003955,EMP01978,2025-H1,3,3.69,81,57,Yes,0
PERF0003956,EMP01978,2025-H2,4,4.1,93,18,No,5
PERF0003957,EMP01979,2025-H1,2,2.59,89,16,No,12
PERF0003958,EMP01979,2025-H2,3,3.1,79,57,No,8
PERF0003959,EMP01980,2025-H1,3,2.7,80,6,No,15
PERF0003960,EMP01980,2025-H2,3,3.52,62,48,Yes,10
PERF0003961,EMP01981,2025-H1,2,2.84,62,15,No,12
PERF0003962,EMP01981,2025-H2,5,4.65,74,23,Yes,15
PERF0003963,EMP01982,2025-H1,2,4.72,95,46,Yes,0
PERF0003964,EMP01982,2025-H2,5,4.72,72,44,Yes,15
PERF0003965,EMP01983,2025-H1,5,4.1,83,31,Yes,0
PERF0003966,EMP01983,2025-H2,4,3.03,84,19,No,15
PERF0003967,EMP01984,2025-H1,2,3.81,73,40,No,0
PERF0003968,EMP01984,2025-H2,2,3.68,69,57,No,8
PERF0003969,EMP01985,2025-H1,5,3.08,63,56,Yes,10
PERF0003970,EMP01985,2025-H2,3,3.16,60,57,Yes,15
PERF0003971,EMP01986,2025-H1,4,4.92,69,47,Yes,5
PERF0003972,EMP01986,2025-H2,4,3.47,62,20,No,0
PERF0003973,EMP01987,2025-H1,2,4.61,66,24,Yes,10
PERF0003974,EMP01987,2025-H2,3,3.16,67,31,Yes,5
PERF0003975,EMP01988,2025-H1,4,4.94,77,28,No,0
PERF0003976,EMP01988,2025-H2,4,3.26,68,45,Yes,0
PERF0003977,EMP01989,2025-H1,5,4.48,87,15,No,0
PERF0003978,EMP01989,2025-H2,2,3.2,67,35,No,8
PERF0003979,EMP01990,2025-H1,2,2.65,60,33,Yes,10
PERF0003980,EMP01990,2025-H2,2,3.88,74,49,Yes,8
PERF0003981,EMP01991,2025-H1,4,2.66,60,16,No,5
PERF0003982,EMP01991,2025-H2,2,3.38,67,2,No,8
PERF0003983,EMP01992,2025-H1,3,3.55,62,52,No,10
PERF0003984,EMP01992,2025-H2,2,3.28,81,11,No,10
PERF0003985,EMP01993,2025-H1,5,4.77,96,21,No,12
PERF0003986,EMP01993,2025-H2,4,2.64,92,11,No,15
PERF0003987,EMP01994,2025-H1,3,4.39,81,49,Yes,8
PERF0003988,EMP01994,2025-H2,4,3.23,77,26,Yes,0
PERF0003989,EMP01995,2025-H1,4,2.82,67,30,No,12
PERF0003990,EMP01995,2025-H2,3,2.62,86,2,Yes,5
PERF0003991,EMP01996,2025-H1,4,4.38,98,0,Yes,10
PERF0003992,EMP01996,2025-H2,2,2.74,71,41,No,15
PERF0003993,EMP01997,2025-H1,3,2.52,72,44,Yes,15
PERF0003994,EMP01997,2025-H2,5,4.53,75,8,Yes,5
PERF0003995,EMP01998,2025-H1,5,4.76,86,23,Yes,10
PERF0003996,EMP01998,2025-H2,2,2.73,80,53,No,12
PERF0003997,EMP01999,2025-H1,4,4.45,80,19,No,8
PERF0003998,EMP01999,2025-H2,2,4.18,71,7,No,15
PERF0003999,EMP02000,2025-H1,4,2.59,61,25,Yes,5
PERF0004000,EMP02000,2025-H2,3,4.24,63,31,Yes,15
PERF0004001,EMP02001,2025-H1,4,2.96,75,44,No,10
PERF0004002,EMP02001,2025-H2,5,3.82,91,44,No,12
PERF0004003,EMP02002,2025-H1,2,2.66,65,28,Yes,0
PERF0004004,EMP02002,2025-H2,3,4.77,66,15,Yes,8
PERF0004005,EMP02003,2025-H1,5,4.25,72,19,No,12
PERF0004006,EMP02003,2025-H2,3,4.57,92,45,Yes,8
PERF0004007,EMP02004,2025-H1,5,3.15,70,16,Yes,8
PERF0004008,EMP02004,2025-H2,3,3.96,76,18,Yes,10
PERF0004009,EMP02005,2025-H1,5,3.23,88,8,Yes,12
PERF0004010,EMP02005,2025-H2,4,3.14,84,41,Yes,0
PERF0004011,EMP02006,2025-H1,2,4.95,71,33,No,10
PERF0004012,EMP02006,2025-H2,5,3.26,66,25,No,15
PERF0004013,EMP02007,2025-H1,2,2.92,71,38,Yes,8
PERF0004014,EMP02007,2025-H2,5,2.73,81,5,No,10
PERF0004015,EMP02008,2025-H1,2,3.36,91,30,No,10
PERF0004016,EMP02008,2025-H2,4,4.2,70,51,Yes,10
PERF0004017,EMP02009,2025-H1,5,4.15,80,22,No,0
PERF0004018,EMP02009,2025-H2,3,3.66,96,1,Yes,0
PERF0004019,EMP02010,2025-H1,3,3.29,62,7,No,10
PERF0004020,EMP02010,2025-H2,4,2.69,63,47,No,10
PERF0004021,EMP02011,2025-H1,5,2.8,83,48,Yes,15
PERF0004022,EMP02011,2025-H2,4,4.66,84,21,Yes,0
PERF0004023,EMP02012,2025-H1,4,3.16,82,52,Yes,15
PERF0004024,EMP02012,2025-H2,4,2.62,76,46,Yes,12
PERF0004025,EMP02013,2025-H1,2,4.55,65,5,No,0
PERF0004026,EMP02013,2025-H2,5,2.87,68,27,Yes,0
PERF0004027,EMP02014,2025-H1,4,5.0,95,0,No,10
PERF0004028,EMP02014,2025-H2,3,3.34,92,18,Yes,5
PERF0004029,EMP02015,2025-H1,2,4.13,68,15,Yes,12
PERF0004030,EMP02015,2025-H2,2,4.49,88,60,No,0
PERF0004031,EMP02016,2025-H1,4,2.66,82,42,Yes,15
PERF0004032,EMP02016,2025-H2,5,3.46,98,22,No,12
PERF0004033,EMP02017,2025-H1,5,4.91,62,44,No,15
PERF0004034,EMP02017,2025-H2,5,2.98,86,37,Yes,15
PERF0004035,EMP02018,2025-H1,4,3.08,66,13,No,12
PERF0004036,EMP02018,2025-H2,5,4.97,66,15,Yes,0
PERF0004037,EMP02019,2025-H1,4,2.76,65,10,Yes,8
PERF0004038,EMP02019,2025-H2,4,4.55,99,31,Yes,5
PERF0004039,EMP02020,2025-H1,2,4.14,82,23,No,15
PERF0004040,EMP02020,2025-H2,4,3.38,80,45,No,15
PERF0004041,EMP02021,2025-H1,4,2.81,67,22,Yes,8
PERF0004042,EMP02021,2025-H2,4,4.32,100,34,Yes,0
PERF0004043,EMP02022,2025-H1,3,4.53,92,26,Yes,10
PERF0004044,EMP02022,2025-H2,4,3.0,72,49,Yes,0
PERF0004045,EMP02023,2025-H1,2,4.12,99,44,No,12
PERF0004046,EMP02023,2025-H2,5,3.87,67,25,Yes,15
PERF0004047,EMP02024,2025-H1,4,2.5,95,22,Yes,12
PERF0004048,EMP02024,2025-H2,4,3.06,73,7,No,0
PERF0004049,EMP02025,2025-H1,3,4.16,93,49,No,5
PERF0004050,EMP02025,2025-H2,2,4.51,92,39,Yes,0
PERF0004051,EMP02026,2025-H1,3,2.92,63,17,Yes,15
PERF0004052,EMP02026,2025-H2,5,4.87,69,43,Yes,12
PERF0004053,EMP02027,2025-H1,4,4.77,70,28,Yes,10
PERF0004054,EMP02027,2025-H2,3,3.67,77,7,Yes,10
PERF0004055,EMP02028,2025-H1,4,3.13,78,40,Yes,12
PERF0004056,EMP02028,2025-H2,5,4.2,70,52,Yes,5
PERF0004057,EMP02029,2025-H1,2,2.55,62,25,Yes,10
PERF0004058,EMP02029,2025-H2,2,4.52,94,23,Yes,5
PERF0004059,EMP02030,2025-H1,2,4.47,86,24,No,15
PERF0004060,EMP02030,2025-H2,2,4.62,95,26,Yes,10
PERF0004061,EMP02031,2025-H1,2,3.16,74,25,Yes,0
PERF0004062,EMP02031,2025-H2,5,2.71,74,32,No,5
PERF0004063,EMP02032,2025-H1,2,2.55,74,42,No,5
PERF0004064,EMP02032,2025-H2,3,4.05,94,20,No,5
PERF0004065,EMP02033,2025-H1,3,4.04,66,14,No,8
PERF0004066,EMP02033,2025-H2,5,4.64,83,48,No,8
PERF0004067,EMP02034,2025-H1,2,4.24,91,54,No,15
PERF0004068,EMP02034,2025-H2,3,3.25,96,40,No,12
PERF0004069,EMP02035,2025-H1,3,4.33,99,41,No,8
PERF0004070,EMP02035,2025-H2,5,3.44,69,27,No,12
PERF0004071,EMP02036,2025-H1,5,4.1,98,8,Yes,15
PERF0004072,EMP02036,2025-H2,5,3.42,96,30,Yes,15
PERF0004073,EMP02037,2025-H1,4,4.63,76,51,Yes,5
PERF0004074,EMP02037,2025-H2,4,4.59,70,48,Yes,12
PERF0004075,EMP02038,2025-H1,3,4.93,80,13,No,15
PERF0004076,EMP02038,2025-H2,4,3.41,89,22,No,5
PERF0004077,EMP02039,2025-H1,3,4.9,77,26,No,12
PERF0004078,EMP02039,2025-H2,5,4.02,89,4,Yes,10
PERF0004079,EMP02040,2025-H1,5,3.15,76,46,Yes,0
PERF0004080,EMP02040,2025-H2,3,3.45,78,38,Yes,8
PERF0004081,EMP02041,2025-H1,5,3.46,78,45,No,0
PERF0004082,EMP02041,2025-H2,4,4.6,90,57,Yes,8
PERF0004083,EMP02042,2025-H1,4,4.0,75,16,No,5
PERF0004084,EMP02042,2025-H2,4,3.56,94,60,Yes,10
PERF0004085,EMP02043,2025-H1,2,2.74,92,39,Yes,15
PERF0004086,EMP02043,2025-H2,2,4.0,65,31,Yes,15
PERF0004087,EMP02044,2025-H1,2,3.09,61,1,No,0
PERF0004088,EMP02044,2025-H2,3,4.38,69,42,No,10
PERF0004089,EMP02045,2025-H1,5,2.5,79,44,No,10
PERF0004090,EMP02045,2025-H2,5,4.7,99,54,Yes,5
PERF0004091,EMP02046,2025-H1,2,4.01,91,47,Yes,5
PERF0004092,EMP02046,2025-H2,3,4.69,95,20,Yes,5
PERF0004093,EMP02047,2025-H1,4,4.48,66,31,No,12
PERF0004094,EMP02047,2025-H2,3,3.12,87,40,Yes,15
PERF0004095,EMP02048,2025-H1,2,4.05,87,48,Yes,12
PERF0004096,EMP02048,2025-H2,3,5.0,84,1,No,8
PERF0004097,EMP02049,2025-H1,4,4.66,68,18,No,15
PERF0004098,EMP02049,2025-H2,2,3.01,76,26,Yes,0
PERF0004099,EMP02050,2025-H1,4,4.23,95,15,No,0
PERF0004100,EMP02050,2025-H2,5,4.4,65,27,Yes,0
PERF0004101,EMP02051,2025-H1,3,2.73,66,57,Yes,5
PERF0004102,EMP02051,2025-H2,3,2.54,70,25,No,12
PERF0004103,EMP02052,2025-H1,4,2.68,84,60,No,8
PERF0004104,EMP02052,2025-H2,3,4.44,65,22,No,5
PERF0004105,EMP02053,2025-H1,3,4.02,76,26,No,15
PERF0004106,EMP02053,2025-H2,5,2.71,84,17,No,8
PERF0004107,EMP02054,2025-H1,5,3.37,88,29,No,15
PERF0004108,EMP02054,2025-H2,4,4.66,64,11,Yes,5
PERF0004109,EMP02055,2025-H1,3,4.04,82,34,Yes,0
PERF0004110,EMP02055,2025-H2,3,4.75,71,41,Yes,8
PERF0004111,EMP02056,2025-H1,4,3.25,94,11,No,0
PERF0004112,EMP02056,2025-H2,2,4.44,91,35,Yes,5
PERF0004113,EMP02057,2025-H1,4,4.89,66,49,Yes,0
PERF0004114,EMP02057,2025-H2,4,3.69,69,1,No,8
PERF0004115,EMP02058,2025-H1,4,4.18,65,12,No,0
PERF0004116,EMP02058,2025-H2,4,4.23,97,40,Yes,10
PERF0004117,EMP02059,2025-H1,4,4.01,82,32,Yes,8
PERF0004118,EMP02059,2025-H2,2,3.43,74,48,No,10
PERF0004119,EMP02060,2025-H1,3,2.92,98,43,Yes,15
PERF0004120,EMP02060,2025-H2,2,2.99,90,53,No,15
PERF0004121,EMP02061,2025-H1,4,2.52,81,60,Yes,5
PERF0004122,EMP02061,2025-H2,2,4.74,81,45,Yes,0
PERF0004123,EMP02062,2025-H1,3,2.81,98,5,Yes,5
PERF0004124,EMP02062,2025-H2,5,2.97,77,54,No,0
PERF0004125,EMP02063,2025-H1,5,4.36,60,55,No,8
PERF0004126,EMP02063,2025-H2,4,4.05,84,41,No,10
PERF0004127,EMP02064,2025-H1,3,4.54,66,4,Yes,12
PERF0004128,EMP02064,2025-H2,5,3.32,90,7,Yes,12
PERF0004129,EMP02065,2025-H1,4,3.41,73,6,No,8
PERF0004130,EMP02065,2025-H2,5,4.28,63,1,No,12
PERF0004131,EMP02066,2025-H1,5,3.1,95,27,No,15
PERF0004132,EMP02066,2025-H2,5,3.49,79,46,No,5
PERF0004133,EMP02067,2025-H1,2,4.46,63,9,Yes,0
PERF0004134,EMP02067,2025-H2,5,3.51,97,25,No,8
PERF0004135,EMP02068,2025-H1,4,3.44,80,49,Yes,12
PERF0004136,EMP02068,2025-H2,4,2.71,98,55,No,10
PERF0004137,EMP02069,2025-H1,5,4.55,74,24,No,0
PERF0004138,EMP02069,2025-H2,2,2.71,91,37,No,8
PERF0004139,EMP02070,2025-H1,4,4.09,70,5,Yes,12
PERF0004140,EMP02070,2025-H2,5,3.18,80,18,Yes,15
PERF0004141,EMP02071,2025-H1,3,2.75,65,16,No,10
PERF0004142,EMP02071,2025-H2,3,2.85,80,1,No,5
PERF0004143,EMP02072,2025-H1,4,3.31,79,28,Yes,12
PERF0004144,EMP02072,2025-H2,4,2.96,81,6,No,15
PERF0004145,EMP02073,2025-H1,4,3.68,93,24,Yes,0
PERF0004146,EMP02073,2025-H2,5,4.78,88,37,Yes,12
PERF0004147,EMP02074,2025-H1,5,3.61,71,13,Yes,0
PERF0004148,EMP02074,2025-H2,3,2.6,92,11,No,12
PERF0004149,EMP02075,2025-H1,4,3.7,90,35,No,0
PERF0004150,EMP02075,2025-H2,3,3.07,91,42,Yes,15
PERF0004151,EMP02076,2025-H1,4,4.31,64,15,Yes,15
PERF0004152,EMP02076,2025-H2,3,2.91,79,16,No,5
PERF0004153,EMP02077,2025-H1,3,3.92,97,29,Yes,0
PERF0004154,EMP02077,2025-H2,2,3.57,93,31,No,5
PERF0004155,EMP02078,2025-H1,3,3.58,84,11,Yes,15
PERF0004156,EMP02078,2025-H2,2,2.92,71,47,No,15
PERF0004157,EMP02079,2025-H1,2,4.91,61,26,Yes,15
PERF0004158,EMP02079,2025-H2,5,3.05,93,27,Yes,5
PERF0004159,EMP02080,2025-H1,3,2.85,82,51,No,8
PERF0004160,EMP02080,2025-H2,3,2.87,77,33,Yes,5
PERF0004161,EMP02081,2025-H1,4,3.62,66,9,Yes,10
PERF0004162,EMP02081,2025-H2,5,3.15,83,56,Yes,15
PERF0004163,EMP02082,2025-H1,5,3.2,75,32,No,15
PERF0004164,EMP02082,2025-H2,2,4.79,86,60,No,5
PERF0004165,EMP02083,2025-H1,2,4.55,60,44,No,0
PERF0004166,EMP02083,2025-H2,3,2.85,61,43,No,10
PERF0004167,EMP02084,2025-H1,5,2.59,61,18,Yes,15
PERF0004168,EMP02084,2025-H2,5,4.73,85,7,Yes,12
PERF0004169,EMP02085,2025-H1,5,3.69,91,25,Yes,12
PERF0004170,EMP02085,2025-H2,5,3.39,66,6,Yes,0
PERF0004171,EMP02086,2025-H1,3,3.26,78,38,Yes,10
PERF0004172,EMP02086,2025-H2,4,4.6,88,18,No,10
PERF0004173,EMP02087,2025-H1,2,2.53,98,1,No,5
PERF0004174,EMP02087,2025-H2,5,2.81,70,10,No,12
PERF0004175,EMP02088,2025-H1,3,3.34,78,31,Yes,8
PERF0004176,EMP02088,2025-H2,4,3.67,89,38,No,8
PERF0004177,EMP02089,2025-H1,5,4.14,62,17,No,8
PERF0004178,EMP02089,2025-H2,3,3.73,82,46,No,5
PERF0004179,EMP02090,2025-H1,5,3.51,71,0,No,15
PERF0004180,EMP02090,2025-H2,2,4.04,84,39,Yes,15
PERF0004181,EMP02091,2025-H1,4,4.62,95,5,Yes,0
PERF0004182,EMP02091,2025-H2,2,4.24,60,5,Yes,10
PERF0004183,EMP02092,2025-H1,2,4.48,76,30,Yes,10
PERF0004184,EMP02092,2025-H2,3,4.19,77,42,Yes,15
PERF0004185,EMP02093,2025-H1,4,3.27,72,4,No,12
PERF0004186,EMP02093,2025-H2,4,4.02,85,8,Yes,15
PERF0004187,EMP02094,2025-H1,5,4.72,100,7,No,8
PERF0004188,EMP02094,2025-H2,3,4.39,78,37,Yes,5
PERF0004189,EMP02095,2025-H1,2,3.67,94,50,No,10
PERF0004190,EMP02095,2025-H2,5,3.85,63,10,No,0
PERF0004191,EMP02096,2025-H1,3,2.68,81,25,Yes,8
PERF0004192,EMP02096,2025-H2,4,4.05,61,2,Yes,12
PERF0004193,EMP02097,2025-H1,2,2.7,62,25,Yes,5
PERF0004194,EMP02097,2025-H2,2,3.35,73,32,No,15
PERF0004195,EMP02098,2025-H1,5,3.07,94,7,No,8
PERF0004196,EMP02098,2025-H2,3,4.2,82,57,Yes,10
PERF0004197,EMP02099,2025-H1,4,3.39,69,14,No,10
PERF0004198,EMP02099,2025-H2,4,3.53,98,26,Yes,15
PERF0004199,EMP02100,2025-H1,4,3.2,87,29,Yes,10
PERF0004200,EMP02100,2025-H2,2,4.4,86,58,Yes,8
PERF0004201,EMP02101,2025-H1,2,2.6,81,33,Yes,15
PERF0004202,EMP02101,2025-H2,4,4.06,76,42,No,0
PERF0004203,EMP02102,2025-H1,4,3.55,90,45,No,5
PERF0004204,EMP02102,2025-H2,3,3.1,87,37,No,0
PERF0004205,EMP02103,2025-H1,5,4.6,79,42,Yes,5
PERF0004206,EMP02103,2025-H2,5,3.33,86,34,Yes,0
PERF0004207,EMP02104,2025-H1,2,3.98,90,48,No,15
PERF0004208,EMP02104,2025-H2,4,4.82,100,31,No,10
PERF0004209,EMP02105,2025-H1,2,3.9,85,8,No,10
PERF0004210,EMP02105,2025-H2,3,3.9,64,31,Yes,15
PERF0004211,EMP02106,2025-H1,5,3.6,84,20,No,15
PERF0004212,EMP02106,2025-H2,2,4.64,99,27,No,10
PERF0004213,EMP02107,2025-H1,2,3.91,83,33,Yes,10
PERF0004214,EMP02107,2025-H2,3,3.8,83,53,Yes,8
PERF0004215,EMP02108,2025-H1,2,3.7,64,33,No,0
PERF0004216,EMP02108,2025-H2,2,4.93,97,43,No,10
PERF0004217,EMP02109,2025-H1,5,4.67,76,9,Yes,5
PERF0004218,EMP02109,2025-H2,5,2.7,90,57,No,10
PERF0004219,EMP02110,2025-H1,2,3.83,92,2,Yes,10
PERF0004220,EMP02110,2025-H2,4,2.64,97,56,No,5
PERF0004221,EMP02111,2025-H1,5,3.01,70,1,No,0
PERF0004222,EMP02111,2025-H2,5,4.8,69,31,No,0
PERF0004223,EMP02112,2025-H1,2,2.65,78,6,Yes,10
PERF0004224,EMP02112,2025-H2,4,2.68,64,56,Yes,8
PERF0004225,EMP02113,2025-H1,3,4.47,76,35,No,0
PERF0004226,EMP02113,2025-H2,2,4.41,78,23,No,15
PERF0004227,EMP02114,2025-H1,4,3.45,63,44,No,0
PERF0004228,EMP02114,2025-H2,5,3.54,69,58,Yes,5
PERF0004229,EMP02115,2025-H1,5,2.98,84,36,No,12
PERF0004230,EMP02115,2025-H2,5,3.43,65,50,No,0
PERF0004231,EMP02116,2025-H1,5,2.54,85,37,Yes,10
PERF0004232,EMP02116,2025-H2,2,3.56,98,4,No,10
PERF0004233,EMP02117,2025-H1,4,3.08,70,53,Yes,5
PERF0004234,EMP02117,2025-H2,4,3.63,88,41,No,5
PERF0004235,EMP02118,2025-H1,4,3.1,65,60,No,15
PERF0004236,EMP02118,2025-H2,4,3.1,61,48,No,5
PERF0004237,EMP02119,2025-H1,5,4.45,87,45,Yes,0
PERF0004238,EMP02119,2025-H2,2,3.42,72,8,No,5
PERF0004239,EMP02120,2025-H1,5,2.97,78,48,No,5
PERF0004240,EMP02120,2025-H2,2,2.69,73,23,Yes,0
PERF0004241,EMP02121,2025-H1,2,4.14,92,34,Yes,8
PERF0004242,EMP02121,2025-H2,5,4.35,87,18,No,0
PERF0004243,EMP02122,2025-H1,4,4.79,94,19,No,5
PERF0004244,EMP02122,2025-H2,3,3.51,67,5,Yes,0
PERF0004245,EMP02123,2025-H1,3,3.97,79,42,Yes,12
PERF0004246,EMP02123,2025-H2,4,2.91,66,41,No,15
PERF0004247,EMP02124,2025-H1,2,4.25,64,34,No,0
PERF0004248,EMP02124,2025-H2,5,3.25,85,39,No,15
PERF0004249,EMP02125,2025-H1,3,4.93,87,29,No,12
PERF0004250,EMP02125,2025-H2,3,3.43,77,55,Yes,5
PERF0004251,EMP02126,2025-H1,4,3.96,79,16,No,15
PERF0004252,EMP02126,2025-H2,5,3.33,82,10,Yes,10
PERF0004253,EMP02127,2025-H1,2,2.82,91,30,No,5
PERF0004254,EMP02127,2025-H2,3,2.54,61,17,No,12
PERF0004255,EMP02128,2025-H1,2,3.88,71,4,Yes,12
PERF0004256,EMP02128,2025-H2,4,2.67,63,34,No,12
PERF0004257,EMP02129,2025-H1,4,3.24,84,2,No,5
PERF0004258,EMP02129,2025-H2,2,2.72,63,41,No,15
PERF0004259,EMP02130,2025-H1,5,3.62,85,24,No,10
PERF0004260,EMP02130,2025-H2,2,3.78,74,55,Yes,0
PERF0004261,EMP02131,2025-H1,4,3.98,62,19,No,10
PERF0004262,EMP02131,2025-H2,3,4.5,63,32,Yes,12
PERF0004263,EMP02132,2025-H1,3,3.17,91,40,Yes,10
PERF0004264,EMP02132,2025-H2,2,3.53,79,48,Yes,0
PERF0004265,EMP02133,2025-H1,2,3.85,90,48,No,8
PERF0004266,EMP02133,2025-H2,2,2.71,100,27,No,15
PERF0004267,EMP02134,2025-H1,4,3.52,75,16,Yes,10
PERF0004268,EMP02134,2025-H2,5,4.07,93,59,No,8
PERF0004269,EMP02135,2025-H1,5,4.6,64,33,No,8
PERF0004270,EMP02135,2025-H2,5,3.93,78,20,Yes,10
PERF0004271,EMP02136,2025-H1,5,3.47,91,28,Yes,10
PERF0004272,EMP02136,2025-H2,5,3.59,77,38,No,10
PERF0004273,EMP02137,2025-H1,2,3.87,100,57,No,8
PERF0004274,EMP02137,2025-H2,2,4.6,88,44,Yes,12
PERF0004275,EMP02138,2025-H1,2,4.56,74,50,No,15
PERF0004276,EMP02138,2025-H2,2,4.4,71,45,Yes,0
PERF0004277,EMP02139,2025-H1,2,4.99,93,22,No,12
PERF0004278,EMP02139,2025-H2,5,2.67,63,33,No,10
PERF0004279,EMP02140,2025-H1,5,3.14,69,17,Yes,0
PERF0004280,EMP02140,2025-H2,4,3.82,78,47,Yes,15
PERF0004281,EMP02141,2025-H1,5,3.32,70,14,No,5
PERF0004282,EMP02141,2025-H2,5,2.76,100,20,Yes,5
PERF0004283,EMP02142,2025-H1,4,3.58,64,29,No,12
PERF0004284,EMP02142,2025-H2,3,3.68,90,11,No,8
PERF0004285,EMP02143,2025-H1,3,4.31,99,59,No,0
PERF0004286,EMP02143,2025-H2,4,4.23,61,21,Yes,8
PERF0004287,EMP02144,2025-H1,5,2.94,100,52,No,15
PERF0004288,EMP02144,2025-H2,5,4.57,87,12,Yes,10
PERF0004289,EMP02145,2025-H1,5,2.71,69,37,No,15
PERF0004290,EMP02145,2025-H2,2,3.26,85,40,Yes,15
PERF0004291,EMP02146,2025-H1,2,4.52,100,44,No,5
PERF0004292,EMP02146,2025-H2,5,2.61,100,26,No,15
PERF0004293,EMP02147,2025-H1,4,4.8,86,58,No,10
PERF0004294,EMP02147,2025-H2,2,3.97,79,14,No,12
PERF0004295,EMP02148,2025-H1,2,3.52,68,29,No,8
PERF0004296,EMP02148,2025-H2,5,2.7,72,46,Yes,15
PERF0004297,EMP02149,2025-H1,5,2.54,85,49,No,5
PERF0004298,EMP02149,2025-H2,2,3.89,81,25,Yes,5
PERF0004299,EMP02150,2025-H1,2,2.63,90,8,Yes,10
PERF0004300,EMP02150,2025-H2,3,3.94,97,40,Yes,5
PERF0004301,EMP02151,2025-H1,5,2.86,72,26,No,10
PERF0004302,EMP02151,2025-H2,4,2.58,85,40,Yes,12
PERF0004303,EMP02152,2025-H1,2,4.23,91,17,Yes,8
PERF0004304,EMP02152,2025-H2,4,4.38,66,17,No,15
PERF0004305,EMP02153,2025-H1,2,3.79,100,24,No,8
PERF0004306,EMP02153,2025-H2,3,3.42,80,48,No,0
PERF0004307,EMP02154,2025-H1,3,4.45,87,46,Yes,8
PERF0004308,EMP02154,2025-H2,3,2.77,77,40,No,8
PERF0004309,EMP02155,2025-H1,5,4.72,100,11,No,15
PERF0004310,EMP02155,2025-H2,5,4.42,93,15,Yes,8
PERF0004311,EMP02156,2025-H1,2,4.08,67,23,Yes,8
PERF0004312,EMP02156,2025-H2,5,3.13,80,9,Yes,0
PERF0004313,EMP02157,2025-H1,5,4.88,61,25,Yes,5
PERF0004314,EMP02157,2025-H2,5,4.07,84,42,No,10
PERF0004315,EMP02158,2025-H1,2,4.31,89,35,Yes,15
PERF0004316,EMP02158,2025-H2,5,3.1,70,33,Yes,12
PERF0004317,EMP02159,2025-H1,5,3.18,77,28,Yes,8
PERF0004318,EMP02159,2025-H2,2,4.14,96,31,Yes,0
PERF0004319,EMP02160,2025-H1,4,3.11,69,25,Yes,0
PERF0004320,EMP02160,2025-H2,5,3.83,70,9,No,5
PERF0004321,EMP02161,2025-H1,2,4.66,97,6,Yes,10
PERF0004322,EMP02161,2025-H2,5,3.08,91,0,No,5
PERF0004323,EMP02162,2025-H1,5,4.13,94,16,Yes,12
PERF0004324,EMP02162,2025-H2,4,3.43,78,13,No,0
PERF0004325,EMP02163,2025-H1,4,2.53,99,17,No,15
PERF0004326,EMP02163,2025-H2,2,3.25,91,50,No,15
PERF0004327,EMP02164,2025-H1,5,4.89,85,14,Yes,8
PERF0004328,EMP02164,2025-H2,5,2.67,80,54,No,0
PERF0004329,EMP02165,2025-H1,2,3.58,82,60,Yes,10
PERF0004330,EMP02165,2025-H2,4,2.68,68,15,Yes,8
PERF0004331,EMP02166,2025-H1,2,4.67,63,18,Yes,15
PERF0004332,EMP02166,2025-H2,2,3.2,61,53,No,10
PERF0004333,EMP02167,2025-H1,5,4.92,67,31,Yes,12
PERF0004334,EMP02167,2025-H2,5,3.48,90,45,No,15
PERF0004335,EMP02168,2025-H1,4,4.52,78,34,No,15
PERF0004336,EMP02168,2025-H2,5,2.96,89,38,No,12
PERF0004337,EMP02169,2025-H1,2,3.2,93,8,No,12
PERF0004338,EMP02169,2025-H2,3,2.64,94,0,Yes,5
PERF0004339,EMP02170,2025-H1,5,2.7,71,23,No,10
PERF0004340,EMP02170,2025-H2,4,3.51,83,59,Yes,15
PERF0004341,EMP02171,2025-H1,3,4.83,92,11,No,8
PERF0004342,EMP02171,2025-H2,2,4.64,66,48,Yes,0
PERF0004343,EMP02172,2025-H1,5,4.61,70,34,Yes,15
PERF0004344,EMP02172,2025-H2,2,3.13,91,2,No,0
PERF0004345,EMP02173,2025-H1,4,4.5,90,18,No,5
PERF0004346,EMP02173,2025-H2,4,4.47,88,17,No,0
PERF0004347,EMP02174,2025-H1,5,3.79,75,56,No,5
PERF0004348,EMP02174,2025-H2,4,4.03,93,60,No,10
PERF0004349,EMP02175,2025-H1,2,4.97,64,46,Yes,15
PERF0004350,EMP02175,2025-H2,2,3.12,80,16,Yes,12
PERF0004351,EMP02176,2025-H1,4,3.08,95,11,No,15
PERF0004352,EMP02176,2025-H2,4,4.07,65,43,Yes,10
PERF0004353,EMP02177,2025-H1,4,2.9,95,43,Yes,15
PERF0004354,EMP02177,2025-H2,3,3.01,86,1,Yes,5
PERF0004355,EMP02178,2025-H1,4,4.49,61,32,No,15
PERF0004356,EMP02178,2025-H2,2,4.12,99,1,Yes,15
PERF0004357,EMP02179,2025-H1,3,2.7,92,49,Yes,0
PERF0004358,EMP02179,2025-H2,4,3.59,75,41,No,15
PERF0004359,EMP02180,2025-H1,5,4.18,89,56,No,5
PERF0004360,EMP02180,2025-H2,5,4.27,90,24,No,0
PERF0004361,EMP02181,2025-H1,2,3.18,91,1,No,12
PERF0004362,EMP02181,2025-H2,4,3.64,86,1,Yes,0
PERF0004363,EMP02182,2025-H1,2,3.56,97,23,No,8
PERF0004364,EMP02182,2025-H2,3,4.21,86,5,No,8
PERF0004365,EMP02183,2025-H1,3,2.7,80,41,Yes,10
PERF0004366,EMP02183,2025-H2,5,3.59,77,36,No,8
PERF0004367,EMP02184,2025-H1,4,3.97,74,15,Yes,15
PERF0004368,EMP02184,2025-H2,2,4.14,95,34,No,0
PERF0004369,EMP02185,2025-H1,3,2.88,68,28,Yes,5
PERF0004370,EMP02185,2025-H2,3,2.98,70,16,No,15
PERF0004371,EMP02186,2025-H1,5,3.56,73,12,No,5
PERF0004372,EMP02186,2025-H2,5,3.47,67,52,No,15
PERF0004373,EMP02187,2025-H1,2,4.22,82,7,No,15
PERF0004374,EMP02187,2025-H2,2,3.78,71,36,No,0
PERF0004375,EMP02188,2025-H1,4,3.98,82,0,Yes,0
PERF0004376,EMP02188,2025-H2,2,2.73,67,5,No,12
PERF0004377,EMP02189,2025-H1,3,4.49,66,18,Yes,5
PERF0004378,EMP02189,2025-H2,4,4.94,76,44,Yes,8
PERF0004379,EMP02190,2025-H1,5,4.2,65,7,Yes,0
PERF0004380,EMP02190,2025-H2,5,2.61,75,18,Yes,0
PERF0004381,EMP02191,2025-H1,4,3.52,72,36,No,8
PERF0004382,EMP02191,2025-H2,3,4.59,82,53,No,12
PERF0004383,EMP02192,2025-H1,3,3.38,94,24,Yes,0
PERF0004384,EMP02192,2025-H2,4,3.75,85,6,Yes,8
PERF0004385,EMP02193,2025-H1,3,4.21,87,41,Yes,15
PERF0004386,EMP02193,2025-H2,2,4.53,83,11,No,12
PERF0004387,EMP02194,2025-H1,3,3.96,70,18,Yes,12
PERF0004388,EMP02194,2025-H2,4,3.39,73,0,Yes,8
PERF0004389,EMP02195,2025-H1,2,4.08,75,14,Yes,12
PERF0004390,EMP02195,2025-H2,5,3.69,68,40,Yes,15
PERF0004391,EMP02196,2025-H1,2,4.44,74,10,Yes,15
PERF0004392,EMP02196,2025-H2,5,3.0,89,40,No,5
PERF0004393,EMP02197,2025-H1,3,2.72,79,57,Yes,0
PERF0004394,EMP02197,2025-H2,5,2.52,69,10,No,8
PERF0004395,EMP02198,2025-H1,3,4.61,77,43,No,0
PERF0004396,EMP02198,2025-H2,4,4.09,76,37,Yes,0
PERF0004397,EMP02199,2025-H1,5,3.05,83,59,No,10
PERF0004398,EMP02199,2025-H2,2,3.62,62,40,No,10
PERF0004399,EMP02200,2025-H1,3,2.63,69,55,No,10
PERF0004400,EMP02200,2025-H2,5,2.63,95,12,Yes,15
PERF0004401,EMP02201,2025-H1,5,3.2,90,17,No,10
PERF0004402,EMP02201,2025-H2,4,4.94,65,31,Yes,0
PERF0004403,EMP02202,2025-H1,3,4.09,79,5,No,0
PERF0004404,EMP02202,2025-H2,3,3.82,84,59,Yes,15
PERF0004405,EMP02203,2025-H1,4,4.72,60,2,No,8
PERF0004406,EMP02203,2025-H2,3,4.39,99,7,Yes,5
PERF0004407,EMP02204,2025-H1,5,3.73,100,25,Yes,8
PERF0004408,EMP02204,2025-H2,2,3.97,78,1,No,15
PERF0004409,EMP02205,2025-H1,3,3.95,100,24,No,8
PERF0004410,EMP02205,2025-H2,4,4.6,71,14,Yes,12
PERF0004411,EMP02206,2025-H1,4,3.44,66,15,Yes,10
PERF0004412,EMP02206,2025-H2,5,4.35,96,21,Yes,5
PERF0004413,EMP02207,2025-H1,3,4.71,76,4,Yes,5
PERF0004414,EMP02207,2025-H2,5,4.43,81,57,No,10
PERF0004415,EMP02208,2025-H1,4,3.13,61,25,No,12
PERF0004416,EMP02208,2025-H2,5,3.82,73,59,Yes,5
PERF0004417,EMP02209,2025-H1,4,3.38,69,54,No,5
PERF0004418,EMP02209,2025-H2,3,3.35,70,53,No,15
PERF0004419,EMP02210,2025-H1,4,4.87,70,15,No,10
PERF0004420,EMP02210,2025-H2,3,4.53,79,42,No,5
PERF0004421,EMP02211,2025-H1,3,3.2,63,39,No,0
PERF0004422,EMP02211,2025-H2,2,3.22,76,44,No,0
PERF0004423,EMP02212,2025-H1,3,4.44,64,56,No,12
PERF0004424,EMP02212,2025-H2,2,4.29,100,20,Yes,10
PERF0004425,EMP02213,2025-H1,3,2.58,75,34,Yes,12
PERF0004426,EMP02213,2025-H2,3,3.94,95,18,Yes,0
PERF0004427,EMP02214,2025-H1,4,3.02,76,24,No,0
PERF0004428,EMP02214,2025-H2,4,4.57,79,28,Yes,10
PERF0004429,EMP02215,2025-H1,4,4.82,72,0,No,8
PERF0004430,EMP02215,2025-H2,2,3.43,94,0,No,8
PERF0004431,EMP02216,2025-H1,2,4.87,70,33,Yes,10
PERF0004432,EMP02216,2025-H2,2,4.37,85,1,No,10
PERF0004433,EMP02217,2025-H1,3,4.23,96,46,No,12
PERF0004434,EMP02217,2025-H2,2,2.53,75,5,No,5
PERF0004435,EMP02218,2025-H1,4,2.7,82,38,Yes,12
PERF0004436,EMP02218,2025-H2,2,4.08,60,40,No,5
PERF0004437,EMP02219,2025-H1,5,4.36,97,49,No,12
PERF0004438,EMP02219,2025-H2,3,4.05,73,53,Yes,8
PERF0004439,EMP02220,2025-H1,2,3.65,63,37,Yes,10
PERF0004440,EMP02220,2025-H2,4,3.3,62,12,No,5
PERF0004441,EMP02221,2025-H1,2,2.89,87,57,Yes,10
PERF0004442,EMP02221,2025-H2,2,3.45,73,23,Yes,10
PERF0004443,EMP02222,2025-H1,5,3.83,93,54,Yes,5
PERF0004444,EMP02222,2025-H2,3,4.6,84,55,No,10
PERF0004445,EMP02223,2025-H1,5,4.76,66,0,Yes,12
PERF0004446,EMP02223,2025-H2,5,4.54,70,4,No,12
PERF0004447,EMP02224,2025-H1,3,4.06,63,3,No,0
PERF0004448,EMP02224,2025-H2,2,4.48,69,0,No,12
PERF0004449,EMP02225,2025-H1,5,2.59,91,28,Yes,10
PERF0004450,EMP02225,2025-H2,3,3.02,95,23,No,0
PERF0004451,EMP02226,2025-H1,3,2.53,95,14,No,5
PERF0004452,EMP02226,2025-H2,5,4.74,81,58,Yes,5
PERF0004453,EMP02227,2025-H1,3,2.59,86,43,Yes,12
PERF0004454,EMP02227,2025-H2,4,4.19,69,20,No,10
PERF0004455,EMP02228,2025-H1,3,3.08,76,29,Yes,15
PERF0004456,EMP02228,2025-H2,3,2.54,88,46,Yes,8
PERF0004457,EMP02229,2025-H1,4,3.93,66,21,No,8
PERF0004458,EMP02229,2025-H2,2,4.16,60,52,No,12
PERF0004459,EMP02230,2025-H1,4,4.27,68,29,No,12
PERF0004460,EMP02230,2025-H2,4,3.71,61,6,Yes,5
PERF0004461,EMP02231,2025-H1,5,3.58,84,9,No,10
PERF0004462,EMP02231,2025-H2,3,4.61,68,17,No,0
PERF0004463,EMP02232,2025-H1,5,4.94,80,31,Yes,12
PERF0004464,EMP02232,2025-H2,5,4.18,66,60,Yes,0
PERF0004465,EMP02233,2025-H1,5,3.59,72,40,Yes,5
PERF0004466,EMP02233,2025-H2,5,4.55,63,55,Yes,0
PERF0004467,EMP02234,2025-H1,4,4.58,67,39,Yes,8
PERF0004468,EMP02234,2025-H2,2,3.12,83,55,Yes,8
PERF0004469,EMP02235,2025-H1,4,4.01,77,36,Yes,15
PERF0004470,EMP02235,2025-H2,3,4.25,96,22,Yes,8
PERF0004471,EMP02236,2025-H1,5,4.34,63,25,Yes,10
PERF0004472,EMP02236,2025-H2,4,3.97,66,8,Yes,8
PERF0004473,EMP02237,2025-H1,3,3.58,88,11,Yes,5
PERF0004474,EMP02237,2025-H2,2,3.35,70,26,Yes,12
PERF0004475,EMP02238,2025-H1,5,3.77,61,14,Yes,10
PERF0004476,EMP02238,2025-H2,5,4.79,61,36,No,10
PERF0004477,EMP02239,2025-H1,3,4.06,75,59,No,15
PERF0004478,EMP02239,2025-H2,4,4.41,63,19,No,12
PERF0004479,EMP02240,2025-H1,5,3.15,86,51,No,12
PERF0004480,EMP02240,2025-H2,4,3.32,98,46,No,5
PERF0004481,EMP02241,2025-H1,2,3.63,70,14,No,0
PERF0004482,EMP02241,2025-H2,3,4.61,80,46,Yes,12
PERF0004483,EMP02242,2025-H1,3,3.77,69,43,No,5
PERF0004484,EMP02242,2025-H2,2,3.63,65,7,Yes,8
PERF0004485,EMP02243,2025-H1,4,3.02,88,13,Yes,0
PERF0004486,EMP02243,2025-H2,5,3.58,75,46,No,10
PERF0004487,EMP02244,2025-H1,3,4.19,76,49,No,10
PERF0004488,EMP02244,2025-H2,3,4.1,88,19,No,10
PERF0004489,EMP02245,2025-H1,2,3.17,87,60,Yes,0
PERF0004490,EMP02245,2025-H2,4,3.95,94,57,Yes,0
PERF0004491,EMP02246,2025-H1,2,4.94,91,44,Yes,10
PERF0004492,EMP02246,2025-H2,3,3.03,74,2,No,5
PERF0004493,EMP02247,2025-H1,2,2.6,80,34,No,10
PERF0004494,EMP02247,2025-H2,2,3.0,63,1,No,8
PERF0004495,EMP02248,2025-H1,2,3.38,96,4,No,12
PERF0004496,EMP02248,2025-H2,3,4.81,77,50,No,8
PERF0004497,EMP02249,2025-H1,4,3.48,68,16,Yes,0
PERF0004498,EMP02249,2025-H2,4,3.42,69,29,Yes,0
PERF0004499,EMP02250,2025-H1,3,3.95,76,60,Yes,8
PERF0004500,EMP02250,2025-H2,4,3.49,89,14,Yes,12
PERF0004501,EMP02251,2025-H1,2,4.65,88,51,Yes,15
PERF0004502,EMP02251,2025-H2,3,4.08,90,3,No,5
PERF0004503,EMP02252,2025-H1,3,4.59,82,5,No,0
PERF0004504,EMP02252,2025-H2,5,3.92,82,1,No,8
PERF0004505,EMP02253,2025-H1,2,3.38,82,32,No,15
PERF0004506,EMP02253,2025-H2,5,3.88,60,13,No,8
PERF0004507,EMP02254,2025-H1,5,4.17,87,29,Yes,15
PERF0004508,EMP02254,2025-H2,4,4.28,70,2,No,15
PERF0004509,EMP02255,2025-H1,3,3.25,62,57,No,10
PERF0004510,EMP02255,2025-H2,5,3.28,60,48,Yes,12
PERF0004511,EMP02256,2025-H1,2,3.41,90,16,No,10
PERF0004512,EMP02256,2025-H2,4,2.66,77,39,Yes,10
PERF0004513,EMP02257,2025-H1,2,4.42,92,4,Yes,15
PERF0004514,EMP02257,2025-H2,2,4.37,60,48,Yes,10
PERF0004515,EMP02258,2025-H1,3,2.83,66,45,No,15
PERF0004516,EMP02258,2025-H2,5,2.56,68,5,Yes,0
PERF0004517,EMP02259,2025-H1,3,4.66,77,9,No,0
PERF0004518,EMP02259,2025-H2,5,3.03,78,10,No,8
PERF0004519,EMP02260,2025-H1,5,2.97,80,42,Yes,12
PERF0004520,EMP02260,2025-H2,4,2.58,93,55,Yes,15
PERF0004521,EMP02261,2025-H1,4,2.88,95,8,No,12
PERF0004522,EMP02261,2025-H2,2,4.47,70,60,No,5
PERF0004523,EMP02262,2025-H1,5,4.05,85,59,Yes,10
PERF0004524,EMP02262,2025-H2,3,3.34,62,5,Yes,5
PERF0004525,EMP02263,2025-H1,4,3.61,89,47,No,12
PERF0004526,EMP02263,2025-H2,5,3.98,82,40,Yes,0
PERF0004527,EMP02264,2025-H1,2,4.85,82,60,Yes,15
PERF0004528,EMP02264,2025-H2,4,4.04,94,38,Yes,15
PERF0004529,EMP02265,2025-H1,3,4.2,79,49,Yes,0
PERF0004530,EMP02265,2025-H2,2,5.0,71,58,No,15
PERF0004531,EMP02266,2025-H1,5,2.64,100,7,No,15
PERF0004532,EMP02266,2025-H2,5,4.78,79,37,Yes,0
PERF0004533,EMP02267,2025-H1,4,4.58,65,51,No,12
PERF0004534,EMP02267,2025-H2,2,3.65,87,21,No,0
PERF0004535,EMP02268,2025-H1,3,3.81,60,31,Yes,12
PERF0004536,EMP02268,2025-H2,3,4.83,99,5,No,5
PERF0004537,EMP02269,2025-H1,5,3.68,80,8,Yes,10
PERF0004538,EMP02269,2025-H2,2,3.21,61,31,No,10
PERF0004539,EMP02270,2025-H1,5,3.77,96,15,No,8
PERF0004540,EMP02270,2025-H2,3,4.62,86,39,Yes,5
PERF0004541,EMP02271,2025-H1,3,3.11,93,51,Yes,5
PERF0004542,EMP02271,2025-H2,2,4.25,68,30,Yes,15
PERF0004543,EMP02272,2025-H1,3,4.82,72,18,Yes,10
PERF0004544,EMP02272,2025-H2,2,4.73,87,34,No,8
PERF0004545,EMP02273,2025-H1,2,3.41,63,19,Yes,15
PERF0004546,EMP02273,2025-H2,2,4.84,81,19,Yes,0
PERF0004547,EMP02274,2025-H1,3,3.13,95,10,No,15
PERF0004548,EMP02274,2025-H2,2,3.85,94,33,No,10
PERF0004549,EMP02275,2025-H1,2,4.24,98,17,No,15
PERF0004550,EMP02275,2025-H2,2,4.94,71,15,No,12
PERF0004551,EMP02276,2025-H1,4,3.72,71,26,No,0
PERF0004552,EMP02276,2025-H2,5,4.19,69,47,No,8
PERF0004553,EMP02277,2025-H1,4,3.23,82,48,No,5
PERF0004554,EMP02277,2025-H2,5,3.67,97,54,Yes,0
PERF0004555,EMP02278,2025-H1,5,2.79,86,29,Yes,8
PERF0004556,EMP02278,2025-H2,3,3.34,63,41,No,5
PERF0004557,EMP02279,2025-H1,4,2.57,72,39,No,15
PERF0004558,EMP02279,2025-H2,4,4.74,86,22,No,15
PERF0004559,EMP02280,2025-H1,3,4.95,100,19,Yes,10
PERF0004560,EMP02280,2025-H2,5,4.06,82,3,No,0
PERF0004561,EMP02281,2025-H1,3,4.32,75,48,No,10
PERF0004562,EMP02281,2025-H2,2,4.45,89,27,No,10
PERF0004563,EMP02282,2025-H1,2,4.9,84,32,Yes,0
PERF0004564,EMP02282,2025-H2,2,4.01,86,25,No,15
PERF0004565,EMP02283,2025-H1,2,3.96,92,18,No,10
PERF0004566,EMP02283,2025-H2,2,2.65,75,57,No,0
PERF0004567,EMP02284,2025-H1,2,4.22,72,49,Yes,15
PERF0004568,EMP02284,2025-H2,4,3.94,67,31,No,5
PERF0004569,EMP02285,2025-H1,2,3.54,95,31,Yes,10
PERF0004570,EMP02285,2025-H2,5,3.17,92,7,No,5
PERF0004571,EMP02286,2025-H1,4,3.19,62,36,No,15
PERF0004572,EMP02286,2025-H2,2,3.55,92,56,Yes,8
PERF0004573,EMP02287,2025-H1,3,4.79,87,12,No,12
PERF0004574,EMP02287,2025-H2,5,4.64,78,6,No,0
PERF0004575,EMP02288,2025-H1,2,4.51,73,52,No,15
PERF0004576,EMP02288,2025-H2,3,3.38,70,38,No,15
PERF0004577,EMP02289,2025-H1,2,3.56,83,2,No,5
PERF0004578,EMP02289,2025-H2,5,3.24,92,44,Yes,0
PERF0004579,EMP02290,2025-H1,3,3.07,97,12,No,10
PERF0004580,EMP02290,2025-H2,5,3.12,98,60,No,15
PERF0004581,EMP02291,2025-H1,3,4.3,80,60,Yes,15
PERF0004582,EMP02291,2025-H2,4,4.85,60,39,No,5
PERF0004583,EMP02292,2025-H1,2,3.55,99,34,Yes,10
PERF0004584,EMP02292,2025-H2,3,4.76,92,6,No,12
PERF0004585,EMP02293,2025-H1,3,3.83,68,32,Yes,0
PERF0004586,EMP02293,2025-H2,5,3.55,100,49,No,12
PERF0004587,EMP02294,2025-H1,3,3.61,69,38,No,0
PERF0004588,EMP02294,2025-H2,3,2.97,95,7,Yes,0
PERF0004589,EMP02295,2025-H1,4,2.92,66,42,No,10
PERF0004590,EMP02295,2025-H2,5,3.99,66,35,No,10
PERF0004591,EMP02296,2025-H1,2,2.61,73,34,No,8
PERF0004592,EMP02296,2025-H2,2,4.96,62,17,Yes,0
PERF0004593,EMP02297,2025-H1,4,4.05,90,28,Yes,12
PERF0004594,EMP02297,2025-H2,4,2.76,90,48,No,15
PERF0004595,EMP02298,2025-H1,5,4.68,99,42,Yes,8
PERF0004596,EMP02298,2025-H2,3,4.5,95,6,Yes,10
PERF0004597,EMP02299,2025-H1,5,3.38,87,28,Yes,10
PERF0004598,EMP02299,2025-H2,3,2.82,63,8,Yes,12
PERF0004599,EMP02300,2025-H1,4,4.48,94,19,No,15
PERF0004600,EMP02300,2025-H2,2,4.17,73,50,Yes,5
PERF0004601,EMP02301,2025-H1,3,3.27,93,11,Yes,15
PERF0004602,EMP02301,2025-H2,5,3.89,71,16,Yes,0
PERF0004603,EMP02302,2025-H1,3,4.72,60,29,No,8
PERF0004604,EMP02302,2025-H2,4,3.61,60,37,Yes,0
PERF0004605,EMP02303,2025-H1,3,4.07,62,34,Yes,10
PERF0004606,EMP02303,2025-H2,2,3.36,83,50,No,15
PERF0004607,EMP02304,2025-H1,5,4.02,62,42,Yes,5
PERF0004608,EMP02304,2025-H2,2,3.9,98,46,No,8
PERF0004609,EMP02305,2025-H1,5,3.67,92,41,No,5
PERF0004610,EMP02305,2025-H2,4,2.73,72,0,No,0
PERF0004611,EMP02306,2025-H1,3,4.38,73,53,Yes,10
PERF0004612,EMP02306,2025-H2,5,3.27,96,2,Yes,0
PERF0004613,EMP02307,2025-H1,3,3.03,65,21,No,10
PERF0004614,EMP02307,2025-H2,3,3.28,74,30,No,15
PERF0004615,EMP02308,2025-H1,3,4.6,61,24,No,8
PERF0004616,EMP02308,2025-H2,3,3.68,83,28,No,15
PERF0004617,EMP02309,2025-H1,5,2.68,61,33,No,8
PERF0004618,EMP02309,2025-H2,5,4.21,72,33,Yes,8
PERF0004619,EMP02310,2025-H1,5,4.91,69,7,Yes,12
PERF0004620,EMP02310,2025-H2,5,4.94,96,22,Yes,8
PERF0004621,EMP02311,2025-H1,5,3.8,98,15,Yes,15
PERF0004622,EMP02311,2025-H2,5,4.24,62,1,Yes,10
PERF0004623,EMP02312,2025-H1,2,4.18,78,37,No,15
PERF0004624,EMP02312,2025-H2,2,4.7,87,35,Yes,15
PERF0004625,EMP02313,2025-H1,2,2.77,69,17,No,5
PERF0004626,EMP02313,2025-H2,2,3.53,98,4,No,12
PERF0004627,EMP02314,2025-H1,3,4.6,81,3,Yes,5
PERF0004628,EMP02314,2025-H2,4,4.78,81,30,No,8
PERF0004629,EMP02315,2025-H1,5,3.12,94,43,No,10
PERF0004630,EMP02315,2025-H2,2,4.49,82,25,Yes,10
PERF0004631,EMP02316,2025-H1,5,4.35,63,13,No,5
PERF0004632,EMP02316,2025-H2,5,4.42,62,6,No,0
PERF0004633,EMP02317,2025-H1,4,4.56,77,49,Yes,10
PERF0004634,EMP02317,2025-H2,5,4.26,93,2,No,8
PERF0004635,EMP02318,2025-H1,2,3.44,85,14,No,0
PERF0004636,EMP02318,2025-H2,5,4.51,82,6,Yes,5
PERF0004637,EMP02319,2025-H1,2,3.82,71,53,Yes,0
PERF0004638,EMP02319,2025-H2,4,4.52,64,53,Yes,8
PERF0004639,EMP02320,2025-H1,5,4.95,74,6,No,8
PERF0004640,EMP02320,2025-H2,4,2.86,66,41,Yes,12
PERF0004641,EMP02321,2025-H1,3,3.58,88,19,No,0
PERF0004642,EMP02321,2025-H2,5,5.0,61,57,No,12
PERF0004643,EMP02322,2025-H1,5,4.59,92,24,No,12
PERF0004644,EMP02322,2025-H2,3,3.37,77,52,No,12
PERF0004645,EMP02323,2025-H1,4,2.95,100,28,Yes,8
PERF0004646,EMP02323,2025-H2,5,3.65,80,2,Yes,10
PERF0004647,EMP02324,2025-H1,3,4.15,78,8,No,0
PERF0004648,EMP02324,2025-H2,2,3.69,97,47,Yes,5
PERF0004649,EMP02325,2025-H1,4,2.71,99,46,Yes,12
PERF0004650,EMP02325,2025-H2,3,4.18,99,47,Yes,12
PERF0004651,EMP02326,2025-H1,4,2.86,68,8,Yes,10
PERF0004652,EMP02326,2025-H2,3,4.33,83,12,Yes,0
PERF0004653,EMP02327,2025-H1,2,2.69,88,48,Yes,10
PERF0004654,EMP02327,2025-H2,3,3.52,87,8,Yes,12
PERF0004655,EMP02328,2025-H1,4,4.63,80,55,No,10
PERF0004656,EMP02328,2025-H2,3,2.51,79,6,No,10
PERF0004657,EMP02329,2025-H1,4,3.55,81,51,No,8
PERF0004658,EMP02329,2025-H2,2,4.34,86,9,No,5
PERF0004659,EMP02330,2025-H1,5,4.37,79,5,Yes,15
PERF0004660,EMP02330,2025-H2,4,4.88,97,52,No,10
PERF0004661,EMP02331,2025-H1,5,4.89,66,24,No,10
PERF0004662,EMP02331,2025-H2,5,2.97,71,39,No,12
PERF0004663,EMP02332,2025-H1,5,3.02,98,31,Yes,0
PERF0004664,EMP02332,2025-H2,2,3.59,73,31,No,5
PERF0004665,EMP02333,2025-H1,2,4.1,90,36,No,12
PERF0004666,EMP02333,2025-H2,3,3.4,66,23,Yes,8
PERF0004667,EMP02334,2025-H1,5,4.04,85,11,Yes,15
PERF0004668,EMP02334,2025-H2,5,4.51,94,46,No,8
PERF0004669,EMP02335,2025-H1,4,3.25,78,16,No,8
PERF0004670,EMP02335,2025-H2,5,3.26,82,38,Yes,8
PERF0004671,EMP02336,2025-H1,5,4.74,86,55,No,12
PERF0004672,EMP02336,2025-H2,2,3.89,66,36,Yes,8
PERF0004673,EMP02337,2025-H1,4,3.31,81,47,Yes,0
PERF0004674,EMP02337,2025-H2,3,4.34,90,21,No,15
PERF0004675,EMP02338,2025-H1,5,4.6,64,59,Yes,12
PERF0004676,EMP02338,2025-H2,2,4.92,77,48,No,5
PERF0004677,EMP02339,2025-H1,4,4.14,89,39,Yes,5
PERF0004678,EMP02339,2025-H2,5,3.14,93,3,Yes,0
PERF0004679,EMP02340,2025-H1,2,3.61,65,22,Yes,8
PERF0004680,EMP02340,2025-H2,2,4.78,67,3,No,15
PERF0004681,EMP02341,2025-H1,5,3.65,80,23,No,12
PERF0004682,EMP02341,2025-H2,5,2.82,93,57,No,8
PERF0004683,EMP02342,2025-H1,4,2.52,97,29,No,10
PERF0004684,EMP02342,2025-H2,3,2.8,64,43,Yes,8
PERF0004685,EMP02343,2025-H1,2,4.8,69,58,Yes,5
PERF0004686,EMP02343,2025-H2,5,2.6,73,35,Yes,10
PERF0004687,EMP02344,2025-H1,5,4.5,89,47,No,0
PERF0004688,EMP02344,2025-H2,4,3.3,98,13,Yes,10
PERF0004689,EMP02345,2025-H1,3,3.96,76,4,Yes,10
PERF0004690,EMP02345,2025-H2,2,3.79,77,56,Yes,0
PERF0004691,EMP02346,2025-H1,4,3.74,92,5,Yes,5
PERF0004692,EMP02346,2025-H2,3,3.39,77,16,No,12
PERF0004693,EMP02347,2025-H1,5,2.86,68,43,No,12
PERF0004694,EMP02347,2025-H2,5,3.42,66,4,Yes,0
PERF0004695,EMP02348,2025-H1,5,4.11,68,2,No,10
PERF0004696,EMP02348,2025-H2,3,4.64,100,9,Yes,0
PERF0004697,EMP02349,2025-H1,2,3.77,60,7,Yes,12
PERF0004698,EMP02349,2025-H2,4,3.79,69,17,No,5
PERF0004699,EMP02350,2025-H1,3,3.27,98,54,Yes,10
PERF0004700,EMP02350,2025-H2,5,4.29,66,18,Yes,15
PERF0004701,EMP02351,2025-H1,2,4.82,97,41,No,12
PERF0004702,EMP02351,2025-H2,4,3.54,67,31,Yes,12
PERF0004703,EMP02352,2025-H1,5,4.01,77,14,No,5
PERF0004704,EMP02352,2025-H2,5,4.2,93,52,No,0
PERF0004705,EMP02353,2025-H1,3,3.67,60,24,No,8
PERF0004706,EMP02353,2025-H2,2,4.28,61,12,No,12
PERF0004707,EMP02354,2025-H1,3,3.84,92,24,No,15
PERF0004708,EMP02354,2025-H2,4,2.88,69,45,Yes,15
PERF0004709,EMP02355,2025-H1,2,4.24,65,51,No,10
PERF0004710,EMP02355,2025-H2,2,2.87,94,24,No,10
PERF0004711,EMP02356,2025-H1,3,3.59,90,40,Yes,15
PERF0004712,EMP02356,2025-H2,4,4.26,74,59,No,8
PERF0004713,EMP02357,2025-H1,3,3.26,60,45,No,12
PERF0004714,EMP02357,2025-H2,4,4.55,79,12,Yes,8
PERF0004715,EMP02358,2025-H1,3,2.53,96,1,No,8
PERF0004716,EMP02358,2025-H2,2,3.72,64,60,Yes,8
PERF0004717,EMP02359,2025-H1,4,2.95,79,25,Yes,15
PERF0004718,EMP02359,2025-H2,3,2.54,60,41,No,8
PERF0004719,EMP02360,2025-H1,2,3.24,90,35,No,8
PERF0004720,EMP02360,2025-H2,5,2.59,85,9,Yes,5
PERF0004721,EMP02361,2025-H1,3,3.3,91,40,No,10
PERF0004722,EMP02361,2025-H2,4,4.89,79,27,Yes,15
PERF0004723,EMP02362,2025-H1,4,4.84,83,25,Yes,15
PERF0004724,EMP02362,2025-H2,2,3.93,65,11,Yes,8
PERF0004725,EMP02363,2025-H1,3,4.39,73,39,No,10
PERF0004726,EMP02363,2025-H2,5,2.73,99,36,No,12
PERF0004727,EMP02364,2025-H1,5,3.87,99,39,No,0
PERF0004728,EMP02364,2025-H2,4,4.02,79,51,Yes,10
PERF0004729,EMP02365,2025-H1,2,4.46,93,43,No,10
PERF0004730,EMP02365,2025-H2,3,4.82,63,55,No,5
PERF0004731,EMP02366,2025-H1,4,3.86,66,19,No,8
PERF0004732,EMP02366,2025-H2,2,3.99,76,41,No,0
PERF0004733,EMP02367,2025-H1,5,3.28,90,48,Yes,0
PERF0004734,EMP02367,2025-H2,3,4.23,97,10,Yes,12
PERF0004735,EMP02368,2025-H1,5,3.55,80,48,No,12
PERF0004736,EMP02368,2025-H2,3,4.48,98,27,No,15
PERF0004737,EMP02369,2025-H1,4,3.98,93,50,No,12
PERF0004738,EMP02369,2025-H2,5,4.8,92,37,Yes,5
PERF0004739,EMP02370,2025-H1,5,2.94,69,27,Yes,10
PERF0004740,EMP02370,2025-H2,3,4.35,61,48,Yes,5
PERF0004741,EMP02371,2025-H1,4,4.44,70,44,Yes,5
PERF0004742,EMP02371,2025-H2,5,4.67,82,33,No,12
PERF0004743,EMP02372,2025-H1,3,3.15,71,16,No,15
PERF0004744,EMP02372,2025-H2,4,3.69,85,60,No,15
PERF0004745,EMP02373,2025-H1,2,3.78,95,7,No,8
PERF0004746,EMP02373,2025-H2,3,3.72,99,50,No,10
PERF0004747,EMP02374,2025-H1,2,3.04,95,13,No,15
PERF0004748,EMP02374,2025-H2,2,3.8,79,36,No,5
PERF0004749,EMP02375,2025-H1,3,2.78,67,6,No,15
PERF0004750,EMP02375,2025-H2,4,4.57,95,42,No,0
PERF0004751,EMP02376,2025-H1,4,4.69,93,39,No,0
PERF0004752,EMP02376,2025-H2,4,4.51,88,4,No,8
PERF0004753,EMP02377,2025-H1,5,2.92,66,22,Yes,5
PERF0004754,EMP02377,2025-H2,3,2.78,82,32,No,10
PERF0004755,EMP02378,2025-H1,3,2.79,79,56,Yes,10
PERF0004756,EMP02378,2025-H2,3,3.45,69,26,No,10
PERF0004757,EMP02379,2025-H1,5,4.28,88,24,Yes,12
PERF0004758,EMP02379,2025-H2,4,4.33,79,31,Yes,5
PERF0004759,EMP02380,2025-H1,3,4.94,73,0,No,5
PERF0004760,EMP02380,2025-H2,2,4.39,67,12,No,0
PERF0004761,EMP02381,2025-H1,4,2.84,84,32,No,12
PERF0004762,EMP02381,2025-H2,4,3.74,65,42,Yes,10
PERF0004763,EMP02382,2025-H1,4,3.92,79,38,Yes,5
PERF0004764,EMP02382,2025-H2,2,2.74,71,27,Yes,0
PERF0004765,EMP02383,2025-H1,2,3.17,68,8,Yes,0
PERF0004766,EMP02383,2025-H2,5,2.79,62,53,Yes,12
PERF0004767,EMP02384,2025-H1,2,2.66,96,12,No,15
PERF0004768,EMP02384,2025-H2,4,4.36,100,11,Yes,10
PERF0004769,EMP02385,2025-H1,3,4.61,99,35,Yes,12
PERF0004770,EMP02385,2025-H2,2,4.6,87,41,No,15
PERF0004771,EMP02386,2025-H1,4,4.32,71,2,Yes,15
PERF0004772,EMP02386,2025-H2,3,4.64,68,14,Yes,15
PERF0004773,EMP02387,2025-H1,5,3.38,99,21,Yes,0
PERF0004774,EMP02387,2025-H2,2,3.72,61,0,Yes,12
PERF0004775,EMP02388,2025-H1,2,3.71,94,12,Yes,15
PERF0004776,EMP02388,2025-H2,2,2.54,83,42,Yes,12
PERF0004777,EMP02389,2025-H1,4,3.66,70,56,No,5
PERF0004778,EMP02389,2025-H2,4,3.68,84,29,Yes,8
PERF0004779,EMP02390,2025-H1,5,3.5,71,60,No,15
PERF0004780,EMP02390,2025-H2,3,4.21,60,34,Yes,15
PERF0004781,EMP02391,2025-H1,3,3.92,63,15,Yes,10
PERF0004782,EMP02391,2025-H2,2,2.62,75,32,No,5
PERF0004783,EMP02392,2025-H1,4,3.23,66,54,No,0
PERF0004784,EMP02392,2025-H2,5,3.96,78,1,No,12
PERF0004785,EMP02393,2025-H1,4,3.7,74,6,Yes,0
PERF0004786,EMP02393,2025-H2,2,3.62,76,27,Yes,0
PERF0004787,EMP02394,2025-H1,5,3.16,100,2,No,0
PERF0004788,EMP02394,2025-H2,4,2.6,75,40,No,5
PERF0004789,EMP02395,2025-H1,5,3.36,91,12,No,10
PERF0004790,EMP02395,2025-H2,2,4.87,61,32,Yes,15
PERF0004791,EMP02396,2025-H1,3,4.37,83,36,No,0
PERF0004792,EMP02396,2025-H2,5,4.41,99,15,No,8
PERF0004793,EMP02397,2025-H1,3,2.95,72,4,No,10
PERF0004794,EMP02397,2025-H2,5,4.28,87,6,Yes,5
PERF0004795,EMP02398,2025-H1,2,4.7,65,12,Yes,8
PERF0004796,EMP02398,2025-H2,3,4.79,78,9,No,10
PERF0004797,EMP02399,2025-H1,3,4.55,81,12,No,12
PERF0004798,EMP02399,2025-H2,4,3.64,64,4,Yes,15
PERF0004799,EMP02400,2025-H1,4,4.4,94,50,Yes,15
PERF0004800,EMP02400,2025-H2,3,4.61,61,57,Yes,15
PERF0004801,EMP02401,2025-H1,4,3.42,81,30,Yes,8
PERF0004802,EMP02401,2025-H2,3,3.84,96,51,No,8
PERF0004803,EMP02402,2025-H1,3,4.34,73,29,Yes,0
PERF0004804,EMP02402,2025-H2,3,4.76,95,14,No,12
PERF0004805,EMP02403,2025-H1,4,4.04,62,48,No,10
PERF0004806,EMP02403,2025-H2,2,4.55,100,36,Yes,10
PERF0004807,EMP02404,2025-H1,5,4.64,79,19,No,8
PERF0004808,EMP02404,2025-H2,2,4.0,94,34,Yes,15
PERF0004809,EMP02405,2025-H1,5,3.6,95,46,Yes,8
PERF0004810,EMP02405,2025-H2,5,2.77,100,18,Yes,0
PERF0004811,EMP02406,2025-H1,2,3.44,67,3,No,10
PERF0004812,EMP02406,2025-H2,3,3.17,85,27,Yes,15
PERF0004813,EMP02407,2025-H1,5,3.12,76,49,No,10
PERF0004814,EMP02407,2025-H2,3,3.75,88,32,Yes,10
PERF0004815,EMP02408,2025-H1,3,4.88,97,41,Yes,0
PERF0004816,EMP02408,2025-H2,3,3.75,96,42,No,5
PERF0004817,EMP02409,2025-H1,2,2.88,71,42,Yes,5
PERF0004818,EMP02409,2025-H2,4,3.16,94,10,Yes,15
PERF0004819,EMP02410,2025-H1,4,4.06,86,40,Yes,5
PERF0004820,EMP02410,2025-H2,5,4.86,60,22,No,5
PERF0004821,EMP02411,2025-H1,3,3.11,78,9,Yes,15
PERF0004822,EMP02411,2025-H2,3,4.38,85,38,No,15
PERF0004823,EMP02412,2025-H1,2,4.87,60,16,Yes,15
PERF0004824,EMP02412,2025-H2,5,2.63,97,11,Yes,5
PERF0004825,EMP02413,2025-H1,2,4.48,77,49,No,12
PERF0004826,EMP02413,2025-H2,2,4.52,100,13,Yes,0
PERF0004827,EMP02414,2025-H1,5,4.18,83,42,No,10
PERF0004828,EMP02414,2025-H2,3,4.64,99,7,Yes,15
PERF0004829,EMP02415,2025-H1,3,3.48,60,52,No,15
PERF0004830,EMP02415,2025-H2,4,4.02,91,35,Yes,8
PERF0004831,EMP02416,2025-H1,2,3.91,77,44,Yes,0
PERF0004832,EMP02416,2025-H2,5,3.34,76,55,No,15
PERF0004833,EMP02417,2025-H1,4,2.62,63,9,Yes,10
PERF0004834,EMP02417,2025-H2,2,3.84,88,47,No,10
PERF0004835,EMP02418,2025-H1,2,3.1,77,47,Yes,8
PERF0004836,EMP02418,2025-H2,4,4.43,68,20,No,5
PERF0004837,EMP02419,2025-H1,2,2.6,70,32,No,15
PERF0004838,EMP02419,2025-H2,2,4.56,96,26,Yes,0
PERF0004839,EMP02420,2025-H1,3,3.93,63,40,No,12
PERF0004840,EMP02420,2025-H2,4,3.28,90,26,No,12
PERF0004841,EMP02421,2025-H1,5,3.68,77,55,No,5
PERF0004842,EMP02421,2025-H2,3,3.82,71,4,Yes,8
PERF0004843,EMP02422,2025-H1,5,2.53,85,3,No,0
PERF0004844,EMP02422,2025-H2,5,2.81,70,2,Yes,5
PERF0004845,EMP02423,2025-H1,4,2.78,100,55,No,5
PERF0004846,EMP02423,2025-H2,2,4.25,78,37,Yes,10
PERF0004847,EMP02424,2025-H1,2,2.61,65,59,No,5
PERF0004848,EMP02424,2025-H2,4,3.94,75,31,Yes,10
PERF0004849,EMP02425,2025-H1,3,4.14,95,26,No,10
PERF0004850,EMP02425,2025-H2,3,4.66,79,36,No,12
PERF0004851,EMP02426,2025-H1,2,3.43,68,52,Yes,10
PERF0004852,EMP02426,2025-H2,3,3.08,81,9,Yes,15
PERF0004853,EMP02427,2025-H1,3,2.52,66,6,No,0
PERF0004854,EMP02427,2025-H2,3,2.53,78,46,No,10
PERF0004855,EMP02428,2025-H1,3,2.7,98,17,No,0
PERF0004856,EMP02428,2025-H2,5,3.53,65,48,Yes,0
PERF0004857,EMP02429,2025-H1,2,3.9,68,20,Yes,5
PERF0004858,EMP02429,2025-H2,4,3.04,65,32,Yes,0
PERF0004859,EMP02430,2025-H1,2,3.31,72,29,No,8
PERF0004860,EMP02430,2025-H2,2,3.02,88,5,Yes,0
PERF0004861,EMP02431,2025-H1,3,2.94,98,14,Yes,8
PERF0004862,EMP02431,2025-H2,4,4.66,92,49,No,5
PERF0004863,EMP02432,2025-H1,3,4.94,100,18,No,5
PERF0004864,EMP02432,2025-H2,5,4.11,86,56,Yes,0
PERF0004865,EMP02433,2025-H1,4,4.03,82,2,Yes,8
PERF0004866,EMP02433,2025-H2,4,4.59,85,42,No,10
PERF0004867,EMP02434,2025-H1,2,4.11,70,24,Yes,15
PERF0004868,EMP02434,2025-H2,4,3.24,81,40,No,10
PERF0004869,EMP02435,2025-H1,3,3.99,97,58,No,12
PERF0004870,EMP02435,2025-H2,4,4.24,91,21,No,10
PERF0004871,EMP02436,2025-H1,4,4.96,82,11,Yes,5
PERF0004872,EMP02436,2025-H2,3,3.85,83,31,No,5
PERF0004873,EMP02437,2025-H1,5,3.61,97,48,No,15
PERF0004874,EMP02437,2025-H2,4,4.61,81,49,No,0
PERF0004875,EMP02438,2025-H1,4,3.8,85,7,Yes,0
PERF0004876,EMP02438,2025-H2,5,2.69,76,46,No,15
PERF0004877,EMP02439,2025-H1,4,3.31,90,42,Yes,8
PERF0004878,EMP02439,2025-H2,5,2.86,96,5,No,12
PERF0004879,EMP02440,2025-H1,4,3.01,92,14,Yes,8
PERF0004880,EMP02440,2025-H2,3,2.72,76,25,Yes,15
PERF0004881,EMP02441,2025-H1,3,4.93,83,23,No,0
PERF0004882,EMP02441,2025-H2,5,4.65,80,21,No,5
PERF0004883,EMP02442,2025-H1,5,4.39,83,8,Yes,10
PERF0004884,EMP02442,2025-H2,5,4.81,96,49,Yes,8
PERF0004885,EMP02443,2025-H1,5,3.61,87,46,No,10
PERF0004886,EMP02443,2025-H2,2,4.65,63,54,No,10
PERF0004887,EMP02444,2025-H1,3,4.06,65,10,Yes,5
PERF0004888,EMP02444,2025-H2,5,3.62,67,14,Yes,10
PERF0004889,EMP02445,2025-H1,3,3.89,79,42,Yes,8
PERF0004890,EMP02445,2025-H2,4,3.67,99,36,Yes,12
PERF0004891,EMP02446,2025-H1,4,4.98,70,28,Yes,15
PERF0004892,EMP02446,2025-H2,4,3.8,76,24,Yes,0
PERF0004893,EMP02447,2025-H1,5,4.31,94,57,Yes,15
PERF0004894,EMP02447,2025-H2,3,2.81,68,49,Yes,0
PERF0004895,EMP02448,2025-H1,3,3.7,66,47,No,15
PERF0004896,EMP02448,2025-H2,3,3.22,86,52,Yes,0
PERF0004897,EMP02449,2025-H1,3,2.81,78,47,Yes,8
PERF0004898,EMP02449,2025-H2,2,2.86,71,41,No,0
PERF0004899,EMP02450,2025-H1,2,3.14,90,51,Yes,8
PERF0004900,EMP02450,2025-H2,4,4.39,65,40,No,15
PERF0004901,EMP02451,2025-H1,4,4.13,79,3,Yes,0
PERF0004902,EMP02451,2025-H2,4,2.6,79,26,No,5
PERF0004903,EMP02452,2025-H1,5,3.94,87,60,Yes,5
PERF0004904,EMP02452,2025-H2,3,3.87,96,31,Yes,8
PERF0004905,EMP02453,2025-H1,5,3.19,70,31,No,0
PERF0004906,EMP02453,2025-H2,2,4.39,74,8,No,5
PERF0004907,EMP02454,2025-H1,2,3.7,68,3,No,10
PERF0004908,EMP02454,2025-H2,2,3.9,69,45,No,10
PERF0004909,EMP02455,2025-H1,4,2.67,96,14,Yes,10
PERF0004910,EMP02455,2025-H2,2,3.77,92,29,Yes,0
PERF0004911,EMP02456,2025-H1,4,2.69,97,52,Yes,10
PERF0004912,EMP02456,2025-H2,4,2.91,88,21,Yes,8
PERF0004913,EMP02457,2025-H1,2,3.06,74,30,Yes,12
PERF0004914,EMP02457,2025-H2,3,2.66,68,51,Yes,15
PERF0004915,EMP02458,2025-H1,4,2.79,94,28,Yes,5
PERF0004916,EMP02458,2025-H2,2,4.67,66,9,Yes,12
PERF0004917,EMP02459,2025-H1,2,4.63,99,44,No,15
PERF0004918,EMP02459,2025-H2,3,4.76,75,11,No,8
PERF0004919,EMP02460,2025-H1,2,3.35,73,44,No,0
PERF0004920,EMP02460,2025-H2,5,3.59,90,56,Yes,5
PERF0004921,EMP02461,2025-H1,4,4.33,73,40,No,5
PERF0004922,EMP02461,2025-H2,3,3.78,96,34,Yes,0
PERF0004923,EMP02462,2025-H1,4,4.46,61,50,No,5
PERF0004924,EMP02462,2025-H2,2,4.02,99,44,Yes,15
PERF0004925,EMP02463,2025-H1,5,4.91,60,56,No,12
PERF0004926,EMP02463,2025-H2,3,4.09,89,10,No,8
PERF0004927,EMP02464,2025-H1,5,4.62,62,2,No,0
PERF0004928,EMP02464,2025-H2,2,2.61,65,45,No,0
PERF0004929,EMP02465,2025-H1,2,3.12,72,1,Yes,10
PERF0004930,EMP02465,2025-H2,5,4.62,90,54,Yes,10
PERF0004931,EMP02466,2025-H1,5,3.84,61,37,Yes,10
PERF0004932,EMP02466,2025-H2,3,4.9,76,11,Yes,12
PERF0004933,EMP02467,2025-H1,4,2.95,96,40,No,8
PERF0004934,EMP02467,2025-H2,3,4.54,83,24,Yes,5
PERF0004935,EMP02468,2025-H1,2,4.48,70,7,Yes,10
PERF0004936,EMP02468,2025-H2,4,4.06,66,38,No,0
PERF0004937,EMP02469,2025-H1,4,3.13,73,18,Yes,0
PERF0004938,EMP02469,2025-H2,5,2.59,83,12,Yes,8
PERF0004939,EMP02470,2025-H1,3,4.4,80,33,Yes,8
PERF0004940,EMP02470,2025-H2,3,2.7,70,15,No,10
PERF0004941,EMP02471,2025-H1,2,3.17,100,49,Yes,8
PERF0004942,EMP02471,2025-H2,5,2.77,92,56,No,5
PERF0004943,EMP02472,2025-H1,5,4.4,83,10,Yes,0
PERF0004944,EMP02472,2025-H2,3,4.87,95,9,Yes,5
PERF0004945,EMP02473,2025-H1,5,2.78,78,2,No,15
PERF0004946,EMP02473,2025-H2,2,4.86,100,34,No,8
PERF0004947,EMP02474,2025-H1,4,3.98,98,52,No,15
PERF0004948,EMP02474,2025-H2,5,4.03,92,39,Yes,12
PERF0004949,EMP02475,2025-H1,4,3.09,93,51,No,15
PERF0004950,EMP02475,2025-H2,2,3.98,61,41,No,5
PERF0004951,EMP02476,2025-H1,5,4.38,86,39,Yes,15
PERF0004952,EMP02476,2025-H2,4,4.21,82,53,No,5
PERF0004953,EMP02477,2025-H1,4,2.75,92,40,Yes,0
PERF0004954,EMP02477,2025-H2,2,3.3,73,1,Yes,5
PERF0004955,EMP02478,2025-H1,4,3.19,84,54,Yes,10
PERF0004956,EMP02478,2025-H2,5,4.03,66,59,Yes,5
PERF0004957,EMP02479,2025-H1,4,2.67,82,51,Yes,8
PERF0004958,EMP02479,2025-H2,2,3.73,87,2,No,0
PERF0004959,EMP02480,2025-H1,4,3.58,99,31,No,5
PERF0004960,EMP02480,2025-H2,4,3.57,74,21,Yes,12
PERF0004961,EMP02481,2025-H1,4,3.61,67,41,No,12
PERF0004962,EMP02481,2025-H2,3,3.43,66,60,No,10
PERF0004963,EMP02482,2025-H1,3,4.44,92,28,Yes,5
PERF0004964,EMP02482,2025-H2,4,4.67,75,45,No,12
PERF0004965,EMP02483,2025-H1,2,3.36,79,54,Yes,15
PERF0004966,EMP02483,2025-H2,4,3.44,97,44,No,15
PERF0004967,EMP02484,2025-H1,4,3.56,87,17,No,15
PERF0004968,EMP02484,2025-H2,4,2.92,64,23,No,8
PERF0004969,EMP02485,2025-H1,3,4.12,93,16,Yes,8
PERF0004970,EMP02485,2025-H2,5,2.66,92,20,Yes,0
PERF0004971,EMP02486,2025-H1,2,4.7,89,38,Yes,12
PERF0004972,EMP02486,2025-H2,3,4.2,94,49,No,8
PERF0004973,EMP02487,2025-H1,5,4.74,74,25,Yes,8
PERF0004974,EMP02487,2025-H2,2,4.34,76,10,Yes,10
PERF0004975,EMP02488,2025-H1,5,3.44,62,39,No,8
PERF0004976,EMP02488,2025-H2,2,4.52,77,33,Yes,8
PERF0004977,EMP02489,2025-H1,2,3.65,73,54,Yes,15
PERF0004978,EMP02489,2025-H2,2,3.95,63,41,No,5
PERF0004979,EMP02490,2025-H1,5,3.13,94,20,No,5
PERF0004980,EMP02490,2025-H2,5,4.51,98,5,No,8
PERF0004981,EMP02491,2025-H1,4,4.44,89,60,Yes,0
PERF0004982,EMP02491,2025-H2,4,4.37,84,54,No,12
PERF0004983,EMP02492,2025-H1,2,3.91,76,11,Yes,15
PERF0004984,EMP02492,2025-H2,4,4.18,79,27,No,0
PERF0004985,EMP02493,2025-H1,5,4.56,71,37,No,8
PERF0004986,EMP02493,2025-H2,2,4.97,62,33,No,0
PERF0004987,EMP02494,2025-H1,5,2.97,75,2,Yes,12
PERF0004988,EMP02494,2025-H2,3,2.54,61,37,No,15
PERF0004989,EMP02495,2025-H1,5,4.67,96,10,No,10
PERF0004990,EMP02495,2025-H2,4,3.6,80,57,Yes,0
PERF0004991,EMP02496,2025-H1,5,2.8,83,18,Yes,15
PERF0004992,EMP02496,2025-H2,5,4.52,69,29,No,8
PERF0004993,EMP02497,2025-H1,3,2.95,70,38,No,10
PERF0004994,EMP02497,2025-H2,3,2.51,91,12,No,15
PERF0004995,EMP02498,2025-H1,3,4.14,98,31,No,0
PERF0004996,EMP02498,2025-H2,5,4.5,77,13,No,10
PERF0004997,EMP02499,2025-H1,4,2.89,78,5,No,12
PERF0004998,EMP02499,2025-H2,5,4.67,99,8,Yes,8
PERF0004999,EMP02500,2025-H1,3,3.5,89,40,Yes,12
PERF0005000,EMP02500,2025-H2,5,2.72,89,1,Yes,5
PERF0005001,EMP02501,2025-H1,2,2.85,81,56,No,10
PERF0005002,EMP02501,2025-H2,2,4.32,79,11,No,5
PERF0005003,EMP02502,2025-H1,5,4.53,82,35,Yes,5
PERF0005004,EMP02502,2025-H2,3,3.24,94,10,Yes,10
PERF0005005,EMP02503,2025-H1,4,3.73,67,20,No,5
PERF0005006,EMP02503,2025-H2,2,3.46,81,58,Yes,0
PERF0005007,EMP02504,2025-H1,2,3.12,60,54,No,8
PERF0005008,EMP02504,2025-H2,4,3.82,93,37,No,8
PERF0005009,EMP02505,2025-H1,3,2.84,65,15,Yes,15
PERF0005010,EMP02505,2025-H2,3,4.53,90,9,Yes,8
PERF0005011,EMP02506,2025-H1,4,4.47,91,12,Yes,15
PERF0005012,EMP02506,2025-H2,5,2.96,84,23,No,0
PERF0005013,EMP02507,2025-H1,3,4.44,69,16,No,5
PERF0005014,EMP02507,2025-H2,2,3.69,89,52,No,5
PERF0005015,EMP02508,2025-H1,5,2.89,94,23,No,5
PERF0005016,EMP02508,2025-H2,4,3.53,72,31,Yes,0
PERF0005017,EMP02509,2025-H1,3,4.16,80,2,No,8
PERF0005018,EMP02509,2025-H2,3,3.39,93,28,Yes,8
PERF0005019,EMP02510,2025-H1,2,4.31,80,31,No,0
PERF0005020,EMP02510,2025-H2,5,4.46,87,34,Yes,10
PERF0005021,EMP02511,2025-H1,3,4.66,63,50,No,15
PERF0005022,EMP02511,2025-H2,2,4.61,77,30,Yes,0
PERF0005023,EMP02512,2025-H1,4,3.47,71,12,Yes,12
PERF0005024,EMP02512,2025-H2,5,3.3,64,55,Yes,5
PERF0005025,EMP02513,2025-H1,3,3.93,98,56,No,12
PERF0005026,EMP02513,2025-H2,4,4.02,84,60,No,8
PERF0005027,EMP02514,2025-H1,4,4.88,99,54,Yes,10
PERF0005028,EMP02514,2025-H2,4,4.65,90,19,No,0
PERF0005029,EMP02515,2025-H1,4,4.55,87,54,No,8
PERF0005030,EMP02515,2025-H2,3,2.54,62,56,Yes,10
PERF0005031,EMP02516,2025-H1,2,3.26,88,6,No,12
PERF0005032,EMP02516,2025-H2,4,4.46,93,8,No,8
PERF0005033,EMP02517,2025-H1,2,3.93,70,17,No,5
PERF0005034,EMP02517,2025-H2,3,3.17,97,13,Yes,0
PERF0005035,EMP02518,2025-H1,5,4.89,63,8,No,15
PERF0005036,EMP02518,2025-H2,4,4.47,99,37,Yes,8
PERF0005037,EMP02519,2025-H1,5,2.93,82,39,Yes,10
PERF0005038,EMP02519,2025-H2,4,3.97,68,53,Yes,15
PERF0005039,EMP02520,2025-H1,4,3.74,73,44,No,15
PERF0005040,EMP02520,2025-H2,5,4.47,78,55,Yes,8
PERF0005041,EMP02521,2025-H1,2,4.21,92,43,Yes,10
PERF0005042,EMP02521,2025-H2,2,4.81,64,0,Yes,5
PERF0005043,EMP02522,2025-H1,3,3.66,80,10,No,8
PERF0005044,EMP02522,2025-H2,5,2.72,60,23,Yes,5
PERF0005045,EMP02523,2025-H1,5,2.9,92,58,Yes,10
PERF0005046,EMP02523,2025-H2,4,3.57,89,47,Yes,8
PERF0005047,EMP02524,2025-H1,3,4.52,87,36,No,15
PERF0005048,EMP02524,2025-H2,4,3.12,79,48,Yes,8
PERF0005049,EMP02525,2025-H1,3,2.74,63,25,No,10
PERF0005050,EMP02525,2025-H2,4,3.11,72,11,Yes,8
PERF0005051,EMP02526,2025-H1,3,3.62,84,13,Yes,5
PERF0005052,EMP02526,2025-H2,2,4.55,98,14,No,10
PERF0005053,EMP02527,2025-H1,2,3.84,70,19,Yes,12
PERF0005054,EMP02527,2025-H2,4,2.93,74,55,Yes,5
PERF0005055,EMP02528,2025-H1,4,4.17,94,22,Yes,15
PERF0005056,EMP02528,2025-H2,4,4.39,66,10,Yes,0
PERF0005057,EMP02529,2025-H1,3,3.07,75,53,Yes,10
PERF0005058,EMP02529,2025-H2,5,3.42,97,14,Yes,8
PERF0005059,EMP02530,2025-H1,2,3.18,73,0,Yes,12
PERF0005060,EMP02530,2025-H2,2,2.99,74,16,No,0
PERF0005061,EMP02531,2025-H1,2,2.7,73,4,No,12
PERF0005062,EMP02531,2025-H2,4,3.56,90,32,Yes,0
PERF0005063,EMP02532,2025-H1,5,2.73,89,39,Yes,10
PERF0005064,EMP02532,2025-H2,4,4.92,66,52,No,10
PERF0005065,EMP02533,2025-H1,3,4.7,61,53,No,15
PERF0005066,EMP02533,2025-H2,3,3.87,81,54,No,8
PERF0005067,EMP02534,2025-H1,2,3.13,92,60,Yes,10
PERF0005068,EMP02534,2025-H2,2,3.48,74,36,Yes,12
PERF0005069,EMP02535,2025-H1,3,4.58,89,45,No,8
PERF0005070,EMP02535,2025-H2,2,2.75,78,35,Yes,12
PERF0005071,EMP02536,2025-H1,5,4.41,99,43,No,12
PERF0005072,EMP02536,2025-H2,3,4.03,65,4,No,8
PERF0005073,EMP02537,2025-H1,3,4.06,95,35,Yes,15
PERF0005074,EMP02537,2025-H2,2,3.97,60,47,No,15
PERF0005075,EMP02538,2025-H1,2,4.86,78,22,No,10
PERF0005076,EMP02538,2025-H2,5,3.33,68,40,Yes,12
PERF0005077,EMP02539,2025-H1,3,4.79,95,4,No,5
PERF0005078,EMP02539,2025-H2,5,4.55,71,36,Yes,5
PERF0005079,EMP02540,2025-H1,3,3.45,82,16,Yes,12
PERF0005080,EMP02540,2025-H2,4,3.0,85,41,No,10
PERF0005081,EMP02541,2025-H1,4,2.98,71,50,Yes,5
PERF0005082,EMP02541,2025-H2,4,4.14,85,26,No,12
PERF0005083,EMP02542,2025-H1,2,3.8,77,7,No,0
PERF0005084,EMP02542,2025-H2,4,2.67,65,37,No,10
PERF0005085,EMP02543,2025-H1,2,4.88,94,28,Yes,0
PERF0005086,EMP02543,2025-H2,5,3.21,77,3,Yes,0
PERF0005087,EMP02544,2025-H1,4,3.06,77,57,No,10
PERF0005088,EMP02544,2025-H2,4,2.84,78,8,Yes,5
PERF0005089,EMP02545,2025-H1,2,4.75,96,5,No,8
PERF0005090,EMP02545,2025-H2,4,3.35,89,40,No,12
PERF0005091,EMP02546,2025-H1,3,2.53,61,43,Yes,12
PERF0005092,EMP02546,2025-H2,4,3.46,89,10,Yes,10
PERF0005093,EMP02547,2025-H1,2,3.65,76,4,No,10
PERF0005094,EMP02547,2025-H2,4,4.17,63,14,No,10
PERF0005095,EMP02548,2025-H1,5,3.38,81,24,Yes,10
PERF0005096,EMP02548,2025-H2,4,3.44,77,60,Yes,15
PERF0005097,EMP02549,2025-H1,4,4.49,79,8,Yes,0
PERF0005098,EMP02549,2025-H2,2,4.86,83,19,No,0
PERF0005099,EMP02550,2025-H1,4,2.93,63,5,Yes,12
PERF0005100,EMP02550,2025-H2,3,4.24,85,8,Yes,0
PERF0005101,EMP02551,2025-H1,5,4.06,80,41,No,12
PERF0005102,EMP02551,2025-H2,3,4.02,85,35,Yes,15
PERF0005103,EMP02552,2025-H1,3,3.64,92,20,No,8
PERF0005104,EMP02552,2025-H2,3,2.9,73,4,No,0
PERF0005105,EMP02553,2025-H1,4,4.2,90,41,No,12
PERF0005106,EMP02553,2025-H2,2,4.41,71,60,Yes,15
PERF0005107,EMP02554,2025-H1,2,4.92,63,56,No,5
PERF0005108,EMP02554,2025-H2,5,3.14,70,60,No,5
PERF0005109,EMP02555,2025-H1,4,3.91,75,57,No,10
PERF0005110,EMP02555,2025-H2,5,3.53,89,55,Yes,12
PERF0005111,EMP02556,2025-H1,3,2.97,94,51,Yes,0
PERF0005112,EMP02556,2025-H2,2,3.31,73,0,No,12
PERF0005113,EMP02557,2025-H1,3,4.49,89,8,No,15
PERF0005114,EMP02557,2025-H2,5,3.81,92,40,No,15
PERF0005115,EMP02558,2025-H1,4,4.6,85,39,No,15
PERF0005116,EMP02558,2025-H2,3,4.77,79,30,No,5
PERF0005117,EMP02559,2025-H1,4,3.91,87,20,No,5
PERF0005118,EMP02559,2025-H2,5,4.95,81,12,No,5
PERF0005119,EMP02560,2025-H1,2,3.69,60,8,No,0
PERF0005120,EMP02560,2025-H2,2,4.21,84,1,No,8
PERF0005121,EMP02561,2025-H1,3,4.12,92,57,No,10
PERF0005122,EMP02561,2025-H2,3,4.35,81,45,Yes,12
PERF0005123,EMP02562,2025-H1,5,3.91,65,37,Yes,10
PERF0005124,EMP02562,2025-H2,2,3.46,78,7,Yes,8
PERF0005125,EMP02563,2025-H1,5,4.02,85,44,Yes,5
PERF0005126,EMP02563,2025-H2,5,3.43,84,59,No,5
PERF0005127,EMP02564,2025-H1,4,4.6,90,42,No,0
PERF0005128,EMP02564,2025-H2,3,4.13,99,29,Yes,0
PERF0005129,EMP02565,2025-H1,2,4.15,88,20,Yes,10
PERF0005130,EMP02565,2025-H2,2,3.46,75,0,Yes,10
PERF0005131,EMP02566,2025-H1,2,4.25,94,41,No,0
PERF0005132,EMP02566,2025-H2,2,2.92,72,52,No,5
PERF0005133,EMP02567,2025-H1,3,4.21,61,44,No,10
PERF0005134,EMP02567,2025-H2,3,2.88,84,17,No,12
PERF0005135,EMP02568,2025-H1,4,2.68,81,14,Yes,10
PERF0005136,EMP02568,2025-H2,4,2.83,97,11,No,12
PERF0005137,EMP02569,2025-H1,5,4.5,77,16,Yes,0
PERF0005138,EMP02569,2025-H2,5,2.9,73,57,No,8
PERF0005139,EMP02570,2025-H1,4,3.2,94,49,Yes,5
PERF0005140,EMP02570,2025-H2,2,5.0,84,9,No,12
PERF0005141,EMP02571,2025-H1,5,3.77,75,16,Yes,8
PERF0005142,EMP02571,2025-H2,3,3.38,93,31,No,12
PERF0005143,EMP02572,2025-H1,2,4.19,73,29,No,8
PERF0005144,EMP02572,2025-H2,2,2.76,77,22,Yes,0
PERF0005145,EMP02573,2025-H1,2,3.09,85,33,No,10
PERF0005146,EMP02573,2025-H2,4,2.67,63,23,Yes,5
PERF0005147,EMP02574,2025-H1,2,2.92,99,9,Yes,0
PERF0005148,EMP02574,2025-H2,5,3.65,80,17,No,0
PERF0005149,EMP02575,2025-H1,3,4.2,86,54,No,10
PERF0005150,EMP02575,2025-H2,5,3.33,89,34,No,15
PERF0005151,EMP02576,2025-H1,3,4.63,67,14,Yes,0
PERF0005152,EMP02576,2025-H2,5,3.27,98,17,No,10
PERF0005153,EMP02577,2025-H1,2,3.09,81,56,No,15
PERF0005154,EMP02577,2025-H2,2,4.96,61,8,Yes,15
PERF0005155,EMP02578,2025-H1,3,4.9,79,53,No,15
PERF0005156,EMP02578,2025-H2,3,3.72,74,60,No,15
PERF0005157,EMP02579,2025-H1,2,3.04,82,5,No,15
PERF0005158,EMP02579,2025-H2,4,4.84,66,2,No,15
PERF0005159,EMP02580,2025-H1,4,3.28,98,56,Yes,15
PERF0005160,EMP02580,2025-H2,5,3.7,85,48,No,0
PERF0005161,EMP02581,2025-H1,3,3.1,68,53,No,10
PERF0005162,EMP02581,2025-H2,2,3.89,65,57,No,10
PERF0005163,EMP02582,2025-H1,4,3.55,95,5,No,10
PERF0005164,EMP02582,2025-H2,4,4.49,66,36,No,10
PERF0005165,EMP02583,2025-H1,3,3.62,67,50,No,5
PERF0005166,EMP02583,2025-H2,4,3.38,90,53,Yes,8
PERF0005167,EMP02584,2025-H1,5,3.96,76,30,No,12
PERF0005168,EMP02584,2025-H2,5,4.75,95,48,Yes,5
PERF0005169,EMP02585,2025-H1,3,4.41,76,2,Yes,5
PERF0005170,EMP02585,2025-H2,5,3.54,95,55,No,8
PERF0005171,EMP02586,2025-H1,3,4.1,77,37,No,12
PERF0005172,EMP02586,2025-H2,5,4.33,94,10,Yes,0
PERF0005173,EMP02587,2025-H1,4,3.42,83,41,Yes,12
PERF0005174,EMP02587,2025-H2,4,2.92,66,9,No,15
PERF0005175,EMP02588,2025-H1,5,4.33,91,11,Yes,15
PERF0005176,EMP02588,2025-H2,5,4.96,65,19,Yes,10
PERF0005177,EMP02589,2025-H1,5,2.6,88,2,No,10
PERF0005178,EMP02589,2025-H2,3,4.53,60,46,Yes,15
PERF0005179,EMP02590,2025-H1,2,4.18,77,8,Yes,0
PERF0005180,EMP02590,2025-H2,4,3.46,64,2,Yes,10
PERF0005181,EMP02591,2025-H1,4,4.21,77,21,No,15
PERF0005182,EMP02591,2025-H2,3,3.98,64,5,No,0
PERF0005183,EMP02592,2025-H1,4,4.5,76,15,No,0
PERF0005184,EMP02592,2025-H2,4,3.42,90,5,Yes,12
PERF0005185,EMP02593,2025-H1,3,4.77,65,16,No,10
PERF0005186,EMP02593,2025-H2,3,4.99,87,26,Yes,12
PERF0005187,EMP02594,2025-H1,3,3.39,79,23,Yes,0
PERF0005188,EMP02594,2025-H2,5,4.48,100,13,No,5
PERF0005189,EMP02595,2025-H1,2,3.04,72,58,No,5
PERF0005190,EMP02595,2025-H2,2,3.97,83,58,Yes,8
PERF0005191,EMP02596,2025-H1,5,4.05,99,34,Yes,8
PERF0005192,EMP02596,2025-H2,4,3.97,61,7,No,0
PERF0005193,EMP02597,2025-H1,2,2.52,74,56,No,15
PERF0005194,EMP02597,2025-H2,2,3.02,90,30,No,12
PERF0005195,EMP02598,2025-H1,5,4.62,91,23,Yes,10
PERF0005196,EMP02598,2025-H2,4,4.64,85,29,No,10
PERF0005197,EMP02599,2025-H1,3,2.93,60,16,Yes,8
PERF0005198,EMP02599,2025-H2,4,2.58,75,49,Yes,12
PERF0005199,EMP02600,2025-H1,3,4.77,77,57,No,8
PERF0005200,EMP02600,2025-H2,5,2.96,61,38,No,15
PERF0005201,EMP02601,2025-H1,4,4.46,92,3,Yes,15
PERF0005202,EMP02601,2025-H2,2,3.58,83,58,Yes,8
PERF0005203,EMP02602,2025-H1,4,2.63,84,5,No,8
PERF0005204,EMP02602,2025-H2,3,4.6,87,18,Yes,10
PERF0005205,EMP02603,2025-H1,5,4.75,93,20,No,5
PERF0005206,EMP02603,2025-H2,3,4.4,78,23,Yes,0
PERF0005207,EMP02604,2025-H1,3,4.95,61,7,No,12
PERF0005208,EMP02604,2025-H2,4,2.58,67,18,Yes,5
PERF0005209,EMP02605,2025-H1,4,3.78,93,48,Yes,10
PERF0005210,EMP02605,2025-H2,3,2.87,83,15,Yes,8
PERF0005211,EMP02606,2025-H1,4,4.03,79,52,Yes,10
PERF0005212,EMP02606,2025-H2,5,4.16,86,7,No,12
PERF0005213,EMP02607,2025-H1,5,4.69,92,33,Yes,15
PERF0005214,EMP02607,2025-H2,2,2.97,81,50,No,12
PERF0005215,EMP02608,2025-H1,4,4.33,96,19,Yes,10
PERF0005216,EMP02608,2025-H2,5,4.76,77,30,Yes,15
PERF0005217,EMP02609,2025-H1,5,4.95,70,24,No,8
PERF0005218,EMP02609,2025-H2,2,4.98,84,4,Yes,5
PERF0005219,EMP02610,2025-H1,2,2.96,68,34,No,5
PERF0005220,EMP02610,2025-H2,4,3.74,82,32,No,5
PERF0005221,EMP02611,2025-H1,4,4.83,81,35,Yes,10
PERF0005222,EMP02611,2025-H2,3,2.82,98,54,Yes,0
PERF0005223,EMP02612,2025-H1,5,4.2,97,6,Yes,10
PERF0005224,EMP02612,2025-H2,3,3.68,78,26,No,8
PERF0005225,EMP02613,2025-H1,4,3.23,96,24,Yes,8
PERF0005226,EMP02613,2025-H2,2,4.77,100,24,No,0
PERF0005227,EMP02614,2025-H1,2,4.01,91,6,Yes,5
PERF0005228,EMP02614,2025-H2,4,3.9,99,33,Yes,12
PERF0005229,EMP02615,2025-H1,4,4.0,81,28,No,12
PERF0005230,EMP02615,2025-H2,2,4.8,95,26,No,5
PERF0005231,EMP02616,2025-H1,2,3.95,83,0,Yes,8
PERF0005232,EMP02616,2025-H2,5,3.64,83,22,No,12
PERF0005233,EMP02617,2025-H1,3,4.97,84,57,No,15
PERF0005234,EMP02617,2025-H2,2,3.32,63,22,No,10
PERF0005235,EMP02618,2025-H1,5,4.11,92,20,No,10
PERF0005236,EMP02618,2025-H2,3,2.59,90,13,No,10
PERF0005237,EMP02619,2025-H1,4,3.7,79,48,No,10
PERF0005238,EMP02619,2025-H2,2,3.74,73,18,Yes,15
PERF0005239,EMP02620,2025-H1,4,4.31,69,38,No,12
PERF0005240,EMP02620,2025-H2,2,4.95,85,55,No,8
PERF0005241,EMP02621,2025-H1,4,3.16,88,13,Yes,10
PERF0005242,EMP02621,2025-H2,3,2.84,74,9,No,15
PERF0005243,EMP02622,2025-H1,2,3.93,75,10,No,15
PERF0005244,EMP02622,2025-H2,3,2.9,76,45,No,8
PERF0005245,EMP02623,2025-H1,5,4.91,79,26,No,5
PERF0005246,EMP02623,2025-H2,5,4.04,64,45,Yes,10
PERF0005247,EMP02624,2025-H1,4,3.85,82,31,Yes,5
PERF0005248,EMP02624,2025-H2,4,3.74,66,28,Yes,15
PERF0005249,EMP02625,2025-H1,3,3.17,93,19,Yes,10
PERF0005250,EMP02625,2025-H2,3,4.99,69,0,No,10
PERF0005251,EMP02626,2025-H1,2,3.4,68,10,Yes,0
PERF0005252,EMP02626,2025-H2,2,2.98,86,24,No,12
PERF0005253,EMP02627,2025-H1,2,4.0,70,3,No,8
PERF0005254,EMP02627,2025-H2,4,4.61,71,22,No,8
PERF0005255,EMP02628,2025-H1,2,3.63,86,38,Yes,10
PERF0005256,EMP02628,2025-H2,4,4.36,77,4,Yes,10
PERF0005257,EMP02629,2025-H1,2,3.12,60,14,Yes,8
PERF0005258,EMP02629,2025-H2,2,3.66,97,55,Yes,8
PERF0005259,EMP02630,2025-H1,2,3.79,70,31,Yes,8
PERF0005260,EMP02630,2025-H2,5,3.11,62,14,Yes,12
PERF0005261,EMP02631,2025-H1,2,3.47,95,0,No,8
PERF0005262,EMP02631,2025-H2,2,3.9,63,54,Yes,12
PERF0005263,EMP02632,2025-H1,5,4.77,82,8,No,10
PERF0005264,EMP02632,2025-H2,3,4.75,92,48,Yes,15
PERF0005265,EMP02633,2025-H1,5,3.33,63,33,Yes,8
PERF0005266,EMP02633,2025-H2,5,4.64,96,54,Yes,8
PERF0005267,EMP02634,2025-H1,2,4.4,98,22,Yes,15
PERF0005268,EMP02634,2025-H2,5,4.2,96,59,Yes,8
PERF0005269,EMP02635,2025-H1,3,3.2,83,28,Yes,10
PERF0005270,EMP02635,2025-H2,5,4.46,63,13,Yes,8
PERF0005271,EMP02636,2025-H1,2,4.5,80,14,No,15
PERF0005272,EMP02636,2025-H2,4,3.43,60,11,No,0
PERF0005273,EMP02637,2025-H1,5,4.37,100,20,No,10
PERF0005274,EMP02637,2025-H2,3,3.93,65,6,No,10
PERF0005275,EMP02638,2025-H1,2,4.96,60,49,Yes,15
PERF0005276,EMP02638,2025-H2,3,4.83,95,31,No,12
PERF0005277,EMP02639,2025-H1,3,3.11,82,39,No,10
PERF0005278,EMP02639,2025-H2,3,4.65,83,22,No,12
PERF0005279,EMP02640,2025-H1,5,2.56,86,57,Yes,5
PERF0005280,EMP02640,2025-H2,5,2.8,91,20,Yes,15
PERF0005281,EMP02641,2025-H1,4,2.74,85,58,Yes,15
PERF0005282,EMP02641,2025-H2,5,4.92,73,33,No,0
PERF0005283,EMP02642,2025-H1,2,3.05,76,45,Yes,10
PERF0005284,EMP02642,2025-H2,4,2.52,75,29,No,5
PERF0005285,EMP02643,2025-H1,4,4.35,83,58,Yes,12
PERF0005286,EMP02643,2025-H2,3,3.83,84,59,No,0
PERF0005287,EMP02644,2025-H1,4,3.46,95,50,Yes,10
PERF0005288,EMP02644,2025-H2,4,4.95,74,4,Yes,12
PERF0005289,EMP02645,2025-H1,5,4.31,94,27,No,15
PERF0005290,EMP02645,2025-H2,3,3.65,81,34,No,10
PERF0005291,EMP02646,2025-H1,2,2.65,84,24,No,5
PERF0005292,EMP02646,2025-H2,4,4.86,73,18,Yes,0
PERF0005293,EMP02647,2025-H1,5,4.57,100,27,Yes,8
PERF0005294,EMP02647,2025-H2,5,2.86,71,45,Yes,15
PERF0005295,EMP02648,2025-H1,2,3.14,60,26,No,8
PERF0005296,EMP02648,2025-H2,3,4.17,82,46,No,10
PERF0005297,EMP02649,2025-H1,2,3.89,98,0,No,0
PERF0005298,EMP02649,2025-H2,5,3.91,92,39,Yes,15
PERF0005299,EMP02650,2025-H1,5,3.98,76,42,Yes,12
PERF0005300,EMP02650,2025-H2,3,3.84,60,54,No,8
PERF0005301,EMP02651,2025-H1,2,3.14,96,4,Yes,0
PERF0005302,EMP02651,2025-H2,4,4.38,93,12,Yes,10
PERF0005303,EMP02652,2025-H1,3,4.35,68,14,No,8
PERF0005304,EMP02652,2025-H2,2,3.98,89,41,No,0
PERF0005305,EMP02653,2025-H1,2,3.9,74,41,No,8
PERF0005306,EMP02653,2025-H2,3,4.99,64,57,Yes,12
PERF0005307,EMP02654,2025-H1,3,4.45,89,47,Yes,15
PERF0005308,EMP02654,2025-H2,4,4.91,63,13,Yes,8
PERF0005309,EMP02655,2025-H1,2,2.91,93,42,Yes,5
PERF0005310,EMP02655,2025-H2,2,4.34,97,2,No,12
PERF0005311,EMP02656,2025-H1,4,2.89,80,11,No,8
PERF0005312,EMP02656,2025-H2,4,2.55,95,17,No,8
PERF0005313,EMP02657,2025-H1,4,2.79,74,13,Yes,0
PERF0005314,EMP02657,2025-H2,3,4.45,87,54,No,12
PERF0005315,EMP02658,2025-H1,5,3.05,100,13,No,10
PERF0005316,EMP02658,2025-H2,5,4.66,64,57,No,12
PERF0005317,EMP02659,2025-H1,5,2.51,100,32,Yes,12
PERF0005318,EMP02659,2025-H2,3,3.21,98,3,Yes,15
PERF0005319,EMP02660,2025-H1,4,4.08,97,3,No,5
PERF0005320,EMP02660,2025-H2,3,3.72,85,46,No,0
PERF0005321,EMP02661,2025-H1,5,3.18,62,17,No,12
PERF0005322,EMP02661,2025-H2,5,3.03,89,13,Yes,15
PERF0005323,EMP02662,2025-H1,3,2.99,76,17,Yes,15
PERF0005324,EMP02662,2025-H2,5,3.66,86,20,Yes,8
PERF0005325,EMP02663,2025-H1,3,3.72,98,32,No,10
PERF0005326,EMP02663,2025-H2,3,3.1,75,14,Yes,5
PERF0005327,EMP02664,2025-H1,5,4.56,74,19,Yes,10
PERF0005328,EMP02664,2025-H2,2,4.74,61,4,No,15
PERF0005329,EMP02665,2025-H1,3,3.45,65,37,Yes,0
PERF0005330,EMP02665,2025-H2,2,4.84,70,40,Yes,8
PERF0005331,EMP02666,2025-H1,2,4.83,88,22,No,8
PERF0005332,EMP02666,2025-H2,4,4.89,92,6,Yes,10
PERF0005333,EMP02667,2025-H1,3,2.77,88,12,No,12
PERF0005334,EMP02667,2025-H2,3,4.38,80,60,No,0
PERF0005335,EMP02668,2025-H1,3,4.76,92,15,Yes,8
PERF0005336,EMP02668,2025-H2,3,4.95,76,25,No,8
PERF0005337,EMP02669,2025-H1,4,4.14,81,4,No,5
PERF0005338,EMP02669,2025-H2,3,2.62,89,54,No,5
PERF0005339,EMP02670,2025-H1,3,4.61,97,11,No,15
PERF0005340,EMP02670,2025-H2,3,4.22,62,32,Yes,5
PERF0005341,EMP02671,2025-H1,4,4.15,77,50,Yes,5
PERF0005342,EMP02671,2025-H2,2,4.11,68,18,Yes,5
PERF0005343,EMP02672,2025-H1,4,4.57,77,59,Yes,15
PERF0005344,EMP02672,2025-H2,4,3.25,63,1,No,15
PERF0005345,EMP02673,2025-H1,3,4.47,86,27,Yes,12
PERF0005346,EMP02673,2025-H2,3,4.22,77,35,Yes,12
PERF0005347,EMP02674,2025-H1,4,3.21,75,37,Yes,0
PERF0005348,EMP02674,2025-H2,3,3.77,63,29,Yes,15
PERF0005349,EMP02675,2025-H1,3,3.51,83,50,No,5
PERF0005350,EMP02675,2025-H2,3,2.81,72,1,No,5
PERF0005351,EMP02676,2025-H1,5,3.23,60,16,No,5
PERF0005352,EMP02676,2025-H2,3,3.14,86,48,Yes,12
PERF0005353,EMP02677,2025-H1,5,2.96,73,24,Yes,15
PERF0005354,EMP02677,2025-H2,2,3.36,64,12,No,8
PERF0005355,EMP02678,2025-H1,2,4.92,65,4,No,0
PERF0005356,EMP02678,2025-H2,5,3.7,67,28,No,8
PERF0005357,EMP02679,2025-H1,2,3.36,97,35,Yes,12
PERF0005358,EMP02679,2025-H2,3,2.79,60,48,Yes,10
PERF0005359,EMP02680,2025-H1,5,4.77,86,16,No,0
PERF0005360,EMP02680,2025-H2,4,4.72,75,39,No,5
PERF0005361,EMP02681,2025-H1,4,3.19,92,39,No,5
PERF0005362,EMP02681,2025-H2,4,4.55,84,40,No,0
PERF0005363,EMP02682,2025-H1,5,4.6,82,48,Yes,0
PERF0005364,EMP02682,2025-H2,5,4.1,60,1,No,12
PERF0005365,EMP02683,2025-H1,3,4.22,94,15,No,15
PERF0005366,EMP02683,2025-H2,2,3.2,72,33,No,12
PERF0005367,EMP02684,2025-H1,5,2.98,98,24,Yes,10
PERF0005368,EMP02684,2025-H2,5,3.86,92,0,Yes,10
PERF0005369,EMP02685,2025-H1,4,4.75,83,40,Yes,8
PERF0005370,EMP02685,2025-H2,5,3.08,90,8,No,0
PERF0005371,EMP02686,2025-H1,4,3.22,61,30,Yes,0
PERF0005372,EMP02686,2025-H2,4,3.44,95,45,No,15
PERF0005373,EMP02687,2025-H1,5,2.72,97,32,No,5
PERF0005374,EMP02687,2025-H2,3,3.07,60,21,No,15
PERF0005375,EMP02688,2025-H1,5,2.74,96,37,No,15
PERF0005376,EMP02688,2025-H2,3,3.73,64,18,No,10
PERF0005377,EMP02689,2025-H1,5,3.6,97,50,No,0
PERF0005378,EMP02689,2025-H2,4,4.92,66,60,Yes,5
PERF0005379,EMP02690,2025-H1,2,4.78,95,24,No,12
PERF0005380,EMP02690,2025-H2,4,3.75,69,27,Yes,0
PERF0005381,EMP02691,2025-H1,4,4.75,100,35,No,8
PERF0005382,EMP02691,2025-H2,4,4.77,69,45,No,12
PERF0005383,EMP02692,2025-H1,4,3.16,86,32,No,15
PERF0005384,EMP02692,2025-H2,5,4.81,87,50,Yes,0
PERF0005385,EMP02693,2025-H1,4,4.94,97,14,No,0
PERF0005386,EMP02693,2025-H2,5,3.19,67,43,Yes,10
PERF0005387,EMP02694,2025-H1,4,4.46,73,5,No,8
PERF0005388,EMP02694,2025-H2,2,4.53,93,4,No,12
PERF0005389,EMP02695,2025-H1,4,3.01,92,31,No,10
PERF0005390,EMP02695,2025-H2,5,3.32,75,36,Yes,5
PERF0005391,EMP02696,2025-H1,3,3.67,61,7,No,0
PERF0005392,EMP02696,2025-H2,4,4.58,87,50,No,15
PERF0005393,EMP02697,2025-H1,2,2.69,95,24,Yes,15
PERF0005394,EMP02697,2025-H2,4,2.65,79,10,Yes,10
PERF0005395,EMP02698,2025-H1,2,3.17,63,56,No,12
PERF0005396,EMP02698,2025-H2,5,2.94,69,23,Yes,15
PERF0005397,EMP02699,2025-H1,4,2.78,98,24,Yes,15
PERF0005398,EMP02699,2025-H2,5,3.97,69,37,No,10
PERF0005399,EMP02700,2025-H1,4,2.85,66,6,No,5
PERF0005400,EMP02700,2025-H2,4,4.54,76,2,No,12
PERF0005401,EMP02701,2025-H1,5,4.67,66,53,No,8
PERF0005402,EMP02701,2025-H2,3,4.09,78,5,Yes,10
PERF0005403,EMP02702,2025-H1,4,3.82,94,52,Yes,8
PERF0005404,EMP02702,2025-H2,5,3.67,83,0,No,8
PERF0005405,EMP02703,2025-H1,5,4.41,69,9,Yes,12
PERF0005406,EMP02703,2025-H2,4,4.76,88,35,Yes,0
PERF0005407,EMP02704,2025-H1,5,4.17,91,47,No,8
PERF0005408,EMP02704,2025-H2,2,4.72,75,16,Yes,15
PERF0005409,EMP02705,2025-H1,2,3.22,90,34,No,0
PERF0005410,EMP02705,2025-H2,2,4.92,95,49,No,0
PERF0005411,EMP02706,2025-H1,4,3.04,64,18,Yes,12
PERF0005412,EMP02706,2025-H2,4,2.98,63,5,No,5
PERF0005413,EMP02707,2025-H1,2,4.16,91,19,Yes,12
PERF0005414,EMP02707,2025-H2,5,4.09,96,24,Yes,12
PERF0005415,EMP02708,2025-H1,5,4.22,69,16,No,5
PERF0005416,EMP02708,2025-H2,3,3.63,89,59,No,15
PERF0005417,EMP02709,2025-H1,4,3.76,66,48,Yes,0
PERF0005418,EMP02709,2025-H2,3,3.34,80,31,No,12
PERF0005419,EMP02710,2025-H1,4,4.89,97,24,Yes,0
PERF0005420,EMP02710,2025-H2,3,3.5,99,51,No,15
PERF0005421,EMP02711,2025-H1,5,4.63,94,27,No,10
PERF0005422,EMP02711,2025-H2,4,4.93,73,11,No,15
PERF0005423,EMP02712,2025-H1,3,3.38,73,44,No,10
PERF0005424,EMP02712,2025-H2,3,4.49,66,27,Yes,5
PERF0005425,EMP02713,2025-H1,4,4.76,70,33,No,15
PERF0005426,EMP02713,2025-H2,2,2.94,86,39,No,15
PERF0005427,EMP02714,2025-H1,5,4.46,83,36,Yes,15
PERF0005428,EMP02714,2025-H2,2,3.52,72,27,Yes,5
PERF0005429,EMP02715,2025-H1,3,3.52,84,0,Yes,8
PERF0005430,EMP02715,2025-H2,3,4.4,71,22,No,8
PERF0005431,EMP02716,2025-H1,2,4.16,85,54,Yes,12
PERF0005432,EMP02716,2025-H2,4,2.59,69,22,No,8
PERF0005433,EMP02717,2025-H1,5,2.8,61,25,Yes,12
PERF0005434,EMP02717,2025-H2,3,3.84,87,0,Yes,8
PERF0005435,EMP02718,2025-H1,3,2.79,96,3,Yes,12
PERF0005436,EMP02718,2025-H2,5,4.1,91,40,Yes,0
PERF0005437,EMP02719,2025-H1,5,4.6,85,55,No,5
PERF0005438,EMP02719,2025-H2,3,3.47,71,12,No,8
PERF0005439,EMP02720,2025-H1,3,3.95,60,32,No,15
PERF0005440,EMP02720,2025-H2,5,3.03,68,60,Yes,8
PERF0005441,EMP02721,2025-H1,3,4.8,100,33,Yes,5
PERF0005442,EMP02721,2025-H2,2,2.96,92,52,Yes,12
PERF0005443,EMP02722,2025-H1,4,2.8,89,44,Yes,5
PERF0005444,EMP02722,2025-H2,4,3.95,98,31,No,0
PERF0005445,EMP02723,2025-H1,4,3.8,85,37,No,15
PERF0005446,EMP02723,2025-H2,3,4.89,95,50,Yes,0
PERF0005447,EMP02724,2025-H1,3,4.45,98,8,Yes,5
PERF0005448,EMP02724,2025-H2,2,4.04,88,17,No,12
PERF0005449,EMP02725,2025-H1,3,3.7,92,54,No,0
PERF0005450,EMP02725,2025-H2,2,4.67,71,54,No,15
PERF0005451,EMP02726,2025-H1,5,3.01,62,54,Yes,8
PERF0005452,EMP02726,2025-H2,2,4.81,74,27,No,5
PERF0005453,EMP02727,2025-H1,3,4.01,77,17,Yes,8
PERF0005454,EMP02727,2025-H2,3,4.9,66,11,No,12
PERF0005455,EMP02728,2025-H1,2,3.32,91,13,Yes,5
PERF0005456,EMP02728,2025-H2,5,3.1,70,9,No,12
PERF0005457,EMP02729,2025-H1,4,4.64,100,45,Yes,12
PERF0005458,EMP02729,2025-H2,2,2.84,79,13,No,15
PERF0005459,EMP02730,2025-H1,5,2.61,71,28,Yes,5
PERF0005460,EMP02730,2025-H2,5,4.59,85,14,No,15
PERF0005461,EMP02731,2025-H1,5,4.07,69,35,No,8
PERF0005462,EMP02731,2025-H2,4,3.68,83,24,Yes,10
PERF0005463,EMP02732,2025-H1,3,4.61,66,19,No,0
PERF0005464,EMP02732,2025-H2,2,3.63,65,22,No,8
PERF0005465,EMP02733,2025-H1,5,3.04,74,24,Yes,0
PERF0005466,EMP02733,2025-H2,3,3.76,89,37,Yes,5
PERF0005467,EMP02734,2025-H1,4,4.06,84,33,Yes,12
PERF0005468,EMP02734,2025-H2,2,4.03,91,6,No,10
PERF0005469,EMP02735,2025-H1,3,3.77,63,18,Yes,0
PERF0005470,EMP02735,2025-H2,5,3.38,85,11,Yes,10
PERF0005471,EMP02736,2025-H1,3,4.78,71,7,Yes,5
PERF0005472,EMP02736,2025-H2,2,3.96,79,27,Yes,5
PERF0005473,EMP02737,2025-H1,2,3.31,70,18,Yes,5
PERF0005474,EMP02737,2025-H2,5,4.17,70,2,Yes,8
PERF0005475,EMP02738,2025-H1,4,3.6,95,13,No,12
PERF0005476,EMP02738,2025-H2,5,4.95,81,21,Yes,15
PERF0005477,EMP02739,2025-H1,5,4.36,74,28,Yes,12
PERF0005478,EMP02739,2025-H2,2,2.53,63,49,Yes,10
PERF0005479,EMP02740,2025-H1,5,4.11,60,16,No,8
PERF0005480,EMP02740,2025-H2,3,3.93,75,17,Yes,8
PERF0005481,EMP02741,2025-H1,2,3.93,88,34,No,12
PERF0005482,EMP02741,2025-H2,5,3.72,81,25,Yes,0
PERF0005483,EMP02742,2025-H1,2,3.05,60,45,No,8
PERF0005484,EMP02742,2025-H2,2,4.1,97,7,No,15
PERF0005485,EMP02743,2025-H1,2,3.39,75,44,No,12
PERF0005486,EMP02743,2025-H2,5,4.1,60,29,No,12
PERF0005487,EMP02744,2025-H1,5,2.96,81,26,No,0
PERF0005488,EMP02744,2025-H2,4,4.96,85,30,Yes,5
PERF0005489,EMP02745,2025-H1,2,3.76,62,33,Yes,10
PERF0005490,EMP02745,2025-H2,4,2.54,68,60,No,0
PERF0005491,EMP02746,2025-H1,4,4.87,67,29,No,0
PERF0005492,EMP02746,2025-H2,3,4.3,97,58,No,0
PERF0005493,EMP02747,2025-H1,2,3.75,76,35,Yes,0
PERF0005494,EMP02747,2025-H2,2,4.8,96,34,No,0
PERF0005495,EMP02748,2025-H1,3,2.96,67,7,No,15
PERF0005496,EMP02748,2025-H2,4,2.99,71,22,Yes,10
PERF0005497,EMP02749,2025-H1,2,3.49,95,3,Yes,15
PERF0005498,EMP02749,2025-H2,2,4.06,69,28,Yes,15
PERF0005499,EMP02750,2025-H1,4,2.65,85,15,No,8
PERF0005500,EMP02750,2025-H2,2,4.2,63,1,Yes,12
PERF0005501,EMP02751,2025-H1,5,4.65,86,1,Yes,0
PERF0005502,EMP02751,2025-H2,3,4.93,88,29,Yes,0
PERF0005503,EMP02752,2025-H1,2,2.82,96,59,No,12
PERF0005504,EMP02752,2025-H2,3,2.5,92,54,No,12
PERF0005505,EMP02753,2025-H1,4,2.52,62,52,No,5
PERF0005506,EMP02753,2025-H2,4,3.18,81,1,No,0
PERF0005507,EMP02754,2025-H1,5,4.09,74,20,No,15
PERF0005508,EMP02754,2025-H2,5,3.73,62,23,No,8
PERF0005509,EMP02755,2025-H1,4,3.1,79,4,Yes,10
PERF0005510,EMP02755,2025-H2,4,3.81,72,44,Yes,10
PERF0005511,EMP02756,2025-H1,5,4.55,78,44,Yes,15
PERF0005512,EMP02756,2025-H2,2,4.55,99,32,Yes,5
PERF0005513,EMP02757,2025-H1,2,3.88,61,42,Yes,10
PERF0005514,EMP02757,2025-H2,3,2.76,93,11,Yes,8
PERF0005515,EMP02758,2025-H1,4,3.68,66,18,No,15
PERF0005516,EMP02758,2025-H2,4,4.53,91,44,No,5
PERF0005517,EMP02759,2025-H1,4,3.1,87,39,No,8
PERF0005518,EMP02759,2025-H2,4,4.26,86,20,Yes,5
PERF0005519,EMP02760,2025-H1,5,4.16,70,49,Yes,12
PERF0005520,EMP02760,2025-H2,2,3.89,87,11,Yes,12
PERF0005521,EMP02761,2025-H1,4,4.01,83,27,Yes,5
PERF0005522,EMP02761,2025-H2,2,4.94,60,44,No,5
PERF0005523,EMP02762,2025-H1,2,2.7,95,43,No,0
PERF0005524,EMP02762,2025-H2,5,3.47,95,11,Yes,12
PERF0005525,EMP02763,2025-H1,5,2.68,86,13,No,10
PERF0005526,EMP02763,2025-H2,4,3.69,63,18,Yes,5
PERF0005527,EMP02764,2025-H1,4,3.09,99,35,Yes,5
PERF0005528,EMP02764,2025-H2,3,2.54,91,10,Yes,8
PERF0005529,EMP02765,2025-H1,2,4.34,82,35,No,0
PERF0005530,EMP02765,2025-H2,4,2.64,61,34,No,5
PERF0005531,EMP02766,2025-H1,5,2.55,97,17,Yes,10
PERF0005532,EMP02766,2025-H2,2,2.55,87,39,Yes,5
PERF0005533,EMP02767,2025-H1,2,4.38,95,53,Yes,10
PERF0005534,EMP02767,2025-H2,5,2.72,62,60,No,10
PERF0005535,EMP02768,2025-H1,5,3.73,65,12,No,8
PERF0005536,EMP02768,2025-H2,5,2.88,94,53,No,0
PERF0005537,EMP02769,2025-H1,2,4.91,76,52,No,10
PERF0005538,EMP02769,2025-H2,2,3.79,61,45,No,0
PERF0005539,EMP02770,2025-H1,3,3.94,74,41,Yes,15
PERF0005540,EMP02770,2025-H2,5,4.6,82,23,Yes,15
PERF0005541,EMP02771,2025-H1,5,2.57,68,12,Yes,5
PERF0005542,EMP02771,2025-H2,4,4.64,88,47,Yes,0
PERF0005543,EMP02772,2025-H1,3,4.31,80,32,Yes,10
PERF0005544,EMP02772,2025-H2,5,3.85,75,48,Yes,12
PERF0005545,EMP02773,2025-H1,5,2.63,75,35,Yes,0
PERF0005546,EMP02773,2025-H2,3,4.97,86,6,Yes,10
PERF0005547,EMP02774,2025-H1,5,4.77,97,2,No,12
PERF0005548,EMP02774,2025-H2,4,4.03,94,41,No,10
PERF0005549,EMP02775,2025-H1,2,3.63,67,33,Yes,10
PERF0005550,EMP02775,2025-H2,5,3.94,74,59,Yes,12
PERF0005551,EMP02776,2025-H1,5,3.89,100,2,No,10
PERF0005552,EMP02776,2025-H2,2,3.48,96,57,No,8
PERF0005553,EMP02777,2025-H1,3,2.87,80,43,No,0
PERF0005554,EMP02777,2025-H2,4,4.36,91,51,No,0
PERF0005555,EMP02778,2025-H1,3,3.71,81,14,Yes,15
PERF0005556,EMP02778,2025-H2,4,4.93,84,30,Yes,10
PERF0005557,EMP02779,2025-H1,3,3.05,75,39,No,8
PERF0005558,EMP02779,2025-H2,4,3.1,60,7,Yes,0
PERF0005559,EMP02780,2025-H1,4,2.6,80,53,Yes,8
PERF0005560,EMP02780,2025-H2,4,3.06,94,30,Yes,0
PERF0005561,EMP02781,2025-H1,5,4.38,79,47,No,0
PERF0005562,EMP02781,2025-H2,3,4.01,77,56,No,15
PERF0005563,EMP02782,2025-H1,3,3.32,93,40,No,0
PERF0005564,EMP02782,2025-H2,4,4.81,67,40,Yes,10
PERF0005565,EMP02783,2025-H1,3,4.99,90,35,Yes,12
PERF0005566,EMP02783,2025-H2,3,2.66,82,3,No,5
PERF0005567,EMP02784,2025-H1,3,4.6,97,45,Yes,5
PERF0005568,EMP02784,2025-H2,3,3.43,80,37,Yes,12
PERF0005569,EMP02785,2025-H1,5,4.1,88,32,No,8
PERF0005570,EMP02785,2025-H2,5,3.2,88,17,Yes,0
PERF0005571,EMP02786,2025-H1,4,3.31,65,35,No,10
PERF0005572,EMP02786,2025-H2,2,4.7,70,30,No,5
PERF0005573,EMP02787,2025-H1,4,4.32,70,10,No,8
PERF0005574,EMP02787,2025-H2,2,4.49,71,13,Yes,0
PERF0005575,EMP02788,2025-H1,5,3.11,61,12,Yes,5
PERF0005576,EMP02788,2025-H2,3,2.74,73,29,No,5
PERF0005577,EMP02789,2025-H1,3,2.76,62,32,No,8
PERF0005578,EMP02789,2025-H2,2,3.84,68,52,Yes,8
PERF0005579,EMP02790,2025-H1,4,3.73,95,35,Yes,8
PERF0005580,EMP02790,2025-H2,5,3.53,94,40,No,5
PERF0005581,EMP02791,2025-H1,5,3.17,75,47,No,10
PERF0005582,EMP02791,2025-H2,2,4.85,97,14,Yes,0
PERF0005583,EMP02792,2025-H1,3,2.66,76,32,Yes,0
PERF0005584,EMP02792,2025-H2,2,4.25,76,46,Yes,8
PERF0005585,EMP02793,2025-H1,3,2.61,99,38,Yes,0
PERF0005586,EMP02793,2025-H2,3,3.64,91,58,Yes,10
PERF0005587,EMP02794,2025-H1,3,3.77,60,51,No,15
PERF0005588,EMP02794,2025-H2,4,2.57,88,52,Yes,15
PERF0005589,EMP02795,2025-H1,5,4.49,98,39,No,5
PERF0005590,EMP02795,2025-H2,5,3.21,73,11,Yes,10
PERF0005591,EMP02796,2025-H1,5,3.54,87,3,No,5
PERF0005592,EMP02796,2025-H2,4,2.62,92,4,No,5
PERF0005593,EMP02797,2025-H1,2,3.94,86,50,Yes,0
PERF0005594,EMP02797,2025-H2,3,3.32,97,15,No,8
PERF0005595,EMP02798,2025-H1,3,4.05,78,60,Yes,0
PERF0005596,EMP02798,2025-H2,2,4.3,72,45,Yes,8
PERF0005597,EMP02799,2025-H1,2,3.29,100,33,No,15
PERF0005598,EMP02799,2025-H2,4,4.37,67,56,No,15
PERF0005599,EMP02800,2025-H1,5,3.4,75,50,Yes,0
PERF0005600,EMP02800,2025-H2,3,3.72,60,0,No,0
PERF0005601,EMP02801,2025-H1,3,3.32,67,16,No,8
PERF0005602,EMP02801,2025-H2,5,3.28,62,37,No,10
PERF0005603,EMP02802,2025-H1,5,3.89,85,16,Yes,12
PERF0005604,EMP02802,2025-H2,3,4.76,76,58,No,15
PERF0005605,EMP02803,2025-H1,3,4.08,69,6,Yes,15
PERF0005606,EMP02803,2025-H2,5,4.51,96,40,Yes,15
PERF0005607,EMP02804,2025-H1,4,4.19,86,32,Yes,10
PERF0005608,EMP02804,2025-H2,2,4.02,90,0,Yes,15
PERF0005609,EMP02805,2025-H1,2,4.17,77,30,No,12
PERF0005610,EMP02805,2025-H2,4,3.07,69,31,No,12
PERF0005611,EMP02806,2025-H1,4,3.86,88,37,Yes,10
PERF0005612,EMP02806,2025-H2,4,3.95,75,30,No,8
PERF0005613,EMP02807,2025-H1,5,3.37,78,26,No,0
PERF0005614,EMP02807,2025-H2,4,4.38,76,53,Yes,12
PERF0005615,EMP02808,2025-H1,5,4.87,95,31,Yes,8
PERF0005616,EMP02808,2025-H2,2,3.88,83,32,Yes,15
PERF0005617,EMP02809,2025-H1,3,2.52,69,55,No,0
PERF0005618,EMP02809,2025-H2,5,3.18,71,6,No,15
PERF0005619,EMP02810,2025-H1,4,4.1,80,29,Yes,15
PERF0005620,EMP02810,2025-H2,2,4.43,86,47,Yes,5
PERF0005621,EMP02811,2025-H1,5,3.29,80,55,Yes,5
PERF0005622,EMP02811,2025-H2,3,3.24,78,17,No,10
PERF0005623,EMP02812,2025-H1,5,4.18,64,58,No,8
PERF0005624,EMP02812,2025-H2,5,4.97,93,29,Yes,10
PERF0005625,EMP02813,2025-H1,5,3.81,94,25,Yes,10
PERF0005626,EMP02813,2025-H2,5,3.49,90,37,Yes,10
PERF0005627,EMP02814,2025-H1,4,3.63,96,60,Yes,8
PERF0005628,EMP02814,2025-H2,2,3.5,71,39,Yes,8
PERF0005629,EMP02815,2025-H1,4,4.42,90,51,No,10
PERF0005630,EMP02815,2025-H2,2,3.33,88,32,No,8
PERF0005631,EMP02816,2025-H1,2,4.63,93,6,No,12
PERF0005632,EMP02816,2025-H2,5,4.66,100,19,Yes,5
PERF0005633,EMP02817,2025-H1,3,3.78,98,8,Yes,12
PERF0005634,EMP02817,2025-H2,5,3.26,80,9,Yes,5
PERF0005635,EMP02818,2025-H1,2,4.36,64,48,Yes,8
PERF0005636,EMP02818,2025-H2,3,2.62,81,11,No,0
PERF0005637,EMP02819,2025-H1,4,4.49,89,48,Yes,12
PERF0005638,EMP02819,2025-H2,2,4.55,75,27,No,0
PERF0005639,EMP02820,2025-H1,2,3.74,91,41,Yes,12
PERF0005640,EMP02820,2025-H2,3,4.82,67,16,No,10
PERF0005641,EMP02821,2025-H1,4,2.89,69,32,Yes,10
PERF0005642,EMP02821,2025-H2,5,4.32,96,18,No,0
PERF0005643,EMP02822,2025-H1,2,3.13,73,16,No,15
PERF0005644,EMP02822,2025-H2,2,4.09,89,19,Yes,10
PERF0005645,EMP02823,2025-H1,2,3.12,92,34,No,15
PERF0005646,EMP02823,2025-H2,3,4.15,76,40,Yes,10
PERF0005647,EMP02824,2025-H1,4,3.99,91,21,No,5
PERF0005648,EMP02824,2025-H2,2,3.57,85,28,Yes,0
PERF0005649,EMP02825,2025-H1,3,4.76,60,32,No,0
PERF0005650,EMP02825,2025-H2,4,4.59,89,8,Yes,5
PERF0005651,EMP02826,2025-H1,2,3.97,85,11,No,8
PERF0005652,EMP02826,2025-H2,3,3.88,95,16,Yes,15
PERF0005653,EMP02827,2025-H1,4,4.45,82,31,Yes,0
PERF0005654,EMP02827,2025-H2,5,3.04,74,8,No,5
PERF0005655,EMP02828,2025-H1,4,4.02,79,50,No,5
PERF0005656,EMP02828,2025-H2,2,3.78,81,18,Yes,15
PERF0005657,EMP02829,2025-H1,4,4.84,60,16,No,15
PERF0005658,EMP02829,2025-H2,4,2.89,63,3,Yes,8
PERF0005659,EMP02830,2025-H1,4,4.72,95,10,No,10
PERF0005660,EMP02830,2025-H2,2,4.25,84,6,No,8
PERF0005661,EMP02831,2025-H1,5,3.42,78,30,Yes,0
PERF0005662,EMP02831,2025-H2,3,4.14,63,20,Yes,15
PERF0005663,EMP02832,2025-H1,4,3.21,80,28,Yes,15
PERF0005664,EMP02832,2025-H2,5,4.49,72,44,Yes,15
PERF0005665,EMP02833,2025-H1,2,4.25,79,10,Yes,15
PERF0005666,EMP02833,2025-H2,4,4.71,67,58,Yes,5
PERF0005667,EMP02834,2025-H1,4,3.35,60,20,Yes,10
PERF0005668,EMP02834,2025-H2,2,3.17,60,43,Yes,10
PERF0005669,EMP02835,2025-H1,4,3.01,79,28,No,12
PERF0005670,EMP02835,2025-H2,5,3.98,99,18,Yes,8
PERF0005671,EMP02836,2025-H1,3,2.93,74,49,No,10
PERF0005672,EMP02836,2025-H2,5,3.99,83,54,No,15
PERF0005673,EMP02837,2025-H1,4,2.7,93,25,No,8
PERF0005674,EMP02837,2025-H2,5,4.68,72,12,No,8
PERF0005675,EMP02838,2025-H1,4,3.47,73,24,No,8
PERF0005676,EMP02838,2025-H2,4,3.09,67,4,Yes,5
PERF0005677,EMP02839,2025-H1,3,3.7,74,43,Yes,5
PERF0005678,EMP02839,2025-H2,2,3.73,98,12,No,15
PERF0005679,EMP02840,2025-H1,2,2.63,84,50,No,5
PERF0005680,EMP02840,2025-H2,2,3.45,62,38,Yes,12
PERF0005681,EMP02841,2025-H1,4,2.53,75,0,No,12
PERF0005682,EMP02841,2025-H2,3,2.99,89,37,No,5
PERF0005683,EMP02842,2025-H1,3,2.96,69,23,No,15
PERF0005684,EMP02842,2025-H2,2,4.62,69,51,Yes,10
PERF0005685,EMP02843,2025-H1,3,4.63,65,15,No,0
PERF0005686,EMP02843,2025-H2,2,4.55,82,59,Yes,5
PERF0005687,EMP02844,2025-H1,3,4.28,97,28,Yes,5
PERF0005688,EMP02844,2025-H2,3,4.44,90,8,No,15
PERF0005689,EMP02845,2025-H1,4,3.47,90,50,Yes,15
PERF0005690,EMP02845,2025-H2,3,2.7,90,31,Yes,10
PERF0005691,EMP02846,2025-H1,4,3.8,67,54,No,12
PERF0005692,EMP02846,2025-H2,2,2.54,92,12,Yes,15
PERF0005693,EMP02847,2025-H1,2,4.6,68,55,Yes,15
PERF0005694,EMP02847,2025-H2,3,3.49,61,32,Yes,5
PERF0005695,EMP02848,2025-H1,3,2.63,83,27,Yes,10
PERF0005696,EMP02848,2025-H2,4,3.09,75,13,Yes,5
PERF0005697,EMP02849,2025-H1,2,3.29,77,0,No,8
PERF0005698,EMP02849,2025-H2,3,3.53,99,15,Yes,0
PERF0005699,EMP02850,2025-H1,5,2.57,65,0,No,8
PERF0005700,EMP02850,2025-H2,4,3.6,69,60,No,10
PERF0005701,EMP02851,2025-H1,2,3.85,67,12,Yes,5
PERF0005702,EMP02851,2025-H2,5,3.45,88,24,No,8
PERF0005703,EMP02852,2025-H1,3,3.09,61,15,No,12
PERF0005704,EMP02852,2025-H2,4,2.63,81,17,Yes,15
PERF0005705,EMP02853,2025-H1,3,3.1,61,13,No,0
PERF0005706,EMP02853,2025-H2,2,4.47,83,46,Yes,10
PERF0005707,EMP02854,2025-H1,5,4.55,81,52,Yes,0
PERF0005708,EMP02854,2025-H2,2,4.11,71,10,No,5
PERF0005709,EMP02855,2025-H1,3,4.51,85,16,No,5
PERF0005710,EMP02855,2025-H2,2,3.42,64,33,No,10
PERF0005711,EMP02856,2025-H1,4,3.35,72,26,No,15
PERF0005712,EMP02856,2025-H2,3,4.49,81,51,Yes,0
PERF0005713,EMP02857,2025-H1,2,2.87,69,30,Yes,5
PERF0005714,EMP02857,2025-H2,3,2.53,94,55,Yes,15
PERF0005715,EMP02858,2025-H1,2,2.95,84,44,Yes,0
PERF0005716,EMP02858,2025-H2,4,4.38,66,37,Yes,15
PERF0005717,EMP02859,2025-H1,5,4.66,76,3,No,10
PERF0005718,EMP02859,2025-H2,5,4.13,63,22,Yes,10
PERF0005719,EMP02860,2025-H1,4,2.99,63,11,No,8
PERF0005720,EMP02860,2025-H2,4,3.3,99,30,Yes,15
PERF0005721,EMP02861,2025-H1,4,3.51,64,59,Yes,12
PERF0005722,EMP02861,2025-H2,5,4.63,96,1,Yes,12
PERF0005723,EMP02862,2025-H1,3,4.85,95,6,No,0
PERF0005724,EMP02862,2025-H2,4,3.98,80,26,Yes,10
PERF0005725,EMP02863,2025-H1,2,2.63,98,4,No,15
PERF0005726,EMP02863,2025-H2,5,4.55,87,17,No,15
PERF0005727,EMP02864,2025-H1,5,2.77,85,9,No,0
PERF0005728,EMP02864,2025-H2,4,2.88,70,21,Yes,15
PERF0005729,EMP02865,2025-H1,3,3.81,83,26,Yes,10
PERF0005730,EMP02865,2025-H2,3,2.69,60,20,Yes,0
PERF0005731,EMP02866,2025-H1,5,3.29,79,17,Yes,5
PERF0005732,EMP02866,2025-H2,2,2.66,83,37,No,5
PERF0005733,EMP02867,2025-H1,4,2.81,77,48,Yes,0
PERF0005734,EMP02867,2025-H2,2,4.75,91,51,Yes,5
PERF0005735,EMP02868,2025-H1,3,4.22,85,37,Yes,15
PERF0005736,EMP02868,2025-H2,4,2.95,66,9,No,12
PERF0005737,EMP02869,2025-H1,5,3.0,83,13,No,12
PERF0005738,EMP02869,2025-H2,4,3.77,89,40,No,0
PERF0005739,EMP02870,2025-H1,3,4.67,73,49,No,0
PERF0005740,EMP02870,2025-H2,2,3.66,89,54,Yes,10
PERF0005741,EMP02871,2025-H1,4,3.22,97,60,Yes,5
PERF0005742,EMP02871,2025-H2,4,2.87,62,10,Yes,8
PERF0005743,EMP02872,2025-H1,2,3.05,90,28,No,10
PERF0005744,EMP02872,2025-H2,3,2.61,75,58,Yes,10
PERF0005745,EMP02873,2025-H1,5,4.46,64,60,No,12
PERF0005746,EMP02873,2025-H2,2,3.6,85,5,No,5
PERF0005747,EMP02874,2025-H1,2,3.07,97,32,Yes,0
PERF0005748,EMP02874,2025-H2,2,4.42,65,50,No,8
PERF0005749,EMP02875,2025-H1,4,2.94,72,42,No,12
PERF0005750,EMP02875,2025-H2,4,4.8,68,56,Yes,12
PERF0005751,EMP02876,2025-H1,5,3.29,66,58,Yes,8
PERF0005752,EMP02876,2025-H2,4,4.59,60,52,Yes,8
PERF0005753,EMP02877,2025-H1,3,2.82,69,19,No,0
PERF0005754,EMP02877,2025-H2,5,3.58,93,21,Yes,5
PERF0005755,EMP02878,2025-H1,5,4.62,63,18,No,8
PERF0005756,EMP02878,2025-H2,4,4.1,77,10,No,12
PERF0005757,EMP02879,2025-H1,2,4.94,62,36,Yes,0
PERF0005758,EMP02879,2025-H2,3,4.54,85,35,Yes,5
PERF0005759,EMP02880,2025-H1,2,2.96,91,38,Yes,10
PERF0005760,EMP02880,2025-H2,3,4.9,99,16,No,10
PERF0005761,EMP02881,2025-H1,2,4.61,81,48,No,15
PERF0005762,EMP02881,2025-H2,2,2.85,100,45,No,12
PERF0005763,EMP02882,2025-H1,5,4.53,98,34,No,0
PERF0005764,EMP02882,2025-H2,4,3.23,75,38,No,0
PERF0005765,EMP02883,2025-H1,2,3.72,92,1,No,10
PERF0005766,EMP02883,2025-H2,4,3.34,95,22,Yes,10
PERF0005767,EMP02884,2025-H1,5,4.7,96,59,Yes,8
PERF0005768,EMP02884,2025-H2,4,4.69,63,54,Yes,0
PERF0005769,EMP02885,2025-H1,2,4.4,87,22,Yes,12
PERF0005770,EMP02885,2025-H2,3,2.82,90,10,No,15
PERF0005771,EMP02886,2025-H1,5,4.34,77,27,Yes,8
PERF0005772,EMP02886,2025-H2,2,4.78,85,18,Yes,15
PERF0005773,EMP02887,2025-H1,4,3.87,73,11,Yes,8
PERF0005774,EMP02887,2025-H2,4,4.36,83,20,Yes,0
PERF0005775,EMP02888,2025-H1,2,3.68,78,10,No,0
PERF0005776,EMP02888,2025-H2,4,2.79,64,16,No,15
PERF0005777,EMP02889,2025-H1,2,4.72,62,0,No,0
PERF0005778,EMP02889,2025-H2,5,4.75,98,28,No,5
PERF0005779,EMP02890,2025-H1,5,4.83,93,45,Yes,5
PERF0005780,EMP02890,2025-H2,4,3.36,64,55,Yes,10
PERF0005781,EMP02891,2025-H1,4,3.19,100,21,Yes,15
PERF0005782,EMP02891,2025-H2,4,3.32,96,28,Yes,0
PERF0005783,EMP02892,2025-H1,2,4.58,67,29,No,12
PERF0005784,EMP02892,2025-H2,2,4.88,90,59,No,5
PERF0005785,EMP02893,2025-H1,3,3.22,84,41,Yes,12
PERF0005786,EMP02893,2025-H2,4,4.35,69,6,No,8
PERF0005787,EMP02894,2025-H1,3,4.32,85,4,No,15
PERF0005788,EMP02894,2025-H2,2,4.91,91,58,Yes,8
PERF0005789,EMP02895,2025-H1,5,3.77,86,54,No,12
PERF0005790,EMP02895,2025-H2,3,3.22,83,50,No,0
PERF0005791,EMP02896,2025-H1,4,4.78,73,57,Yes,10
PERF0005792,EMP02896,2025-H2,2,3.62,76,15,Yes,8
PERF0005793,EMP02897,2025-H1,3,2.65,89,21,Yes,8
PERF0005794,EMP02897,2025-H2,5,4.36,68,30,Yes,0
PERF0005795,EMP02898,2025-H1,2,3.4,65,37,Yes,8
PERF0005796,EMP02898,2025-H2,3,4.02,72,16,Yes,12
PERF0005797,EMP02899,2025-H1,3,3.18,78,46,No,15
PERF0005798,EMP02899,2025-H2,4,2.55,78,44,Yes,15
PERF0005799,EMP02900,2025-H1,4,3.79,79,2,Yes,8
PERF0005800,EMP02900,2025-H2,5,2.72,88,50,Yes,10
PERF0005801,EMP02901,2025-H1,2,4.84,74,39,No,5
PERF0005802,EMP02901,2025-H2,4,4.35,72,12,Yes,8
PERF0005803,EMP02902,2025-H1,3,4.72,79,28,Yes,10
PERF0005804,EMP02902,2025-H2,5,3.65,67,0,Yes,15
PERF0005805,EMP02903,2025-H1,4,3.76,100,23,No,0
PERF0005806,EMP02903,2025-H2,4,2.94,98,34,No,0
PERF0005807,EMP02904,2025-H1,4,3.89,73,44,Yes,5
PERF0005808,EMP02904,2025-H2,4,3.6,67,13,No,5
PERF0005809,EMP02905,2025-H1,2,2.98,76,51,No,15
PERF0005810,EMP02905,2025-H2,3,4.94,67,5,Yes,12
PERF0005811,EMP02906,2025-H1,4,3.49,80,26,No,10
PERF0005812,EMP02906,2025-H2,2,4.67,89,28,Yes,12
PERF0005813,EMP02907,2025-H1,3,4.18,77,3,No,15
PERF0005814,EMP02907,2025-H2,4,3.13,61,13,Yes,0
PERF0005815,EMP02908,2025-H1,5,4.01,92,5,No,12
PERF0005816,EMP02908,2025-H2,4,2.53,100,41,No,15
PERF0005817,EMP02909,2025-H1,4,4.99,100,9,No,8
PERF0005818,EMP02909,2025-H2,2,3.77,90,60,No,15
PERF0005819,EMP02910,2025-H1,5,2.65,65,10,No,0
PERF0005820,EMP02910,2025-H2,5,4.77,76,57,No,12
PERF0005821,EMP02911,2025-H1,3,4.13,78,58,No,15
PERF0005822,EMP02911,2025-H2,5,3.03,78,48,No,12
PERF0005823,EMP02912,2025-H1,2,4.05,73,1,No,15
PERF0005824,EMP02912,2025-H2,4,3.31,67,1,No,12
PERF0005825,EMP02913,2025-H1,3,3.48,89,0,Yes,15
PERF0005826,EMP02913,2025-H2,5,2.64,77,52,Yes,5
PERF0005827,EMP02914,2025-H1,5,2.7,76,59,Yes,5
PERF0005828,EMP02914,2025-H2,2,3.97,100,29,Yes,5
PERF0005829,EMP02915,2025-H1,5,3.39,84,13,Yes,5
PERF0005830,EMP02915,2025-H2,5,4.3,94,37,Yes,5
PERF0005831,EMP02916,2025-H1,4,4.05,82,39,Yes,0
PERF0005832,EMP02916,2025-H2,2,2.75,69,37,Yes,10
PERF0005833,EMP02917,2025-H1,3,3.2,100,38,No,10
PERF0005834,EMP02917,2025-H2,3,3.41,70,60,No,15
PERF0005835,EMP02918,2025-H1,2,2.63,84,2,No,15
PERF0005836,EMP02918,2025-H2,5,4.5,60,40,Yes,0
PERF0005837,EMP02919,2025-H1,5,4.74,86,36,No,15
PERF0005838,EMP02919,2025-H2,2,3.97,83,12,Yes,0
PERF0005839,EMP02920,2025-H1,4,2.92,78,55,No,15
PERF0005840,EMP02920,2025-H2,2,4.78,68,38,Yes,5
PERF0005841,EMP02921,2025-H1,2,4.23,75,28,Yes,15
PERF0005842,EMP02921,2025-H2,5,4.25,96,20,No,10
PERF0005843,EMP02922,2025-H1,4,3.86,63,9,Yes,8
PERF0005844,EMP02922,2025-H2,5,2.68,65,20,No,12
PERF0005845,EMP02923,2025-H1,4,3.6,65,58,Yes,12
PERF0005846,EMP02923,2025-H2,2,2.62,81,18,No,0
PERF0005847,EMP02924,2025-H1,2,4.46,90,57,No,5
PERF0005848,EMP02924,2025-H2,2,4.65,77,14,No,8
PERF0005849,EMP02925,2025-H1,3,3.6,63,8,No,8
PERF0005850,EMP02925,2025-H2,4,3.48,95,40,No,5
PERF0005851,EMP02926,2025-H1,3,4.02,61,54,Yes,15
PERF0005852,EMP02926,2025-H2,2,3.01,95,30,Yes,8
PERF0005853,EMP02927,2025-H1,4,3.28,94,51,Yes,15
PERF0005854,EMP02927,2025-H2,2,4.92,77,46,No,10
PERF0005855,EMP02928,2025-H1,3,4.68,97,57,No,5
PERF0005856,EMP02928,2025-H2,4,2.68,97,42,Yes,8
PERF0005857,EMP02929,2025-H1,5,4.01,66,53,No,5
PERF0005858,EMP02929,2025-H2,5,3.63,87,6,Yes,10
PERF0005859,EMP02930,2025-H1,3,4.06,68,58,No,12
PERF0005860,EMP02930,2025-H2,2,4.66,93,20,No,10
PERF0005861,EMP02931,2025-H1,5,3.61,96,3,Yes,10
PERF0005862,EMP02931,2025-H2,3,4.12,89,32,Yes,0
PERF0005863,EMP02932,2025-H1,3,2.76,77,8,Yes,8
PERF0005864,EMP02932,2025-H2,5,3.02,63,23,No,8
PERF0005865,EMP02933,2025-H1,4,3.43,87,14,No,5
PERF0005866,EMP02933,2025-H2,4,4.88,70,60,Yes,0
PERF0005867,EMP02934,2025-H1,3,4.04,71,22,No,8
PERF0005868,EMP02934,2025-H2,4,4.18,99,2,Yes,8
PERF0005869,EMP02935,2025-H1,5,4.97,83,55,Yes,12
PERF0005870,EMP02935,2025-H2,5,3.12,74,40,No,8
PERF0005871,EMP02936,2025-H1,2,3.23,82,34,No,12
PERF0005872,EMP02936,2025-H2,2,4.39,77,54,No,12
PERF0005873,EMP02937,2025-H1,4,4.47,85,53,No,15
PERF0005874,EMP02937,2025-H2,3,2.89,78,2,Yes,15
PERF0005875,EMP02938,2025-H1,3,3.87,69,9,No,12
PERF0005876,EMP02938,2025-H2,5,3.09,62,3,No,8
PERF0005877,EMP02939,2025-H1,4,4.97,72,18,No,8
PERF0005878,EMP02939,2025-H2,3,4.25,72,21,No,12
PERF0005879,EMP02940,2025-H1,3,2.95,81,28,Yes,8
PERF0005880,EMP02940,2025-H2,2,3.94,68,51,No,12
PERF0005881,EMP02941,2025-H1,2,3.49,61,11,Yes,10
PERF0005882,EMP02941,2025-H2,3,3.82,67,51,No,0
PERF0005883,EMP02942,2025-H1,4,3.83,87,0,Yes,12
PERF0005884,EMP02942,2025-H2,5,4.99,89,10,Yes,10
PERF0005885,EMP02943,2025-H1,4,3.91,99,57,No,5
PERF0005886,EMP02943,2025-H2,4,3.5,61,23,No,10
PERF0005887,EMP02944,2025-H1,3,4.68,85,2,Yes,12
PERF0005888,EMP02944,2025-H2,5,2.69,65,38,Yes,10
PERF0005889,EMP02945,2025-H1,5,3.24,61,6,Yes,0
PERF0005890,EMP02945,2025-H2,4,3.17,70,12,Yes,5
PERF0005891,EMP02946,2025-H1,2,3.51,91,23,No,12
PERF0005892,EMP02946,2025-H2,3,4.2,92,60,No,0
PERF0005893,EMP02947,2025-H1,4,3.99,72,27,No,8
PERF0005894,EMP02947,2025-H2,4,3.86,97,25,Yes,0
PERF0005895,EMP02948,2025-H1,3,4.3,69,44,No,15
PERF0005896,EMP02948,2025-H2,2,2.7,90,49,No,8
PERF0005897,EMP02949,2025-H1,3,2.65,74,30,No,0
PERF0005898,EMP02949,2025-H2,4,4.0,72,48,No,8
PERF0005899,EMP02950,2025-H1,2,2.67,71,53,Yes,12
PERF0005900,EMP02950,2025-H2,4,3.69,98,4,No,10
PERF0005901,EMP02951,2025-H1,2,3.2,69,32,No,12
PERF0005902,EMP02951,2025-H2,4,4.55,100,35,No,12
PERF0005903,EMP02952,2025-H1,4,3.0,72,0,No,8
PERF0005904,EMP02952,2025-H2,2,2.95,91,35,No,0
PERF0005905,EMP02953,2025-H1,5,4.82,83,1,No,15
PERF0005906,EMP02953,2025-H2,4,4.26,67,18,No,12
PERF0005907,EMP02954,2025-H1,3,3.2,88,46,No,15
PERF0005908,EMP02954,2025-H2,3,3.73,75,40,Yes,15
PERF0005909,EMP02955,2025-H1,5,3.5,74,51,Yes,12
PERF0005910,EMP02955,2025-H2,4,4.1,87,1,Yes,10
PERF0005911,EMP02956,2025-H1,5,3.51,95,5,Yes,8
PERF0005912,EMP02956,2025-H2,2,2.83,64,28,No,5
PERF0005913,EMP02957,2025-H1,4,4.26,88,19,No,5
PERF0005914,EMP02957,2025-H2,4,4.88,63,27,Yes,5
PERF0005915,EMP02958,2025-H1,2,4.44,85,59,Yes,12
PERF0005916,EMP02958,2025-H2,2,4.57,83,48,No,12
PERF0005917,EMP02959,2025-H1,5,2.68,77,45,Yes,15
PERF0005918,EMP02959,2025-H2,2,3.52,94,56,No,10
PERF0005919,EMP02960,2025-H1,5,4.62,63,52,No,15
PERF0005920,EMP02960,2025-H2,5,3.13,82,30,Yes,5
PERF0005921,EMP02961,2025-H1,3,4.88,89,50,No,15
PERF0005922,EMP02961,2025-H2,4,4.84,95,39,No,8
PERF0005923,EMP02962,2025-H1,4,2.63,69,43,Yes,10
PERF0005924,EMP02962,2025-H2,4,4.38,98,29,No,10
PERF0005925,EMP02963,2025-H1,3,2.75,63,1,No,15
PERF0005926,EMP02963,2025-H2,5,4.62,74,21,Yes,15
PERF0005927,EMP02964,2025-H1,5,4.18,73,2,Yes,15
PERF0005928,EMP02964,2025-H2,5,4.78,75,8,Yes,15
PERF0005929,EMP02965,2025-H1,2,3.56,81,30,Yes,5
PERF0005930,EMP02965,2025-H2,4,4.78,99,4,Yes,15
PERF0005931,EMP02966,2025-H1,3,4.92,72,1,Yes,5
PERF0005932,EMP02966,2025-H2,2,3.64,92,42,Yes,5
PERF0005933,EMP02967,2025-H1,2,2.85,79,5,Yes,5
PERF0005934,EMP02967,2025-H2,2,4.41,65,42,Yes,5
PERF0005935,EMP02968,2025-H1,2,3.59,70,53,Yes,8
PERF0005936,EMP02968,2025-H2,4,2.69,74,41,No,0
PERF0005937,EMP02969,2025-H1,5,4.62,63,58,Yes,10
PERF0005938,EMP02969,2025-H2,3,2.98,79,12,No,8
PERF0005939,EMP02970,2025-H1,2,3.58,69,1,No,0
PERF0005940,EMP02970,2025-H2,3,3.86,83,31,Yes,12
PERF0005941,EMP02971,2025-H1,5,3.81,76,17,Yes,10
PERF0005942,EMP02971,2025-H2,2,4.44,91,7,Yes,5
PERF0005943,EMP02972,2025-H1,4,3.64,95,51,Yes,10
PERF0005944,EMP02972,2025-H2,2,4.27,82,54,No,0
PERF0005945,EMP02973,2025-H1,5,3.84,70,60,Yes,10
PERF0005946,EMP02973,2025-H2,3,3.1,86,58,No,12
PERF0005947,EMP02974,2025-H1,2,3.42,91,27,No,10
PERF0005948,EMP02974,2025-H2,4,4.88,67,47,Yes,8
PERF0005949,EMP02975,2025-H1,2,4.77,92,53,No,10
PERF0005950,EMP02975,2025-H2,3,3.2,69,21,Yes,0
PERF0005951,EMP02976,2025-H1,5,4.03,72,43,Yes,8
PERF0005952,EMP02976,2025-H2,4,3.84,61,49,No,5
PERF0005953,EMP02977,2025-H1,4,4.47,95,55,Yes,5
PERF0005954,EMP02977,2025-H2,5,2.76,85,1,No,12
PERF0005955,EMP02978,2025-H1,3,4.84,70,3,No,8
PERF0005956,EMP02978,2025-H2,3,4.85,74,20,Yes,0
PERF0005957,EMP02979,2025-H1,5,4.49,84,14,No,10
PERF0005958,EMP02979,2025-H2,5,3.1,78,39,Yes,12
PERF0005959,EMP02980,2025-H1,2,4.37,88,25,Yes,12
PERF0005960,EMP02980,2025-H2,5,3.55,65,39,No,15
PERF0005961,EMP02981,2025-H1,5,3.26,78,3,No,0
PERF0005962,EMP02981,2025-H2,2,3.65,62,58,No,10
PERF0005963,EMP02982,2025-H1,4,4.61,75,55,No,8
PERF0005964,EMP02982,2025-H2,5,2.87,71,49,No,8
PERF0005965,EMP02983,2025-H1,4,4.64,77,24,No,0
PERF0005966,EMP02983,2025-H2,3,3.4,82,45,No,12
PERF0005967,EMP02984,2025-H1,5,4.13,82,12,Yes,0
PERF0005968,EMP02984,2025-H2,5,4.28,90,44,Yes,12
PERF0005969,EMP02985,2025-H1,3,4.99,62,34,Yes,15
PERF0005970,EMP02985,2025-H2,4,2.84,69,59,Yes,8
PERF0005971,EMP02986,2025-H1,3,4.52,85,15,Yes,8
PERF0005972,EMP02986,2025-H2,2,3.79,63,11,No,0
PERF0005973,EMP02987,2025-H1,5,2.7,62,31,No,8
PERF0005974,EMP02987,2025-H2,2,2.92,73,37,No,0
PERF0005975,EMP02988,2025-H1,2,2.71,88,51,Yes,8
PERF0005976,EMP02988,2025-H2,3,4.36,65,29,No,15
PERF0005977,EMP02989,2025-H1,4,4.29,96,30,No,0
PERF0005978,EMP02989,2025-H2,2,4.77,86,22,No,0
PERF0005979,EMP02990,2025-H1,3,4.76,64,20,Yes,8
PERF0005980,EMP02990,2025-H2,2,4.23,80,28,No,12
PERF0005981,EMP02991,2025-H1,4,3.49,68,54,No,8
PERF0005982,EMP02991,2025-H2,2,4.88,86,52,Yes,12
PERF0005983,EMP02992,2025-H1,3,3.87,95,44,Yes,12
PERF0005984,EMP02992,2025-H2,3,4.23,95,22,No,15
PERF0005985,EMP02993,2025-H1,4,2.66,78,38,Yes,15
PERF0005986,EMP02993,2025-H2,3,2.86,70,5,No,10
PERF0005987,EMP02994,2025-H1,5,2.81,68,41,No,0
PERF0005988,EMP02994,2025-H2,3,3.35,96,12,No,5
PERF0005989,EMP02995,2025-H1,3,4.94,92,58,No,5
PERF0005990,EMP02995,2025-H2,5,3.68,95,4,Yes,8
PERF0005991,EMP02996,2025-H1,4,3.69,93,58,Yes,5
PERF0005992,EMP02996,2025-H2,4,2.63,86,57,Yes,5
PERF0005993,EMP02997,2025-H1,4,4.99,64,19,No,12
PERF0005994,EMP02997,2025-H2,5,3.1,62,17,Yes,0
PERF0005995,EMP02998,2025-H1,3,3.47,94,9,Yes,10
PERF0005996,EMP02998,2025-H2,4,3.54,99,12,Yes,15
PERF0005997,EMP02999,2025-H1,3,3.08,95,36,Yes,12
PERF0005998,EMP02999,2025-H2,2,4.37,64,19,No,5
PERF0005999,EMP03000,2025-H1,4,3.16,94,52,No,0
PERF0006000,EMP03000,2025-H2,5,3.41,97,42,Yes,5
PERF0006001,EMP03001,2025-H1,5,4.3,64,28,Yes,5
PERF0006002,EMP03001,2025-H2,4,2.59,71,52,Yes,10
PERF0006003,EMP03002,2025-H1,2,3.37,67,20,Yes,5
PERF0006004,EMP03002,2025-H2,5,4.04,71,42,No,5
PERF0006005,EMP03003,2025-H1,2,3.64,63,10,Yes,5
PERF0006006,EMP03003,2025-H2,3,2.95,91,53,No,0
PERF0006007,EMP03004,2025-H1,3,3.63,68,18,Yes,12
PERF0006008,EMP03004,2025-H2,5,4.13,96,23,No,8
PERF0006009,EMP03005,2025-H1,2,4.28,60,38,Yes,15
PERF0006010,EMP03005,2025-H2,2,3.2,90,52,No,8
PERF0006011,EMP03006,2025-H1,2,2.55,63,42,Yes,5
PERF0006012,EMP03006,2025-H2,4,2.62,81,53,No,5
PERF0006013,EMP03007,2025-H1,3,4.87,61,19,No,0
PERF0006014,EMP03007,2025-H2,4,2.58,89,21,No,8
PERF0006015,EMP03008,2025-H1,3,4.66,61,55,Yes,5
PERF0006016,EMP03008,2025-H2,4,4.9,78,27,Yes,15
PERF0006017,EMP03009,2025-H1,5,2.67,83,55,Yes,12
PERF0006018,EMP03009,2025-H2,5,3.27,62,21,No,10
PERF0006019,EMP03010,2025-H1,4,4.81,76,7,Yes,15
PERF0006020,EMP03010,2025-H2,4,4.59,74,11,No,12
PERF0006021,EMP03011,2025-H1,2,3.82,67,30,Yes,10
PERF0006022,EMP03011,2025-H2,3,4.84,72,37,Yes,12
PERF0006023,EMP03012,2025-H1,5,4.04,65,11,No,8
PERF0006024,EMP03012,2025-H2,5,2.56,80,32,No,8
PERF0006025,EMP03013,2025-H1,2,4.76,78,34,No,12
PERF0006026,EMP03013,2025-H2,3,2.72,98,54,No,10
PERF0006027,EMP03014,2025-H1,3,2.85,84,1,Yes,15
PERF0006028,EMP03014,2025-H2,2,4.99,74,24,No,12
PERF0006029,EMP03015,2025-H1,2,4.06,93,56,No,5
PERF0006030,EMP03015,2025-H2,4,3.45,76,50,No,8
PERF0006031,EMP03016,2025-H1,3,3.15,70,60,Yes,0
PERF0006032,EMP03016,2025-H2,4,4.85,100,18,No,12
PERF0006033,EMP03017,2025-H1,5,3.41,69,41,Yes,0
PERF0006034,EMP03017,2025-H2,2,4.18,97,19,Yes,8
PERF0006035,EMP03018,2025-H1,2,2.98,66,24,Yes,15
PERF0006036,EMP03018,2025-H2,2,4.6,93,1,Yes,15
PERF0006037,EMP03019,2025-H1,5,2.84,99,15,No,15
PERF0006038,EMP03019,2025-H2,3,3.87,63,1,No,5
PERF0006039,EMP03020,2025-H1,2,3.67,84,58,No,8
PERF0006040,EMP03020,2025-H2,3,2.64,60,50,Yes,15
PERF0006041,EMP03021,2025-H1,3,2.52,88,47,No,10
PERF0006042,EMP03021,2025-H2,3,3.34,86,5,Yes,12
PERF0006043,EMP03022,2025-H1,4,4.46,66,57,No,12
PERF0006044,EMP03022,2025-H2,3,4.55,81,50,Yes,12
PERF0006045,EMP03023,2025-H1,5,4.18,95,56,No,10
PERF0006046,EMP03023,2025-H2,3,2.81,87,49,Yes,5
PERF0006047,EMP03024,2025-H1,2,4.4,90,11,Yes,15
PERF0006048,EMP03024,2025-H2,2,3.65,98,30,No,0
PERF0006049,EMP03025,2025-H1,3,4.64,85,57,No,0
PERF0006050,EMP03025,2025-H2,2,2.7,62,56,No,8
PERF0006051,EMP03026,2025-H1,2,3.23,89,40,Yes,15
PERF0006052,EMP03026,2025-H2,4,4.19,82,7,Yes,5
PERF0006053,EMP03027,2025-H1,4,3.62,74,46,Yes,10
PERF0006054,EMP03027,2025-H2,2,4.4,91,12,Yes,10
PERF0006055,EMP03028,2025-H1,4,2.55,77,18,No,10
PERF0006056,EMP03028,2025-H2,4,4.6,61,32,No,12
PERF0006057,EMP03029,2025-H1,3,3.41,65,58,Yes,15
PERF0006058,EMP03029,2025-H2,3,4.8,90,43,No,15
PERF0006059,EMP03030,2025-H1,3,4.51,66,14,Yes,15
PERF0006060,EMP03030,2025-H2,2,4.17,60,36,No,0
PERF0006061,EMP03031,2025-H1,3,3.34,99,22,No,8
PERF0006062,EMP03031,2025-H2,2,2.87,80,44,Yes,8
PERF0006063,EMP03032,2025-H1,2,4.03,60,58,No,12
PERF0006064,EMP03032,2025-H2,5,4.24,99,48,No,5
PERF0006065,EMP03033,2025-H1,4,3.08,60,16,Yes,0
PERF0006066,EMP03033,2025-H2,5,3.41,65,22,Yes,5
PERF0006067,EMP03034,2025-H1,5,4.56,97,6,No,8
PERF0006068,EMP03034,2025-H2,4,3.2,81,34,Yes,15
PERF0006069,EMP03035,2025-H1,3,4.97,65,54,Yes,0
PERF0006070,EMP03035,2025-H2,3,4.72,93,12,No,8
PERF0006071,EMP03036,2025-H1,4,3.64,75,35,Yes,5
PERF0006072,EMP03036,2025-H2,3,3.78,96,36,No,10
PERF0006073,EMP03037,2025-H1,2,4.55,62,3,No,0
PERF0006074,EMP03037,2025-H2,2,4.55,70,1,No,10
PERF0006075,EMP03038,2025-H1,5,2.97,73,24,No,10
PERF0006076,EMP03038,2025-H2,4,3.37,63,2,Yes,12
PERF0006077,EMP03039,2025-H1,5,3.02,70,25,No,8
PERF0006078,EMP03039,2025-H2,4,3.53,88,24,No,5
PERF0006079,EMP03040,2025-H1,5,3.26,95,24,Yes,0
PERF0006080,EMP03040,2025-H2,3,3.08,71,18,No,15
PERF0006081,EMP03041,2025-H1,3,3.73,99,30,Yes,15
PERF0006082,EMP03041,2025-H2,5,2.99,93,60,Yes,8
PERF0006083,EMP03042,2025-H1,5,3.17,71,30,No,0
PERF0006084,EMP03042,2025-H2,4,2.73,86,57,No,5
PERF0006085,EMP03043,2025-H1,2,3.7,96,31,No,15
PERF0006086,EMP03043,2025-H2,5,4.13,99,20,Yes,15
PERF0006087,EMP03044,2025-H1,2,4.63,82,25,No,15
PERF0006088,EMP03044,2025-H2,2,3.35,98,50,Yes,12
PERF0006089,EMP03045,2025-H1,3,3.12,76,33,No,10
PERF0006090,EMP03045,2025-H2,4,3.85,93,36,Yes,15
PERF0006091,EMP03046,2025-H1,4,4.63,80,58,Yes,10
PERF0006092,EMP03046,2025-H2,5,3.03,78,57,No,10
PERF0006093,EMP03047,2025-H1,5,3.77,93,9,Yes,5
PERF0006094,EMP03047,2025-H2,4,3.84,64,17,No,5
PERF0006095,EMP03048,2025-H1,2,2.65,61,28,No,10
PERF0006096,EMP03048,2025-H2,5,4.23,88,55,Yes,12
PERF0006097,EMP03049,2025-H1,2,4.39,94,33,No,8
PERF0006098,EMP03049,2025-H2,3,3.59,91,28,No,10
PERF0006099,EMP03050,2025-H1,3,4.18,72,45,No,0
PERF0006100,EMP03050,2025-H2,5,3.26,77,1,No,5
PERF0006101,EMP03051,2025-H1,2,3.92,61,23,No,10
PERF0006102,EMP03051,2025-H2,2,2.67,80,28,No,8
PERF0006103,EMP03052,2025-H1,3,4.22,61,59,Yes,8
PERF0006104,EMP03052,2025-H2,5,4.79,82,3,Yes,5
PERF0006105,EMP03053,2025-H1,2,4.95,80,32,No,0
PERF0006106,EMP03053,2025-H2,5,4.63,67,13,No,5
PERF0006107,EMP03054,2025-H1,3,3.62,80,9,Yes,10
PERF0006108,EMP03054,2025-H2,2,2.54,84,42,No,8
PERF0006109,EMP03055,2025-H1,3,3.12,73,9,No,10
PERF0006110,EMP03055,2025-H2,3,3.19,73,54,No,12
PERF0006111,EMP03056,2025-H1,3,3.04,85,45,Yes,15
PERF0006112,EMP03056,2025-H2,5,3.92,66,6,Yes,12
PERF0006113,EMP03057,2025-H1,3,3.92,90,22,No,8
PERF0006114,EMP03057,2025-H2,5,4.38,84,54,Yes,5
PERF0006115,EMP03058,2025-H1,5,3.37,61,34,No,8
PERF0006116,EMP03058,2025-H2,4,3.93,79,19,No,8
PERF0006117,EMP03059,2025-H1,3,3.64,84,42,Yes,12
PERF0006118,EMP03059,2025-H2,2,3.45,68,22,Yes,8
PERF0006119,EMP03060,2025-H1,4,2.61,68,15,No,5
PERF0006120,EMP03060,2025-H2,4,4.1,98,13,No,12
PERF0006121,EMP03061,2025-H1,5,4.98,91,6,Yes,10
PERF0006122,EMP03061,2025-H2,2,2.82,79,60,Yes,5
PERF0006123,EMP03062,2025-H1,2,4.43,96,43,No,10
PERF0006124,EMP03062,2025-H2,5,3.8,72,39,Yes,10
PERF0006125,EMP03063,2025-H1,2,3.05,90,48,Yes,8
PERF0006126,EMP03063,2025-H2,4,3.1,89,32,No,8
PERF0006127,EMP03064,2025-H1,4,4.09,81,56,Yes,5
PERF0006128,EMP03064,2025-H2,2,3.33,67,38,Yes,12
PERF0006129,EMP03065,2025-H1,2,4.4,86,9,Yes,0
PERF0006130,EMP03065,2025-H2,5,4.93,61,48,Yes,10
PERF0006131,EMP03066,2025-H1,5,3.43,83,45,Yes,12
PERF0006132,EMP03066,2025-H2,5,3.84,78,15,No,12
PERF0006133,EMP03067,2025-H1,3,4.93,70,36,Yes,15
PERF0006134,EMP03067,2025-H2,5,3.99,97,34,No,5
PERF0006135,EMP03068,2025-H1,3,2.69,93,40,Yes,15
PERF0006136,EMP03068,2025-H2,5,3.84,80,16,No,15
PERF0006137,EMP03069,2025-H1,4,4.4,82,41,Yes,15
PERF0006138,EMP03069,2025-H2,3,3.11,97,19,No,0
PERF0006139,EMP03070,2025-H1,2,2.65,80,13,No,12
PERF0006140,EMP03070,2025-H2,4,2.89,64,20,Yes,5
PERF0006141,EMP03071,2025-H1,3,4.88,96,5,No,8
PERF0006142,EMP03071,2025-H2,4,2.93,60,1,Yes,0
PERF0006143,EMP03072,2025-H1,4,4.18,79,47,No,15
PERF0006144,EMP03072,2025-H2,3,3.62,90,57,Yes,5
PERF0006145,EMP03073,2025-H1,5,3.37,95,20,Yes,8
PERF0006146,EMP03073,2025-H2,5,3.79,60,58,No,12
PERF0006147,EMP03074,2025-H1,5,4.98,83,4,No,10
PERF0006148,EMP03074,2025-H2,2,4.14,65,45,Yes,8
PERF0006149,EMP03075,2025-H1,2,2.57,62,53,Yes,12
PERF0006150,EMP03075,2025-H2,5,3.13,69,6,Yes,5
PERF0006151,EMP03076,2025-H1,3,3.14,94,24,No,8
PERF0006152,EMP03076,2025-H2,5,4.88,95,49,No,10
PERF0006153,EMP03077,2025-H1,4,3.63,70,43,No,5
PERF0006154,EMP03077,2025-H2,4,2.85,84,2,No,0
PERF0006155,EMP03078,2025-H1,5,3.14,89,58,No,8
PERF0006156,EMP03078,2025-H2,4,4.16,83,36,Yes,10
PERF0006157,EMP03079,2025-H1,4,4.5,85,56,Yes,12
PERF0006158,EMP03079,2025-H2,4,3.38,76,51,Yes,10
PERF0006159,EMP03080,2025-H1,3,4.53,96,48,No,8
PERF0006160,EMP03080,2025-H2,5,4.73,65,11,No,12
PERF0006161,EMP03081,2025-H1,4,2.63,99,36,No,8
PERF0006162,EMP03081,2025-H2,4,3.33,61,6,No,5
PERF0006163,EMP03082,2025-H1,2,4.44,67,54,Yes,10
PERF0006164,EMP03082,2025-H2,2,4.73,65,42,Yes,8
PERF0006165,EMP03083,2025-H1,5,3.81,94,4,No,12
PERF0006166,EMP03083,2025-H2,2,4.28,62,44,No,10
PERF0006167,EMP03084,2025-H1,4,4.0,69,30,Yes,15
PERF0006168,EMP03084,2025-H2,5,3.82,87,44,Yes,10
PERF0006169,EMP03085,2025-H1,2,2.61,92,27,Yes,15
PERF0006170,EMP03085,2025-H2,3,4.38,92,24,No,0
PERF0006171,EMP03086,2025-H1,4,2.54,64,22,Yes,12
PERF0006172,EMP03086,2025-H2,4,4.77,63,52,No,5
PERF0006173,EMP03087,2025-H1,3,3.25,73,35,No,5
PERF0006174,EMP03087,2025-H2,4,3.08,91,54,Yes,15
PERF0006175,EMP03088,2025-H1,5,4.73,69,46,No,15
PERF0006176,EMP03088,2025-H2,5,4.35,94,57,No,0
PERF0006177,EMP03089,2025-H1,3,3.05,66,26,Yes,0
PERF0006178,EMP03089,2025-H2,5,3.4,83,9,No,5
PERF0006179,EMP03090,2025-H1,4,4.61,85,16,Yes,0
PERF0006180,EMP03090,2025-H2,3,3.95,97,2,No,0
PERF0006181,EMP03091,2025-H1,3,4.94,97,37,No,5
PERF0006182,EMP03091,2025-H2,5,4.22,88,52,Yes,0
PERF0006183,EMP03092,2025-H1,5,4.01,99,53,Yes,12
PERF0006184,EMP03092,2025-H2,4,4.68,100,60,No,8
PERF0006185,EMP03093,2025-H1,2,4.12,90,1,No,10
PERF0006186,EMP03093,2025-H2,2,3.34,76,33,Yes,10
PERF0006187,EMP03094,2025-H1,4,3.84,73,42,No,15
PERF0006188,EMP03094,2025-H2,4,4.51,89,10,Yes,15
PERF0006189,EMP03095,2025-H1,5,3.02,75,28,No,10
PERF0006190,EMP03095,2025-H2,4,3.67,89,24,No,0
PERF0006191,EMP03096,2025-H1,3,3.4,81,15,Yes,8
PERF0006192,EMP03096,2025-H2,2,3.46,87,27,No,8
PERF0006193,EMP03097,2025-H1,4,3.94,78,27,Yes,10
PERF0006194,EMP03097,2025-H2,4,3.16,97,58,Yes,10
PERF0006195,EMP03098,2025-H1,2,3.3,93,29,No,10
PERF0006196,EMP03098,2025-H2,5,2.86,87,60,Yes,10
PERF0006197,EMP03099,2025-H1,4,3.13,60,17,No,15
PERF0006198,EMP03099,2025-H2,5,3.54,90,43,No,12
PERF0006199,EMP03100,2025-H1,3,3.46,87,51,Yes,5
PERF0006200,EMP03100,2025-H2,5,3.62,99,25,No,15
PERF0006201,EMP03101,2025-H1,3,3.93,65,10,No,5
PERF0006202,EMP03101,2025-H2,5,2.65,73,6,Yes,0
PERF0006203,EMP03102,2025-H1,2,4.0,94,4,No,0
PERF0006204,EMP03102,2025-H2,5,4.12,67,47,Yes,12
PERF0006205,EMP03103,2025-H1,2,4.96,78,50,Yes,5
PERF0006206,EMP03103,2025-H2,3,4.91,80,7,Yes,12
PERF0006207,EMP03104,2025-H1,4,3.68,77,35,Yes,5
PERF0006208,EMP03104,2025-H2,3,4.74,83,16,No,10
PERF0006209,EMP03105,2025-H1,4,3.27,62,54,Yes,8
PERF0006210,EMP03105,2025-H2,4,4.2,66,12,No,12
PERF0006211,EMP03106,2025-H1,2,4.59,94,2,No,8
PERF0006212,EMP03106,2025-H2,2,3.34,81,39,No,10
PERF0006213,EMP03107,2025-H1,5,4.85,73,1,No,12
PERF0006214,EMP03107,2025-H2,5,2.58,73,60,No,5
PERF0006215,EMP03108,2025-H1,4,3.47,67,32,No,12
PERF0006216,EMP03108,2025-H2,4,4.19,88,37,No,15
PERF0006217,EMP03109,2025-H1,2,3.86,94,19,No,15
PERF0006218,EMP03109,2025-H2,3,3.8,76,48,Yes,8
PERF0006219,EMP03110,2025-H1,2,3.32,93,27,Yes,15
PERF0006220,EMP03110,2025-H2,5,4.16,88,20,No,15
PERF0006221,EMP03111,2025-H1,2,4.91,83,54,No,0
PERF0006222,EMP03111,2025-H2,3,4.12,86,48,Yes,5
PERF0006223,EMP03112,2025-H1,4,4.86,91,19,Yes,15
PERF0006224,EMP03112,2025-H2,2,3.5,88,17,No,8
PERF0006225,EMP03113,2025-H1,5,4.41,74,39,Yes,15
PERF0006226,EMP03113,2025-H2,4,3.25,99,8,No,12
PERF0006227,EMP03114,2025-H1,3,3.73,72,52,Yes,15
PERF0006228,EMP03114,2025-H2,5,4.63,64,58,No,8
PERF0006229,EMP03115,2025-H1,3,4.89,91,23,No,8
PERF0006230,EMP03115,2025-H2,3,3.96,63,49,No,12
PERF0006231,EMP03116,2025-H1,4,3.88,78,19,No,5
PERF0006232,EMP03116,2025-H2,5,2.68,69,24,Yes,8
PERF0006233,EMP03117,2025-H1,2,3.62,66,34,No,5
PERF0006234,EMP03117,2025-H2,3,3.46,61,1,Yes,15
PERF0006235,EMP03118,2025-H1,5,4.19,85,1,Yes,5
PERF0006236,EMP03118,2025-H2,4,2.61,61,39,No,15
PERF0006237,EMP03119,2025-H1,5,3.78,69,10,Yes,5
PERF0006238,EMP03119,2025-H2,3,4.54,98,22,No,10
PERF0006239,EMP03120,2025-H1,5,4.34,82,36,No,8
PERF0006240,EMP03120,2025-H2,3,3.86,94,33,No,5
PERF0006241,EMP03121,2025-H1,2,3.9,64,55,Yes,0
PERF0006242,EMP03121,2025-H2,3,4.2,93,24,Yes,5
PERF0006243,EMP03122,2025-H1,2,4.48,62,35,No,10
PERF0006244,EMP03122,2025-H2,2,4.43,89,0,Yes,0
PERF0006245,EMP03123,2025-H1,2,4.13,93,26,Yes,12
PERF0006246,EMP03123,2025-H2,3,4.45,86,1,No,8
PERF0006247,EMP03124,2025-H1,4,3.9,63,38,Yes,8
PERF0006248,EMP03124,2025-H2,5,3.56,86,58,Yes,8
PERF0006249,EMP03125,2025-H1,5,3.49,66,33,Yes,0
PERF0006250,EMP03125,2025-H2,3,3.83,90,6,Yes,15
PERF0006251,EMP03126,2025-H1,2,3.54,74,15,Yes,12
PERF0006252,EMP03126,2025-H2,5,4.1,68,59,Yes,12
PERF0006253,EMP03127,2025-H1,2,4.34,98,51,No,0
PERF0006254,EMP03127,2025-H2,4,4.08,88,41,No,12
PERF0006255,EMP03128,2025-H1,5,3.69,84,20,No,15
PERF0006256,EMP03128,2025-H2,4,2.71,92,48,No,10
PERF0006257,EMP03129,2025-H1,5,4.9,93,53,Yes,12
PERF0006258,EMP03129,2025-H2,5,3.37,80,28,Yes,12
PERF0006259,EMP03130,2025-H1,5,3.16,94,49,Yes,12
PERF0006260,EMP03130,2025-H2,2,3.13,63,26,No,5
PERF0006261,EMP03131,2025-H1,5,3.74,94,40,No,12
PERF0006262,EMP03131,2025-H2,5,4.91,92,4,Yes,8
PERF0006263,EMP03132,2025-H1,3,4.33,69,47,Yes,10
PERF0006264,EMP03132,2025-H2,4,3.68,95,50,No,10
PERF0006265,EMP03133,2025-H1,5,4.04,90,9,No,15
PERF0006266,EMP03133,2025-H2,3,3.99,76,34,No,15
PERF0006267,EMP03134,2025-H1,5,4.03,95,22,Yes,0
PERF0006268,EMP03134,2025-H2,2,4.51,99,2,No,10
PERF0006269,EMP03135,2025-H1,4,4.55,67,52,No,12
PERF0006270,EMP03135,2025-H2,4,3.62,63,31,Yes,12
PERF0006271,EMP03136,2025-H1,2,3.45,76,6,No,0
PERF0006272,EMP03136,2025-H2,3,4.26,78,30,Yes,15
PERF0006273,EMP03137,2025-H1,3,4.46,74,45,Yes,5
PERF0006274,EMP03137,2025-H2,3,2.68,75,49,No,8
PERF0006275,EMP03138,2025-H1,3,3.64,100,51,Yes,8
PERF0006276,EMP03138,2025-H2,4,4.79,85,54,No,0
PERF0006277,EMP03139,2025-H1,2,4.27,93,31,No,15
PERF0006278,EMP03139,2025-H2,2,3.8,86,46,Yes,12
PERF0006279,EMP03140,2025-H1,2,3.65,92,43,Yes,0
PERF0006280,EMP03140,2025-H2,2,4.87,87,19,Yes,15
PERF0006281,EMP03141,2025-H1,3,3.77,97,16,No,5
PERF0006282,EMP03141,2025-H2,2,3.05,66,58,No,8
PERF0006283,EMP03142,2025-H1,5,3.92,99,18,Yes,8
PERF0006284,EMP03142,2025-H2,5,3.75,94,15,No,8
PERF0006285,EMP03143,2025-H1,4,4.43,73,39,No,12
PERF0006286,EMP03143,2025-H2,4,2.71,78,50,Yes,5
PERF0006287,EMP03144,2025-H1,4,4.39,80,48,Yes,8
PERF0006288,EMP03144,2025-H2,3,3.36,92,60,No,0
PERF0006289,EMP03145,2025-H1,4,3.21,93,53,Yes,5
PERF0006290,EMP03145,2025-H2,5,3.39,82,28,Yes,15
PERF0006291,EMP03146,2025-H1,3,4.21,63,7,Yes,5
PERF0006292,EMP03146,2025-H2,2,2.97,77,40,No,0
PERF0006293,EMP03147,2025-H1,2,4.02,62,8,Yes,15
PERF0006294,EMP03147,2025-H2,4,4.62,94,50,Yes,15
PERF0006295,EMP03148,2025-H1,5,3.0,70,22,Yes,5
PERF0006296,EMP03148,2025-H2,4,3.93,95,10,No,15
PERF0006297,EMP03149,2025-H1,5,3.2,99,52,No,12
PERF0006298,EMP03149,2025-H2,3,3.27,94,25,No,10
PERF0006299,EMP03150,2025-H1,2,3.58,84,42,Yes,5
PERF0006300,EMP03150,2025-H2,5,3.81,77,28,No,15
PERF0006301,EMP03151,2025-H1,3,3.49,77,6,No,15
PERF0006302,EMP03151,2025-H2,2,3.62,82,15,No,0
PERF0006303,EMP03152,2025-H1,5,4.81,81,48,Yes,8
PERF0006304,EMP03152,2025-H2,5,3.82,77,17,No,5
PERF0006305,EMP03153,2025-H1,4,4.61,97,60,Yes,10
PERF0006306,EMP03153,2025-H2,5,3.93,100,46,No,10
PERF0006307,EMP03154,2025-H1,2,3.8,73,48,Yes,8
PERF0006308,EMP03154,2025-H2,5,4.42,87,46,Yes,12
PERF0006309,EMP03155,2025-H1,5,4.56,94,59,Yes,10
PERF0006310,EMP03155,2025-H2,4,4.68,89,32,Yes,5
PERF0006311,EMP03156,2025-H1,3,3.84,82,0,Yes,5
PERF0006312,EMP03156,2025-H2,2,3.51,88,43,Yes,15
PERF0006313,EMP03157,2025-H1,4,2.52,61,38,Yes,5
PERF0006314,EMP03157,2025-H2,3,4.08,78,1,Yes,0
PERF0006315,EMP03158,2025-H1,3,3.81,91,58,No,12
PERF0006316,EMP03158,2025-H2,5,4.1,76,60,No,15
PERF0006317,EMP03159,2025-H1,5,4.02,82,42,Yes,8
PERF0006318,EMP03159,2025-H2,2,4.89,76,1,No,0
PERF0006319,EMP03160,2025-H1,2,4.59,73,57,Yes,8
PERF0006320,EMP03160,2025-H2,4,4.72,86,40,Yes,8
PERF0006321,EMP03161,2025-H1,3,3.3,81,33,Yes,12
PERF0006322,EMP03161,2025-H2,2,2.65,89,59,No,12
PERF0006323,EMP03162,2025-H1,3,3.45,85,31,No,0
PERF0006324,EMP03162,2025-H2,3,4.05,88,5,No,10
PERF0006325,EMP03163,2025-H1,2,2.71,95,1,No,12
PERF0006326,EMP03163,2025-H2,2,4.97,73,51,No,15
PERF0006327,EMP03164,2025-H1,2,3.54,76,55,Yes,15
PERF0006328,EMP03164,2025-H2,4,3.97,82,54,No,0
PERF0006329,EMP03165,2025-H1,3,2.59,83,45,No,8
PERF0006330,EMP03165,2025-H2,3,2.66,96,32,Yes,8
PERF0006331,EMP03166,2025-H1,4,2.93,96,28,No,5
PERF0006332,EMP03166,2025-H2,3,4.26,78,55,Yes,10
PERF0006333,EMP03167,2025-H1,2,4.59,100,12,Yes,0
PERF0006334,EMP03167,2025-H2,5,3.48,96,13,Yes,15
PERF0006335,EMP03168,2025-H1,4,3.84,68,44,Yes,5
PERF0006336,EMP03168,2025-H2,4,3.26,86,50,Yes,12
PERF0006337,EMP03169,2025-H1,2,2.79,88,55,No,10
PERF0006338,EMP03169,2025-H2,3,4.0,70,52,Yes,12
PERF0006339,EMP03170,2025-H1,4,2.56,86,18,No,10
PERF0006340,EMP03170,2025-H2,4,3.0,89,1,No,12
PERF0006341,EMP03171,2025-H1,4,4.87,86,36,Yes,5
PERF0006342,EMP03171,2025-H2,5,4.28,69,60,Yes,5
PERF0006343,EMP03172,2025-H1,2,2.52,72,21,No,15
PERF0006344,EMP03172,2025-H2,4,3.81,81,10,No,0
PERF0006345,EMP03173,2025-H1,5,4.89,92,3,Yes,10
PERF0006346,EMP03173,2025-H2,2,3.45,97,16,No,10
PERF0006347,EMP03174,2025-H1,2,3.54,90,42,No,10
PERF0006348,EMP03174,2025-H2,4,4.34,89,51,No,5
PERF0006349,EMP03175,2025-H1,2,2.92,99,48,No,0
PERF0006350,EMP03175,2025-H2,2,2.68,78,2,Yes,15
PERF0006351,EMP03176,2025-H1,5,3.06,78,29,Yes,8
PERF0006352,EMP03176,2025-H2,2,2.58,91,37,Yes,8
PERF0006353,EMP03177,2025-H1,2,3.82,63,44,No,8
PERF0006354,EMP03177,2025-H2,4,4.2,79,8,Yes,5
PERF0006355,EMP03178,2025-H1,4,3.76,61,21,Yes,12
PERF0006356,EMP03178,2025-H2,2,4.19,62,24,No,10
PERF0006357,EMP03179,2025-H1,3,3.95,84,58,Yes,0
PERF0006358,EMP03179,2025-H2,2,2.61,60,59,No,5
PERF0006359,EMP03180,2025-H1,3,4.17,62,36,Yes,0
PERF0006360,EMP03180,2025-H2,5,4.96,90,10,Yes,10
PERF0006361,EMP03181,2025-H1,3,2.95,63,1,No,8
PERF0006362,EMP03181,2025-H2,3,2.82,64,57,No,8
PERF0006363,EMP03182,2025-H1,2,3.09,75,55,No,15
PERF0006364,EMP03182,2025-H2,4,3.01,63,22,No,15
PERF0006365,EMP03183,2025-H1,4,4.7,66,21,Yes,0
PERF0006366,EMP03183,2025-H2,4,2.63,82,28,No,12
PERF0006367,EMP03184,2025-H1,4,2.8,72,43,No,5
PERF0006368,EMP03184,2025-H2,4,4.88,81,51,Yes,12
PERF0006369,EMP03185,2025-H1,3,4.15,73,52,Yes,12
PERF0006370,EMP03185,2025-H2,2,3.72,78,40,No,15
PERF0006371,EMP03186,2025-H1,5,4.28,79,48,No,8
PERF0006372,EMP03186,2025-H2,2,4.33,61,52,Yes,8
PERF0006373,EMP03187,2025-H1,3,4.01,74,26,Yes,10
PERF0006374,EMP03187,2025-H2,3,4.18,98,14,No,0
PERF0006375,EMP03188,2025-H1,4,4.23,72,60,Yes,15
PERF0006376,EMP03188,2025-H2,3,3.31,91,42,Yes,15
PERF0006377,EMP03189,2025-H1,4,3.01,82,54,No,5
PERF0006378,EMP03189,2025-H2,3,3.9,80,43,No,12
PERF0006379,EMP03190,2025-H1,2,4.49,73,15,Yes,10
PERF0006380,EMP03190,2025-H2,3,4.61,88,18,Yes,0
PERF0006381,EMP03191,2025-H1,5,3.24,76,20,Yes,10
PERF0006382,EMP03191,2025-H2,5,3.57,72,1,No,15
PERF0006383,EMP03192,2025-H1,3,3.25,63,34,Yes,8
PERF0006384,EMP03192,2025-H2,3,3.65,70,55,Yes,5
PERF0006385,EMP03193,2025-H1,3,2.85,70,14,No,12
PERF0006386,EMP03193,2025-H2,3,3.23,68,4,Yes,5
PERF0006387,EMP03194,2025-H1,4,3.45,84,5,Yes,0
PERF0006388,EMP03194,2025-H2,3,3.7,98,22,No,10
PERF0006389,EMP03195,2025-H1,2,3.49,61,3,Yes,0
PERF0006390,EMP03195,2025-H2,2,4.98,79,17,No,10
PERF0006391,EMP03196,2025-H1,2,2.8,86,20,Yes,0
PERF0006392,EMP03196,2025-H2,5,3.09,82,13,Yes,0
PERF0006393,EMP03197,2025-H1,4,3.76,97,23,No,10
PERF0006394,EMP03197,2025-H2,4,3.21,70,46,No,0
PERF0006395,EMP03198,2025-H1,5,3.21,86,52,No,5
PERF0006396,EMP03198,2025-H2,2,4.39,63,53,No,10
PERF0006397,EMP03199,2025-H1,3,2.69,61,50,No,8
PERF0006398,EMP03199,2025-H2,3,3.68,82,49,Yes,8
PERF0006399,EMP03200,2025-H1,2,4.58,98,46,Yes,8
PERF0006400,EMP03200,2025-H2,5,3.54,96,8,Yes,12
PERF0006401,EMP03201,2025-H1,2,3.16,94,8,Yes,15
PERF0006402,EMP03201,2025-H2,5,3.97,81,50,No,0
PERF0006403,EMP03202,2025-H1,2,2.73,89,46,Yes,10
PERF0006404,EMP03202,2025-H2,3,3.21,86,6,Yes,10
PERF0006405,EMP03203,2025-H1,3,3.13,60,9,Yes,0
PERF0006406,EMP03203,2025-H2,3,4.19,70,21,No,8
PERF0006407,EMP03204,2025-H1,5,3.4,99,46,Yes,10
PERF0006408,EMP03204,2025-H2,3,3.52,70,14,No,15
PERF0006409,EMP03205,2025-H1,4,4.37,93,11,No,12
PERF0006410,EMP03205,2025-H2,3,3.83,85,50,No,12
PERF0006411,EMP03206,2025-H1,5,4.87,77,38,Yes,0
PERF0006412,EMP03206,2025-H2,4,4.95,85,3,No,8
PERF0006413,EMP03207,2025-H1,4,3.57,78,31,Yes,12
PERF0006414,EMP03207,2025-H2,5,3.86,100,13,No,15
PERF0006415,EMP03208,2025-H1,2,2.54,68,57,No,15
PERF0006416,EMP03208,2025-H2,4,4.69,71,59,Yes,5
PERF0006417,EMP03209,2025-H1,4,4.76,86,43,Yes,5
PERF0006418,EMP03209,2025-H2,2,2.79,99,20,No,8
PERF0006419,EMP03210,2025-H1,3,2.67,89,57,No,12
PERF0006420,EMP03210,2025-H2,3,3.88,71,57,Yes,0
PERF0006421,EMP03211,2025-H1,4,4.54,64,3,Yes,10
PERF0006422,EMP03211,2025-H2,2,2.84,71,42,No,0
PERF0006423,EMP03212,2025-H1,2,4.91,94,29,No,5
PERF0006424,EMP03212,2025-H2,3,2.6,70,10,No,5
PERF0006425,EMP03213,2025-H1,2,3.75,95,45,No,15
PERF0006426,EMP03213,2025-H2,3,3.16,74,56,No,10
PERF0006427,EMP03214,2025-H1,2,4.25,89,44,Yes,12
PERF0006428,EMP03214,2025-H2,3,3.04,72,51,Yes,15
PERF0006429,EMP03215,2025-H1,5,2.93,63,25,Yes,8
PERF0006430,EMP03215,2025-H2,2,4.14,67,50,Yes,8
PERF0006431,EMP03216,2025-H1,2,4.98,77,30,No,12
PERF0006432,EMP03216,2025-H2,5,2.91,96,21,Yes,15
PERF0006433,EMP03217,2025-H1,2,4.21,62,11,No,15
PERF0006434,EMP03217,2025-H2,4,3.4,65,3,Yes,8
PERF0006435,EMP03218,2025-H1,2,3.56,88,24,No,12
PERF0006436,EMP03218,2025-H2,3,4.29,68,15,Yes,8
PERF0006437,EMP03219,2025-H1,4,3.99,88,2,No,8
PERF0006438,EMP03219,2025-H2,3,2.88,97,6,No,0
PERF0006439,EMP03220,2025-H1,4,2.74,93,21,Yes,15
PERF0006440,EMP03220,2025-H2,2,3.44,83,38,No,8
PERF0006441,EMP03221,2025-H1,4,4.94,63,18,No,0
PERF0006442,EMP03221,2025-H2,2,4.99,66,35,No,12
PERF0006443,EMP03222,2025-H1,2,3.34,67,22,Yes,5
PERF0006444,EMP03222,2025-H2,5,3.0,95,3,Yes,8
PERF0006445,EMP03223,2025-H1,4,2.7,82,20,No,12
PERF0006446,EMP03223,2025-H2,5,4.77,100,42,Yes,8
PERF0006447,EMP03224,2025-H1,4,3.96,75,37,Yes,8
PERF0006448,EMP03224,2025-H2,4,4.79,60,26,Yes,15
PERF0006449,EMP03225,2025-H1,4,4.59,63,3,Yes,8
PERF0006450,EMP03225,2025-H2,2,4.18,85,35,No,8
PERF0006451,EMP03226,2025-H1,4,4.92,76,35,Yes,0
PERF0006452,EMP03226,2025-H2,4,4.09,60,3,Yes,5
PERF0006453,EMP03227,2025-H1,2,3.3,86,52,Yes,0
PERF0006454,EMP03227,2025-H2,4,4.16,87,37,Yes,5
PERF0006455,EMP03228,2025-H1,3,3.68,80,22,No,15
PERF0006456,EMP03228,2025-H2,5,3.86,83,36,Yes,15
PERF0006457,EMP03229,2025-H1,3,4.89,97,45,No,5
PERF0006458,EMP03229,2025-H2,4,3.2,76,55,Yes,10
PERF0006459,EMP03230,2025-H1,2,4.14,67,3,Yes,0
PERF0006460,EMP03230,2025-H2,3,4.85,69,50,No,0
PERF0006461,EMP03231,2025-H1,4,4.6,71,45,No,15
PERF0006462,EMP03231,2025-H2,5,3.49,91,32,Yes,5
PERF0006463,EMP03232,2025-H1,3,4.66,83,36,Yes,15
PERF0006464,EMP03232,2025-H2,4,3.0,72,55,No,12
PERF0006465,EMP03233,2025-H1,5,3.44,72,30,Yes,0
PERF0006466,EMP03233,2025-H2,2,4.04,75,24,Yes,5
PERF0006467,EMP03234,2025-H1,3,2.9,76,56,No,12
PERF0006468,EMP03234,2025-H2,2,4.86,69,53,Yes,12
PERF0006469,EMP03235,2025-H1,5,3.06,89,10,Yes,12
PERF0006470,EMP03235,2025-H2,5,3.31,82,0,No,10
PERF0006471,EMP03236,2025-H1,5,4.16,70,11,No,0
PERF0006472,EMP03236,2025-H2,3,3.62,94,3,No,12
PERF0006473,EMP03237,2025-H1,3,4.31,65,48,Yes,8
PERF0006474,EMP03237,2025-H2,3,4.87,80,1,No,8
PERF0006475,EMP03238,2025-H1,2,2.55,84,57,Yes,5
PERF0006476,EMP03238,2025-H2,4,4.9,75,15,No,0
PERF0006477,EMP03239,2025-H1,2,4.05,100,12,No,0
PERF0006478,EMP03239,2025-H2,5,4.3,94,20,No,0
PERF0006479,EMP03240,2025-H1,5,3.94,93,40,No,0
PERF0006480,EMP03240,2025-H2,3,4.32,87,23,Yes,12
PERF0006481,EMP03241,2025-H1,3,3.82,60,32,No,5
PERF0006482,EMP03241,2025-H2,2,2.8,62,29,Yes,5
PERF0006483,EMP03242,2025-H1,5,2.85,100,60,Yes,0
PERF0006484,EMP03242,2025-H2,3,3.85,79,18,No,5
PERF0006485,EMP03243,2025-H1,4,4.12,88,13,No,8
PERF0006486,EMP03243,2025-H2,4,3.58,82,42,No,5
PERF0006487,EMP03244,2025-H1,2,3.16,84,35,Yes,0
PERF0006488,EMP03244,2025-H2,4,3.63,83,52,Yes,8
PERF0006489,EMP03245,2025-H1,3,4.22,90,32,Yes,12
PERF0006490,EMP03245,2025-H2,2,2.85,99,22,Yes,15
PERF0006491,EMP03246,2025-H1,2,2.5,68,15,Yes,15
PERF0006492,EMP03246,2025-H2,3,2.68,81,35,Yes,12
PERF0006493,EMP03247,2025-H1,3,3.61,64,56,No,12
PERF0006494,EMP03247,2025-H2,4,3.41,63,54,No,12
PERF0006495,EMP03248,2025-H1,3,4.79,81,11,No,15
PERF0006496,EMP03248,2025-H2,4,4.11,62,14,Yes,12
PERF0006497,EMP03249,2025-H1,2,3.35,90,9,Yes,15
PERF0006498,EMP03249,2025-H2,2,3.34,60,14,No,0
PERF0006499,EMP03250,2025-H1,3,4.45,68,26,Yes,5
PERF0006500,EMP03250,2025-H2,2,4.19,93,40,Yes,5
PERF0006501,EMP03251,2025-H1,4,3.71,98,49,No,12
PERF0006502,EMP03251,2025-H2,3,2.71,75,7,Yes,12
PERF0006503,EMP03252,2025-H1,2,2.62,91,18,No,12
PERF0006504,EMP03252,2025-H2,4,4.77,67,15,No,12
PERF0006505,EMP03253,2025-H1,2,4.73,75,12,No,8
PERF0006506,EMP03253,2025-H2,2,4.65,71,11,No,0
PERF0006507,EMP03254,2025-H1,4,4.99,93,14,Yes,10
PERF0006508,EMP03254,2025-H2,2,2.6,98,36,Yes,8
PERF0006509,EMP03255,2025-H1,4,2.74,83,50,Yes,12
PERF0006510,EMP03255,2025-H2,3,3.3,62,52,Yes,15
PERF0006511,EMP03256,2025-H1,5,3.56,69,6,Yes,0
PERF0006512,EMP03256,2025-H2,4,4.53,71,36,Yes,10
PERF0006513,EMP03257,2025-H1,3,2.63,69,23,No,15
PERF0006514,EMP03257,2025-H2,4,2.85,69,49,No,0
PERF0006515,EMP03258,2025-H1,4,3.71,97,22,Yes,10
PERF0006516,EMP03258,2025-H2,5,2.96,90,54,No,15
PERF0006517,EMP03259,2025-H1,4,2.7,82,8,Yes,12
PERF0006518,EMP03259,2025-H2,4,3.72,100,13,No,0
PERF0006519,EMP03260,2025-H1,3,3.82,97,7,Yes,5
PERF0006520,EMP03260,2025-H2,2,4.74,88,16,No,5
PERF0006521,EMP03261,2025-H1,2,3.9,63,27,No,15
PERF0006522,EMP03261,2025-H2,2,2.8,61,31,No,10
PERF0006523,EMP03262,2025-H1,5,4.96,100,20,Yes,12
PERF0006524,EMP03262,2025-H2,4,3.6,83,45,No,8
PERF0006525,EMP03263,2025-H1,3,3.23,87,18,No,10
PERF0006526,EMP03263,2025-H2,3,4.11,100,13,No,12
PERF0006527,EMP03264,2025-H1,4,4.28,61,0,No,10
PERF0006528,EMP03264,2025-H2,3,3.63,93,8,Yes,5
PERF0006529,EMP03265,2025-H1,3,3.58,63,46,Yes,8
PERF0006530,EMP03265,2025-H2,3,4.15,78,22,Yes,12
PERF0006531,EMP03266,2025-H1,2,3.45,60,34,No,0
PERF0006532,EMP03266,2025-H2,3,3.2,85,3,No,10
PERF0006533,EMP03267,2025-H1,3,3.09,79,36,Yes,12
PERF0006534,EMP03267,2025-H2,2,2.57,86,22,Yes,12
PERF0006535,EMP03268,2025-H1,3,3.43,81,32,No,15
PERF0006536,EMP03268,2025-H2,3,4.3,100,41,Yes,5
PERF0006537,EMP03269,2025-H1,2,3.29,71,48,Yes,0
PERF0006538,EMP03269,2025-H2,5,4.84,93,46,No,15
PERF0006539,EMP03270,2025-H1,5,3.25,63,52,Yes,12
PERF0006540,EMP03270,2025-H2,2,4.56,92,60,No,15
PERF0006541,EMP03271,2025-H1,2,4.1,72,23,Yes,12
PERF0006542,EMP03271,2025-H2,2,2.51,67,34,No,15
PERF0006543,EMP03272,2025-H1,3,2.9,69,43,No,12
PERF0006544,EMP03272,2025-H2,2,2.68,92,47,No,12
PERF0006545,EMP03273,2025-H1,4,4.89,77,19,Yes,8
PERF0006546,EMP03273,2025-H2,2,2.95,81,44,No,15
PERF0006547,EMP03274,2025-H1,2,3.74,91,16,No,12
PERF0006548,EMP03274,2025-H2,2,3.61,79,14,Yes,0
PERF0006549,EMP03275,2025-H1,5,3.1,67,44,Yes,8
PERF0006550,EMP03275,2025-H2,3,3.32,93,53,Yes,0
PERF0006551,EMP03276,2025-H1,3,4.72,88,5,Yes,15
PERF0006552,EMP03276,2025-H2,3,3.95,89,7,Yes,8
PERF0006553,EMP03277,2025-H1,5,2.51,97,55,No,10
PERF0006554,EMP03277,2025-H2,4,4.91,66,28,No,5
PERF0006555,EMP03278,2025-H1,2,3.96,83,0,No,0
PERF0006556,EMP03278,2025-H2,5,4.51,82,51,Yes,10
PERF0006557,EMP03279,2025-H1,4,4.06,90,16,Yes,0
PERF0006558,EMP03279,2025-H2,5,4.18,92,59,Yes,10
PERF0006559,EMP03280,2025-H1,3,4.76,94,40,Yes,0
PERF0006560,EMP03280,2025-H2,3,2.71,100,33,Yes,15
PERF0006561,EMP03281,2025-H1,2,4.67,72,12,No,0
PERF0006562,EMP03281,2025-H2,4,2.89,62,12,Yes,12
PERF0006563,EMP03282,2025-H1,2,3.02,80,53,Yes,15
PERF0006564,EMP03282,2025-H2,2,4.35,80,29,Yes,12
PERF0006565,EMP03283,2025-H1,3,3.41,87,5,Yes,0
PERF0006566,EMP03283,2025-H2,3,4.13,79,44,Yes,10
PERF0006567,EMP03284,2025-H1,4,3.1,75,11,No,15
PERF0006568,EMP03284,2025-H2,4,4.32,80,59,No,12
PERF0006569,EMP03285,2025-H1,4,4.46,96,23,Yes,10
PERF0006570,EMP03285,2025-H2,3,2.56,68,6,Yes,15
PERF0006571,EMP03286,2025-H1,2,3.55,74,0,No,5
PERF0006572,EMP03286,2025-H2,2,4.73,89,44,Yes,5
PERF0006573,EMP03287,2025-H1,5,2.71,69,8,Yes,0
PERF0006574,EMP03287,2025-H2,4,3.9,70,40,Yes,10
PERF0006575,EMP03288,2025-H1,2,2.63,72,6,No,5
PERF0006576,EMP03288,2025-H2,4,2.96,66,17,Yes,15
PERF0006577,EMP03289,2025-H1,2,2.72,97,34,No,5
PERF0006578,EMP03289,2025-H2,4,4.97,89,42,No,12
PERF0006579,EMP03290,2025-H1,2,3.57,95,3,No,5
PERF0006580,EMP03290,2025-H2,3,2.89,88,57,No,12
PERF0006581,EMP03291,2025-H1,2,2.71,84,53,Yes,10
PERF0006582,EMP03291,2025-H2,3,3.12,64,40,No,8
PERF0006583,EMP03292,2025-H1,2,3.99,86,57,Yes,0
PERF0006584,EMP03292,2025-H2,2,2.85,87,18,Yes,10
PERF0006585,EMP03293,2025-H1,4,3.64,65,15,Yes,0
PERF0006586,EMP03293,2025-H2,3,3.93,64,25,Yes,15
PERF0006587,EMP03294,2025-H1,2,3.36,64,18,No,10
PERF0006588,EMP03294,2025-H2,4,3.85,67,25,No,10
PERF0006589,EMP03295,2025-H1,5,3.41,95,12,No,8
PERF0006590,EMP03295,2025-H2,5,4.63,100,23,No,0
PERF0006591,EMP03296,2025-H1,3,3.09,69,0,No,8
PERF0006592,EMP03296,2025-H2,4,4.82,85,5,No,5
PERF0006593,EMP03297,2025-H1,5,4.4,70,24,Yes,10
PERF0006594,EMP03297,2025-H2,5,2.78,75,39,Yes,15
PERF0006595,EMP03298,2025-H1,2,4.22,79,27,No,0
PERF0006596,EMP03298,2025-H2,4,2.54,77,57,Yes,0
PERF0006597,EMP03299,2025-H1,5,3.96,92,2,Yes,12
PERF0006598,EMP03299,2025-H2,3,4.55,94,41,No,10
PERF0006599,EMP03300,2025-H1,5,3.79,79,58,Yes,5
PERF0006600,EMP03300,2025-H2,2,4.26,80,21,No,8
PERF0006601,EMP03301,2025-H1,5,4.44,63,34,Yes,10
PERF0006602,EMP03301,2025-H2,5,2.5,62,26,Yes,5
PERF0006603,EMP03302,2025-H1,5,3.07,65,4,Yes,8
PERF0006604,EMP03302,2025-H2,2,4.54,69,16,Yes,0
PERF0006605,EMP03303,2025-H1,5,3.14,71,8,No,15
PERF0006606,EMP03303,2025-H2,3,4.1,64,33,Yes,5
PERF0006607,EMP03304,2025-H1,5,2.57,94,11,Yes,12
PERF0006608,EMP03304,2025-H2,3,3.62,78,2,Yes,15
PERF0006609,EMP03305,2025-H1,3,2.71,64,8,No,0
PERF0006610,EMP03305,2025-H2,4,3.68,92,38,Yes,5
PERF0006611,EMP03306,2025-H1,5,3.59,67,29,Yes,15
PERF0006612,EMP03306,2025-H2,2,2.94,72,7,No,5
PERF0006613,EMP03307,2025-H1,5,3.86,81,8,Yes,0
PERF0006614,EMP03307,2025-H2,5,4.43,81,60,Yes,10
PERF0006615,EMP03308,2025-H1,2,4.59,90,0,Yes,0
PERF0006616,EMP03308,2025-H2,2,3.34,73,34,No,5
PERF0006617,EMP03309,2025-H1,4,3.63,90,16,Yes,5
PERF0006618,EMP03309,2025-H2,5,3.34,93,14,No,0
PERF0006619,EMP03310,2025-H1,5,2.67,81,20,Yes,12
PERF0006620,EMP03310,2025-H2,2,2.78,73,1,No,10
PERF0006621,EMP03311,2025-H1,5,3.08,73,8,Yes,8
PERF0006622,EMP03311,2025-H2,3,4.53,69,7,Yes,12
PERF0006623,EMP03312,2025-H1,4,3.27,89,59,No,8
PERF0006624,EMP03312,2025-H2,4,4.49,61,60,Yes,8
PERF0006625,EMP03313,2025-H1,5,3.59,66,22,No,15
PERF0006626,EMP03313,2025-H2,5,3.3,87,37,Yes,15
PERF0006627,EMP03314,2025-H1,5,3.45,90,5,Yes,10
PERF0006628,EMP03314,2025-H2,5,3.76,94,44,Yes,10
PERF0006629,EMP03315,2025-H1,3,4.46,91,36,No,5
PERF0006630,EMP03315,2025-H2,4,3.18,63,59,Yes,10
PERF0006631,EMP03316,2025-H1,2,2.55,83,16,No,10
PERF0006632,EMP03316,2025-H2,4,2.7,79,4,No,10
PERF0006633,EMP03317,2025-H1,4,4.91,86,9,No,0
PERF0006634,EMP03317,2025-H2,3,4.75,88,14,No,8
PERF0006635,EMP03318,2025-H1,5,4.72,83,15,Yes,12
PERF0006636,EMP03318,2025-H2,4,2.99,96,39,No,8
PERF0006637,EMP03319,2025-H1,4,3.91,78,21,No,8
PERF0006638,EMP03319,2025-H2,4,2.71,76,17,No,10
PERF0006639,EMP03320,2025-H1,5,3.67,60,55,No,10
PERF0006640,EMP03320,2025-H2,3,2.95,63,20,No,12
PERF0006641,EMP03321,2025-H1,2,3.34,66,13,Yes,10
PERF0006642,EMP03321,2025-H2,4,4.22,80,38,Yes,5
PERF0006643,EMP03322,2025-H1,5,4.79,97,40,Yes,15
PERF0006644,EMP03322,2025-H2,5,3.95,100,8,No,5
PERF0006645,EMP03323,2025-H1,4,4.63,70,41,No,0
PERF0006646,EMP03323,2025-H2,5,3.02,76,5,Yes,8
PERF0006647,EMP03324,2025-H1,4,4.71,97,25,Yes,12
PERF0006648,EMP03324,2025-H2,5,4.89,99,59,No,5
PERF0006649,EMP03325,2025-H1,2,4.58,89,3,Yes,8
PERF0006650,EMP03325,2025-H2,2,4.77,61,19,No,12
PERF0006651,EMP03326,2025-H1,4,2.65,82,45,No,15
PERF0006652,EMP03326,2025-H2,2,3.05,71,60,Yes,15
PERF0006653,EMP03327,2025-H1,2,4.28,86,12,Yes,5
PERF0006654,EMP03327,2025-H2,5,2.75,81,59,No,8
PERF0006655,EMP03328,2025-H1,3,2.93,68,18,Yes,15
PERF0006656,EMP03328,2025-H2,3,3.18,74,45,No,15
PERF0006657,EMP03329,2025-H1,4,4.96,97,3,No,5
PERF0006658,EMP03329,2025-H2,5,2.99,63,9,No,10
PERF0006659,EMP03330,2025-H1,4,4.35,71,10,No,5
PERF0006660,EMP03330,2025-H2,5,2.98,65,12,No,15
PERF0006661,EMP03331,2025-H1,4,2.84,73,52,No,10
PERF0006662,EMP03331,2025-H2,2,4.46,63,11,No,0
PERF0006663,EMP03332,2025-H1,3,4.14,97,27,Yes,5
PERF0006664,EMP03332,2025-H2,2,2.74,68,2,No,8
PERF0006665,EMP03333,2025-H1,4,4.38,66,55,Yes,0
PERF0006666,EMP03333,2025-H2,5,4.16,63,13,Yes,5
PERF0006667,EMP03334,2025-H1,3,2.56,62,28,Yes,5
PERF0006668,EMP03334,2025-H2,4,3.79,80,59,Yes,15
PERF0006669,EMP03335,2025-H1,3,2.65,89,23,No,12
PERF0006670,EMP03335,2025-H2,4,4.52,72,25,Yes,5
PERF0006671,EMP03336,2025-H1,5,3.35,79,25,Yes,10
PERF0006672,EMP03336,2025-H2,2,4.86,99,29,No,0
PERF0006673,EMP03337,2025-H1,5,4.12,99,9,No,12
PERF0006674,EMP03337,2025-H2,4,4.15,87,56,Yes,12
PERF0006675,EMP03338,2025-H1,4,4.89,76,12,No,12
PERF0006676,EMP03338,2025-H2,5,2.69,74,29,No,0
PERF0006677,EMP03339,2025-H1,2,3.18,75,8,Yes,10
PERF0006678,EMP03339,2025-H2,2,4.39,78,12,Yes,5
PERF0006679,EMP03340,2025-H1,2,3.74,75,15,Yes,8
PERF0006680,EMP03340,2025-H2,3,3.24,61,20,No,8
PERF0006681,EMP03341,2025-H1,3,4.34,82,57,No,8
PERF0006682,EMP03341,2025-H2,2,3.92,97,8,No,8
PERF0006683,EMP03342,2025-H1,5,4.42,66,16,No,5
PERF0006684,EMP03342,2025-H2,4,3.52,94,20,No,5
PERF0006685,EMP03343,2025-H1,4,4.56,92,27,Yes,10
PERF0006686,EMP03343,2025-H2,2,3.86,67,30,No,5
PERF0006687,EMP03344,2025-H1,2,4.12,93,60,Yes,5
PERF0006688,EMP03344,2025-H2,3,2.8,97,40,Yes,15
PERF0006689,EMP03345,2025-H1,3,3.3,71,44,No,15
PERF0006690,EMP03345,2025-H2,4,4.43,87,12,No,15
PERF0006691,EMP03346,2025-H1,5,3.45,69,0,No,8
PERF0006692,EMP03346,2025-H2,4,2.67,70,25,No,15
PERF0006693,EMP03347,2025-H1,4,2.83,64,52,Yes,5
PERF0006694,EMP03347,2025-H2,2,3.51,76,4,No,0
PERF0006695,EMP03348,2025-H1,5,4.2,72,56,Yes,10
PERF0006696,EMP03348,2025-H2,5,4.83,77,34,No,12
PERF0006697,EMP03349,2025-H1,2,3.51,81,36,Yes,10
PERF0006698,EMP03349,2025-H2,4,4.31,90,2,No,5
PERF0006699,EMP03350,2025-H1,2,3.65,64,39,No,0
PERF0006700,EMP03350,2025-H2,3,4.42,61,50,Yes,8
PERF0006701,EMP03351,2025-H1,3,3.5,89,32,Yes,0
PERF0006702,EMP03351,2025-H2,5,3.49,72,1,Yes,8
PERF0006703,EMP03352,2025-H1,2,2.75,94,35,Yes,15
PERF0006704,EMP03352,2025-H2,4,4.37,93,12,No,0
PERF0006705,EMP03353,2025-H1,5,4.66,99,34,No,0
PERF0006706,EMP03353,2025-H2,2,3.28,85,1,Yes,8
PERF0006707,EMP03354,2025-H1,3,2.64,74,10,No,10
PERF0006708,EMP03354,2025-H2,3,2.64,68,60,No,15
PERF0006709,EMP03355,2025-H1,3,4.34,75,51,No,15
PERF0006710,EMP03355,2025-H2,3,4.26,94,50,No,8
PERF0006711,EMP03356,2025-H1,5,4.45,62,53,Yes,8
PERF0006712,EMP03356,2025-H2,5,2.94,82,28,Yes,10
PERF0006713,EMP03357,2025-H1,4,3.5,68,54,No,8
PERF0006714,EMP03357,2025-H2,4,4.83,94,59,No,0
PERF0006715,EMP03358,2025-H1,4,2.75,96,60,Yes,12
PERF0006716,EMP03358,2025-H2,5,4.67,93,1,Yes,5
PERF0006717,EMP03359,2025-H1,4,3.51,97,18,Yes,8
PERF0006718,EMP03359,2025-H2,3,4.0,72,23,No,10
PERF0006719,EMP03360,2025-H1,2,3.75,73,50,Yes,0
PERF0006720,EMP03360,2025-H2,3,3.52,60,19,Yes,15
PERF0006721,EMP03361,2025-H1,4,3.08,73,38,No,10
PERF0006722,EMP03361,2025-H2,5,3.37,79,40,No,10
PERF0006723,EMP03362,2025-H1,2,4.73,95,34,Yes,5
PERF0006724,EMP03362,2025-H2,3,3.43,82,25,No,5
PERF0006725,EMP03363,2025-H1,2,4.01,66,26,No,8
PERF0006726,EMP03363,2025-H2,3,3.98,98,46,Yes,10
PERF0006727,EMP03364,2025-H1,2,2.89,81,0,Yes,12
PERF0006728,EMP03364,2025-H2,5,4.8,92,45,No,10
PERF0006729,EMP03365,2025-H1,3,3.97,70,13,Yes,5
PERF0006730,EMP03365,2025-H2,2,4.21,62,51,Yes,15
PERF0006731,EMP03366,2025-H1,5,4.48,61,48,No,8
PERF0006732,EMP03366,2025-H2,3,2.75,76,4,Yes,10
PERF0006733,EMP03367,2025-H1,5,3.99,67,54,No,0
PERF0006734,EMP03367,2025-H2,4,4.09,95,4,No,0
PERF0006735,EMP03368,2025-H1,5,3.35,85,10,No,0
PERF0006736,EMP03368,2025-H2,4,3.8,67,10,Yes,0
PERF0006737,EMP03369,2025-H1,4,3.83,97,39,Yes,8
PERF0006738,EMP03369,2025-H2,3,4.41,70,19,No,12
PERF0006739,EMP03370,2025-H1,4,3.37,61,55,Yes,0
PERF0006740,EMP03370,2025-H2,2,2.54,75,27,Yes,15
PERF0006741,EMP03371,2025-H1,2,3.54,78,4,No,0
PERF0006742,EMP03371,2025-H2,3,4.42,80,43,Yes,8
PERF0006743,EMP03372,2025-H1,3,4.74,62,47,Yes,5
PERF0006744,EMP03372,2025-H2,4,4.84,61,38,Yes,15
PERF0006745,EMP03373,2025-H1,2,3.45,90,25,Yes,8
PERF0006746,EMP03373,2025-H2,4,3.47,70,24,Yes,15
PERF0006747,EMP03374,2025-H1,5,3.56,74,5,No,5
PERF0006748,EMP03374,2025-H2,4,2.83,91,56,Yes,8
PERF0006749,EMP03375,2025-H1,4,3.05,90,56,No,8
PERF0006750,EMP03375,2025-H2,4,2.76,73,31,No,8
PERF0006751,EMP03376,2025-H1,5,2.56,69,32,Yes,0
PERF0006752,EMP03376,2025-H2,4,3.19,80,17,No,12
PERF0006753,EMP03377,2025-H1,5,3.09,88,36,Yes,0
PERF0006754,EMP03377,2025-H2,2,3.86,78,42,No,10
PERF0006755,EMP03378,2025-H1,5,3.28,73,44,Yes,15
PERF0006756,EMP03378,2025-H2,2,3.97,92,39,Yes,0
PERF0006757,EMP03379,2025-H1,5,4.38,72,16,No,0
PERF0006758,EMP03379,2025-H2,3,4.26,93,20,Yes,12
PERF0006759,EMP03380,2025-H1,3,2.93,67,31,Yes,10
PERF0006760,EMP03380,2025-H2,4,4.31,98,31,Yes,10
PERF0006761,EMP03381,2025-H1,4,3.98,65,31,No,5
PERF0006762,EMP03381,2025-H2,4,4.37,63,42,Yes,5
PERF0006763,EMP03382,2025-H1,2,3.26,66,6,No,10
PERF0006764,EMP03382,2025-H2,2,3.05,68,44,Yes,5
PERF0006765,EMP03383,2025-H1,4,4.61,81,51,No,10
PERF0006766,EMP03383,2025-H2,5,4.4,89,58,No,10
PERF0006767,EMP03384,2025-H1,2,3.83,95,19,No,5
PERF0006768,EMP03384,2025-H2,4,4.38,62,26,Yes,8
PERF0006769,EMP03385,2025-H1,3,3.58,72,28,No,0
PERF0006770,EMP03385,2025-H2,4,2.8,80,42,No,12
PERF0006771,EMP03386,2025-H1,3,3.57,71,48,No,15
PERF0006772,EMP03386,2025-H2,4,3.3,68,8,No,0
PERF0006773,EMP03387,2025-H1,5,2.67,81,22,No,12
PERF0006774,EMP03387,2025-H2,2,3.39,64,38,Yes,12
PERF0006775,EMP03388,2025-H1,5,4.53,78,29,No,10
PERF0006776,EMP03388,2025-H2,5,4.95,74,21,No,5
PERF0006777,EMP03389,2025-H1,2,4.0,91,41,No,12
PERF0006778,EMP03389,2025-H2,2,2.56,99,44,No,8
PERF0006779,EMP03390,2025-H1,4,2.57,88,3,Yes,12
PERF0006780,EMP03390,2025-H2,3,3.42,63,56,Yes,0
PERF0006781,EMP03391,2025-H1,3,4.02,76,44,Yes,12
PERF0006782,EMP03391,2025-H2,4,4.9,80,47,No,8
PERF0006783,EMP03392,2025-H1,2,4.75,65,55,No,12
PERF0006784,EMP03392,2025-H2,5,4.08,79,17,Yes,10
PERF0006785,EMP03393,2025-H1,3,3.52,65,34,Yes,10
PERF0006786,EMP03393,2025-H2,3,4.73,77,24,No,0
PERF0006787,EMP03394,2025-H1,2,3.5,90,0,Yes,5
PERF0006788,EMP03394,2025-H2,5,3.23,71,43,No,15
PERF0006789,EMP03395,2025-H1,5,2.71,85,0,No,5
PERF0006790,EMP03395,2025-H2,4,4.13,90,34,Yes,8
PERF0006791,EMP03396,2025-H1,2,3.03,84,50,Yes,5
PERF0006792,EMP03396,2025-H2,2,3.71,83,12,No,0
PERF0006793,EMP03397,2025-H1,2,3.5,79,56,Yes,12
PERF0006794,EMP03397,2025-H2,3,3.81,63,35,Yes,12
PERF0006795,EMP03398,2025-H1,5,2.77,72,29,Yes,5
PERF0006796,EMP03398,2025-H2,2,3.41,91,55,Yes,15
PERF0006797,EMP03399,2025-H1,3,3.98,87,43,No,12
PERF0006798,EMP03399,2025-H2,5,2.71,61,36,No,12
PERF0006799,EMP03400,2025-H1,2,3.19,88,31,Yes,8
PERF0006800,EMP03400,2025-H2,5,4.62,91,1,No,12
PERF0006801,EMP03401,2025-H1,4,4.05,87,41,Yes,12
PERF0006802,EMP03401,2025-H2,4,4.21,75,40,Yes,12
PERF0006803,EMP03402,2025-H1,4,3.89,60,14,Yes,5
PERF0006804,EMP03402,2025-H2,5,3.87,96,32,Yes,8
PERF0006805,EMP03403,2025-H1,4,3.97,95,35,No,12
PERF0006806,EMP03403,2025-H2,4,3.11,75,24,Yes,12
PERF0006807,EMP03404,2025-H1,3,4.67,85,24,Yes,10
PERF0006808,EMP03404,2025-H2,5,4.39,98,49,Yes,8
PERF0006809,EMP03405,2025-H1,5,4.09,82,30,Yes,5
PERF0006810,EMP03405,2025-H2,5,3.33,97,23,No,12
PERF0006811,EMP03406,2025-H1,3,4.14,89,40,No,12
PERF0006812,EMP03406,2025-H2,5,3.29,92,34,Yes,10
PERF0006813,EMP03407,2025-H1,3,4.81,67,23,Yes,12
PERF0006814,EMP03407,2025-H2,5,4.77,69,50,Yes,0
PERF0006815,EMP03408,2025-H1,3,2.85,75,27,No,12
PERF0006816,EMP03408,2025-H2,2,2.95,74,55,Yes,8
PERF0006817,EMP03409,2025-H1,3,4.22,72,24,No,15
PERF0006818,EMP03409,2025-H2,3,3.74,93,4,Yes,12
PERF0006819,EMP03410,2025-H1,3,3.0,65,43,Yes,0
PERF0006820,EMP03410,2025-H2,4,3.56,69,12,Yes,8
PERF0006821,EMP03411,2025-H1,3,3.27,71,39,No,15
PERF0006822,EMP03411,2025-H2,2,2.53,83,58,No,0
PERF0006823,EMP03412,2025-H1,5,3.04,60,60,No,12
PERF0006824,EMP03412,2025-H2,2,4.43,76,3,No,12
PERF0006825,EMP03413,2025-H1,5,3.22,62,60,Yes,5
PERF0006826,EMP03413,2025-H2,2,4.53,97,25,No,15
PERF0006827,EMP03414,2025-H1,5,4.56,84,60,No,8
PERF0006828,EMP03414,2025-H2,4,3.65,85,22,No,0
PERF0006829,EMP03415,2025-H1,3,4.45,68,45,No,10
PERF0006830,EMP03415,2025-H2,4,3.72,79,5,No,12
PERF0006831,EMP03416,2025-H1,2,2.81,97,47,No,8
PERF0006832,EMP03416,2025-H2,4,4.63,76,42,No,10
PERF0006833,EMP03417,2025-H1,4,4.32,86,47,Yes,8
PERF0006834,EMP03417,2025-H2,5,3.24,89,46,No,8
PERF0006835,EMP03418,2025-H1,5,4.14,69,16,Yes,5
PERF0006836,EMP03418,2025-H2,5,4.34,86,30,Yes,5
PERF0006837,EMP03419,2025-H1,3,3.37,79,54,Yes,8
PERF0006838,EMP03419,2025-H2,3,3.33,79,10,Yes,5
PERF0006839,EMP03420,2025-H1,3,2.97,70,14,No,5
PERF0006840,EMP03420,2025-H2,2,3.27,85,22,No,5
PERF0006841,EMP03421,2025-H1,5,2.56,67,0,Yes,10
PERF0006842,EMP03421,2025-H2,3,3.79,99,56,Yes,15
PERF0006843,EMP03422,2025-H1,3,4.33,91,51,Yes,0
PERF0006844,EMP03422,2025-H2,2,2.82,60,24,Yes,12
PERF0006845,EMP03423,2025-H1,5,4.92,81,32,No,8
PERF0006846,EMP03423,2025-H2,5,2.8,63,19,No,8
PERF0006847,EMP03424,2025-H1,3,3.88,81,18,Yes,0
PERF0006848,EMP03424,2025-H2,3,4.94,88,22,No,5
PERF0006849,EMP03425,2025-H1,2,3.95,74,2,Yes,0
PERF0006850,EMP03425,2025-H2,3,3.91,91,27,Yes,0
PERF0006851,EMP03426,2025-H1,3,4.35,88,36,No,5
PERF0006852,EMP03426,2025-H2,5,4.26,79,49,Yes,0
PERF0006853,EMP03427,2025-H1,3,3.09,76,38,Yes,12
PERF0006854,EMP03427,2025-H2,5,3.35,78,54,No,5
PERF0006855,EMP03428,2025-H1,3,4.31,76,57,Yes,8
PERF0006856,EMP03428,2025-H2,4,3.59,94,21,No,8
PERF0006857,EMP03429,2025-H1,4,3.01,89,10,Yes,8
PERF0006858,EMP03429,2025-H2,2,3.43,90,42,No,12
PERF0006859,EMP03430,2025-H1,4,3.08,75,56,Yes,15
PERF0006860,EMP03430,2025-H2,4,4.25,91,0,No,12
PERF0006861,EMP03431,2025-H1,5,2.83,83,34,Yes,12
PERF0006862,EMP03431,2025-H2,4,4.87,82,12,No,5
PERF0006863,EMP03432,2025-H1,2,4.78,86,48,Yes,10
PERF0006864,EMP03432,2025-H2,3,3.0,70,57,Yes,8
PERF0006865,EMP03433,2025-H1,2,2.54,100,44,No,5
PERF0006866,EMP03433,2025-H2,2,3.58,66,35,No,15
PERF0006867,EMP03434,2025-H1,2,4.83,80,27,No,12
PERF0006868,EMP03434,2025-H2,4,2.53,72,30,Yes,10
PERF0006869,EMP03435,2025-H1,5,4.21,83,7,Yes,5
PERF0006870,EMP03435,2025-H2,3,3.65,81,4,No,5
PERF0006871,EMP03436,2025-H1,5,4.71,89,39,No,0
PERF0006872,EMP03436,2025-H2,5,4.81,66,43,No,12
PERF0006873,EMP03437,2025-H1,5,3.83,97,18,No,12
PERF0006874,EMP03437,2025-H2,5,3.74,92,52,Yes,0
PERF0006875,EMP03438,2025-H1,3,3.01,84,51,No,8
PERF0006876,EMP03438,2025-H2,3,3.98,75,57,No,12
PERF0006877,EMP03439,2025-H1,3,4.57,92,11,Yes,12
PERF0006878,EMP03439,2025-H2,2,4.85,60,5,No,10
PERF0006879,EMP03440,2025-H1,5,4.37,67,28,Yes,0
PERF0006880,EMP03440,2025-H2,5,3.36,97,47,No,5
PERF0006881,EMP03441,2025-H1,5,3.82,72,29,Yes,5
PERF0006882,EMP03441,2025-H2,4,2.86,95,1,No,10
PERF0006883,EMP03442,2025-H1,5,4.62,71,31,No,0
PERF0006884,EMP03442,2025-H2,4,2.69,98,2,Yes,0
PERF0006885,EMP03443,2025-H1,2,4.18,71,10,No,8
PERF0006886,EMP03443,2025-H2,2,3.45,71,22,No,12
PERF0006887,EMP03444,2025-H1,2,4.54,76,21,Yes,0
PERF0006888,EMP03444,2025-H2,5,4.88,78,52,Yes,0
PERF0006889,EMP03445,2025-H1,4,3.55,78,27,Yes,0
PERF0006890,EMP03445,2025-H2,3,4.63,99,32,No,12
PERF0006891,EMP03446,2025-H1,4,2.62,69,37,No,10
PERF0006892,EMP03446,2025-H2,2,2.7,86,3,No,15
PERF0006893,EMP03447,2025-H1,4,3.12,98,8,Yes,15
PERF0006894,EMP03447,2025-H2,4,4.49,79,51,Yes,8
PERF0006895,EMP03448,2025-H1,5,3.75,65,51,No,15
PERF0006896,EMP03448,2025-H2,2,4.25,64,42,No,15
PERF0006897,EMP03449,2025-H1,4,4.06,60,36,No,5
PERF0006898,EMP03449,2025-H2,3,3.44,85,57,No,0
PERF0006899,EMP03450,2025-H1,4,3.62,83,26,Yes,12
PERF0006900,EMP03450,2025-H2,5,4.91,77,5,Yes,0
PERF0006901,EMP03451,2025-H1,4,3.54,85,13,Yes,8
PERF0006902,EMP03451,2025-H2,3,3.58,77,22,Yes,10
PERF0006903,EMP03452,2025-H1,5,4.74,67,36,Yes,0
PERF0006904,EMP03452,2025-H2,5,4.99,82,2,No,12
PERF0006905,EMP03453,2025-H1,4,3.69,70,11,No,8
PERF0006906,EMP03453,2025-H2,2,3.14,74,10,No,5
PERF0006907,EMP03454,2025-H1,4,3.04,80,21,Yes,5
PERF0006908,EMP03454,2025-H2,5,4.92,64,27,Yes,5
PERF0006909,EMP03455,2025-H1,2,4.54,81,52,Yes,10
PERF0006910,EMP03455,2025-H2,5,3.34,79,14,No,15
PERF0006911,EMP03456,2025-H1,3,4.1,92,15,Yes,10
PERF0006912,EMP03456,2025-H2,5,2.53,89,48,Yes,12
PERF0006913,EMP03457,2025-H1,4,3.79,85,48,No,0
PERF0006914,EMP03457,2025-H2,2,4.09,75,6,No,10
PERF0006915,EMP03458,2025-H1,5,2.87,81,5,Yes,10
PERF0006916,EMP03458,2025-H2,4,3.93,77,34,No,10
PERF0006917,EMP03459,2025-H1,3,4.32,71,35,No,15
PERF0006918,EMP03459,2025-H2,4,2.9,83,31,Yes,10
PERF0006919,EMP03460,2025-H1,5,3.45,77,34,Yes,0
PERF0006920,EMP03460,2025-H2,3,3.63,73,22,No,0
PERF0006921,EMP03461,2025-H1,3,4.05,99,25,Yes,5
PERF0006922,EMP03461,2025-H2,2,4.19,66,57,Yes,10
PERF0006923,EMP03462,2025-H1,4,3.03,67,21,Yes,0
PERF0006924,EMP03462,2025-H2,5,3.33,94,24,Yes,8
PERF0006925,EMP03463,2025-H1,5,4.76,77,34,Yes,0
PERF0006926,EMP03463,2025-H2,5,4.98,66,15,Yes,15
PERF0006927,EMP03464,2025-H1,5,3.19,91,3,Yes,12
PERF0006928,EMP03464,2025-H2,5,3.53,72,23,No,5
PERF0006929,EMP03465,2025-H1,3,2.76,88,0,No,8
PERF0006930,EMP03465,2025-H2,2,2.53,61,44,No,0
PERF0006931,EMP03466,2025-H1,5,4.05,83,21,Yes,10
PERF0006932,EMP03466,2025-H2,3,4.89,98,59,No,10
PERF0006933,EMP03467,2025-H1,3,4.5,64,55,No,12
PERF0006934,EMP03467,2025-H2,5,4.4,89,32,Yes,5
PERF0006935,EMP03468,2025-H1,5,4.36,98,30,No,5
PERF0006936,EMP03468,2025-H2,3,4.26,61,17,No,5
PERF0006937,EMP03469,2025-H1,3,4.55,70,56,Yes,5
PERF0006938,EMP03469,2025-H2,5,4.58,60,49,No,10
PERF0006939,EMP03470,2025-H1,3,2.75,97,18,Yes,15
PERF0006940,EMP03470,2025-H2,4,4.95,91,33,No,8
PERF0006941,EMP03471,2025-H1,3,3.72,97,38,Yes,8
PERF0006942,EMP03471,2025-H2,5,3.73,87,38,No,8
PERF0006943,EMP03472,2025-H1,5,4.06,77,22,Yes,8
PERF0006944,EMP03472,2025-H2,5,4.86,91,27,Yes,0
PERF0006945,EMP03473,2025-H1,4,4.65,88,2,Yes,10
PERF0006946,EMP03473,2025-H2,4,3.12,88,53,Yes,15
PERF0006947,EMP03474,2025-H1,4,3.13,83,6,No,15
PERF0006948,EMP03474,2025-H2,3,3.04,76,33,Yes,8
PERF0006949,EMP03475,2025-H1,4,2.87,75,1,No,15
PERF0006950,EMP03475,2025-H2,4,3.56,69,43,Yes,12
PERF0006951,EMP03476,2025-H1,5,3.28,97,49,Yes,0
PERF0006952,EMP03476,2025-H2,2,4.52,70,43,Yes,15
PERF0006953,EMP03477,2025-H1,2,4.73,76,19,No,12
PERF0006954,EMP03477,2025-H2,3,4.78,77,57,Yes,5
PERF0006955,EMP03478,2025-H1,5,4.85,64,40,No,15
PERF0006956,EMP03478,2025-H2,3,2.99,62,34,Yes,0
PERF0006957,EMP03479,2025-H1,4,3.68,63,6,Yes,10
PERF0006958,EMP03479,2025-H2,4,2.73,80,18,Yes,8
PERF0006959,EMP03480,2025-H1,2,4.15,77,14,Yes,8
PERF0006960,EMP03480,2025-H2,5,2.88,70,43,Yes,8
PERF0006961,EMP03481,2025-H1,4,4.6,72,52,Yes,15
PERF0006962,EMP03481,2025-H2,5,3.04,96,5,No,0
PERF0006963,EMP03482,2025-H1,5,4.35,70,19,Yes,15
PERF0006964,EMP03482,2025-H2,5,4.7,94,17,No,8
PERF0006965,EMP03483,2025-H1,5,4.82,98,35,No,5
PERF0006966,EMP03483,2025-H2,2,3.43,81,23,Yes,15
PERF0006967,EMP03484,2025-H1,5,4.62,60,46,No,12
PERF0006968,EMP03484,2025-H2,3,4.2,72,38,No,8
PERF0006969,EMP03485,2025-H1,3,4.7,79,19,No,15
PERF0006970,EMP03485,2025-H2,4,3.22,85,7,Yes,5
PERF0006971,EMP03486,2025-H1,5,3.36,73,33,Yes,12
PERF0006972,EMP03486,2025-H2,3,3.69,79,26,No,12
PERF0006973,EMP03487,2025-H1,2,2.93,63,47,No,12
PERF0006974,EMP03487,2025-H2,2,3.11,63,52,No,10
PERF0006975,EMP03488,2025-H1,3,4.97,62,23,No,0
PERF0006976,EMP03488,2025-H2,4,4.45,83,28,Yes,8
PERF0006977,EMP03489,2025-H1,2,3.75,97,1,Yes,12
PERF0006978,EMP03489,2025-H2,3,4.97,79,13,Yes,15
PERF0006979,EMP03490,2025-H1,5,2.59,78,56,Yes,15
PERF0006980,EMP03490,2025-H2,4,3.45,74,26,No,10
PERF0006981,EMP03491,2025-H1,4,3.49,71,54,Yes,10
PERF0006982,EMP03491,2025-H2,5,3.33,79,18,No,15
PERF0006983,EMP03492,2025-H1,5,3.15,68,43,No,5
PERF0006984,EMP03492,2025-H2,5,3.45,64,15,Yes,15
PERF0006985,EMP03493,2025-H1,5,4.77,99,42,No,8
PERF0006986,EMP03493,2025-H2,2,2.58,68,54,No,0
PERF0006987,EMP03494,2025-H1,3,2.89,92,21,Yes,5
PERF0006988,EMP03494,2025-H2,2,3.64,69,44,Yes,5
PERF0006989,EMP03495,2025-H1,4,2.87,72,41,No,0
PERF0006990,EMP03495,2025-H2,2,2.91,74,54,Yes,8
PERF0006991,EMP03496,2025-H1,3,4.44,68,25,Yes,5
PERF0006992,EMP03496,2025-H2,2,3.67,96,16,Yes,15
PERF0006993,EMP03497,2025-H1,4,4.5,65,47,No,10
PERF0006994,EMP03497,2025-H2,5,3.36,92,29,Yes,0
PERF0006995,EMP03498,2025-H1,3,2.58,92,58,No,5
PERF0006996,EMP03498,2025-H2,3,2.87,98,58,No,8
PERF0006997,EMP03499,2025-H1,5,2.84,96,14,Yes,12
PERF0006998,EMP03499,2025-H2,4,4.9,93,8,No,0
PERF0006999,EMP03500,2025-H1,4,4.27,92,52,No,10
PERF0007000,EMP03500,2025-H2,5,3.71,72,1,No,0
PERF0007001,EMP03501,2025-H1,2,2.97,79,18,Yes,15
PERF0007002,EMP03501,2025-H2,4,4.14,77,48,Yes,5
PERF0007003,EMP03502,2025-H1,4,4.64,96,25,No,5
PERF0007004,EMP03502,2025-H2,4,2.77,60,56,Yes,10
PERF0007005,EMP03503,2025-H1,5,3.35,70,11,No,5
PERF0007006,EMP03503,2025-H2,4,2.82,83,56,Yes,12
PERF0007007,EMP03504,2025-H1,2,4.35,84,32,No,8
PERF0007008,EMP03504,2025-H2,2,2.68,77,19,Yes,5
PERF0007009,EMP03505,2025-H1,2,3.17,99,32,Yes,0
PERF0007010,EMP03505,2025-H2,2,4.68,70,20,No,10
PERF0007011,EMP03506,2025-H1,4,4.41,67,46,No,5
PERF0007012,EMP03506,2025-H2,3,3.67,79,46,No,12
PERF0007013,EMP03507,2025-H1,3,2.85,75,4,Yes,8
PERF0007014,EMP03507,2025-H2,3,3.42,63,57,No,5
PERF0007015,EMP03508,2025-H1,2,3.25,72,17,Yes,15
PERF0007016,EMP03508,2025-H2,2,2.68,62,32,Yes,8
PERF0007017,EMP03509,2025-H1,3,3.64,60,25,Yes,5
PERF0007018,EMP03509,2025-H2,4,4.71,61,15,Yes,0
PERF0007019,EMP03510,2025-H1,5,4.46,91,40,No,8
PERF0007020,EMP03510,2025-H2,4,3.12,78,44,No,8
PERF0007021,EMP03511,2025-H1,2,3.74,75,39,No,5
PERF0007022,EMP03511,2025-H2,4,4.0,98,48,Yes,0
PERF0007023,EMP03512,2025-H1,4,3.37,83,42,Yes,0
PERF0007024,EMP03512,2025-H2,4,2.72,74,4,Yes,5
PERF0007025,EMP03513,2025-H1,3,4.85,60,34,No,15
PERF0007026,EMP03513,2025-H2,5,3.33,63,30,No,15
PERF0007027,EMP03514,2025-H1,5,3.72,74,2,No,0
PERF0007028,EMP03514,2025-H2,2,2.9,95,16,No,15
PERF0007029,EMP03515,2025-H1,4,4.88,84,32,No,8
PERF0007030,EMP03515,2025-H2,5,3.41,96,28,Yes,12
PERF0007031,EMP03516,2025-H1,5,4.84,95,36,No,8
PERF0007032,EMP03516,2025-H2,2,3.59,98,16,No,15
PERF0007033,EMP03517,2025-H1,4,3.82,73,17,Yes,0
PERF0007034,EMP03517,2025-H2,2,4.17,92,43,No,5
PERF0007035,EMP03518,2025-H1,4,2.6,62,39,Yes,12
PERF0007036,EMP03518,2025-H2,3,4.21,95,22,Yes,5
PERF0007037,EMP03519,2025-H1,4,3.42,85,4,No,15
PERF0007038,EMP03519,2025-H2,3,3.96,61,37,No,0
PERF0007039,EMP03520,2025-H1,5,3.45,82,0,No,0
PERF0007040,EMP03520,2025-H2,2,3.82,79,46,Yes,8
PERF0007041,EMP03521,2025-H1,3,3.14,83,56,Yes,5
PERF0007042,EMP03521,2025-H2,5,4.81,95,17,No,15
PERF0007043,EMP03522,2025-H1,4,2.76,85,47,No,10
PERF0007044,EMP03522,2025-H2,2,4.5,84,30,Yes,12
PERF0007045,EMP03523,2025-H1,5,4.82,99,10,No,15
PERF0007046,EMP03523,2025-H2,2,3.72,76,7,No,12
PERF0007047,EMP03524,2025-H1,4,4.29,67,3,No,10
PERF0007048,EMP03524,2025-H2,4,4.9,60,53,No,12
PERF0007049,EMP03525,2025-H1,3,3.99,84,49,Yes,5
PERF0007050,EMP03525,2025-H2,2,3.8,78,39,Yes,15
PERF0007051,EMP03526,2025-H1,5,2.56,95,43,Yes,12
PERF0007052,EMP03526,2025-H2,2,2.76,71,48,Yes,5
PERF0007053,EMP03527,2025-H1,5,4.83,63,17,Yes,8
PERF0007054,EMP03527,2025-H2,2,4.88,97,31,No,12
PERF0007055,EMP03528,2025-H1,4,2.61,68,4,No,15
PERF0007056,EMP03528,2025-H2,4,3.94,94,35,No,15
PERF0007057,EMP03529,2025-H1,4,3.49,65,37,Yes,10
PERF0007058,EMP03529,2025-H2,2,2.54,67,13,No,10
PERF0007059,EMP03530,2025-H1,2,4.31,87,33,No,10
PERF0007060,EMP03530,2025-H2,2,3.28,95,37,Yes,8
PERF0007061,EMP03531,2025-H1,2,3.53,96,55,Yes,5
PERF0007062,EMP03531,2025-H2,5,2.54,75,18,Yes,10
PERF0007063,EMP03532,2025-H1,2,3.56,74,42,No,15
PERF0007064,EMP03532,2025-H2,2,3.06,92,51,No,8
PERF0007065,EMP03533,2025-H1,2,4.37,65,59,No,10
PERF0007066,EMP03533,2025-H2,3,3.37,69,10,No,10
PERF0007067,EMP03534,2025-H1,2,3.8,90,32,Yes,5
PERF0007068,EMP03534,2025-H2,5,2.68,95,29,Yes,15
PERF0007069,EMP03535,2025-H1,5,4.09,65,35,Yes,15
PERF0007070,EMP03535,2025-H2,2,4.74,95,17,No,8
PERF0007071,EMP03536,2025-H1,5,3.62,91,52,Yes,12
PERF0007072,EMP03536,2025-H2,2,4.05,98,34,No,5
PERF0007073,EMP03537,2025-H1,3,3.9,75,35,No,10
PERF0007074,EMP03537,2025-H2,2,4.85,82,8,No,12
PERF0007075,EMP03538,2025-H1,3,2.9,75,58,Yes,5
PERF0007076,EMP03538,2025-H2,3,3.2,75,45,No,0
PERF0007077,EMP03539,2025-H1,2,3.63,76,55,No,10
PERF0007078,EMP03539,2025-H2,3,3.98,91,8,No,12
PERF0007079,EMP03540,2025-H1,5,3.88,90,22,No,8
PERF0007080,EMP03540,2025-H2,2,4.09,63,11,No,5
PERF0007081,EMP03541,2025-H1,4,2.65,95,27,No,15
PERF0007082,EMP03541,2025-H2,2,2.55,82,28,Yes,10
PERF0007083,EMP03542,2025-H1,2,4.9,81,29,Yes,8
PERF0007084,EMP03542,2025-H2,4,4.23,95,24,No,8
PERF0007085,EMP03543,2025-H1,2,3.09,70,40,Yes,10
PERF0007086,EMP03543,2025-H2,4,3.22,61,53,Yes,12
PERF0007087,EMP03544,2025-H1,4,2.72,68,46,Yes,5
PERF0007088,EMP03544,2025-H2,3,4.77,97,28,No,15
PERF0007089,EMP03545,2025-H1,5,3.05,60,35,Yes,10
PERF0007090,EMP03545,2025-H2,3,3.17,90,18,No,12
PERF0007091,EMP03546,2025-H1,4,4.6,90,21,No,12
PERF0007092,EMP03546,2025-H2,3,3.26,68,38,No,0
PERF0007093,EMP03547,2025-H1,3,3.88,96,12,No,10
PERF0007094,EMP03547,2025-H2,4,4.78,65,15,No,8
PERF0007095,EMP03548,2025-H1,2,4.05,96,34,No,10
PERF0007096,EMP03548,2025-H2,3,4.69,96,55,Yes,12
PERF0007097,EMP03549,2025-H1,4,3.95,92,5,Yes,15
PERF0007098,EMP03549,2025-H2,4,4.99,81,7,No,12
PERF0007099,EMP03550,2025-H1,5,4.85,75,59,Yes,0
PERF0007100,EMP03550,2025-H2,3,4.28,96,43,Yes,10
PERF0007101,EMP03551,2025-H1,4,3.55,94,42,Yes,12
PERF0007102,EMP03551,2025-H2,5,4.0,84,42,Yes,10
PERF0007103,EMP03552,2025-H1,2,4.8,63,28,No,15
PERF0007104,EMP03552,2025-H2,3,4.21,80,42,No,5
PERF0007105,EMP03553,2025-H1,4,2.58,83,13,No,0
PERF0007106,EMP03553,2025-H2,4,2.83,68,47,No,12
PERF0007107,EMP03554,2025-H1,2,3.5,86,31,No,5
PERF0007108,EMP03554,2025-H2,2,4.66,68,16,Yes,5
PERF0007109,EMP03555,2025-H1,4,2.87,77,16,Yes,10
PERF0007110,EMP03555,2025-H2,5,3.46,62,54,No,0
PERF0007111,EMP03556,2025-H1,2,3.54,99,22,Yes,8
PERF0007112,EMP03556,2025-H2,3,3.33,97,25,Yes,0
PERF0007113,EMP03557,2025-H1,4,2.81,99,24,Yes,12
PERF0007114,EMP03557,2025-H2,4,3.79,74,12,No,8
PERF0007115,EMP03558,2025-H1,2,3.62,85,24,Yes,0
PERF0007116,EMP03558,2025-H2,4,4.01,68,47,Yes,12
PERF0007117,EMP03559,2025-H1,3,2.78,70,54,Yes,12
PERF0007118,EMP03559,2025-H2,5,2.86,76,56,Yes,0
PERF0007119,EMP03560,2025-H1,4,4.87,65,36,Yes,12
PERF0007120,EMP03560,2025-H2,4,3.32,98,35,No,12
PERF0007121,EMP03561,2025-H1,5,4.89,74,29,Yes,8
PERF0007122,EMP03561,2025-H2,3,3.15,76,54,No,8
PERF0007123,EMP03562,2025-H1,2,4.58,61,48,No,10
PERF0007124,EMP03562,2025-H2,5,2.61,66,23,Yes,0
PERF0007125,EMP03563,2025-H1,5,3.7,61,3,Yes,12
PERF0007126,EMP03563,2025-H2,3,4.04,91,37,Yes,12
PERF0007127,EMP03564,2025-H1,2,3.98,97,27,Yes,15
PERF0007128,EMP03564,2025-H2,4,4.07,65,54,Yes,8
PERF0007129,EMP03565,2025-H1,2,2.6,81,26,Yes,12
PERF0007130,EMP03565,2025-H2,3,2.83,62,49,No,12
PERF0007131,EMP03566,2025-H1,3,3.53,61,41,No,10
PERF0007132,EMP03566,2025-H2,3,4.49,93,19,No,15
PERF0007133,EMP03567,2025-H1,2,3.42,68,56,No,15
PERF0007134,EMP03567,2025-H2,2,4.54,96,25,No,15
PERF0007135,EMP03568,2025-H1,3,2.77,91,33,No,8
PERF0007136,EMP03568,2025-H2,5,2.85,64,16,No,15
PERF0007137,EMP03569,2025-H1,5,3.85,77,14,Yes,5
PERF0007138,EMP03569,2025-H2,4,4.71,65,23,No,10
PERF0007139,EMP03570,2025-H1,3,4.72,77,18,Yes,8
PERF0007140,EMP03570,2025-H2,4,3.7,71,19,Yes,5
PERF0007141,EMP03571,2025-H1,5,4.64,93,2,Yes,12
PERF0007142,EMP03571,2025-H2,3,4.25,75,13,Yes,0
PERF0007143,EMP03572,2025-H1,2,2.96,90,31,No,15
PERF0007144,EMP03572,2025-H2,4,3.09,86,41,No,15
PERF0007145,EMP03573,2025-H1,3,4.51,83,0,No,12
PERF0007146,EMP03573,2025-H2,2,2.62,91,42,Yes,15
PERF0007147,EMP03574,2025-H1,4,2.7,80,32,No,15
PERF0007148,EMP03574,2025-H2,3,3.76,99,1,Yes,8
PERF0007149,EMP03575,2025-H1,3,3.1,97,45,No,10
PERF0007150,EMP03575,2025-H2,2,4.0,92,22,No,5
PERF0007151,EMP03576,2025-H1,5,3.8,72,13,Yes,0
PERF0007152,EMP03576,2025-H2,2,4.61,76,43,Yes,8
PERF0007153,EMP03577,2025-H1,4,3.64,99,31,Yes,5
PERF0007154,EMP03577,2025-H2,2,4.77,82,18,No,10
PERF0007155,EMP03578,2025-H1,5,4.3,97,35,Yes,8
PERF0007156,EMP03578,2025-H2,5,3.65,96,20,Yes,12
PERF0007157,EMP03579,2025-H1,2,3.3,66,6,No,12
PERF0007158,EMP03579,2025-H2,3,4.59,89,3,Yes,12
PERF0007159,EMP03580,2025-H1,2,4.26,69,32,No,10
PERF0007160,EMP03580,2025-H2,4,4.44,72,20,Yes,10
PERF0007161,EMP03581,2025-H1,2,3.23,73,48,No,0
PERF0007162,EMP03581,2025-H2,4,4.61,68,6,No,0
PERF0007163,EMP03582,2025-H1,4,4.4,99,0,No,10
PERF0007164,EMP03582,2025-H2,2,2.65,73,31,Yes,5
PERF0007165,EMP03583,2025-H1,2,4.55,78,7,Yes,5
PERF0007166,EMP03583,2025-H2,2,2.72,60,8,No,10
PERF0007167,EMP03584,2025-H1,3,4.89,79,47,Yes,12
PERF0007168,EMP03584,2025-H2,3,4.31,96,10,No,0
PERF0007169,EMP03585,2025-H1,3,4.1,72,54,Yes,12
PERF0007170,EMP03585,2025-H2,3,3.78,98,31,Yes,0
PERF0007171,EMP03586,2025-H1,2,4.25,83,60,Yes,8
PERF0007172,EMP03586,2025-H2,2,2.73,94,48,No,8
PERF0007173,EMP03587,2025-H1,4,3.55,85,25,No,15
PERF0007174,EMP03587,2025-H2,2,2.56,78,11,Yes,8
PERF0007175,EMP03588,2025-H1,5,3.88,64,7,Yes,5
PERF0007176,EMP03588,2025-H2,3,4.5,60,46,No,12
PERF0007177,EMP03589,2025-H1,3,2.87,96,10,No,12
PERF0007178,EMP03589,2025-H2,2,3.72,81,39,Yes,0
PERF0007179,EMP03590,2025-H1,3,4.41,73,2,No,0
PERF0007180,EMP03590,2025-H2,3,4.83,68,24,No,15
PERF0007181,EMP03591,2025-H1,4,2.98,87,15,Yes,12
PERF0007182,EMP03591,2025-H2,5,2.64,63,34,No,12
PERF0007183,EMP03592,2025-H1,3,3.96,96,46,No,8
PERF0007184,EMP03592,2025-H2,5,4.73,97,45,No,12
PERF0007185,EMP03593,2025-H1,5,3.44,87,49,Yes,10
PERF0007186,EMP03593,2025-H2,4,4.58,67,27,No,8
PERF0007187,EMP03594,2025-H1,5,4.46,94,13,Yes,15
PERF0007188,EMP03594,2025-H2,5,4.86,72,32,Yes,15
PERF0007189,EMP03595,2025-H1,3,2.99,86,4,Yes,0
PERF0007190,EMP03595,2025-H2,2,2.82,76,26,Yes,8
PERF0007191,EMP03596,2025-H1,4,4.29,94,5,No,12
PERF0007192,EMP03596,2025-H2,3,4.88,67,4,Yes,10
PERF0007193,EMP03597,2025-H1,5,4.98,81,4,No,10
PERF0007194,EMP03597,2025-H2,3,4.5,75,38,Yes,8
PERF0007195,EMP03598,2025-H1,2,4.26,90,12,No,12
PERF0007196,EMP03598,2025-H2,4,4.4,81,2,Yes,5
PERF0007197,EMP03599,2025-H1,4,3.69,95,27,Yes,12
PERF0007198,EMP03599,2025-H2,3,4.22,94,18,Yes,12
PERF0007199,EMP03600,2025-H1,2,4.8,94,43,Yes,12
PERF0007200,EMP03600,2025-H2,2,2.58,60,25,Yes,8
PERF0007201,EMP03601,2025-H1,5,2.89,94,4,No,0
PERF0007202,EMP03601,2025-H2,5,4.18,92,40,Yes,0
PERF0007203,EMP03602,2025-H1,2,2.68,76,34,No,5
PERF0007204,EMP03602,2025-H2,5,3.16,66,29,No,0
PERF0007205,EMP03603,2025-H1,3,4.45,83,58,Yes,12
PERF0007206,EMP03603,2025-H2,2,3.19,80,45,No,15
PERF0007207,EMP03604,2025-H1,3,4.24,96,18,No,12
PERF0007208,EMP03604,2025-H2,4,3.33,81,19,No,8
PERF0007209,EMP03605,2025-H1,2,3.85,78,2,Yes,5
PERF0007210,EMP03605,2025-H2,3,4.96,89,49,Yes,8
PERF0007211,EMP03606,2025-H1,5,3.72,62,43,No,0
PERF0007212,EMP03606,2025-H2,5,4.87,93,52,Yes,0
PERF0007213,EMP03607,2025-H1,3,4.16,62,1,No,15
PERF0007214,EMP03607,2025-H2,5,3.1,85,49,Yes,0
PERF0007215,EMP03608,2025-H1,3,4.78,89,60,No,0
PERF0007216,EMP03608,2025-H2,2,4.61,93,55,Yes,12
PERF0007217,EMP03609,2025-H1,2,4.95,90,28,No,5
PERF0007218,EMP03609,2025-H2,3,3.3,64,58,No,12
PERF0007219,EMP03610,2025-H1,2,2.59,93,15,Yes,15
PERF0007220,EMP03610,2025-H2,4,4.5,69,5,Yes,10
PERF0007221,EMP03611,2025-H1,2,2.81,89,8,Yes,15
PERF0007222,EMP03611,2025-H2,5,3.33,76,22,Yes,15
PERF0007223,EMP03612,2025-H1,4,4.49,72,60,No,0
PERF0007224,EMP03612,2025-H2,2,4.5,65,24,Yes,15
PERF0007225,EMP03613,2025-H1,4,4.27,60,13,Yes,5
PERF0007226,EMP03613,2025-H2,5,4.42,89,4,Yes,8
PERF0007227,EMP03614,2025-H1,3,2.6,67,10,No,12
PERF0007228,EMP03614,2025-H2,5,3.76,90,58,Yes,8
PERF0007229,EMP03615,2025-H1,4,3.86,87,5,No,15
PERF0007230,EMP03615,2025-H2,4,4.49,64,59,No,8
PERF0007231,EMP03616,2025-H1,3,3.78,60,56,No,10
PERF0007232,EMP03616,2025-H2,5,3.1,70,38,Yes,10
PERF0007233,EMP03617,2025-H1,4,3.77,75,32,No,8
PERF0007234,EMP03617,2025-H2,2,4.56,75,39,No,12
PERF0007235,EMP03618,2025-H1,3,2.73,67,6,Yes,10
PERF0007236,EMP03618,2025-H2,2,3.44,67,18,No,0
PERF0007237,EMP03619,2025-H1,3,3.38,89,20,No,12
PERF0007238,EMP03619,2025-H2,4,4.71,89,6,No,0
PERF0007239,EMP03620,2025-H1,3,4.03,68,33,No,8
PERF0007240,EMP03620,2025-H2,2,3.88,71,49,Yes,12
PERF0007241,EMP03621,2025-H1,2,4.94,82,53,Yes,5
PERF0007242,EMP03621,2025-H2,3,2.61,71,43,No,10
PERF0007243,EMP03622,2025-H1,4,3.23,97,31,Yes,12
PERF0007244,EMP03622,2025-H2,3,4.07,61,40,Yes,15
PERF0007245,EMP03623,2025-H1,2,3.82,95,51,Yes,0
PERF0007246,EMP03623,2025-H2,2,2.95,72,54,No,8
PERF0007247,EMP03624,2025-H1,4,4.34,79,49,Yes,10
PERF0007248,EMP03624,2025-H2,4,3.09,78,59,Yes,10
PERF0007249,EMP03625,2025-H1,2,2.9,74,27,Yes,15
PERF0007250,EMP03625,2025-H2,2,4.67,93,48,Yes,5
PERF0007251,EMP03626,2025-H1,3,4.61,74,39,Yes,8
PERF0007252,EMP03626,2025-H2,5,2.83,72,27,Yes,12
PERF0007253,EMP03627,2025-H1,3,4.7,63,4,No,12
PERF0007254,EMP03627,2025-H2,4,3.1,69,15,No,8
PERF0007255,EMP03628,2025-H1,5,4.02,61,28,No,5
PERF0007256,EMP03628,2025-H2,4,4.23,62,14,Yes,15
PERF0007257,EMP03629,2025-H1,2,3.54,97,42,No,15
PERF0007258,EMP03629,2025-H2,5,4.79,89,16,Yes,5
PERF0007259,EMP03630,2025-H1,2,4.78,86,15,Yes,0
PERF0007260,EMP03630,2025-H2,2,4.85,72,52,No,10
PERF0007261,EMP03631,2025-H1,2,4.38,65,18,No,5
PERF0007262,EMP03631,2025-H2,5,4.49,96,19,Yes,10
PERF0007263,EMP03632,2025-H1,3,3.65,74,25,Yes,10
PERF0007264,EMP03632,2025-H2,2,4.52,84,27,No,8
PERF0007265,EMP03633,2025-H1,2,3.22,100,21,No,0
PERF0007266,EMP03633,2025-H2,3,3.51,60,35,Yes,12
PERF0007267,EMP03634,2025-H1,5,4.33,90,60,No,10
PERF0007268,EMP03634,2025-H2,3,3.59,86,4,No,15
PERF0007269,EMP03635,2025-H1,4,4.61,83,19,No,12
PERF0007270,EMP03635,2025-H2,4,2.97,96,10,Yes,10
PERF0007271,EMP03636,2025-H1,5,3.91,93,29,No,15
PERF0007272,EMP03636,2025-H2,4,4.42,70,2,Yes,15
PERF0007273,EMP03637,2025-H1,5,4.26,85,47,No,15
PERF0007274,EMP03637,2025-H2,5,2.5,92,49,Yes,5
PERF0007275,EMP03638,2025-H1,2,4.08,62,45,Yes,5
PERF0007276,EMP03638,2025-H2,5,2.7,77,40,Yes,10
PERF0007277,EMP03639,2025-H1,2,4.4,71,30,No,10
PERF0007278,EMP03639,2025-H2,3,4.89,63,25,No,0
PERF0007279,EMP03640,2025-H1,2,2.97,78,27,Yes,5
PERF0007280,EMP03640,2025-H2,5,4.46,82,39,Yes,5
PERF0007281,EMP03641,2025-H1,5,3.2,60,37,Yes,10
PERF0007282,EMP03641,2025-H2,4,4.64,97,45,No,5
PERF0007283,EMP03642,2025-H1,4,3.77,60,39,No,12
PERF0007284,EMP03642,2025-H2,4,3.62,87,24,Yes,12
PERF0007285,EMP03643,2025-H1,2,4.89,63,33,No,12
PERF0007286,EMP03643,2025-H2,3,3.19,85,46,No,10
PERF0007287,EMP03644,2025-H1,5,3.46,63,45,Yes,8
PERF0007288,EMP03644,2025-H2,3,2.75,87,23,Yes,10
PERF0007289,EMP03645,2025-H1,4,3.64,96,11,Yes,15
PERF0007290,EMP03645,2025-H2,4,4.28,85,56,No,10
PERF0007291,EMP03646,2025-H1,5,3.34,67,7,No,15
PERF0007292,EMP03646,2025-H2,2,2.88,64,55,Yes,15
PERF0007293,EMP03647,2025-H1,4,3.15,91,59,No,15
PERF0007294,EMP03647,2025-H2,4,4.87,97,30,Yes,5
PERF0007295,EMP03648,2025-H1,4,4.85,88,54,No,10
PERF0007296,EMP03648,2025-H2,4,3.36,96,29,Yes,8
PERF0007297,EMP03649,2025-H1,4,2.79,63,55,Yes,15
PERF0007298,EMP03649,2025-H2,5,4.67,69,24,Yes,5
PERF0007299,EMP03650,2025-H1,2,3.43,68,18,Yes,0
PERF0007300,EMP03650,2025-H2,5,3.6,90,57,No,12
PERF0007301,EMP03651,2025-H1,5,2.67,72,23,No,5
PERF0007302,EMP03651,2025-H2,4,4.15,93,3,No,15
PERF0007303,EMP03652,2025-H1,5,4.75,91,29,Yes,10
PERF0007304,EMP03652,2025-H2,4,2.57,85,42,Yes,0
PERF0007305,EMP03653,2025-H1,2,2.68,69,28,No,8
PERF0007306,EMP03653,2025-H2,4,4.54,97,1,Yes,8
PERF0007307,EMP03654,2025-H1,5,4.1,61,39,Yes,0
PERF0007308,EMP03654,2025-H2,3,4.17,95,34,No,0
PERF0007309,EMP03655,2025-H1,2,2.94,88,21,Yes,12
PERF0007310,EMP03655,2025-H2,5,3.23,71,2,No,15
PERF0007311,EMP03656,2025-H1,2,2.5,83,20,No,5
PERF0007312,EMP03656,2025-H2,4,2.66,89,35,No,12
PERF0007313,EMP03657,2025-H1,3,3.52,97,50,Yes,12
PERF0007314,EMP03657,2025-H2,3,4.86,63,0,Yes,0
PERF0007315,EMP03658,2025-H1,5,3.52,99,27,No,5
PERF0007316,EMP03658,2025-H2,2,4.62,71,13,Yes,15
PERF0007317,EMP03659,2025-H1,3,4.65,67,54,Yes,5
PERF0007318,EMP03659,2025-H2,3,4.62,81,28,No,15
PERF0007319,EMP03660,2025-H1,3,3.3,65,58,No,10
PERF0007320,EMP03660,2025-H2,2,3.33,98,30,Yes,15
PERF0007321,EMP03661,2025-H1,4,4.04,89,53,Yes,5
PERF0007322,EMP03661,2025-H2,4,4.09,74,44,No,5
PERF0007323,EMP03662,2025-H1,4,4.01,75,21,Yes,15
PERF0007324,EMP03662,2025-H2,3,4.9,83,9,No,5
PERF0007325,EMP03663,2025-H1,5,4.86,73,27,Yes,15
PERF0007326,EMP03663,2025-H2,2,4.15,86,58,No,5
PERF0007327,EMP03664,2025-H1,3,2.61,63,45,No,12
PERF0007328,EMP03664,2025-H2,3,4.9,88,12,Yes,0
PERF0007329,EMP03665,2025-H1,3,4.23,92,33,Yes,12
PERF0007330,EMP03665,2025-H2,4,3.91,70,12,Yes,12
PERF0007331,EMP03666,2025-H1,5,3.81,78,55,Yes,15
PERF0007332,EMP03666,2025-H2,4,4.27,71,35,Yes,12
PERF0007333,EMP03667,2025-H1,3,4.49,68,60,Yes,5
PERF0007334,EMP03667,2025-H2,4,4.1,97,11,Yes,10
PERF0007335,EMP03668,2025-H1,4,4.01,63,40,No,8
PERF0007336,EMP03668,2025-H2,5,4.93,64,31,Yes,8
PERF0007337,EMP03669,2025-H1,2,3.37,99,43,No,0
PERF0007338,EMP03669,2025-H2,5,4.72,79,13,Yes,10
PERF0007339,EMP03670,2025-H1,5,2.79,63,32,No,8
PERF0007340,EMP03670,2025-H2,5,4.84,81,15,No,12
PERF0007341,EMP03671,2025-H1,2,3.2,60,47,No,8
PERF0007342,EMP03671,2025-H2,4,2.99,98,36,Yes,0
PERF0007343,EMP03672,2025-H1,2,4.52,82,57,No,5
PERF0007344,EMP03672,2025-H2,3,4.62,69,9,Yes,10
PERF0007345,EMP03673,2025-H1,2,3.66,82,33,No,5
PERF0007346,EMP03673,2025-H2,4,4.19,99,54,Yes,10
PERF0007347,EMP03674,2025-H1,2,4.82,94,45,Yes,5
PERF0007348,EMP03674,2025-H2,3,3.12,64,59,No,5
PERF0007349,EMP03675,2025-H1,4,2.83,69,47,No,15
PERF0007350,EMP03675,2025-H2,5,2.84,95,37,Yes,10
PERF0007351,EMP03676,2025-H1,4,3.77,64,60,No,12
PERF0007352,EMP03676,2025-H2,2,4.89,94,43,Yes,12
PERF0007353,EMP03677,2025-H1,5,3.86,93,3,Yes,5
PERF0007354,EMP03677,2025-H2,4,3.0,60,35,No,15
PERF0007355,EMP03678,2025-H1,4,2.64,69,56,No,5
PERF0007356,EMP03678,2025-H2,5,4.28,68,58,Yes,5
PERF0007357,EMP03679,2025-H1,5,3.08,70,15,No,10
PERF0007358,EMP03679,2025-H2,3,3.04,67,17,Yes,8
PERF0007359,EMP03680,2025-H1,3,3.88,63,19,Yes,10
PERF0007360,EMP03680,2025-H2,5,4.05,77,38,No,15
PERF0007361,EMP03681,2025-H1,4,2.65,71,53,Yes,12
PERF0007362,EMP03681,2025-H2,5,2.82,91,56,No,5
PERF0007363,EMP03682,2025-H1,4,3.07,98,10,No,15
PERF0007364,EMP03682,2025-H2,3,3.23,90,5,No,15
PERF0007365,EMP03683,2025-H1,2,2.91,96,26,Yes,10
PERF0007366,EMP03683,2025-H2,5,2.66,69,56,No,5
PERF0007367,EMP03684,2025-H1,4,4.23,91,4,No,10
PERF0007368,EMP03684,2025-H2,4,4.3,72,25,Yes,0
PERF0007369,EMP03685,2025-H1,5,4.86,83,9,Yes,5
PERF0007370,EMP03685,2025-H2,3,2.54,85,48,Yes,12
PERF0007371,EMP03686,2025-H1,4,3.13,78,40,No,15
PERF0007372,EMP03686,2025-H2,5,2.69,86,5,Yes,0
PERF0007373,EMP03687,2025-H1,3,2.82,86,3,No,5
PERF0007374,EMP03687,2025-H2,3,3.33,92,45,Yes,10
PERF0007375,EMP03688,2025-H1,4,4.51,73,36,Yes,0
PERF0007376,EMP03688,2025-H2,4,3.66,60,55,No,10
PERF0007377,EMP03689,2025-H1,2,3.72,97,48,Yes,12
PERF0007378,EMP03689,2025-H2,5,3.52,78,50,Yes,5
PERF0007379,EMP03690,2025-H1,3,3.74,77,48,Yes,8
PERF0007380,EMP03690,2025-H2,4,4.56,93,6,No,12
PERF0007381,EMP03691,2025-H1,5,2.74,80,8,No,12
PERF0007382,EMP03691,2025-H2,5,3.82,87,9,No,10
PERF0007383,EMP03692,2025-H1,3,4.84,80,14,No,8
PERF0007384,EMP03692,2025-H2,2,4.78,69,25,No,0
PERF0007385,EMP03693,2025-H1,5,4.74,62,18,No,12
PERF0007386,EMP03693,2025-H2,3,3.73,89,15,Yes,12
PERF0007387,EMP03694,2025-H1,2,3.11,99,59,Yes,0
PERF0007388,EMP03694,2025-H2,3,4.06,73,5,No,5
PERF0007389,EMP03695,2025-H1,3,3.44,71,19,No,15
PERF0007390,EMP03695,2025-H2,5,4.62,93,43,Yes,8
PERF0007391,EMP03696,2025-H1,2,3.74,62,56,Yes,10
PERF0007392,EMP03696,2025-H2,2,3.39,95,21,No,5
PERF0007393,EMP03697,2025-H1,4,3.39,99,19,Yes,0
PERF0007394,EMP03697,2025-H2,5,3.51,86,46,Yes,8
PERF0007395,EMP03698,2025-H1,2,4.57,99,45,No,10
PERF0007396,EMP03698,2025-H2,4,3.96,83,5,No,15
PERF0007397,EMP03699,2025-H1,3,3.7,71,49,Yes,5
PERF0007398,EMP03699,2025-H2,4,4.54,69,38,Yes,10
PERF0007399,EMP03700,2025-H1,2,4.88,73,52,No,10
PERF0007400,EMP03700,2025-H2,5,3.89,98,11,Yes,12
PERF0007401,EMP03701,2025-H1,5,4.26,79,1,Yes,10
PERF0007402,EMP03701,2025-H2,5,4.9,90,42,No,8
PERF0007403,EMP03702,2025-H1,3,2.84,98,29,Yes,8
PERF0007404,EMP03702,2025-H2,3,4.62,89,49,No,12
PERF0007405,EMP03703,2025-H1,3,3.77,79,32,Yes,15
PERF0007406,EMP03703,2025-H2,2,3.51,94,60,No,5
PERF0007407,EMP03704,2025-H1,2,4.95,92,3,No,15
PERF0007408,EMP03704,2025-H2,4,3.02,100,47,No,8
PERF0007409,EMP03705,2025-H1,4,3.48,91,41,Yes,15
PERF0007410,EMP03705,2025-H2,3,4.06,64,22,Yes,10
PERF0007411,EMP03706,2025-H1,5,3.09,71,20,No,10
PERF0007412,EMP03706,2025-H2,3,2.53,87,35,No,12
PERF0007413,EMP03707,2025-H1,2,4.56,97,2,No,0
PERF0007414,EMP03707,2025-H2,3,4.74,69,60,No,5
PERF0007415,EMP03708,2025-H1,2,3.73,66,55,No,10
PERF0007416,EMP03708,2025-H2,5,3.59,66,19,Yes,8
PERF0007417,EMP03709,2025-H1,2,3.31,97,39,No,12
PERF0007418,EMP03709,2025-H2,4,3.64,88,33,Yes,0
PERF0007419,EMP03710,2025-H1,5,3.41,82,28,No,10
PERF0007420,EMP03710,2025-H2,5,4.38,89,39,Yes,8
PERF0007421,EMP03711,2025-H1,5,2.99,84,29,Yes,10
PERF0007422,EMP03711,2025-H2,3,3.04,88,41,No,10
PERF0007423,EMP03712,2025-H1,5,3.18,93,17,No,0
PERF0007424,EMP03712,2025-H2,2,3.98,86,44,Yes,12
PERF0007425,EMP03713,2025-H1,5,4.85,100,42,No,0
PERF0007426,EMP03713,2025-H2,3,2.6,98,35,No,5
PERF0007427,EMP03714,2025-H1,4,4.54,88,15,No,10
PERF0007428,EMP03714,2025-H2,3,3.15,86,41,Yes,15
PERF0007429,EMP03715,2025-H1,3,4.03,85,31,No,15
PERF0007430,EMP03715,2025-H2,2,2.63,97,51,Yes,0
PERF0007431,EMP03716,2025-H1,4,3.19,76,20,Yes,15
PERF0007432,EMP03716,2025-H2,5,3.65,81,15,Yes,15
PERF0007433,EMP03717,2025-H1,2,3.63,67,41,Yes,5
PERF0007434,EMP03717,2025-H2,2,3.35,73,21,Yes,0
PERF0007435,EMP03718,2025-H1,3,2.71,97,53,Yes,15
PERF0007436,EMP03718,2025-H2,2,4.58,63,46,Yes,8
PERF0007437,EMP03719,2025-H1,3,4.4,76,22,Yes,15
PERF0007438,EMP03719,2025-H2,4,4.2,99,30,Yes,10
PERF0007439,EMP03720,2025-H1,2,3.45,89,2,No,15
PERF0007440,EMP03720,2025-H2,2,4.19,73,39,No,0
PERF0007441,EMP03721,2025-H1,4,4.27,92,21,Yes,5
PERF0007442,EMP03721,2025-H2,5,3.78,73,55,Yes,10
PERF0007443,EMP03722,2025-H1,3,3.17,73,34,Yes,12
PERF0007444,EMP03722,2025-H2,5,4.81,91,39,Yes,5
PERF0007445,EMP03723,2025-H1,2,2.7,74,18,No,12
PERF0007446,EMP03723,2025-H2,5,2.5,74,2,Yes,8
PERF0007447,EMP03724,2025-H1,5,3.31,90,5,Yes,15
PERF0007448,EMP03724,2025-H2,2,4.13,90,8,No,10
PERF0007449,EMP03725,2025-H1,5,4.55,83,45,Yes,12
PERF0007450,EMP03725,2025-H2,4,4.51,76,55,Yes,12
PERF0007451,EMP03726,2025-H1,4,4.35,64,43,No,8
PERF0007452,EMP03726,2025-H2,4,4.44,63,57,Yes,15
PERF0007453,EMP03727,2025-H1,5,4.77,94,22,Yes,10
PERF0007454,EMP03727,2025-H2,2,3.63,71,3,Yes,8
PERF0007455,EMP03728,2025-H1,5,2.68,72,38,No,0
PERF0007456,EMP03728,2025-H2,5,3.4,87,0,No,0
PERF0007457,EMP03729,2025-H1,2,4.5,74,40,Yes,0
PERF0007458,EMP03729,2025-H2,5,3.12,80,30,No,12
PERF0007459,EMP03730,2025-H1,5,2.84,97,48,No,10
PERF0007460,EMP03730,2025-H2,5,4.52,84,45,No,12
PERF0007461,EMP03731,2025-H1,3,3.16,89,47,No,12
PERF0007462,EMP03731,2025-H2,3,3.59,80,43,No,8
PERF0007463,EMP03732,2025-H1,5,4.58,93,54,Yes,0
PERF0007464,EMP03732,2025-H2,4,3.4,83,40,No,10
PERF0007465,EMP03733,2025-H1,2,2.93,73,28,No,8
PERF0007466,EMP03733,2025-H2,5,3.94,95,8,Yes,5
PERF0007467,EMP03734,2025-H1,5,2.84,98,49,No,5
PERF0007468,EMP03734,2025-H2,2,3.16,90,18,No,12
PERF0007469,EMP03735,2025-H1,3,3.99,65,2,Yes,5
PERF0007470,EMP03735,2025-H2,3,2.57,95,51,No,8
PERF0007471,EMP03736,2025-H1,3,3.72,100,15,Yes,0
PERF0007472,EMP03736,2025-H2,5,4.13,64,40,No,5
PERF0007473,EMP03737,2025-H1,2,3.76,80,4,No,8
PERF0007474,EMP03737,2025-H2,4,3.11,66,36,No,0
PERF0007475,EMP03738,2025-H1,3,4.26,68,14,Yes,12
PERF0007476,EMP03738,2025-H2,5,3.87,62,2,Yes,8
PERF0007477,EMP03739,2025-H1,4,2.52,73,57,No,8
PERF0007478,EMP03739,2025-H2,4,3.96,73,22,Yes,12
PERF0007479,EMP03740,2025-H1,5,3.51,92,11,Yes,5
PERF0007480,EMP03740,2025-H2,3,4.45,93,14,No,0
PERF0007481,EMP03741,2025-H1,5,2.9,79,31,No,12
PERF0007482,EMP03741,2025-H2,5,3.66,69,18,No,0
PERF0007483,EMP03742,2025-H1,3,2.84,66,22,No,0
PERF0007484,EMP03742,2025-H2,5,3.91,81,50,Yes,12
PERF0007485,EMP03743,2025-H1,3,3.59,74,56,Yes,0
PERF0007486,EMP03743,2025-H2,4,3.14,84,1,No,15
PERF0007487,EMP03744,2025-H1,2,4.95,76,11,Yes,8
PERF0007488,EMP03744,2025-H2,3,3.32,89,37,No,12
PERF0007489,EMP03745,2025-H1,4,4.94,60,8,No,10
PERF0007490,EMP03745,2025-H2,4,3.65,77,48,Yes,10
PERF0007491,EMP03746,2025-H1,3,3.54,67,39,Yes,0
PERF0007492,EMP03746,2025-H2,4,3.18,74,14,Yes,5
PERF0007493,EMP03747,2025-H1,4,4.35,78,22,No,8
PERF0007494,EMP03747,2025-H2,4,4.99,96,32,Yes,10
PERF0007495,EMP03748,2025-H1,2,3.41,97,9,Yes,12
PERF0007496,EMP03748,2025-H2,5,3.94,91,50,Yes,8
PERF0007497,EMP03749,2025-H1,2,4.09,87,22,No,5
PERF0007498,EMP03749,2025-H2,2,2.88,88,16,No,5
PERF0007499,EMP03750,2025-H1,4,3.96,65,39,Yes,10
PERF0007500,EMP03750,2025-H2,2,4.32,96,45,No,8
PERF0007501,EMP03751,2025-H1,4,3.85,84,55,Yes,5
PERF0007502,EMP03751,2025-H2,3,4.49,96,18,Yes,15
PERF0007503,EMP03752,2025-H1,5,3.68,100,1,Yes,5
PERF0007504,EMP03752,2025-H2,5,3.35,63,33,Yes,0
PERF0007505,EMP03753,2025-H1,3,3.18,80,4,No,5
PERF0007506,EMP03753,2025-H2,2,4.48,96,24,Yes,10
PERF0007507,EMP03754,2025-H1,3,4.41,65,0,Yes,15
PERF0007508,EMP03754,2025-H2,4,2.58,99,11,No,12
PERF0007509,EMP03755,2025-H1,5,3.73,90,54,No,0
PERF0007510,EMP03755,2025-H2,3,3.81,71,35,Yes,8
PERF0007511,EMP03756,2025-H1,5,4.42,96,53,Yes,12
PERF0007512,EMP03756,2025-H2,4,3.03,74,36,Yes,8
PERF0007513,EMP03757,2025-H1,3,4.82,68,12,No,10
PERF0007514,EMP03757,2025-H2,3,4.58,85,31,No,8
PERF0007515,EMP03758,2025-H1,4,4.17,99,11,Yes,0
PERF0007516,EMP03758,2025-H2,2,2.6,88,29,No,0
PERF0007517,EMP03759,2025-H1,2,3.9,74,29,Yes,0
PERF0007518,EMP03759,2025-H2,4,4.11,90,17,Yes,15
PERF0007519,EMP03760,2025-H1,4,3.51,92,7,No,12
PERF0007520,EMP03760,2025-H2,5,4.68,71,39,No,10
PERF0007521,EMP03761,2025-H1,2,3.3,75,25,No,12
PERF0007522,EMP03761,2025-H2,2,3.27,66,47,Yes,15
PERF0007523,EMP03762,2025-H1,5,3.88,95,2,Yes,8
PERF0007524,EMP03762,2025-H2,5,3.0,84,42,No,8
PERF0007525,EMP03763,2025-H1,2,3.54,90,60,No,0
PERF0007526,EMP03763,2025-H2,3,3.06,93,19,No,10
PERF0007527,EMP03764,2025-H1,4,3.95,95,52,Yes,10
PERF0007528,EMP03764,2025-H2,2,4.58,77,22,Yes,12
PERF0007529,EMP03765,2025-H1,5,2.55,69,13,No,5
PERF0007530,EMP03765,2025-H2,3,4.16,82,46,Yes,8
PERF0007531,EMP03766,2025-H1,5,2.93,89,49,No,8
PERF0007532,EMP03766,2025-H2,4,4.29,62,28,No,10
PERF0007533,EMP03767,2025-H1,4,3.61,61,23,Yes,12
PERF0007534,EMP03767,2025-H2,5,3.37,70,41,No,12
PERF0007535,EMP03768,2025-H1,5,4.53,75,34,Yes,15
PERF0007536,EMP03768,2025-H2,5,3.44,64,28,Yes,0
PERF0007537,EMP03769,2025-H1,3,3.27,94,24,Yes,12
PERF0007538,EMP03769,2025-H2,3,4.84,85,38,Yes,10
PERF0007539,EMP03770,2025-H1,3,4.53,76,16,No,12
PERF0007540,EMP03770,2025-H2,4,3.3,73,53,No,8
PERF0007541,EMP03771,2025-H1,3,3.11,86,12,Yes,15
PERF0007542,EMP03771,2025-H2,5,3.45,91,16,Yes,5
PERF0007543,EMP03772,2025-H1,4,2.77,84,6,No,0
PERF0007544,EMP03772,2025-H2,4,4.8,66,45,No,8
PERF0007545,EMP03773,2025-H1,3,4.82,95,15,No,8
PERF0007546,EMP03773,2025-H2,4,4.49,94,14,No,0
PERF0007547,EMP03774,2025-H1,2,2.92,83,51,Yes,5
PERF0007548,EMP03774,2025-H2,2,4.71,60,17,Yes,15
PERF0007549,EMP03775,2025-H1,2,4.48,96,20,Yes,10
PERF0007550,EMP03775,2025-H2,2,4.98,95,39,No,10
PERF0007551,EMP03776,2025-H1,4,2.78,87,50,Yes,12
PERF0007552,EMP03776,2025-H2,4,4.31,92,40,No,10
PERF0007553,EMP03777,2025-H1,2,2.67,68,59,Yes,10
PERF0007554,EMP03777,2025-H2,2,4.77,75,5,No,12
PERF0007555,EMP03778,2025-H1,3,4.16,81,59,Yes,10
PERF0007556,EMP03778,2025-H2,4,2.54,98,50,No,12
PERF0007557,EMP03779,2025-H1,2,2.68,69,54,No,0
PERF0007558,EMP03779,2025-H2,2,2.94,62,55,Yes,8
PERF0007559,EMP03780,2025-H1,2,3.22,99,0,Yes,12
PERF0007560,EMP03780,2025-H2,2,2.75,79,45,No,5
PERF0007561,EMP03781,2025-H1,5,3.18,69,3,No,12
PERF0007562,EMP03781,2025-H2,4,2.92,63,19,No,8
PERF0007563,EMP03782,2025-H1,2,4.5,75,5,No,0
PERF0007564,EMP03782,2025-H2,4,4.35,76,14,No,15
PERF0007565,EMP03783,2025-H1,3,2.86,98,3,No,15
PERF0007566,EMP03783,2025-H2,3,4.39,98,50,No,12
PERF0007567,EMP03784,2025-H1,2,2.76,61,41,Yes,5
PERF0007568,EMP03784,2025-H2,2,3.96,75,46,Yes,12
PERF0007569,EMP03785,2025-H1,5,3.92,73,36,No,12
PERF0007570,EMP03785,2025-H2,5,2.68,93,11,Yes,8
PERF0007571,EMP03786,2025-H1,3,4.68,90,25,No,5
PERF0007572,EMP03786,2025-H2,3,4.4,84,28,No,0
PERF0007573,EMP03787,2025-H1,3,4.11,72,46,No,0
PERF0007574,EMP03787,2025-H2,4,4.5,63,9,Yes,15
PERF0007575,EMP03788,2025-H1,4,3.71,85,28,No,10
PERF0007576,EMP03788,2025-H2,3,3.57,79,54,Yes,10
PERF0007577,EMP03789,2025-H1,4,4.41,96,53,No,0
PERF0007578,EMP03789,2025-H2,3,3.71,76,32,No,15
PERF0007579,EMP03790,2025-H1,2,4.53,63,55,No,15
PERF0007580,EMP03790,2025-H2,2,3.09,73,36,No,15
PERF0007581,EMP03791,2025-H1,4,3.81,83,22,No,8
PERF0007582,EMP03791,2025-H2,4,4.0,83,38,No,5
PERF0007583,EMP03792,2025-H1,3,4.63,89,27,No,0
PERF0007584,EMP03792,2025-H2,5,3.52,62,47,Yes,10
PERF0007585,EMP03793,2025-H1,5,3.66,69,41,No,15
PERF0007586,EMP03793,2025-H2,3,3.0,63,4,Yes,15
PERF0007587,EMP03794,2025-H1,5,4.23,65,25,Yes,15
PERF0007588,EMP03794,2025-H2,5,3.48,67,6,No,12
PERF0007589,EMP03795,2025-H1,4,4.35,97,6,No,15
PERF0007590,EMP03795,2025-H2,4,2.85,83,17,Yes,12
PERF0007591,EMP03796,2025-H1,4,2.52,89,54,No,8
PERF0007592,EMP03796,2025-H2,3,4.51,98,22,Yes,12
PERF0007593,EMP03797,2025-H1,3,2.79,67,44,Yes,8
PERF0007594,EMP03797,2025-H2,4,2.83,62,29,Yes,12
PERF0007595,EMP03798,2025-H1,5,3.44,62,3,No,12
PERF0007596,EMP03798,2025-H2,4,3.95,68,24,Yes,10
PERF0007597,EMP03799,2025-H1,4,3.27,72,41,No,5
PERF0007598,EMP03799,2025-H2,2,4.92,62,58,Yes,10
PERF0007599,EMP03800,2025-H1,2,4.58,68,37,No,15
PERF0007600,EMP03800,2025-H2,3,3.5,96,13,No,8
PERF0007601,EMP03801,2025-H1,3,2.63,99,2,Yes,12
PERF0007602,EMP03801,2025-H2,2,4.53,83,30,Yes,5
PERF0007603,EMP03802,2025-H1,5,3.56,75,29,No,15
PERF0007604,EMP03802,2025-H2,3,3.08,71,22,Yes,10
PERF0007605,EMP03803,2025-H1,2,3.88,78,4,No,8
PERF0007606,EMP03803,2025-H2,5,2.66,82,16,No,8
PERF0007607,EMP03804,2025-H1,5,3.02,62,14,Yes,10
PERF0007608,EMP03804,2025-H2,5,2.74,94,35,No,12
PERF0007609,EMP03805,2025-H1,3,4.53,67,16,Yes,10
PERF0007610,EMP03805,2025-H2,4,3.48,61,25,No,12
PERF0007611,EMP03806,2025-H1,2,4.47,65,1,No,8
PERF0007612,EMP03806,2025-H2,3,2.9,68,36,Yes,10
PERF0007613,EMP03807,2025-H1,5,4.28,89,43,No,0
PERF0007614,EMP03807,2025-H2,5,2.88,63,38,No,0
PERF0007615,EMP03808,2025-H1,5,4.49,65,49,Yes,15
PERF0007616,EMP03808,2025-H2,5,4.49,63,18,No,0
PERF0007617,EMP03809,2025-H1,2,4.64,72,43,Yes,8
PERF0007618,EMP03809,2025-H2,3,4.59,88,43,No,10
PERF0007619,EMP03810,2025-H1,4,2.91,95,26,Yes,15
PERF0007620,EMP03810,2025-H2,5,3.91,67,22,No,0
PERF0007621,EMP03811,2025-H1,2,4.85,97,34,Yes,12
PERF0007622,EMP03811,2025-H2,3,2.61,73,5,Yes,10
PERF0007623,EMP03812,2025-H1,5,3.63,96,50,No,8
PERF0007624,EMP03812,2025-H2,2,4.88,82,20,Yes,8
PERF0007625,EMP03813,2025-H1,4,2.65,71,28,No,15
PERF0007626,EMP03813,2025-H2,5,3.45,93,16,Yes,5
PERF0007627,EMP03814,2025-H1,5,2.96,61,42,Yes,15
PERF0007628,EMP03814,2025-H2,5,4.7,63,37,No,15
PERF0007629,EMP03815,2025-H1,2,2.5,67,4,Yes,12
PERF0007630,EMP03815,2025-H2,4,3.42,68,43,Yes,10
PERF0007631,EMP03816,2025-H1,4,3.51,89,41,No,8
PERF0007632,EMP03816,2025-H2,5,4.72,65,14,Yes,0
PERF0007633,EMP03817,2025-H1,2,4.14,100,1,Yes,12
PERF0007634,EMP03817,2025-H2,4,3.43,73,46,Yes,5
PERF0007635,EMP03818,2025-H1,2,2.9,79,16,No,12
PERF0007636,EMP03818,2025-H2,5,3.61,95,37,No,8
PERF0007637,EMP03819,2025-H1,2,3.57,94,25,Yes,8
PERF0007638,EMP03819,2025-H2,5,3.9,100,54,No,15
PERF0007639,EMP03820,2025-H1,2,3.78,61,54,No,8
PERF0007640,EMP03820,2025-H2,2,4.19,60,33,Yes,8
PERF0007641,EMP03821,2025-H1,5,3.9,93,14,Yes,10
PERF0007642,EMP03821,2025-H2,2,4.94,65,27,Yes,8
PERF0007643,EMP03822,2025-H1,5,3.82,99,5,No,5
PERF0007644,EMP03822,2025-H2,2,4.07,95,56,No,8
PERF0007645,EMP03823,2025-H1,3,3.29,100,23,Yes,12
PERF0007646,EMP03823,2025-H2,4,4.64,68,35,Yes,5
PERF0007647,EMP03824,2025-H1,5,3.3,99,56,Yes,12
PERF0007648,EMP03824,2025-H2,5,3.54,92,3,No,15
PERF0007649,EMP03825,2025-H1,2,3.26,93,57,Yes,5
PERF0007650,EMP03825,2025-H2,3,3.6,75,60,No,10
PERF0007651,EMP03826,2025-H1,5,3.67,67,57,Yes,8
PERF0007652,EMP03826,2025-H2,5,4.1,62,56,Yes,12
PERF0007653,EMP03827,2025-H1,4,4.48,76,37,Yes,0
PERF0007654,EMP03827,2025-H2,2,2.74,72,4,No,8
PERF0007655,EMP03828,2025-H1,4,2.51,81,14,Yes,5
PERF0007656,EMP03828,2025-H2,4,2.77,94,53,Yes,15
PERF0007657,EMP03829,2025-H1,2,3.73,69,8,Yes,10
PERF0007658,EMP03829,2025-H2,5,3.81,61,51,Yes,10
PERF0007659,EMP03830,2025-H1,5,2.79,73,44,No,15
PERF0007660,EMP03830,2025-H2,2,4.12,75,57,Yes,0
PERF0007661,EMP03831,2025-H1,5,3.31,75,58,Yes,15
PERF0007662,EMP03831,2025-H2,4,4.32,88,22,Yes,10
PERF0007663,EMP03832,2025-H1,3,3.21,98,48,No,0
PERF0007664,EMP03832,2025-H2,5,2.6,61,18,No,10
PERF0007665,EMP03833,2025-H1,5,2.9,96,58,Yes,0
PERF0007666,EMP03833,2025-H2,2,2.74,69,14,No,0
PERF0007667,EMP03834,2025-H1,5,4.91,83,22,Yes,0
PERF0007668,EMP03834,2025-H2,2,2.53,81,22,No,0
PERF0007669,EMP03835,2025-H1,2,3.24,69,45,No,10
PERF0007670,EMP03835,2025-H2,4,4.36,85,5,Yes,0
PERF0007671,EMP03836,2025-H1,4,3.02,89,46,Yes,5
PERF0007672,EMP03836,2025-H2,4,4.31,83,21,Yes,12
PERF0007673,EMP03837,2025-H1,3,3.82,63,21,Yes,0
PERF0007674,EMP03837,2025-H2,5,3.28,79,23,Yes,0
PERF0007675,EMP03838,2025-H1,4,4.26,71,52,Yes,5
PERF0007676,EMP03838,2025-H2,4,3.14,67,18,Yes,5
PERF0007677,EMP03839,2025-H1,5,3.43,99,14,No,8
PERF0007678,EMP03839,2025-H2,3,2.72,63,42,Yes,10
PERF0007679,EMP03840,2025-H1,2,3.8,91,53,Yes,8
PERF0007680,EMP03840,2025-H2,2,2.62,64,12,Yes,0
PERF0007681,EMP03841,2025-H1,2,4.25,78,60,No,15
PERF0007682,EMP03841,2025-H2,3,3.61,78,11,Yes,15
PERF0007683,EMP03842,2025-H1,4,2.69,75,59,Yes,10
PERF0007684,EMP03842,2025-H2,4,3.95,94,11,Yes,10
PERF0007685,EMP03843,2025-H1,4,4.51,78,46,Yes,10
PERF0007686,EMP03843,2025-H2,5,3.97,82,34,Yes,0
PERF0007687,EMP03844,2025-H1,4,4.51,86,56,Yes,5
PERF0007688,EMP03844,2025-H2,3,4.67,63,34,No,8
PERF0007689,EMP03845,2025-H1,4,2.94,99,18,No,0
PERF0007690,EMP03845,2025-H2,5,4.84,72,48,Yes,12
PERF0007691,EMP03846,2025-H1,3,4.26,84,36,No,10
PERF0007692,EMP03846,2025-H2,4,4.51,93,18,Yes,12
PERF0007693,EMP03847,2025-H1,3,3.22,68,35,Yes,15
PERF0007694,EMP03847,2025-H2,2,3.57,97,4,No,10
PERF0007695,EMP03848,2025-H1,2,4.6,71,6,Yes,5
PERF0007696,EMP03848,2025-H2,2,3.97,98,9,Yes,0
PERF0007697,EMP03849,2025-H1,4,2.54,86,56,No,8
PERF0007698,EMP03849,2025-H2,5,4.78,86,26,No,8
PERF0007699,EMP03850,2025-H1,2,3.05,83,39,No,15
PERF0007700,EMP03850,2025-H2,5,2.88,79,15,No,8
PERF0007701,EMP03851,2025-H1,5,4.1,77,23,No,12
PERF0007702,EMP03851,2025-H2,4,3.69,74,1,No,12
PERF0007703,EMP03852,2025-H1,4,4.84,85,58,Yes,0
PERF0007704,EMP03852,2025-H2,2,3.37,74,57,Yes,8
PERF0007705,EMP03853,2025-H1,2,3.59,61,18,Yes,0
PERF0007706,EMP03853,2025-H2,2,2.83,85,13,Yes,0
PERF0007707,EMP03854,2025-H1,3,2.69,71,45,No,10
PERF0007708,EMP03854,2025-H2,2,4.39,69,12,Yes,5
PERF0007709,EMP03855,2025-H1,4,2.62,95,9,Yes,12
PERF0007710,EMP03855,2025-H2,5,4.78,89,10,Yes,15
PERF0007711,EMP03856,2025-H1,3,4.78,88,24,Yes,5
PERF0007712,EMP03856,2025-H2,5,3.79,73,45,Yes,10
PERF0007713,EMP03857,2025-H1,5,4.76,60,37,Yes,12
PERF0007714,EMP03857,2025-H2,3,4.24,79,31,Yes,15
PERF0007715,EMP03858,2025-H1,3,4.82,79,5,Yes,0
PERF0007716,EMP03858,2025-H2,4,4.22,61,51,Yes,10
PERF0007717,EMP03859,2025-H1,3,4.19,92,20,No,0
PERF0007718,EMP03859,2025-H2,5,3.0,89,22,Yes,0
PERF0007719,EMP03860,2025-H1,3,2.65,65,38,No,5
PERF0007720,EMP03860,2025-H2,5,4.76,67,59,Yes,0
PERF0007721,EMP03861,2025-H1,3,3.04,71,26,Yes,8
PERF0007722,EMP03861,2025-H2,5,3.37,92,38,No,15
PERF0007723,EMP03862,2025-H1,4,3.8,95,4,No,5
PERF0007724,EMP03862,2025-H2,5,4.06,68,53,No,10
PERF0007725,EMP03863,2025-H1,3,2.79,72,45,No,8
PERF0007726,EMP03863,2025-H2,2,2.82,78,44,Yes,10
PERF0007727,EMP03864,2025-H1,4,3.84,92,6,Yes,10
PERF0007728,EMP03864,2025-H2,2,3.01,64,47,Yes,10
PERF0007729,EMP03865,2025-H1,3,2.7,85,55,Yes,15
PERF0007730,EMP03865,2025-H2,3,4.49,61,51,No,15
PERF0007731,EMP03866,2025-H1,5,3.83,75,15,Yes,12
PERF0007732,EMP03866,2025-H2,2,4.81,74,21,No,0
PERF0007733,EMP03867,2025-H1,5,4.98,83,46,No,10
PERF0007734,EMP03867,2025-H2,3,4.11,72,34,Yes,10
PERF0007735,EMP03868,2025-H1,2,3.9,89,51,Yes,10
PERF0007736,EMP03868,2025-H2,5,3.01,87,35,No,8
PERF0007737,EMP03869,2025-H1,2,2.79,70,31,No,8
PERF0007738,EMP03869,2025-H2,5,3.06,91,8,No,10
PERF0007739,EMP03870,2025-H1,5,2.63,98,23,No,12
PERF0007740,EMP03870,2025-H2,3,4.46,87,19,No,15
PERF0007741,EMP03871,2025-H1,2,2.8,68,37,No,5
PERF0007742,EMP03871,2025-H2,4,4.98,88,2,No,8
PERF0007743,EMP03872,2025-H1,5,4.01,66,57,Yes,0
PERF0007744,EMP03872,2025-H2,3,3.8,77,53,No,12
PERF0007745,EMP03873,2025-H1,2,3.47,83,21,Yes,10
PERF0007746,EMP03873,2025-H2,2,2.68,76,14,No,8
PERF0007747,EMP03874,2025-H1,3,4.97,75,46,No,0
PERF0007748,EMP03874,2025-H2,3,2.52,89,19,No,15
PERF0007749,EMP03875,2025-H1,2,3.38,60,36,No,15
PERF0007750,EMP03875,2025-H2,5,3.39,85,38,No,8
PERF0007751,EMP03876,2025-H1,3,4.66,81,18,Yes,15
PERF0007752,EMP03876,2025-H2,5,3.76,87,5,No,5
PERF0007753,EMP03877,2025-H1,4,3.85,76,60,No,15
PERF0007754,EMP03877,2025-H2,3,2.93,60,8,Yes,10
PERF0007755,EMP03878,2025-H1,3,3.71,63,2,Yes,10
PERF0007756,EMP03878,2025-H2,3,3.82,86,35,Yes,8
PERF0007757,EMP03879,2025-H1,3,2.64,81,30,Yes,15
PERF0007758,EMP03879,2025-H2,3,4.75,71,55,No,15
PERF0007759,EMP03880,2025-H1,4,3.54,76,14,No,0
PERF0007760,EMP03880,2025-H2,2,4.68,78,11,No,5
PERF0007761,EMP03881,2025-H1,3,3.11,97,6,Yes,15
PERF0007762,EMP03881,2025-H2,5,3.54,74,30,No,12
PERF0007763,EMP03882,2025-H1,4,3.73,69,11,Yes,0
PERF0007764,EMP03882,2025-H2,2,2.69,62,1,Yes,15
PERF0007765,EMP03883,2025-H1,4,3.25,84,50,No,15
PERF0007766,EMP03883,2025-H2,4,4.65,78,0,Yes,0
PERF0007767,EMP03884,2025-H1,5,4.18,65,18,No,5
PERF0007768,EMP03884,2025-H2,3,2.93,69,10,No,0
PERF0007769,EMP03885,2025-H1,5,4.65,96,35,No,8
PERF0007770,EMP03885,2025-H2,4,4.07,80,7,Yes,8
PERF0007771,EMP03886,2025-H1,5,3.04,93,29,No,8
PERF0007772,EMP03886,2025-H2,3,4.76,73,16,No,0
PERF0007773,EMP03887,2025-H1,4,3.25,64,57,Yes,5
PERF0007774,EMP03887,2025-H2,4,3.37,79,31,No,8
PERF0007775,EMP03888,2025-H1,2,4.69,71,9,No,12
PERF0007776,EMP03888,2025-H2,2,2.52,82,34,Yes,10
PERF0007777,EMP03889,2025-H1,3,4.65,64,57,No,8
PERF0007778,EMP03889,2025-H2,4,4.66,81,33,Yes,10
PERF0007779,EMP03890,2025-H1,3,4.83,68,21,Yes,8
PERF0007780,EMP03890,2025-H2,3,3.31,93,38,Yes,15
PERF0007781,EMP03891,2025-H1,3,4.82,88,22,Yes,15
PERF0007782,EMP03891,2025-H2,3,3.92,75,23,No,10
PERF0007783,EMP03892,2025-H1,2,2.77,98,31,No,12
PERF0007784,EMP03892,2025-H2,5,3.48,87,40,No,5
PERF0007785,EMP03893,2025-H1,5,3.29,76,32,No,5
PERF0007786,EMP03893,2025-H2,4,4.27,100,11,Yes,5
PERF0007787,EMP03894,2025-H1,5,4.76,100,33,Yes,0
PERF0007788,EMP03894,2025-H2,4,4.78,95,40,Yes,8
PERF0007789,EMP03895,2025-H1,5,2.71,94,16,No,10
PERF0007790,EMP03895,2025-H2,5,3.53,60,29,No,15
PERF0007791,EMP03896,2025-H1,5,4.38,87,47,No,0
PERF0007792,EMP03896,2025-H2,5,3.66,62,43,Yes,0
PERF0007793,EMP03897,2025-H1,3,3.8,70,12,Yes,8
PERF0007794,EMP03897,2025-H2,3,3.74,97,22,No,15
PERF0007795,EMP03898,2025-H1,2,3.24,65,40,No,0
PERF0007796,EMP03898,2025-H2,5,4.93,84,54,Yes,10
PERF0007797,EMP03899,2025-H1,3,3.55,86,8,No,0
PERF0007798,EMP03899,2025-H2,2,4.27,69,24,Yes,0
PERF0007799,EMP03900,2025-H1,2,2.75,97,2,Yes,8
PERF0007800,EMP03900,2025-H2,4,3.09,87,54,Yes,8
PERF0007801,EMP03901,2025-H1,3,2.86,65,54,Yes,12
PERF0007802,EMP03901,2025-H2,2,3.57,76,25,Yes,12
PERF0007803,EMP03902,2025-H1,2,3.01,98,26,Yes,12
PERF0007804,EMP03902,2025-H2,3,4.19,87,23,No,5
PERF0007805,EMP03903,2025-H1,3,4.28,65,20,No,12
PERF0007806,EMP03903,2025-H2,3,4.59,85,54,No,0
PERF0007807,EMP03904,2025-H1,3,3.09,93,15,Yes,10
PERF0007808,EMP03904,2025-H2,5,2.89,62,5,Yes,12
PERF0007809,EMP03905,2025-H1,3,3.39,98,24,Yes,15
PERF0007810,EMP03905,2025-H2,2,3.27,95,45,Yes,5
PERF0007811,EMP03906,2025-H1,5,3.56,61,36,Yes,10
PERF0007812,EMP03906,2025-H2,3,3.87,89,1,Yes,8
PERF0007813,EMP03907,2025-H1,5,4.5,63,0,Yes,5
PERF0007814,EMP03907,2025-H2,2,4.81,89,12,Yes,0
PERF0007815,EMP03908,2025-H1,2,4.12,62,28,Yes,8
PERF0007816,EMP03908,2025-H2,2,3.94,84,5,Yes,5
PERF0007817,EMP03909,2025-H1,5,3.84,72,3,Yes,12
PERF0007818,EMP03909,2025-H2,4,3.32,94,53,No,0
PERF0007819,EMP03910,2025-H1,4,2.7,95,25,No,12
PERF0007820,EMP03910,2025-H2,4,4.23,74,23,No,0
PERF0007821,EMP03911,2025-H1,3,4.69,87,58,Yes,12
PERF0007822,EMP03911,2025-H2,2,2.75,61,33,Yes,12
PERF0007823,EMP03912,2025-H1,5,4.03,60,9,Yes,5
PERF0007824,EMP03912,2025-H2,2,3.16,97,25,Yes,12
PERF0007825,EMP03913,2025-H1,5,3.61,83,5,Yes,15
PERF0007826,EMP03913,2025-H2,4,4.94,61,57,Yes,12
PERF0007827,EMP03914,2025-H1,3,4.15,74,40,No,5
PERF0007828,EMP03914,2025-H2,2,4.79,95,44,No,8
PERF0007829,EMP03915,2025-H1,3,4.61,60,25,No,15
PERF0007830,EMP03915,2025-H2,2,3.31,93,32,No,5
PERF0007831,EMP03916,2025-H1,2,3.47,69,54,Yes,8
PERF0007832,EMP03916,2025-H2,4,4.96,98,22,Yes,5
PERF0007833,EMP03917,2025-H1,2,3.94,73,45,No,5
PERF0007834,EMP03917,2025-H2,3,4.4,76,1,Yes,8
PERF0007835,EMP03918,2025-H1,5,4.03,71,60,No,10
PERF0007836,EMP03918,2025-H2,5,3.85,89,42,Yes,0
PERF0007837,EMP03919,2025-H1,4,4.68,62,34,Yes,0
PERF0007838,EMP03919,2025-H2,4,3.6,86,37,Yes,0
PERF0007839,EMP03920,2025-H1,4,3.83,94,35,Yes,8
PERF0007840,EMP03920,2025-H2,5,3.12,60,42,Yes,0
PERF0007841,EMP03921,2025-H1,5,4.25,83,19,No,5
PERF0007842,EMP03921,2025-H2,3,3.16,99,25,Yes,15
PERF0007843,EMP03922,2025-H1,3,4.03,76,20,Yes,0
PERF0007844,EMP03922,2025-H2,2,2.53,83,37,Yes,0
PERF0007845,EMP03923,2025-H1,2,3.62,88,44,No,0
PERF0007846,EMP03923,2025-H2,4,4.88,99,53,No,5
PERF0007847,EMP03924,2025-H1,5,2.94,97,27,No,8
PERF0007848,EMP03924,2025-H2,2,2.9,86,26,Yes,12
PERF0007849,EMP03925,2025-H1,4,2.83,90,3,No,0
PERF0007850,EMP03925,2025-H2,2,3.25,68,23,No,12
PERF0007851,EMP03926,2025-H1,4,4.28,75,7,Yes,10
PERF0007852,EMP03926,2025-H2,2,2.74,91,54,Yes,15
PERF0007853,EMP03927,2025-H1,5,2.96,63,15,Yes,15
PERF0007854,EMP03927,2025-H2,2,4.36,85,16,No,15
PERF0007855,EMP03928,2025-H1,2,4.53,90,25,No,10
PERF0007856,EMP03928,2025-H2,5,3.38,81,0,Yes,10
PERF0007857,EMP03929,2025-H1,2,2.74,64,3,Yes,8
PERF0007858,EMP03929,2025-H2,4,2.61,91,9,No,15
PERF0007859,EMP03930,2025-H1,2,3.17,67,22,No,12
PERF0007860,EMP03930,2025-H2,3,4.32,63,25,No,15
PERF0007861,EMP03931,2025-H1,5,3.44,72,21,No,12
PERF0007862,EMP03931,2025-H2,3,4.83,99,54,Yes,8
PERF0007863,EMP03932,2025-H1,3,2.72,96,24,Yes,12
PERF0007864,EMP03932,2025-H2,4,3.42,60,18,Yes,15
PERF0007865,EMP03933,2025-H1,4,2.7,83,56,Yes,12
PERF0007866,EMP03933,2025-H2,3,3.83,80,32,No,8
PERF0007867,EMP03934,2025-H1,2,4.2,69,18,No,12
PERF0007868,EMP03934,2025-H2,5,2.93,94,36,Yes,12
PERF0007869,EMP03935,2025-H1,3,2.93,86,1,Yes,8
PERF0007870,EMP03935,2025-H2,3,4.77,88,45,Yes,0
PERF0007871,EMP03936,2025-H1,2,4.5,82,28,Yes,15
PERF0007872,EMP03936,2025-H2,3,2.66,62,38,Yes,8
PERF0007873,EMP03937,2025-H1,2,3.43,85,32,No,15
PERF0007874,EMP03937,2025-H2,2,4.08,79,3,No,15
PERF0007875,EMP03938,2025-H1,3,2.51,86,49,Yes,5
PERF0007876,EMP03938,2025-H2,3,4.27,68,58,No,8
PERF0007877,EMP03939,2025-H1,5,4.23,78,24,No,5
PERF0007878,EMP03939,2025-H2,2,3.46,62,44,Yes,5
PERF0007879,EMP03940,2025-H1,5,4.42,79,55,No,0
PERF0007880,EMP03940,2025-H2,2,4.28,61,21,No,0
PERF0007881,EMP03941,2025-H1,2,3.09,91,2,No,5
PERF0007882,EMP03941,2025-H2,2,3.67,99,49,No,8
PERF0007883,EMP03942,2025-H1,2,4.44,93,9,Yes,0
PERF0007884,EMP03942,2025-H2,4,2.98,88,45,No,8
PERF0007885,EMP03943,2025-H1,4,2.9,94,30,No,8
PERF0007886,EMP03943,2025-H2,3,2.99,61,38,No,8
PERF0007887,EMP03944,2025-H1,5,3.37,71,20,No,12
PERF0007888,EMP03944,2025-H2,2,4.28,90,33,Yes,8
PERF0007889,EMP03945,2025-H1,4,4.11,100,13,Yes,5
PERF0007890,EMP03945,2025-H2,3,4.87,72,51,No,15
PERF0007891,EMP03946,2025-H1,2,2.62,97,18,No,0
PERF0007892,EMP03946,2025-H2,4,2.95,91,37,No,8
PERF0007893,EMP03947,2025-H1,4,3.95,96,0,No,12
PERF0007894,EMP03947,2025-H2,2,4.44,87,37,Yes,0
PERF0007895,EMP03948,2025-H1,2,2.54,66,6,No,12
PERF0007896,EMP03948,2025-H2,2,3.35,90,35,No,8
PERF0007897,EMP03949,2025-H1,4,2.91,76,2,No,10
PERF0007898,EMP03949,2025-H2,2,4.43,93,46,No,15
PERF0007899,EMP03950,2025-H1,3,4.81,97,2,Yes,12
PERF0007900,EMP03950,2025-H2,3,4.05,81,55,No,5
PERF0007901,EMP03951,2025-H1,3,2.62,70,13,No,10
PERF0007902,EMP03951,2025-H2,5,2.87,71,54,Yes,10
PERF0007903,EMP03952,2025-H1,5,4.61,78,56,No,12
PERF0007904,EMP03952,2025-H2,3,3.43,76,6,No,0
PERF0007905,EMP03953,2025-H1,5,3.67,64,6,No,5
PERF0007906,EMP03953,2025-H2,2,4.77,82,22,No,15
PERF0007907,EMP03954,2025-H1,3,3.05,67,28,Yes,5
PERF0007908,EMP03954,2025-H2,4,3.09,84,10,Yes,15
PERF0007909,EMP03955,2025-H1,5,2.54,74,20,No,0
PERF0007910,EMP03955,2025-H2,2,4.51,86,34,Yes,15
PERF0007911,EMP03956,2025-H1,3,4.87,63,4,Yes,12
PERF0007912,EMP03956,2025-H2,4,4.86,100,17,Yes,0
PERF0007913,EMP03957,2025-H1,3,3.8,71,31,No,15
PERF0007914,EMP03957,2025-H2,3,3.7,81,13,No,5
PERF0007915,EMP03958,2025-H1,4,4.34,62,46,Yes,15
PERF0007916,EMP03958,2025-H2,5,3.01,82,8,Yes,0
PERF0007917,EMP03959,2025-H1,3,3.23,86,58,No,5
PERF0007918,EMP03959,2025-H2,2,3.64,67,54,Yes,8
PERF0007919,EMP03960,2025-H1,5,3.51,86,24,No,5
PERF0007920,EMP03960,2025-H2,3,2.94,93,26,No,12
PERF0007921,EMP03961,2025-H1,3,3.24,76,56,Yes,8
PERF0007922,EMP03961,2025-H2,3,4.61,89,39,No,12
PERF0007923,EMP03962,2025-H1,2,3.56,92,21,Yes,8
PERF0007924,EMP03962,2025-H2,2,4.83,81,26,No,0
PERF0007925,EMP03963,2025-H1,3,3.8,76,49,No,10
PERF0007926,EMP03963,2025-H2,2,4.06,79,50,Yes,5
PERF0007927,EMP03964,2025-H1,3,3.87,100,0,No,8
PERF0007928,EMP03964,2025-H2,3,4.85,70,39,Yes,15
PERF0007929,EMP03965,2025-H1,5,3.37,98,34,No,12
PERF0007930,EMP03965,2025-H2,5,3.88,94,16,No,5
PERF0007931,EMP03966,2025-H1,3,4.27,63,60,Yes,5
PERF0007932,EMP03966,2025-H2,5,4.97,70,23,Yes,5
PERF0007933,EMP03967,2025-H1,5,2.92,95,7,No,10
PERF0007934,EMP03967,2025-H2,5,3.23,65,50,No,5
PERF0007935,EMP03968,2025-H1,3,3.01,70,50,Yes,5
PERF0007936,EMP03968,2025-H2,2,3.59,70,6,Yes,10
PERF0007937,EMP03969,2025-H1,5,3.84,87,23,Yes,0
PERF0007938,EMP03969,2025-H2,3,2.89,82,43,Yes,12
PERF0007939,EMP03970,2025-H1,3,3.49,67,12,Yes,10
PERF0007940,EMP03970,2025-H2,4,2.51,66,47,No,0
PERF0007941,EMP03971,2025-H1,2,2.85,96,51,No,10
PERF0007942,EMP03971,2025-H2,2,4.4,92,46,No,0
PERF0007943,EMP03972,2025-H1,4,3.39,82,27,Yes,0
PERF0007944,EMP03972,2025-H2,4,4.73,62,23,No,15
PERF0007945,EMP03973,2025-H1,2,4.61,75,18,Yes,8
PERF0007946,EMP03973,2025-H2,5,4.15,89,40,No,15
PERF0007947,EMP03974,2025-H1,3,4.56,62,6,No,10
PERF0007948,EMP03974,2025-H2,3,4.52,60,37,Yes,0
PERF0007949,EMP03975,2025-H1,4,4.4,78,47,Yes,15
PERF0007950,EMP03975,2025-H2,4,4.05,75,41,No,10
PERF0007951,EMP03976,2025-H1,5,3.68,74,20,No,5
PERF0007952,EMP03976,2025-H2,2,4.24,93,30,No,15
PERF0007953,EMP03977,2025-H1,3,4.53,79,57,Yes,5
PERF0007954,EMP03977,2025-H2,3,3.43,90,33,Yes,10
PERF0007955,EMP03978,2025-H1,4,2.53,80,60,Yes,15
PERF0007956,EMP03978,2025-H2,4,3.73,81,14,No,15
PERF0007957,EMP03979,2025-H1,4,2.87,100,16,No,5
PERF0007958,EMP03979,2025-H2,4,4.71,62,17,No,5
PERF0007959,EMP03980,2025-H1,5,4.22,100,48,No,10
PERF0007960,EMP03980,2025-H2,2,3.26,69,25,Yes,8
PERF0007961,EMP03981,2025-H1,5,2.56,82,18,Yes,8
PERF0007962,EMP03981,2025-H2,4,4.71,69,54,Yes,10
PERF0007963,EMP03982,2025-H1,2,4.75,67,19,No,5
PERF0007964,EMP03982,2025-H2,3,4.22,95,27,No,10
PERF0007965,EMP03983,2025-H1,4,4.33,97,39,Yes,10
PERF0007966,EMP03983,2025-H2,3,4.76,78,12,No,12
PERF0007967,EMP03984,2025-H1,3,4.81,71,1,Yes,8
PERF0007968,EMP03984,2025-H2,4,4.17,67,31,Yes,5
PERF0007969,EMP03985,2025-H1,2,2.66,70,21,No,8
PERF0007970,EMP03985,2025-H2,3,3.83,65,57,No,5
PERF0007971,EMP03986,2025-H1,2,2.79,99,32,No,8
PERF0007972,EMP03986,2025-H2,5,3.07,78,54,No,0
PERF0007973,EMP03987,2025-H1,2,4.59,77,57,Yes,15
PERF0007974,EMP03987,2025-H2,4,4.58,85,16,No,5
PERF0007975,EMP03988,2025-H1,3,4.59,68,40,No,10
PERF0007976,EMP03988,2025-H2,5,4.17,71,56,Yes,5
PERF0007977,EMP03989,2025-H1,4,4.69,97,28,Yes,5
PERF0007978,EMP03989,2025-H2,3,3.56,73,18,Yes,5
PERF0007979,EMP03990,2025-H1,3,2.73,65,25,Yes,0
PERF0007980,EMP03990,2025-H2,4,3.08,72,58,No,15
PERF0007981,EMP03991,2025-H1,3,3.69,68,15,Yes,15
PERF0007982,EMP03991,2025-H2,3,4.46,70,15,No,15
PERF0007983,EMP03992,2025-H1,5,3.9,100,49,No,12
PERF0007984,EMP03992,2025-H2,5,3.0,77,56,Yes,8
PERF0007985,EMP03993,2025-H1,4,3.42,98,37,Yes,10
PERF0007986,EMP03993,2025-H2,3,3.32,74,14,No,12
PERF0007987,EMP03994,2025-H1,5,3.89,90,39,Yes,0
PERF0007988,EMP03994,2025-H2,5,3.13,66,4,No,8
PERF0007989,EMP03995,2025-H1,3,3.75,73,11,Yes,10
PERF0007990,EMP03995,2025-H2,3,3.12,67,23,Yes,0
PERF0007991,EMP03996,2025-H1,4,3.14,85,20,No,12
PERF0007992,EMP03996,2025-H2,2,2.58,64,36,Yes,0
PERF0007993,EMP03997,2025-H1,2,3.33,89,23,No,0
PERF0007994,EMP03997,2025-H2,2,2.85,87,54,Yes,8
PERF0007995,EMP03998,2025-H1,5,2.81,87,26,No,5
PERF0007996,EMP03998,2025-H2,5,4.16,81,34,No,12
PERF0007997,EMP03999,2025-H1,2,4.93,86,58,No,0
PERF0007998,EMP03999,2025-H2,2,2.81,72,52,Yes,15
PERF0007999,EMP04000,2025-H1,4,3.09,68,48,Yes,5
PERF0008000,EMP04000,2025-H2,4,4.41,60,57,Yes,5
PERF0008001,EMP04001,2025-H1,3,4.48,99,41,Yes,5
PERF0008002,EMP04001,2025-H2,4,4.36,61,57,No,12
PERF0008003,EMP04002,2025-H1,4,4.4,88,25,Yes,12
PERF0008004,EMP04002,2025-H2,2,4.63,62,33,Yes,8
PERF0008005,EMP04003,2025-H1,4,4.41,62,60,Yes,10
PERF0008006,EMP04003,2025-H2,2,4.62,80,5,No,0
PERF0008007,EMP04004,2025-H1,3,3.21,76,47,No,8
PERF0008008,EMP04004,2025-H2,3,4.67,75,31,Yes,8
PERF0008009,EMP04005,2025-H1,3,3.24,62,0,No,12
PERF0008010,EMP04005,2025-H2,5,3.63,85,15,No,15
PERF0008011,EMP04006,2025-H1,2,3.29,91,22,No,5
PERF0008012,EMP04006,2025-H2,4,3.61,86,19,No,5
PERF0008013,EMP04007,2025-H1,3,4.39,87,20,Yes,8
PERF0008014,EMP04007,2025-H2,2,4.96,93,48,Yes,0
PERF0008015,EMP04008,2025-H1,3,4.93,73,2,No,0
PERF0008016,EMP04008,2025-H2,5,3.01,89,52,No,15
PERF0008017,EMP04009,2025-H1,5,3.41,86,27,No,10
PERF0008018,EMP04009,2025-H2,3,4.06,64,31,No,10
PERF0008019,EMP04010,2025-H1,4,4.58,98,7,Yes,0
PERF0008020,EMP04010,2025-H2,4,4.27,68,7,No,12
PERF0008021,EMP04011,2025-H1,2,3.32,60,53,Yes,8
PERF0008022,EMP04011,2025-H2,3,3.38,77,39,Yes,15
PERF0008023,EMP04012,2025-H1,2,4.13,76,25,No,10
PERF0008024,EMP04012,2025-H2,3,4.72,71,48,No,12
PERF0008025,EMP04013,2025-H1,2,3.18,77,55,No,12
PERF0008026,EMP04013,2025-H2,4,3.02,73,39,Yes,10
PERF0008027,EMP04014,2025-H1,3,3.01,95,59,No,0
PERF0008028,EMP04014,2025-H2,2,3.51,70,39,Yes,15
PERF0008029,EMP04015,2025-H1,4,3.41,97,27,Yes,8
PERF0008030,EMP04015,2025-H2,2,2.51,97,30,No,12
PERF0008031,EMP04016,2025-H1,2,3.99,84,23,Yes,8
PERF0008032,EMP04016,2025-H2,3,4.35,90,32,Yes,0
PERF0008033,EMP04017,2025-H1,2,3.1,97,46,No,12
PERF0008034,EMP04017,2025-H2,5,3.44,89,32,No,12
PERF0008035,EMP04018,2025-H1,5,4.36,89,2,No,12
PERF0008036,EMP04018,2025-H2,2,3.12,88,21,No,12
PERF0008037,EMP04019,2025-H1,3,2.57,85,35,Yes,10
PERF0008038,EMP04019,2025-H2,5,3.15,75,51,No,5
PERF0008039,EMP04020,2025-H1,5,3.06,79,46,Yes,5
PERF0008040,EMP04020,2025-H2,4,3.25,84,42,No,15
PERF0008041,EMP04021,2025-H1,2,4.94,84,43,No,15
PERF0008042,EMP04021,2025-H2,2,2.59,71,60,No,5
PERF0008043,EMP04022,2025-H1,4,4.74,99,27,Yes,5
PERF0008044,EMP04022,2025-H2,5,2.8,89,59,No,5
PERF0008045,EMP04023,2025-H1,4,2.9,95,26,No,5
PERF0008046,EMP04023,2025-H2,2,3.41,60,42,No,8
PERF0008047,EMP04024,2025-H1,4,3.28,69,56,Yes,0
PERF0008048,EMP04024,2025-H2,5,3.17,75,49,Yes,10
PERF0008049,EMP04025,2025-H1,5,3.27,87,37,No,12
PERF0008050,EMP04025,2025-H2,4,4.11,68,40,Yes,15
PERF0008051,EMP04026,2025-H1,5,3.85,76,11,Yes,12
PERF0008052,EMP04026,2025-H2,2,3.71,96,42,No,8
PERF0008053,EMP04027,2025-H1,3,4.75,97,53,No,5
PERF0008054,EMP04027,2025-H2,3,4.24,66,0,Yes,10
PERF0008055,EMP04028,2025-H1,5,2.6,89,17,Yes,8
PERF0008056,EMP04028,2025-H2,3,3.69,98,33,No,12
PERF0008057,EMP04029,2025-H1,2,4.72,94,0,Yes,0
PERF0008058,EMP04029,2025-H2,4,3.85,90,56,Yes,12
PERF0008059,EMP04030,2025-H1,4,2.57,84,21,No,8
PERF0008060,EMP04030,2025-H2,2,4.54,85,48,No,0
PERF0008061,EMP04031,2025-H1,3,3.19,70,10,Yes,10
PERF0008062,EMP04031,2025-H2,2,3.29,60,28,Yes,8
PERF0008063,EMP04032,2025-H1,2,4.59,88,42,No,15
PERF0008064,EMP04032,2025-H2,3,2.66,68,19,No,5
PERF0008065,EMP04033,2025-H1,4,3.21,63,21,Yes,5
PERF0008066,EMP04033,2025-H2,4,2.51,68,47,No,5
PERF0008067,EMP04034,2025-H1,3,3.24,72,10,Yes,10
PERF0008068,EMP04034,2025-H2,5,3.04,83,1,Yes,5
PERF0008069,EMP04035,2025-H1,5,2.93,68,52,No,10
PERF0008070,EMP04035,2025-H2,4,3.21,100,6,No,15
PERF0008071,EMP04036,2025-H1,4,4.19,92,34,Yes,8
PERF0008072,EMP04036,2025-H2,3,4.23,76,58,No,0
PERF0008073,EMP04037,2025-H1,4,3.0,91,13,No,5
PERF0008074,EMP04037,2025-H2,3,2.8,88,6,No,10
PERF0008075,EMP04038,2025-H1,4,3.91,93,22,No,12
PERF0008076,EMP04038,2025-H2,5,4.53,77,11,No,12
PERF0008077,EMP04039,2025-H1,5,3.49,90,7,Yes,15
PERF0008078,EMP04039,2025-H2,5,2.78,71,9,Yes,12
PERF0008079,EMP04040,2025-H1,4,3.17,97,48,No,8
PERF0008080,EMP04040,2025-H2,3,2.83,99,22,Yes,12
PERF0008081,EMP04041,2025-H1,3,3.91,95,24,Yes,12
PERF0008082,EMP04041,2025-H2,2,2.78,66,24,Yes,8
PERF0008083,EMP04042,2025-H1,4,4.77,60,6,No,10
PERF0008084,EMP04042,2025-H2,4,4.24,82,60,Yes,5
PERF0008085,EMP04043,2025-H1,2,3.4,74,11,Yes,12
PERF0008086,EMP04043,2025-H2,4,3.98,90,13,No,0
PERF0008087,EMP04044,2025-H1,3,4.0,70,19,Yes,5
PERF0008088,EMP04044,2025-H2,3,3.99,86,10,No,0
PERF0008089,EMP04045,2025-H1,5,2.52,80,58,No,10
PERF0008090,EMP04045,2025-H2,4,3.98,70,41,No,5
PERF0008091,EMP04046,2025-H1,4,4.25,91,20,No,15
PERF0008092,EMP04046,2025-H2,2,2.87,93,36,No,5
PERF0008093,EMP04047,2025-H1,3,3.28,60,27,Yes,10
PERF0008094,EMP04047,2025-H2,3,4.28,86,22,Yes,0
PERF0008095,EMP04048,2025-H1,5,4.77,94,1,Yes,5
PERF0008096,EMP04048,2025-H2,3,2.64,70,7,No,5
PERF0008097,EMP04049,2025-H1,3,4.67,83,35,Yes,0
PERF0008098,EMP04049,2025-H2,2,4.64,78,39,Yes,0
PERF0008099,EMP04050,2025-H1,5,4.81,60,46,No,0
PERF0008100,EMP04050,2025-H2,4,4.48,93,3,Yes,5
PERF0008101,EMP04051,2025-H1,5,3.79,91,19,Yes,15
PERF0008102,EMP04051,2025-H2,5,2.93,99,52,No,12
PERF0008103,EMP04052,2025-H1,5,2.91,71,56,No,12
PERF0008104,EMP04052,2025-H2,3,3.05,96,26,Yes,15
PERF0008105,EMP04053,2025-H1,5,4.12,69,29,Yes,8
PERF0008106,EMP04053,2025-H2,3,4.99,71,38,No,5
PERF0008107,EMP04054,2025-H1,4,3.92,66,56,Yes,8
PERF0008108,EMP04054,2025-H2,5,2.61,75,6,No,8
PERF0008109,EMP04055,2025-H1,4,2.98,90,35,No,5
PERF0008110,EMP04055,2025-H2,2,4.54,70,57,Yes,10
PERF0008111,EMP04056,2025-H1,4,3.86,73,41,No,10
PERF0008112,EMP04056,2025-H2,3,4.81,92,57,No,12
PERF0008113,EMP04057,2025-H1,2,4.1,85,32,Yes,5
PERF0008114,EMP04057,2025-H2,5,3.96,86,24,No,15
PERF0008115,EMP04058,2025-H1,5,3.25,63,13,Yes,0
PERF0008116,EMP04058,2025-H2,3,3.31,78,15,Yes,0
PERF0008117,EMP04059,2025-H1,3,4.72,100,41,No,0
PERF0008118,EMP04059,2025-H2,4,3.53,79,25,No,8
PERF0008119,EMP04060,2025-H1,2,2.74,60,25,No,5
PERF0008120,EMP04060,2025-H2,4,4.75,80,1,Yes,8
PERF0008121,EMP04061,2025-H1,4,3.7,81,16,Yes,8
PERF0008122,EMP04061,2025-H2,4,4.93,81,21,Yes,12
PERF0008123,EMP04062,2025-H1,3,4.16,63,47,No,15
PERF0008124,EMP04062,2025-H2,5,4.23,64,39,Yes,15
PERF0008125,EMP04063,2025-H1,3,4.34,94,56,Yes,12
PERF0008126,EMP04063,2025-H2,4,3.57,92,45,No,0
PERF0008127,EMP04064,2025-H1,5,2.68,90,31,No,5
PERF0008128,EMP04064,2025-H2,4,2.61,76,49,No,8
PERF0008129,EMP04065,2025-H1,2,3.72,90,21,No,8
PERF0008130,EMP04065,2025-H2,3,2.69,66,30,No,12
PERF0008131,EMP04066,2025-H1,3,3.66,67,36,No,15
PERF0008132,EMP04066,2025-H2,4,4.34,71,15,No,8
PERF0008133,EMP04067,2025-H1,2,2.99,96,33,Yes,12
PERF0008134,EMP04067,2025-H2,2,4.37,83,38,No,15
PERF0008135,EMP04068,2025-H1,2,4.91,87,56,No,5
PERF0008136,EMP04068,2025-H2,3,3.83,83,39,No,5
PERF0008137,EMP04069,2025-H1,2,3.34,94,42,No,5
PERF0008138,EMP04069,2025-H2,3,3.32,73,17,No,10
PERF0008139,EMP04070,2025-H1,5,2.97,71,55,Yes,12
PERF0008140,EMP04070,2025-H2,2,4.62,84,54,No,12
PERF0008141,EMP04071,2025-H1,5,4.67,69,4,No,0
PERF0008142,EMP04071,2025-H2,5,2.75,62,3,No,5
PERF0008143,EMP04072,2025-H1,2,4.42,86,31,Yes,8
PERF0008144,EMP04072,2025-H2,3,4.16,98,41,Yes,15
PERF0008145,EMP04073,2025-H1,3,2.9,96,57,No,0
PERF0008146,EMP04073,2025-H2,5,4.92,85,52,Yes,10
PERF0008147,EMP04074,2025-H1,2,4.25,79,53,Yes,10
PERF0008148,EMP04074,2025-H2,2,3.02,69,50,No,0
PERF0008149,EMP04075,2025-H1,5,3.62,75,49,Yes,5
PERF0008150,EMP04075,2025-H2,4,2.68,96,22,Yes,15
PERF0008151,EMP04076,2025-H1,4,3.45,91,10,No,0
PERF0008152,EMP04076,2025-H2,2,2.65,75,16,No,5
PERF0008153,EMP04077,2025-H1,5,4.75,63,30,No,15
PERF0008154,EMP04077,2025-H2,4,2.77,70,42,Yes,0
PERF0008155,EMP04078,2025-H1,2,3.37,88,7,No,5
PERF0008156,EMP04078,2025-H2,4,2.61,66,19,No,12
PERF0008157,EMP04079,2025-H1,2,3.92,96,57,No,12
PERF0008158,EMP04079,2025-H2,3,2.55,61,26,No,15
PERF0008159,EMP04080,2025-H1,2,3.59,81,30,No,8
PERF0008160,EMP04080,2025-H2,2,2.52,72,22,No,8
PERF0008161,EMP04081,2025-H1,2,4.51,70,60,Yes,8
PERF0008162,EMP04081,2025-H2,5,3.93,79,12,No,10
PERF0008163,EMP04082,2025-H1,2,4.4,92,5,No,12
PERF0008164,EMP04082,2025-H2,5,4.92,67,39,No,12
PERF0008165,EMP04083,2025-H1,4,4.6,81,53,Yes,10
PERF0008166,EMP04083,2025-H2,4,4.02,92,54,No,0
PERF0008167,EMP04084,2025-H1,2,2.53,80,22,Yes,15
PERF0008168,EMP04084,2025-H2,2,2.68,88,44,No,0
PERF0008169,EMP04085,2025-H1,4,3.31,83,20,No,10
PERF0008170,EMP04085,2025-H2,4,4.89,68,41,No,10
PERF0008171,EMP04086,2025-H1,5,4.82,65,1,Yes,10
PERF0008172,EMP04086,2025-H2,3,3.33,100,16,Yes,5
PERF0008173,EMP04087,2025-H1,3,4.96,64,12,Yes,0
PERF0008174,EMP04087,2025-H2,5,4.22,69,5,Yes,15
PERF0008175,EMP04088,2025-H1,3,3.74,67,43,No,15
PERF0008176,EMP04088,2025-H2,4,3.01,79,55,Yes,8
PERF0008177,EMP04089,2025-H1,4,3.41,98,40,No,5
PERF0008178,EMP04089,2025-H2,2,3.94,75,20,Yes,0
PERF0008179,EMP04090,2025-H1,4,2.62,98,3,No,8
PERF0008180,EMP04090,2025-H2,4,2.69,64,34,Yes,12
PERF0008181,EMP04091,2025-H1,4,3.3,91,38,No,12
PERF0008182,EMP04091,2025-H2,5,4.12,89,20,No,0
PERF0008183,EMP04092,2025-H1,5,4.29,79,28,Yes,10
PERF0008184,EMP04092,2025-H2,4,4.28,74,39,No,12
PERF0008185,EMP04093,2025-H1,3,3.97,66,46,Yes,10
PERF0008186,EMP04093,2025-H2,5,4.01,84,19,No,5
PERF0008187,EMP04094,2025-H1,3,3.6,78,45,No,10
PERF0008188,EMP04094,2025-H2,3,4.28,95,30,Yes,15
PERF0008189,EMP04095,2025-H1,5,4.43,76,6,Yes,0
PERF0008190,EMP04095,2025-H2,3,2.69,70,17,Yes,12
PERF0008191,EMP04096,2025-H1,4,3.77,70,17,No,10
PERF0008192,EMP04096,2025-H2,3,2.85,60,57,Yes,0
PERF0008193,EMP04097,2025-H1,3,3.41,93,49,No,12
PERF0008194,EMP04097,2025-H2,4,4.96,96,47,Yes,12
PERF0008195,EMP04098,2025-H1,3,4.23,85,3,No,10
PERF0008196,EMP04098,2025-H2,2,4.41,100,58,Yes,12
PERF0008197,EMP04099,2025-H1,3,3.24,67,34,Yes,5
PERF0008198,EMP04099,2025-H2,3,4.1,68,45,No,5
PERF0008199,EMP04100,2025-H1,3,3.39,84,41,No,10
PERF0008200,EMP04100,2025-H2,3,3.03,70,28,Yes,8
PERF0008201,EMP04101,2025-H1,5,3.54,74,15,Yes,15
PERF0008202,EMP04101,2025-H2,4,2.71,89,50,Yes,5
PERF0008203,EMP04102,2025-H1,3,3.28,82,58,Yes,15
PERF0008204,EMP04102,2025-H2,5,2.93,64,24,No,5
PERF0008205,EMP04103,2025-H1,4,4.39,98,50,No,8
PERF0008206,EMP04103,2025-H2,5,3.92,72,3,No,12
PERF0008207,EMP04104,2025-H1,2,2.66,86,5,Yes,5
PERF0008208,EMP04104,2025-H2,3,4.38,95,40,Yes,5
PERF0008209,EMP04105,2025-H1,2,2.91,73,55,Yes,12
PERF0008210,EMP04105,2025-H2,2,3.12,90,12,No,5
PERF0008211,EMP04106,2025-H1,2,4.28,65,53,Yes,15
PERF0008212,EMP04106,2025-H2,3,3.11,72,51,No,5
PERF0008213,EMP04107,2025-H1,2,3.02,83,56,No,5
PERF0008214,EMP04107,2025-H2,4,2.95,70,5,Yes,5
PERF0008215,EMP04108,2025-H1,4,2.94,91,21,Yes,12
PERF0008216,EMP04108,2025-H2,4,3.73,89,50,No,15
PERF0008217,EMP04109,2025-H1,4,3.72,61,25,No,5
PERF0008218,EMP04109,2025-H2,4,2.77,99,15,Yes,0
PERF0008219,EMP04110,2025-H1,2,3.38,95,34,Yes,0
PERF0008220,EMP04110,2025-H2,5,4.53,98,44,No,15
PERF0008221,EMP04111,2025-H1,4,2.73,96,30,Yes,8
PERF0008222,EMP04111,2025-H2,2,3.31,68,46,No,12
PERF0008223,EMP04112,2025-H1,3,4.55,81,44,No,8
PERF0008224,EMP04112,2025-H2,3,2.98,99,41,No,10
PERF0008225,EMP04113,2025-H1,5,3.0,82,45,No,8
PERF0008226,EMP04113,2025-H2,3,4.96,76,34,Yes,8
PERF0008227,EMP04114,2025-H1,2,2.95,71,1,Yes,0
PERF0008228,EMP04114,2025-H2,2,4.27,83,42,No,0
PERF0008229,EMP04115,2025-H1,3,4.38,71,5,Yes,8
PERF0008230,EMP04115,2025-H2,4,2.98,84,8,No,8
PERF0008231,EMP04116,2025-H1,5,4.12,62,12,No,5
PERF0008232,EMP04116,2025-H2,2,3.82,88,29,No,12
PERF0008233,EMP04117,2025-H1,2,3.01,61,41,No,8
PERF0008234,EMP04117,2025-H2,3,2.88,95,53,No,15
PERF0008235,EMP04118,2025-H1,3,4.83,93,29,Yes,10
PERF0008236,EMP04118,2025-H2,4,4.9,76,27,Yes,10
PERF0008237,EMP04119,2025-H1,4,3.46,67,34,Yes,5
PERF0008238,EMP04119,2025-H2,3,3.55,100,14,Yes,5
PERF0008239,EMP04120,2025-H1,2,3.39,95,11,Yes,10
PERF0008240,EMP04120,2025-H2,4,3.1,85,45,No,15
PERF0008241,EMP04121,2025-H1,2,2.51,95,10,Yes,15
PERF0008242,EMP04121,2025-H2,5,4.53,60,58,No,8
PERF0008243,EMP04122,2025-H1,4,3.19,97,25,Yes,8
PERF0008244,EMP04122,2025-H2,5,3.9,65,25,Yes,0
PERF0008245,EMP04123,2025-H1,4,3.85,100,52,Yes,5
PERF0008246,EMP04123,2025-H2,2,2.89,69,7,Yes,15
PERF0008247,EMP04124,2025-H1,4,4.66,86,10,No,8
PERF0008248,EMP04124,2025-H2,5,2.99,73,44,Yes,15
PERF0008249,EMP04125,2025-H1,3,4.59,98,10,No,5
PERF0008250,EMP04125,2025-H2,5,4.74,60,60,Yes,10
PERF0008251,EMP04126,2025-H1,2,3.64,67,7,No,15
PERF0008252,EMP04126,2025-H2,2,4.76,74,11,Yes,0
PERF0008253,EMP04127,2025-H1,2,3.65,98,14,Yes,10
PERF0008254,EMP04127,2025-H2,4,3.32,67,28,No,12
PERF0008255,EMP04128,2025-H1,4,3.64,81,49,No,0
PERF0008256,EMP04128,2025-H2,3,4.07,70,50,Yes,10
PERF0008257,EMP04129,2025-H1,4,4.87,69,13,No,12
PERF0008258,EMP04129,2025-H2,3,3.38,80,23,No,12
PERF0008259,EMP04130,2025-H1,2,3.74,72,39,Yes,0
PERF0008260,EMP04130,2025-H2,5,2.86,89,38,No,0
PERF0008261,EMP04131,2025-H1,2,4.29,68,3,No,15
PERF0008262,EMP04131,2025-H2,3,4.3,97,17,Yes,12
PERF0008263,EMP04132,2025-H1,5,3.71,68,34,No,0
PERF0008264,EMP04132,2025-H2,5,4.94,60,49,Yes,15
PERF0008265,EMP04133,2025-H1,5,4.32,74,30,Yes,12
PERF0008266,EMP04133,2025-H2,2,4.09,93,59,No,10
PERF0008267,EMP04134,2025-H1,5,2.65,63,35,Yes,15
PERF0008268,EMP04134,2025-H2,3,2.88,68,23,Yes,0
PERF0008269,EMP04135,2025-H1,2,4.64,65,49,No,12
PERF0008270,EMP04135,2025-H2,5,3.26,61,14,Yes,0
PERF0008271,EMP04136,2025-H1,3,4.61,75,42,Yes,12
PERF0008272,EMP04136,2025-H2,3,4.37,73,19,Yes,8
PERF0008273,EMP04137,2025-H1,4,3.42,81,28,No,5
PERF0008274,EMP04137,2025-H2,2,3.46,91,7,No,0
PERF0008275,EMP04138,2025-H1,4,4.93,82,40,Yes,0
PERF0008276,EMP04138,2025-H2,2,3.86,66,46,Yes,15
PERF0008277,EMP04139,2025-H1,5,4.52,94,25,Yes,10
PERF0008278,EMP04139,2025-H2,5,4.49,80,6,Yes,15
PERF0008279,EMP04140,2025-H1,5,4.73,99,40,No,10
PERF0008280,EMP04140,2025-H2,4,4.85,66,31,No,10
PERF0008281,EMP04141,2025-H1,2,2.8,87,23,Yes,10
PERF0008282,EMP04141,2025-H2,4,3.65,71,49,No,12
PERF0008283,EMP04142,2025-H1,5,3.66,78,38,No,15
PERF0008284,EMP04142,2025-H2,4,4.43,74,27,Yes,12
PERF0008285,EMP04143,2025-H1,2,4.49,75,6,No,0
PERF0008286,EMP04143,2025-H2,2,4.2,98,4,No,8
PERF0008287,EMP04144,2025-H1,2,2.51,84,46,Yes,8
PERF0008288,EMP04144,2025-H2,4,3.32,76,47,No,8
PERF0008289,EMP04145,2025-H1,5,2.91,68,32,No,8
PERF0008290,EMP04145,2025-H2,3,2.62,86,46,No,12
PERF0008291,EMP04146,2025-H1,5,2.9,89,11,Yes,12
PERF0008292,EMP04146,2025-H2,5,2.63,90,35,Yes,8
PERF0008293,EMP04147,2025-H1,2,4.07,62,37,No,8
PERF0008294,EMP04147,2025-H2,2,2.59,63,23,No,8
PERF0008295,EMP04148,2025-H1,3,4.21,73,60,No,10
PERF0008296,EMP04148,2025-H2,2,3.62,67,7,Yes,12
PERF0008297,EMP04149,2025-H1,3,4.58,85,1,Yes,8
PERF0008298,EMP04149,2025-H2,2,3.85,80,60,No,5
PERF0008299,EMP04150,2025-H1,4,2.58,80,5,Yes,8
PERF0008300,EMP04150,2025-H2,2,3.52,84,56,Yes,8
PERF0008301,EMP04151,2025-H1,5,4.66,89,5,Yes,15
PERF0008302,EMP04151,2025-H2,4,4.94,66,24,Yes,0
PERF0008303,EMP04152,2025-H1,4,4.76,63,15,No,15
PERF0008304,EMP04152,2025-H2,4,3.09,92,7,No,8
PERF0008305,EMP04153,2025-H1,5,4.79,60,42,No,15
PERF0008306,EMP04153,2025-H2,5,4.62,65,47,Yes,10
PERF0008307,EMP04154,2025-H1,2,4.47,99,4,No,8
PERF0008308,EMP04154,2025-H2,4,3.01,100,28,Yes,10
PERF0008309,EMP04155,2025-H1,3,3.72,82,13,No,12
PERF0008310,EMP04155,2025-H2,3,4.0,71,30,No,12
PERF0008311,EMP04156,2025-H1,3,2.63,84,49,No,5
PERF0008312,EMP04156,2025-H2,5,3.43,96,52,No,12
PERF0008313,EMP04157,2025-H1,4,3.55,82,21,No,8
PERF0008314,EMP04157,2025-H2,2,3.81,91,23,No,10
PERF0008315,EMP04158,2025-H1,5,4.65,64,11,Yes,12
PERF0008316,EMP04158,2025-H2,2,4.98,76,24,Yes,5
PERF0008317,EMP04159,2025-H1,3,4.15,81,50,No,5
PERF0008318,EMP04159,2025-H2,5,3.44,84,1,No,12
PERF0008319,EMP04160,2025-H1,2,3.74,60,28,No,5
PERF0008320,EMP04160,2025-H2,2,4.74,90,4,No,5
PERF0008321,EMP04161,2025-H1,2,2.81,75,15,Yes,15
PERF0008322,EMP04161,2025-H2,2,3.57,100,15,No,8
PERF0008323,EMP04162,2025-H1,4,3.05,97,2,No,0
PERF0008324,EMP04162,2025-H2,2,3.0,96,5,Yes,10
PERF0008325,EMP04163,2025-H1,2,2.56,98,24,Yes,10
PERF0008326,EMP04163,2025-H2,2,4.31,79,48,No,0
PERF0008327,EMP04164,2025-H1,4,4.21,79,59,Yes,15
PERF0008328,EMP04164,2025-H2,3,4.49,86,17,No,0
PERF0008329,EMP04165,2025-H1,4,4.85,82,10,No,10
PERF0008330,EMP04165,2025-H2,5,3.57,63,7,No,0
PERF0008331,EMP04166,2025-H1,4,4.05,93,33,No,5
PERF0008332,EMP04166,2025-H2,5,3.03,84,47,Yes,5
PERF0008333,EMP04167,2025-H1,4,2.89,78,47,No,5
PERF0008334,EMP04167,2025-H2,4,3.14,80,5,Yes,12
PERF0008335,EMP04168,2025-H1,3,2.57,83,3,No,12
PERF0008336,EMP04168,2025-H2,4,4.39,66,48,No,12
PERF0008337,EMP04169,2025-H1,4,3.49,96,56,Yes,12
PERF0008338,EMP04169,2025-H2,5,3.57,96,45,Yes,12
PERF0008339,EMP04170,2025-H1,2,4.96,77,9,Yes,8
PERF0008340,EMP04170,2025-H2,4,4.57,79,28,No,12
PERF0008341,EMP04171,2025-H1,5,2.62,63,4,Yes,12
PERF0008342,EMP04171,2025-H2,3,3.84,61,53,Yes,8
PERF0008343,EMP04172,2025-H1,5,3.04,93,21,Yes,8
PERF0008344,EMP04172,2025-H2,5,3.77,64,53,No,8
PERF0008345,EMP04173,2025-H1,5,3.84,62,8,Yes,0
PERF0008346,EMP04173,2025-H2,2,3.38,80,17,Yes,10
PERF0008347,EMP04174,2025-H1,2,3.98,60,6,No,12
PERF0008348,EMP04174,2025-H2,4,3.62,62,37,Yes,8
PERF0008349,EMP04175,2025-H1,2,4.12,95,56,No,5
PERF0008350,EMP04175,2025-H2,3,2.97,74,25,No,0
PERF0008351,EMP04176,2025-H1,5,3.31,90,10,Yes,10
PERF0008352,EMP04176,2025-H2,5,3.51,83,22,Yes,8
PERF0008353,EMP04177,2025-H1,4,2.54,100,10,No,12
PERF0008354,EMP04177,2025-H2,4,3.34,66,21,Yes,0
PERF0008355,EMP04178,2025-H1,2,3.57,79,11,No,0
PERF0008356,EMP04178,2025-H2,4,3.4,85,55,No,5
PERF0008357,EMP04179,2025-H1,2,3.15,73,47,No,12
PERF0008358,EMP04179,2025-H2,3,4.13,62,20,No,5
PERF0008359,EMP04180,2025-H1,4,3.25,67,50,No,0
PERF0008360,EMP04180,2025-H2,3,3.44,94,1,Yes,10
PERF0008361,EMP04181,2025-H1,4,4.78,70,39,No,15
PERF0008362,EMP04181,2025-H2,5,3.73,79,59,Yes,10
PERF0008363,EMP04182,2025-H1,5,3.21,88,40,Yes,8
PERF0008364,EMP04182,2025-H2,4,3.59,91,58,Yes,10
PERF0008365,EMP04183,2025-H1,5,2.93,76,17,Yes,15
PERF0008366,EMP04183,2025-H2,3,3.19,98,39,No,10
PERF0008367,EMP04184,2025-H1,3,4.09,65,46,No,0
PERF0008368,EMP04184,2025-H2,4,4.03,94,48,No,0
PERF0008369,EMP04185,2025-H1,4,4.51,66,18,No,0
PERF0008370,EMP04185,2025-H2,4,3.72,94,48,No,8
PERF0008371,EMP04186,2025-H1,2,3.71,79,32,No,12
PERF0008372,EMP04186,2025-H2,4,2.63,95,18,Yes,5
PERF0008373,EMP04187,2025-H1,4,4.56,97,2,Yes,5
PERF0008374,EMP04187,2025-H2,5,3.51,78,14,Yes,10
PERF0008375,EMP04188,2025-H1,5,4.14,74,58,Yes,10
PERF0008376,EMP04188,2025-H2,3,3.12,61,45,Yes,5
PERF0008377,EMP04189,2025-H1,4,3.71,63,20,Yes,12
PERF0008378,EMP04189,2025-H2,3,3.25,82,0,No,15
PERF0008379,EMP04190,2025-H1,2,2.82,100,19,Yes,8
PERF0008380,EMP04190,2025-H2,4,4.4,84,0,Yes,5
PERF0008381,EMP04191,2025-H1,3,3.8,70,35,No,10
PERF0008382,EMP04191,2025-H2,3,3.04,94,33,Yes,5
PERF0008383,EMP04192,2025-H1,3,2.69,84,56,Yes,5
PERF0008384,EMP04192,2025-H2,2,3.14,92,41,No,15
PERF0008385,EMP04193,2025-H1,4,3.11,83,21,No,8
PERF0008386,EMP04193,2025-H2,3,4.71,66,56,Yes,5
PERF0008387,EMP04194,2025-H1,3,2.53,85,53,Yes,0
PERF0008388,EMP04194,2025-H2,4,4.73,97,47,Yes,0
PERF0008389,EMP04195,2025-H1,5,2.8,92,28,Yes,8
PERF0008390,EMP04195,2025-H2,2,3.94,98,38,No,8
PERF0008391,EMP04196,2025-H1,2,4.86,63,20,Yes,0
PERF0008392,EMP04196,2025-H2,3,4.51,89,54,Yes,5
PERF0008393,EMP04197,2025-H1,5,4.72,98,9,Yes,15
PERF0008394,EMP04197,2025-H2,2,3.21,75,49,No,12
PERF0008395,EMP04198,2025-H1,3,3.74,63,23,Yes,10
PERF0008396,EMP04198,2025-H2,2,4.7,89,8,Yes,10
PERF0008397,EMP04199,2025-H1,4,4.37,69,49,Yes,0
PERF0008398,EMP04199,2025-H2,4,4.2,67,8,Yes,15
PERF0008399,EMP04200,2025-H1,5,2.58,78,59,No,15
PERF0008400,EMP04200,2025-H2,4,4.25,77,39,No,15
PERF0008401,EMP04201,2025-H1,5,3.16,79,42,Yes,5
PERF0008402,EMP04201,2025-H2,5,3.61,96,60,Yes,8
PERF0008403,EMP04202,2025-H1,4,2.92,84,41,Yes,10
PERF0008404,EMP04202,2025-H2,2,3.25,65,14,Yes,12
PERF0008405,EMP04203,2025-H1,5,4.49,68,60,No,8
PERF0008406,EMP04203,2025-H2,4,3.51,87,26,Yes,10
PERF0008407,EMP04204,2025-H1,5,3.31,90,56,No,10
PERF0008408,EMP04204,2025-H2,2,2.69,87,11,Yes,12
PERF0008409,EMP04205,2025-H1,4,4.71,61,14,No,15
PERF0008410,EMP04205,2025-H2,5,4.4,90,55,Yes,0
PERF0008411,EMP04206,2025-H1,5,3.9,95,17,No,12
PERF0008412,EMP04206,2025-H2,4,3.33,65,4,Yes,8
PERF0008413,EMP04207,2025-H1,4,2.7,82,57,Yes,0
PERF0008414,EMP04207,2025-H2,4,4.28,87,33,No,0
PERF0008415,EMP04208,2025-H1,5,3.34,64,19,No,5
PERF0008416,EMP04208,2025-H2,3,2.57,72,33,Yes,5
PERF0008417,EMP04209,2025-H1,5,2.8,89,13,Yes,8
PERF0008418,EMP04209,2025-H2,5,3.7,97,43,No,0
PERF0008419,EMP04210,2025-H1,3,3.11,94,32,No,0
PERF0008420,EMP04210,2025-H2,3,4.3,100,55,Yes,10
PERF0008421,EMP04211,2025-H1,3,4.01,97,46,No,5
PERF0008422,EMP04211,2025-H2,5,3.45,96,2,No,15
PERF0008423,EMP04212,2025-H1,5,3.46,63,22,Yes,12
PERF0008424,EMP04212,2025-H2,2,4.03,99,59,No,10
PERF0008425,EMP04213,2025-H1,2,2.53,85,0,No,0
PERF0008426,EMP04213,2025-H2,4,3.44,64,15,No,12
PERF0008427,EMP04214,2025-H1,4,2.62,90,14,Yes,12
PERF0008428,EMP04214,2025-H2,2,2.53,72,8,No,0
PERF0008429,EMP04215,2025-H1,2,4.17,76,16,Yes,5
PERF0008430,EMP04215,2025-H2,2,2.56,84,6,Yes,10
PERF0008431,EMP04216,2025-H1,2,3.22,94,2,Yes,15
PERF0008432,EMP04216,2025-H2,5,4.94,93,54,No,8
PERF0008433,EMP04217,2025-H1,2,3.66,66,37,Yes,10
PERF0008434,EMP04217,2025-H2,3,3.73,95,36,Yes,0
PERF0008435,EMP04218,2025-H1,2,4.5,77,55,Yes,15
PERF0008436,EMP04218,2025-H2,4,3.03,88,12,Yes,12
PERF0008437,EMP04219,2025-H1,3,3.38,78,10,No,5
PERF0008438,EMP04219,2025-H2,2,3.83,77,44,No,5
PERF0008439,EMP04220,2025-H1,2,3.02,79,4,Yes,5
PERF0008440,EMP04220,2025-H2,2,4.9,87,23,Yes,8
PERF0008441,EMP04221,2025-H1,2,4.8,84,48,Yes,10
PERF0008442,EMP04221,2025-H2,2,2.54,86,13,Yes,0
PERF0008443,EMP04222,2025-H1,2,2.71,66,36,Yes,0
PERF0008444,EMP04222,2025-H2,4,3.9,92,30,Yes,0
PERF0008445,EMP04223,2025-H1,5,3.65,64,51,No,5
PERF0008446,EMP04223,2025-H2,4,4.72,62,22,Yes,10
PERF0008447,EMP04224,2025-H1,5,3.46,75,22,Yes,8
PERF0008448,EMP04224,2025-H2,5,4.56,78,10,Yes,0
PERF0008449,EMP04225,2025-H1,3,4.95,90,33,Yes,0
PERF0008450,EMP04225,2025-H2,4,4.57,83,1,No,0
PERF0008451,EMP04226,2025-H1,4,3.57,75,59,No,5
PERF0008452,EMP04226,2025-H2,2,2.59,70,46,No,5
PERF0008453,EMP04227,2025-H1,3,3.58,79,1,No,8
PERF0008454,EMP04227,2025-H2,2,2.97,65,34,No,10
PERF0008455,EMP04228,2025-H1,4,4.71,70,31,Yes,8
PERF0008456,EMP04228,2025-H2,5,4.32,64,36,No,5
PERF0008457,EMP04229,2025-H1,4,3.12,60,11,No,5
PERF0008458,EMP04229,2025-H2,4,2.59,97,37,No,15
PERF0008459,EMP04230,2025-H1,2,3.93,98,6,Yes,10
PERF0008460,EMP04230,2025-H2,2,3.78,60,44,No,10
PERF0008461,EMP04231,2025-H1,4,4.54,64,34,Yes,8
PERF0008462,EMP04231,2025-H2,4,3.65,98,57,No,0
PERF0008463,EMP04232,2025-H1,4,3.28,76,22,No,0
PERF0008464,EMP04232,2025-H2,2,2.52,78,0,Yes,8
PERF0008465,EMP04233,2025-H1,4,3.84,97,25,No,0
PERF0008466,EMP04233,2025-H2,4,4.84,77,48,Yes,12
PERF0008467,EMP04234,2025-H1,4,4.94,84,16,No,5
PERF0008468,EMP04234,2025-H2,4,3.48,60,7,Yes,12
PERF0008469,EMP04235,2025-H1,2,3.08,84,37,No,12
PERF0008470,EMP04235,2025-H2,5,3.86,76,4,Yes,5
PERF0008471,EMP04236,2025-H1,2,4.67,80,37,Yes,15
PERF0008472,EMP04236,2025-H2,3,4.32,76,16,Yes,8
PERF0008473,EMP04237,2025-H1,4,4.73,69,27,Yes,15
PERF0008474,EMP04237,2025-H2,2,3.16,67,31,Yes,8
PERF0008475,EMP04238,2025-H1,4,4.29,69,9,No,10
PERF0008476,EMP04238,2025-H2,3,3.25,96,18,Yes,10
PERF0008477,EMP04239,2025-H1,3,4.36,95,50,Yes,12
PERF0008478,EMP04239,2025-H2,5,4.08,98,28,No,0
PERF0008479,EMP04240,2025-H1,3,2.77,97,16,Yes,5
PERF0008480,EMP04240,2025-H2,3,4.61,95,53,Yes,8
PERF0008481,EMP04241,2025-H1,4,4.71,75,45,Yes,5
PERF0008482,EMP04241,2025-H2,3,4.26,72,14,Yes,0
PERF0008483,EMP04242,2025-H1,2,4.37,87,26,Yes,15
PERF0008484,EMP04242,2025-H2,2,3.73,99,12,Yes,10
PERF0008485,EMP04243,2025-H1,4,4.62,80,51,Yes,5
PERF0008486,EMP04243,2025-H2,2,3.52,74,7,No,15
PERF0008487,EMP04244,2025-H1,2,3.73,81,34,Yes,12
PERF0008488,EMP04244,2025-H2,5,2.92,92,57,Yes,10
PERF0008489,EMP04245,2025-H1,2,2.85,80,34,Yes,8
PERF0008490,EMP04245,2025-H2,5,4.48,100,9,No,5
PERF0008491,EMP04246,2025-H1,4,4.15,78,2,Yes,12
PERF0008492,EMP04246,2025-H2,3,4.45,96,13,Yes,5
PERF0008493,EMP04247,2025-H1,5,3.72,81,44,Yes,12
PERF0008494,EMP04247,2025-H2,5,3.41,90,30,No,12
PERF0008495,EMP04248,2025-H1,4,4.92,96,50,Yes,12
PERF0008496,EMP04248,2025-H2,5,4.64,91,52,No,8
PERF0008497,EMP04249,2025-H1,3,2.74,100,55,Yes,10
PERF0008498,EMP04249,2025-H2,3,3.19,74,46,Yes,10
PERF0008499,EMP04250,2025-H1,5,3.91,76,27,No,8
PERF0008500,EMP04250,2025-H2,3,2.98,88,40,Yes,10
PERF0008501,EMP04251,2025-H1,3,4.95,61,24,Yes,10
PERF0008502,EMP04251,2025-H2,3,4.43,61,11,No,10
PERF0008503,EMP04252,2025-H1,5,4.2,90,37,Yes,8
PERF0008504,EMP04252,2025-H2,5,3.04,92,8,No,0
PERF0008505,EMP04253,2025-H1,5,4.08,79,36,No,15
PERF0008506,EMP04253,2025-H2,3,4.4,88,48,Yes,15
PERF0008507,EMP04254,2025-H1,5,3.62,61,32,No,0
PERF0008508,EMP04254,2025-H2,4,4.86,88,8,No,12
PERF0008509,EMP04255,2025-H1,5,4.04,83,3,No,8
PERF0008510,EMP04255,2025-H2,3,3.01,60,42,Yes,12
PERF0008511,EMP04256,2025-H1,4,4.24,98,18,No,12
PERF0008512,EMP04256,2025-H2,3,3.07,89,6,No,0
PERF0008513,EMP04257,2025-H1,3,3.57,94,45,Yes,8
PERF0008514,EMP04257,2025-H2,4,2.96,63,9,Yes,15
PERF0008515,EMP04258,2025-H1,5,3.8,67,5,No,8
PERF0008516,EMP04258,2025-H2,2,3.69,67,8,No,12
PERF0008517,EMP04259,2025-H1,3,3.96,66,0,Yes,8
PERF0008518,EMP04259,2025-H2,5,3.95,60,34,No,5
PERF0008519,EMP04260,2025-H1,4,3.17,93,21,Yes,15
PERF0008520,EMP04260,2025-H2,4,4.75,89,60,No,8
PERF0008521,EMP04261,2025-H1,5,4.24,70,26,No,0
PERF0008522,EMP04261,2025-H2,5,4.27,89,37,Yes,15
PERF0008523,EMP04262,2025-H1,2,2.9,78,48,No,10
PERF0008524,EMP04262,2025-H2,3,2.66,91,4,Yes,5
PERF0008525,EMP04263,2025-H1,3,4.76,91,59,Yes,15
PERF0008526,EMP04263,2025-H2,5,2.83,63,1,No,5
PERF0008527,EMP04264,2025-H1,4,4.47,67,7,No,12
PERF0008528,EMP04264,2025-H2,5,4.71,64,0,No,0
PERF0008529,EMP04265,2025-H1,3,4.56,77,24,No,15
PERF0008530,EMP04265,2025-H2,5,2.82,66,23,No,10
PERF0008531,EMP04266,2025-H1,5,2.89,62,32,Yes,0
PERF0008532,EMP04266,2025-H2,3,3.18,94,10,Yes,0
PERF0008533,EMP04267,2025-H1,3,4.28,61,18,Yes,12
PERF0008534,EMP04267,2025-H2,3,4.76,95,1,Yes,15
PERF0008535,EMP04268,2025-H1,3,2.76,80,46,Yes,0
PERF0008536,EMP04268,2025-H2,3,4.2,62,7,Yes,8
PERF0008537,EMP04269,2025-H1,2,3.81,66,39,No,0
PERF0008538,EMP04269,2025-H2,2,3.83,97,49,No,5
PERF0008539,EMP04270,2025-H1,4,3.45,61,3,Yes,12
PERF0008540,EMP04270,2025-H2,2,3.94,67,35,No,12
PERF0008541,EMP04271,2025-H1,4,2.88,72,46,No,12
PERF0008542,EMP04271,2025-H2,4,4.53,87,55,Yes,0
PERF0008543,EMP04272,2025-H1,4,3.99,76,55,No,15
PERF0008544,EMP04272,2025-H2,5,4.66,62,18,Yes,10
PERF0008545,EMP04273,2025-H1,5,4.69,83,27,No,15
PERF0008546,EMP04273,2025-H2,2,4.49,78,6,Yes,0
PERF0008547,EMP04274,2025-H1,3,2.97,62,37,No,15
PERF0008548,EMP04274,2025-H2,5,4.84,100,48,Yes,15
PERF0008549,EMP04275,2025-H1,3,3.27,71,56,No,5
PERF0008550,EMP04275,2025-H2,2,4.94,68,3,No,10
PERF0008551,EMP04276,2025-H1,5,3.81,78,14,Yes,10
PERF0008552,EMP04276,2025-H2,4,3.35,72,20,Yes,8
PERF0008553,EMP04277,2025-H1,3,2.68,64,56,No,12
PERF0008554,EMP04277,2025-H2,5,2.8,96,45,Yes,12
PERF0008555,EMP04278,2025-H1,3,4.08,67,9,Yes,0
PERF0008556,EMP04278,2025-H2,4,4.83,90,54,No,8
PERF0008557,EMP04279,2025-H1,5,4.93,62,29,No,12
PERF0008558,EMP04279,2025-H2,2,4.02,73,13,No,12
PERF0008559,EMP04280,2025-H1,5,4.33,82,27,No,8
PERF0008560,EMP04280,2025-H2,3,3.93,74,44,No,0
PERF0008561,EMP04281,2025-H1,4,4.61,71,1,No,10
PERF0008562,EMP04281,2025-H2,2,4.8,98,53,Yes,0
PERF0008563,EMP04282,2025-H1,4,4.35,60,52,Yes,15
PERF0008564,EMP04282,2025-H2,3,3.01,85,19,No,8
PERF0008565,EMP04283,2025-H1,3,4.78,76,43,Yes,12
PERF0008566,EMP04283,2025-H2,5,2.67,90,49,No,0
PERF0008567,EMP04284,2025-H1,5,4.48,76,1,No,12
PERF0008568,EMP04284,2025-H2,4,3.6,65,25,Yes,8
PERF0008569,EMP04285,2025-H1,2,3.44,100,60,No,10
PERF0008570,EMP04285,2025-H2,3,3.24,70,45,Yes,5
PERF0008571,EMP04286,2025-H1,2,3.86,92,17,No,0
PERF0008572,EMP04286,2025-H2,2,3.95,72,11,No,5
PERF0008573,EMP04287,2025-H1,5,4.3,61,51,No,8
PERF0008574,EMP04287,2025-H2,3,2.72,86,10,No,10
PERF0008575,EMP04288,2025-H1,4,4.74,73,29,Yes,0
PERF0008576,EMP04288,2025-H2,4,3.23,61,47,Yes,0
PERF0008577,EMP04289,2025-H1,5,4.19,74,44,No,5
PERF0008578,EMP04289,2025-H2,2,3.97,100,19,Yes,15
PERF0008579,EMP04290,2025-H1,5,4.11,91,0,No,8
PERF0008580,EMP04290,2025-H2,2,2.64,91,52,No,12
PERF0008581,EMP04291,2025-H1,4,4.76,93,36,No,5
PERF0008582,EMP04291,2025-H2,3,3.26,92,19,No,8
PERF0008583,EMP04292,2025-H1,4,3.79,95,12,Yes,8
PERF0008584,EMP04292,2025-H2,4,4.89,64,55,No,0
PERF0008585,EMP04293,2025-H1,4,4.51,84,2,Yes,5
PERF0008586,EMP04293,2025-H2,4,2.97,91,27,Yes,12
PERF0008587,EMP04294,2025-H1,5,4.13,100,59,Yes,15
PERF0008588,EMP04294,2025-H2,2,3.78,68,3,Yes,15
PERF0008589,EMP04295,2025-H1,5,4.6,71,32,No,5
PERF0008590,EMP04295,2025-H2,3,4.18,74,29,Yes,15
PERF0008591,EMP04296,2025-H1,3,4.54,64,12,No,0
PERF0008592,EMP04296,2025-H2,4,4.53,86,31,No,15
PERF0008593,EMP04297,2025-H1,4,3.84,60,3,Yes,10
PERF0008594,EMP04297,2025-H2,2,4.2,88,24,No,5
PERF0008595,EMP04298,2025-H1,2,4.67,72,25,No,12
PERF0008596,EMP04298,2025-H2,4,3.03,88,28,Yes,0
PERF0008597,EMP04299,2025-H1,2,2.65,64,10,Yes,8
PERF0008598,EMP04299,2025-H2,5,2.52,68,38,No,10
PERF0008599,EMP04300,2025-H1,3,4.85,89,47,No,8
PERF0008600,EMP04300,2025-H2,4,4.53,70,46,Yes,12
PERF0008601,EMP04301,2025-H1,4,3.37,94,7,No,0
PERF0008602,EMP04301,2025-H2,4,4.75,96,19,Yes,0
PERF0008603,EMP04302,2025-H1,3,4.29,95,45,Yes,5
PERF0008604,EMP04302,2025-H2,2,4.78,65,24,No,5
PERF0008605,EMP04303,2025-H1,3,2.84,84,45,No,15
PERF0008606,EMP04303,2025-H2,4,2.8,99,38,Yes,5
PERF0008607,EMP04304,2025-H1,3,4.31,90,27,No,15
PERF0008608,EMP04304,2025-H2,2,3.4,75,19,Yes,12
PERF0008609,EMP04305,2025-H1,4,3.0,100,2,Yes,15
PERF0008610,EMP04305,2025-H2,5,3.82,60,39,Yes,8
PERF0008611,EMP04306,2025-H1,2,3.39,75,32,Yes,5
PERF0008612,EMP04306,2025-H2,5,3.04,74,21,No,5
PERF0008613,EMP04307,2025-H1,2,2.64,100,10,Yes,12
PERF0008614,EMP04307,2025-H2,3,2.85,79,8,Yes,10
PERF0008615,EMP04308,2025-H1,3,3.74,98,51,No,0
PERF0008616,EMP04308,2025-H2,5,4.36,69,6,Yes,12
PERF0008617,EMP04309,2025-H1,4,4.55,75,8,Yes,12
PERF0008618,EMP04309,2025-H2,3,3.34,77,33,No,0
PERF0008619,EMP04310,2025-H1,3,4.76,100,30,Yes,0
PERF0008620,EMP04310,2025-H2,3,3.08,84,25,No,15
PERF0008621,EMP04311,2025-H1,3,4.51,82,50,No,10
PERF0008622,EMP04311,2025-H2,2,4.14,94,33,Yes,12
PERF0008623,EMP04312,2025-H1,3,4.79,67,3,Yes,8
PERF0008624,EMP04312,2025-H2,5,4.73,68,26,Yes,12
PERF0008625,EMP04313,2025-H1,5,4.56,74,18,Yes,0
PERF0008626,EMP04313,2025-H2,2,4.69,96,33,Yes,10
PERF0008627,EMP04314,2025-H1,3,4.86,80,14,Yes,10
PERF0008628,EMP04314,2025-H2,4,3.24,88,28,No,10
PERF0008629,EMP04315,2025-H1,5,3.73,62,41,No,15
PERF0008630,EMP04315,2025-H2,3,3.15,83,40,No,10
PERF0008631,EMP04316,2025-H1,5,4.66,74,17,No,10
PERF0008632,EMP04316,2025-H2,5,4.11,81,46,No,8
PERF0008633,EMP04317,2025-H1,5,3.42,73,29,Yes,0
PERF0008634,EMP04317,2025-H2,3,4.01,92,5,Yes,8
PERF0008635,EMP04318,2025-H1,2,3.83,81,46,Yes,12
PERF0008636,EMP04318,2025-H2,5,4.41,98,60,Yes,0
PERF0008637,EMP04319,2025-H1,5,3.47,72,52,Yes,15
PERF0008638,EMP04319,2025-H2,4,3.92,68,59,Yes,12
PERF0008639,EMP04320,2025-H1,4,2.73,61,28,No,5
PERF0008640,EMP04320,2025-H2,4,2.61,77,51,No,5
PERF0008641,EMP04321,2025-H1,2,4.48,72,12,No,10
PERF0008642,EMP04321,2025-H2,2,3.13,94,46,No,12
PERF0008643,EMP04322,2025-H1,5,4.93,90,35,Yes,12
PERF0008644,EMP04322,2025-H2,2,4.61,84,15,Yes,0
PERF0008645,EMP04323,2025-H1,4,3.92,76,25,Yes,15
PERF0008646,EMP04323,2025-H2,5,4.09,72,55,No,5
PERF0008647,EMP04324,2025-H1,3,4.96,60,56,Yes,8
PERF0008648,EMP04324,2025-H2,3,4.3,76,24,No,8
PERF0008649,EMP04325,2025-H1,2,4.54,97,47,No,12
PERF0008650,EMP04325,2025-H2,5,2.81,88,18,Yes,0
PERF0008651,EMP04326,2025-H1,4,3.88,76,50,Yes,5
PERF0008652,EMP04326,2025-H2,3,4.29,63,15,Yes,10
PERF0008653,EMP04327,2025-H1,2,4.93,70,47,No,5
PERF0008654,EMP04327,2025-H2,4,3.93,83,8,No,0
PERF0008655,EMP04328,2025-H1,5,4.84,76,22,Yes,12
PERF0008656,EMP04328,2025-H2,4,3.98,91,30,Yes,12
PERF0008657,EMP04329,2025-H1,2,4.78,77,6,No,5
PERF0008658,EMP04329,2025-H2,5,3.09,91,52,No,15
PERF0008659,EMP04330,2025-H1,2,4.57,66,18,No,0
PERF0008660,EMP04330,2025-H2,5,4.61,81,43,No,0
PERF0008661,EMP04331,2025-H1,2,2.99,91,52,No,5
PERF0008662,EMP04331,2025-H2,5,4.29,75,46,No,10
PERF0008663,EMP04332,2025-H1,4,3.94,62,9,No,8
PERF0008664,EMP04332,2025-H2,5,3.25,75,50,Yes,15
PERF0008665,EMP04333,2025-H1,4,3.95,81,49,Yes,5
PERF0008666,EMP04333,2025-H2,5,2.9,83,29,Yes,5
PERF0008667,EMP04334,2025-H1,4,2.54,77,35,No,8
PERF0008668,EMP04334,2025-H2,5,4.3,95,15,No,10
PERF0008669,EMP04335,2025-H1,5,3.92,67,47,Yes,12
PERF0008670,EMP04335,2025-H2,5,4.32,75,42,Yes,5
PERF0008671,EMP04336,2025-H1,5,2.84,69,42,No,12
PERF0008672,EMP04336,2025-H2,5,4.39,94,28,Yes,8
PERF0008673,EMP04337,2025-H1,4,2.92,96,43,Yes,0
PERF0008674,EMP04337,2025-H2,3,4.45,96,36,Yes,0
PERF0008675,EMP04338,2025-H1,5,3.52,89,33,No,12
PERF0008676,EMP04338,2025-H2,2,2.62,66,32,No,5
PERF0008677,EMP04339,2025-H1,5,3.86,95,1,No,8
PERF0008678,EMP04339,2025-H2,3,3.99,70,43,Yes,12
PERF0008679,EMP04340,2025-H1,2,2.55,63,30,No,0
PERF0008680,EMP04340,2025-H2,4,2.85,65,18,No,8
PERF0008681,EMP04341,2025-H1,5,3.22,72,55,Yes,10
PERF0008682,EMP04341,2025-H2,5,3.09,75,45,No,15
PERF0008683,EMP04342,2025-H1,2,4.79,79,47,No,15
PERF0008684,EMP04342,2025-H2,3,2.68,97,19,No,5
PERF0008685,EMP04343,2025-H1,3,2.68,95,0,No,12
PERF0008686,EMP04343,2025-H2,4,4.52,64,36,Yes,10
PERF0008687,EMP04344,2025-H1,4,3.02,61,13,No,12
PERF0008688,EMP04344,2025-H2,5,3.74,65,16,No,0
PERF0008689,EMP04345,2025-H1,2,4.23,88,4,Yes,15
PERF0008690,EMP04345,2025-H2,4,4.8,90,16,No,12
PERF0008691,EMP04346,2025-H1,2,3.94,81,4,No,8
PERF0008692,EMP04346,2025-H2,5,2.95,92,55,Yes,0
PERF0008693,EMP04347,2025-H1,3,2.67,74,18,Yes,8
PERF0008694,EMP04347,2025-H2,5,4.55,95,17,No,10
PERF0008695,EMP04348,2025-H1,5,4.48,77,0,Yes,8
PERF0008696,EMP04348,2025-H2,2,3.85,73,16,No,10
PERF0008697,EMP04349,2025-H1,3,4.44,81,28,Yes,5
PERF0008698,EMP04349,2025-H2,3,4.48,68,0,Yes,0
PERF0008699,EMP04350,2025-H1,5,3.44,85,56,Yes,5
PERF0008700,EMP04350,2025-H2,2,3.59,88,6,Yes,15
PERF0008701,EMP04351,2025-H1,5,4.89,70,57,No,10
PERF0008702,EMP04351,2025-H2,5,4.33,77,15,No,15
PERF0008703,EMP04352,2025-H1,4,3.22,71,25,Yes,12
PERF0008704,EMP04352,2025-H2,4,4.77,78,41,Yes,12
PERF0008705,EMP04353,2025-H1,4,4.01,80,2,No,0
PERF0008706,EMP04353,2025-H2,4,2.98,83,56,No,0
PERF0008707,EMP04354,2025-H1,3,4.83,64,12,Yes,0
PERF0008708,EMP04354,2025-H2,3,4.86,99,2,No,8
PERF0008709,EMP04355,2025-H1,4,3.07,63,5,Yes,15
PERF0008710,EMP04355,2025-H2,4,3.91,65,48,No,0
PERF0008711,EMP04356,2025-H1,5,3.08,76,48,No,8
PERF0008712,EMP04356,2025-H2,5,4.22,88,40,Yes,5
PERF0008713,EMP04357,2025-H1,2,3.88,67,56,No,10
PERF0008714,EMP04357,2025-H2,5,4.22,94,21,No,0
PERF0008715,EMP04358,2025-H1,5,3.95,74,38,Yes,10
PERF0008716,EMP04358,2025-H2,3,4.85,63,56,Yes,0
PERF0008717,EMP04359,2025-H1,5,3.65,92,52,No,15
PERF0008718,EMP04359,2025-H2,2,4.66,65,2,No,0
PERF0008719,EMP04360,2025-H1,2,2.54,93,9,Yes,12
PERF0008720,EMP04360,2025-H2,4,4.87,95,6,Yes,0
PERF0008721,EMP04361,2025-H1,4,4.9,80,47,No,8
PERF0008722,EMP04361,2025-H2,4,3.7,93,58,Yes,10
PERF0008723,EMP04362,2025-H1,4,2.75,73,36,Yes,10
PERF0008724,EMP04362,2025-H2,4,4.69,60,5,Yes,15
PERF0008725,EMP04363,2025-H1,5,2.79,89,47,Yes,5
PERF0008726,EMP04363,2025-H2,5,3.4,61,11,Yes,15
PERF0008727,EMP04364,2025-H1,4,4.31,71,23,No,15
PERF0008728,EMP04364,2025-H2,4,4.23,74,49,No,10
PERF0008729,EMP04365,2025-H1,2,2.72,78,18,Yes,15
PERF0008730,EMP04365,2025-H2,4,3.03,74,17,Yes,15
PERF0008731,EMP04366,2025-H1,3,3.53,75,34,No,15
PERF0008732,EMP04366,2025-H2,3,4.88,99,44,No,0
PERF0008733,EMP04367,2025-H1,3,4.03,76,9,No,0
PERF0008734,EMP04367,2025-H2,4,3.1,99,9,No,8
PERF0008735,EMP04368,2025-H1,5,3.34,77,20,No,5
PERF0008736,EMP04368,2025-H2,4,3.88,70,55,Yes,0
PERF0008737,EMP04369,2025-H1,4,4.19,78,58,No,10
PERF0008738,EMP04369,2025-H2,2,4.77,93,25,No,15
PERF0008739,EMP04370,2025-H1,5,3.15,77,49,Yes,10
PERF0008740,EMP04370,2025-H2,4,3.56,96,5,No,0
PERF0008741,EMP04371,2025-H1,3,3.39,67,44,No,5
PERF0008742,EMP04371,2025-H2,3,3.31,79,25,Yes,0
PERF0008743,EMP04372,2025-H1,3,2.97,71,39,Yes,15
PERF0008744,EMP04372,2025-H2,2,3.63,63,42,Yes,0
PERF0008745,EMP04373,2025-H1,3,4.43,61,46,No,8
PERF0008746,EMP04373,2025-H2,2,4.44,88,42,Yes,8
PERF0008747,EMP04374,2025-H1,4,3.23,69,44,Yes,0
PERF0008748,EMP04374,2025-H2,3,4.83,85,17,No,12
PERF0008749,EMP04375,2025-H1,2,4.92,99,29,No,0
PERF0008750,EMP04375,2025-H2,4,4.09,99,5,Yes,0
PERF0008751,EMP04376,2025-H1,5,4.69,76,6,No,15
PERF0008752,EMP04376,2025-H2,4,3.19,83,18,No,0
PERF0008753,EMP04377,2025-H1,2,3.6,90,8,No,8
PERF0008754,EMP04377,2025-H2,5,3.94,79,14,Yes,12
PERF0008755,EMP04378,2025-H1,4,3.3,60,42,No,8
PERF0008756,EMP04378,2025-H2,4,3.64,76,60,No,0
PERF0008757,EMP04379,2025-H1,4,3.2,62,40,Yes,5
PERF0008758,EMP04379,2025-H2,3,3.09,86,3,Yes,10
PERF0008759,EMP04380,2025-H1,4,3.69,100,30,Yes,10
PERF0008760,EMP04380,2025-H2,5,3.08,82,10,No,0
PERF0008761,EMP04381,2025-H1,3,3.26,97,8,Yes,15
PERF0008762,EMP04381,2025-H2,2,3.39,90,17,Yes,10
PERF0008763,EMP04382,2025-H1,4,3.53,67,57,Yes,8
PERF0008764,EMP04382,2025-H2,5,3.92,60,57,Yes,15
PERF0008765,EMP04383,2025-H1,4,3.73,75,32,Yes,5
PERF0008766,EMP04383,2025-H2,2,2.83,100,15,Yes,10
PERF0008767,EMP04384,2025-H1,3,3.16,98,7,No,8
PERF0008768,EMP04384,2025-H2,3,2.87,100,36,Yes,0
PERF0008769,EMP04385,2025-H1,5,2.84,75,3,No,8
PERF0008770,EMP04385,2025-H2,4,4.67,71,14,Yes,5
PERF0008771,EMP04386,2025-H1,4,4.08,65,28,No,8
PERF0008772,EMP04386,2025-H2,3,4.94,84,23,No,12
PERF0008773,EMP04387,2025-H1,4,4.24,73,24,Yes,0
PERF0008774,EMP04387,2025-H2,5,2.96,70,9,No,12
PERF0008775,EMP04388,2025-H1,4,3.77,93,12,No,15
PERF0008776,EMP04388,2025-H2,4,4.14,66,56,Yes,12
PERF0008777,EMP04389,2025-H1,2,4.37,75,36,Yes,15
PERF0008778,EMP04389,2025-H2,4,3.34,94,31,No,12
PERF0008779,EMP04390,2025-H1,5,4.92,86,8,No,0
PERF0008780,EMP04390,2025-H2,3,4.67,60,51,No,5
PERF0008781,EMP04391,2025-H1,4,3.36,60,49,No,10
PERF0008782,EMP04391,2025-H2,2,3.67,69,11,No,10
PERF0008783,EMP04392,2025-H1,2,4.16,87,8,No,5
PERF0008784,EMP04392,2025-H2,2,3.93,60,44,No,5
PERF0008785,EMP04393,2025-H1,5,3.63,83,13,No,8
PERF0008786,EMP04393,2025-H2,5,2.98,76,10,Yes,8
PERF0008787,EMP04394,2025-H1,4,2.9,63,33,Yes,12
PERF0008788,EMP04394,2025-H2,5,2.74,71,32,Yes,12
PERF0008789,EMP04395,2025-H1,5,2.58,81,5,Yes,8
PERF0008790,EMP04395,2025-H2,3,2.69,89,17,Yes,0
PERF0008791,EMP04396,2025-H1,3,3.27,68,25,Yes,15
PERF0008792,EMP04396,2025-H2,4,2.89,87,30,Yes,12
PERF0008793,EMP04397,2025-H1,5,2.85,79,27,No,15
PERF0008794,EMP04397,2025-H2,5,4.06,94,0,Yes,10
PERF0008795,EMP04398,2025-H1,3,3.63,98,10,Yes,10
PERF0008796,EMP04398,2025-H2,4,3.71,90,15,No,10
PERF0008797,EMP04399,2025-H1,4,2.53,88,39,No,12
PERF0008798,EMP04399,2025-H2,2,4.17,82,14,No,8
PERF0008799,EMP04400,2025-H1,4,2.74,85,45,No,15
PERF0008800,EMP04400,2025-H2,4,3.24,90,56,No,10
PERF0008801,EMP04401,2025-H1,2,2.76,84,58,No,5
PERF0008802,EMP04401,2025-H2,3,3.76,61,20,Yes,0
PERF0008803,EMP04402,2025-H1,5,3.05,84,10,Yes,15
PERF0008804,EMP04402,2025-H2,2,3.26,90,45,Yes,10
PERF0008805,EMP04403,2025-H1,2,4.88,66,8,Yes,5
PERF0008806,EMP04403,2025-H2,2,3.94,82,1,Yes,5
PERF0008807,EMP04404,2025-H1,4,2.55,68,34,Yes,15
PERF0008808,EMP04404,2025-H2,4,4.76,70,44,Yes,8
PERF0008809,EMP04405,2025-H1,3,4.55,69,38,Yes,5
PERF0008810,EMP04405,2025-H2,2,2.98,75,16,Yes,10
PERF0008811,EMP04406,2025-H1,2,2.76,60,24,Yes,15
PERF0008812,EMP04406,2025-H2,3,3.24,77,30,No,5
PERF0008813,EMP04407,2025-H1,4,3.61,78,30,Yes,8
PERF0008814,EMP04407,2025-H2,5,4.68,84,37,Yes,5
PERF0008815,EMP04408,2025-H1,4,4.01,65,27,Yes,15
PERF0008816,EMP04408,2025-H2,5,3.74,60,16,No,0
PERF0008817,EMP04409,2025-H1,4,3.78,78,36,Yes,10
PERF0008818,EMP04409,2025-H2,4,2.6,95,13,No,10
PERF0008819,EMP04410,2025-H1,5,2.85,88,35,No,0
PERF0008820,EMP04410,2025-H2,5,3.29,74,35,Yes,10
PERF0008821,EMP04411,2025-H1,2,3.56,78,47,Yes,12
PERF0008822,EMP04411,2025-H2,4,4.31,60,41,Yes,10
PERF0008823,EMP04412,2025-H1,5,3.87,74,11,No,8
PERF0008824,EMP04412,2025-H2,2,4.66,74,26,Yes,8
PERF0008825,EMP04413,2025-H1,2,3.12,88,18,No,10
PERF0008826,EMP04413,2025-H2,5,3.19,76,40,Yes,15
PERF0008827,EMP04414,2025-H1,5,4.19,99,13,No,0
PERF0008828,EMP04414,2025-H2,4,3.6,81,57,Yes,10
PERF0008829,EMP04415,2025-H1,4,3.35,63,40,No,0
PERF0008830,EMP04415,2025-H2,2,3.66,83,40,Yes,12
PERF0008831,EMP04416,2025-H1,2,4.65,82,56,Yes,15
PERF0008832,EMP04416,2025-H2,5,4.71,86,38,Yes,10
PERF0008833,EMP04417,2025-H1,3,3.24,68,12,Yes,0
PERF0008834,EMP04417,2025-H2,4,3.58,70,54,No,12
PERF0008835,EMP04418,2025-H1,2,3.22,95,57,No,5
PERF0008836,EMP04418,2025-H2,2,3.71,88,50,Yes,12
PERF0008837,EMP04419,2025-H1,5,4.35,78,60,Yes,0
PERF0008838,EMP04419,2025-H2,3,3.62,73,18,Yes,8
PERF0008839,EMP04420,2025-H1,5,4.9,80,49,No,5
PERF0008840,EMP04420,2025-H2,5,4.43,91,22,No,12
PERF0008841,EMP04421,2025-H1,3,3.71,62,24,Yes,12
PERF0008842,EMP04421,2025-H2,4,4.12,62,15,No,0
PERF0008843,EMP04422,2025-H1,4,4.07,75,34,No,15
PERF0008844,EMP04422,2025-H2,5,2.78,81,17,Yes,15
PERF0008845,EMP04423,2025-H1,5,4.42,68,16,Yes,12
PERF0008846,EMP04423,2025-H2,3,3.38,79,43,Yes,0
PERF0008847,EMP04424,2025-H1,5,3.7,100,60,Yes,15
PERF0008848,EMP04424,2025-H2,4,2.52,95,18,Yes,5
PERF0008849,EMP04425,2025-H1,5,4.4,69,4,No,0
PERF0008850,EMP04425,2025-H2,2,4.87,89,12,Yes,8
PERF0008851,EMP04426,2025-H1,5,2.72,70,12,Yes,12
PERF0008852,EMP04426,2025-H2,3,3.4,96,30,No,12
PERF0008853,EMP04427,2025-H1,4,3.02,92,15,Yes,0
PERF0008854,EMP04427,2025-H2,5,4.72,74,48,Yes,8
PERF0008855,EMP04428,2025-H1,3,4.89,84,14,No,5
PERF0008856,EMP04428,2025-H2,3,3.38,80,15,Yes,10
PERF0008857,EMP04429,2025-H1,2,4.12,87,12,Yes,5
PERF0008858,EMP04429,2025-H2,5,3.62,73,19,No,10
PERF0008859,EMP04430,2025-H1,4,3.52,84,13,No,8
PERF0008860,EMP04430,2025-H2,4,3.83,79,44,Yes,12
PERF0008861,EMP04431,2025-H1,2,2.84,84,36,No,5
PERF0008862,EMP04431,2025-H2,4,4.18,75,38,Yes,0
PERF0008863,EMP04432,2025-H1,3,2.61,83,1,Yes,5
PERF0008864,EMP04432,2025-H2,2,4.37,96,45,No,8
PERF0008865,EMP04433,2025-H1,2,4.9,95,50,No,5
PERF0008866,EMP04433,2025-H2,2,4.43,62,21,Yes,8
PERF0008867,EMP04434,2025-H1,5,3.29,83,37,No,8
PERF0008868,EMP04434,2025-H2,2,3.74,96,8,No,15
PERF0008869,EMP04435,2025-H1,5,2.89,64,56,Yes,10
PERF0008870,EMP04435,2025-H2,5,2.97,68,26,No,15
PERF0008871,EMP04436,2025-H1,3,4.19,82,58,Yes,5
PERF0008872,EMP04436,2025-H2,3,2.66,60,35,Yes,10
PERF0008873,EMP04437,2025-H1,5,4.05,63,1,No,5
PERF0008874,EMP04437,2025-H2,4,2.98,61,42,No,10
PERF0008875,EMP04438,2025-H1,3,3.86,75,48,Yes,10
PERF0008876,EMP04438,2025-H2,5,3.33,76,30,No,12
PERF0008877,EMP04439,2025-H1,2,4.0,87,45,No,12
PERF0008878,EMP04439,2025-H2,5,3.38,65,13,No,15
PERF0008879,EMP04440,2025-H1,2,3.33,84,50,No,15
PERF0008880,EMP04440,2025-H2,4,3.98,63,24,No,8
PERF0008881,EMP04441,2025-H1,3,4.39,86,19,Yes,8
PERF0008882,EMP04441,2025-H2,3,4.75,85,57,Yes,15
PERF0008883,EMP04442,2025-H1,4,3.23,68,5,No,0
PERF0008884,EMP04442,2025-H2,5,4.41,94,12,Yes,5
PERF0008885,EMP04443,2025-H1,3,2.96,85,45,Yes,12
PERF0008886,EMP04443,2025-H2,3,2.82,81,29,No,12
PERF0008887,EMP04444,2025-H1,4,2.67,98,29,No,10
PERF0008888,EMP04444,2025-H2,2,3.71,99,24,Yes,15
PERF0008889,EMP04445,2025-H1,5,2.62,94,0,No,10
PERF0008890,EMP04445,2025-H2,3,4.43,76,3,Yes,12
PERF0008891,EMP04446,2025-H1,2,2.83,63,52,Yes,8
PERF0008892,EMP04446,2025-H2,2,4.21,65,33,No,5
PERF0008893,EMP04447,2025-H1,4,4.45,71,46,Yes,10
PERF0008894,EMP04447,2025-H2,2,2.62,97,27,No,10
PERF0008895,EMP04448,2025-H1,5,2.73,68,19,No,0
PERF0008896,EMP04448,2025-H2,2,2.74,77,18,Yes,5
PERF0008897,EMP04449,2025-H1,2,4.89,91,31,No,10
PERF0008898,EMP04449,2025-H2,5,4.88,91,50,No,10
PERF0008899,EMP04450,2025-H1,5,4.96,94,4,No,8
PERF0008900,EMP04450,2025-H2,3,4.67,64,25,Yes,8
PERF0008901,EMP04451,2025-H1,3,4.39,99,24,Yes,0
PERF0008902,EMP04451,2025-H2,2,3.96,100,33,Yes,0
PERF0008903,EMP04452,2025-H1,5,4.29,88,28,Yes,15
PERF0008904,EMP04452,2025-H2,2,3.35,99,6,No,8
PERF0008905,EMP04453,2025-H1,3,2.99,77,33,No,0
PERF0008906,EMP04453,2025-H2,5,3.72,90,43,No,10
PERF0008907,EMP04454,2025-H1,4,3.78,92,14,No,12
PERF0008908,EMP04454,2025-H2,2,4.19,73,53,Yes,10
PERF0008909,EMP04455,2025-H1,2,4.19,76,15,No,5
PERF0008910,EMP04455,2025-H2,5,3.51,68,21,Yes,0
PERF0008911,EMP04456,2025-H1,3,4.37,63,36,Yes,0
PERF0008912,EMP04456,2025-H2,2,3.5,100,20,Yes,12
PERF0008913,EMP04457,2025-H1,4,3.82,75,23,Yes,0
PERF0008914,EMP04457,2025-H2,2,3.35,95,18,No,5
PERF0008915,EMP04458,2025-H1,5,4.03,92,58,No,10
PERF0008916,EMP04458,2025-H2,4,3.68,63,19,No,12
PERF0008917,EMP04459,2025-H1,4,4.44,62,2,Yes,5
PERF0008918,EMP04459,2025-H2,3,3.73,82,45,Yes,12
PERF0008919,EMP04460,2025-H1,4,4.69,71,3,No,5
PERF0008920,EMP04460,2025-H2,5,4.22,77,37,No,10
PERF0008921,EMP04461,2025-H1,5,3.02,98,14,No,5
PERF0008922,EMP04461,2025-H2,5,4.82,84,13,Yes,15
PERF0008923,EMP04462,2025-H1,3,3.06,87,33,No,0
PERF0008924,EMP04462,2025-H2,2,4.54,76,39,No,10
PERF0008925,EMP04463,2025-H1,3,3.44,83,30,No,0
PERF0008926,EMP04463,2025-H2,4,2.82,88,40,Yes,15
PERF0008927,EMP04464,2025-H1,5,3.05,78,31,Yes,8
PERF0008928,EMP04464,2025-H2,2,4.58,65,45,No,8
PERF0008929,EMP04465,2025-H1,4,4.49,61,45,Yes,15
PERF0008930,EMP04465,2025-H2,2,2.86,97,22,Yes,10
PERF0008931,EMP04466,2025-H1,4,2.89,90,19,No,15
PERF0008932,EMP04466,2025-H2,2,4.9,83,19,Yes,15
PERF0008933,EMP04467,2025-H1,4,2.74,94,51,No,8
PERF0008934,EMP04467,2025-H2,4,4.99,75,6,Yes,10
PERF0008935,EMP04468,2025-H1,3,2.61,78,4,No,10
PERF0008936,EMP04468,2025-H2,3,3.53,97,29,Yes,10
PERF0008937,EMP04469,2025-H1,3,2.6,79,55,No,12
PERF0008938,EMP04469,2025-H2,3,3.48,74,19,No,5
PERF0008939,EMP04470,2025-H1,4,2.93,76,38,Yes,15
PERF0008940,EMP04470,2025-H2,3,4.49,89,35,No,0
PERF0008941,EMP04471,2025-H1,5,4.98,71,37,Yes,5
PERF0008942,EMP04471,2025-H2,4,4.11,98,41,No,5
PERF0008943,EMP04472,2025-H1,5,3.0,87,54,Yes,0
PERF0008944,EMP04472,2025-H2,2,2.59,91,22,Yes,5
PERF0008945,EMP04473,2025-H1,4,4.75,60,52,Yes,8
PERF0008946,EMP04473,2025-H2,3,4.57,63,17,No,12
PERF0008947,EMP04474,2025-H1,2,4.7,89,38,Yes,10
PERF0008948,EMP04474,2025-H2,4,4.28,63,17,No,5
PERF0008949,EMP04475,2025-H1,3,4.3,94,33,No,0
PERF0008950,EMP04475,2025-H2,5,4.74,79,36,Yes,8
PERF0008951,EMP04476,2025-H1,5,4.11,63,19,No,12
PERF0008952,EMP04476,2025-H2,4,3.88,98,16,Yes,0
PERF0008953,EMP04477,2025-H1,4,3.78,76,4,Yes,12
PERF0008954,EMP04477,2025-H2,3,2.8,60,15,Yes,10
PERF0008955,EMP04478,2025-H1,3,3.24,68,37,No,12
PERF0008956,EMP04478,2025-H2,2,3.34,89,34,Yes,12
PERF0008957,EMP04479,2025-H1,3,4.13,62,45,Yes,8
PERF0008958,EMP04479,2025-H2,2,3.8,81,10,No,8
PERF0008959,EMP04480,2025-H1,5,4.7,67,51,No,10
PERF0008960,EMP04480,2025-H2,4,4.57,85,24,Yes,10
PERF0008961,EMP04481,2025-H1,5,2.69,86,46,Yes,8
PERF0008962,EMP04481,2025-H2,2,3.65,61,16,Yes,10
PERF0008963,EMP04482,2025-H1,5,3.18,72,3,No,5
PERF0008964,EMP04482,2025-H2,4,4.03,80,11,No,5
PERF0008965,EMP04483,2025-H1,2,3.42,62,25,Yes,8
PERF0008966,EMP04483,2025-H2,4,2.88,93,50,No,0
PERF0008967,EMP04484,2025-H1,3,3.48,88,38,No,15
PERF0008968,EMP04484,2025-H2,4,3.11,93,11,No,8
PERF0008969,EMP04485,2025-H1,5,3.22,78,54,Yes,15
PERF0008970,EMP04485,2025-H2,2,3.06,100,21,No,15
PERF0008971,EMP04486,2025-H1,4,3.14,75,40,Yes,15
PERF0008972,EMP04486,2025-H2,3,3.35,84,21,No,0
PERF0008973,EMP04487,2025-H1,3,3.29,63,39,Yes,5
PERF0008974,EMP04487,2025-H2,4,2.64,70,34,No,5
PERF0008975,EMP04488,2025-H1,2,4.02,99,49,No,10
PERF0008976,EMP04488,2025-H2,3,4.32,78,48,Yes,5
PERF0008977,EMP04489,2025-H1,3,4.12,89,35,Yes,0
PERF0008978,EMP04489,2025-H2,2,4.11,90,27,No,12
PERF0008979,EMP04490,2025-H1,4,2.9,61,24,Yes,8
PERF0008980,EMP04490,2025-H2,5,4.43,87,59,No,0
PERF0008981,EMP04491,2025-H1,2,2.88,75,57,No,8
PERF0008982,EMP04491,2025-H2,4,4.45,73,4,Yes,0
PERF0008983,EMP04492,2025-H1,3,3.94,98,32,No,0
PERF0008984,EMP04492,2025-H2,3,3.96,80,24,Yes,15
PERF0008985,EMP04493,2025-H1,4,3.14,77,50,No,5
PERF0008986,EMP04493,2025-H2,2,4.68,78,39,Yes,10
PERF0008987,EMP04494,2025-H1,3,4.89,78,39,Yes,8
PERF0008988,EMP04494,2025-H2,2,4.98,67,9,Yes,15
PERF0008989,EMP04495,2025-H1,3,4.79,94,6,No,8
PERF0008990,EMP04495,2025-H2,5,3.62,82,0,No,10
PERF0008991,EMP04496,2025-H1,5,4.85,70,35,No,8
PERF0008992,EMP04496,2025-H2,2,2.72,96,45,Yes,5
PERF0008993,EMP04497,2025-H1,5,4.22,60,24,Yes,8
PERF0008994,EMP04497,2025-H2,5,4.5,92,10,Yes,5
PERF0008995,EMP04498,2025-H1,2,3.04,96,16,Yes,12
PERF0008996,EMP04498,2025-H2,5,4.11,73,45,No,12
PERF0008997,EMP04499,2025-H1,2,4.36,67,23,No,15
PERF0008998,EMP04499,2025-H2,5,4.1,68,38,Yes,0
PERF0008999,EMP04500,2025-H1,5,2.78,91,10,No,5
PERF0009000,EMP04500,2025-H2,3,4.48,88,16,No,15
PERF0009001,EMP04501,2025-H1,3,2.75,95,43,No,5
PERF0009002,EMP04501,2025-H2,4,3.45,80,22,No,15
PERF0009003,EMP04502,2025-H1,3,4.19,96,18,No,12
PERF0009004,EMP04502,2025-H2,4,2.62,82,41,No,8
PERF0009005,EMP04503,2025-H1,3,3.15,60,5,Yes,5
PERF0009006,EMP04503,2025-H2,4,2.91,83,42,No,5
PERF0009007,EMP04504,2025-H1,5,3.73,83,26,Yes,12
PERF0009008,EMP04504,2025-H2,5,3.37,76,34,Yes,8
PERF0009009,EMP04505,2025-H1,3,4.94,83,53,No,10
PERF0009010,EMP04505,2025-H2,5,4.13,93,48,No,8
PERF0009011,EMP04506,2025-H1,4,4.44,84,52,Yes,10
PERF0009012,EMP04506,2025-H2,5,4.31,60,60,Yes,12
PERF0009013,EMP04507,2025-H1,2,4.49,73,30,No,5
PERF0009014,EMP04507,2025-H2,2,4.78,90,18,No,15
PERF0009015,EMP04508,2025-H1,3,3.3,64,54,Yes,0
PERF0009016,EMP04508,2025-H2,2,3.01,86,15,Yes,10
PERF0009017,EMP04509,2025-H1,2,2.64,63,44,Yes,5
PERF0009018,EMP04509,2025-H2,4,3.89,89,9,No,0
PERF0009019,EMP04510,2025-H1,3,4.56,60,34,No,10
PERF0009020,EMP04510,2025-H2,2,4.38,75,16,No,15
PERF0009021,EMP04511,2025-H1,3,3.84,98,17,Yes,8
PERF0009022,EMP04511,2025-H2,4,2.73,76,46,No,10
PERF0009023,EMP04512,2025-H1,3,4.08,70,50,No,10
PERF0009024,EMP04512,2025-H2,3,4.61,94,3,Yes,5
PERF0009025,EMP04513,2025-H1,5,4.64,83,51,Yes,0
PERF0009026,EMP04513,2025-H2,5,2.97,70,59,Yes,5
PERF0009027,EMP04514,2025-H1,5,2.77,79,34,Yes,12
PERF0009028,EMP04514,2025-H2,3,3.18,83,34,No,12
PERF0009029,EMP04515,2025-H1,5,3.62,72,46,No,5
PERF0009030,EMP04515,2025-H2,5,3.98,87,49,No,10
PERF0009031,EMP04516,2025-H1,3,4.27,95,16,No,15
PERF0009032,EMP04516,2025-H2,4,2.53,68,12,No,8
PERF0009033,EMP04517,2025-H1,5,3.85,87,5,No,5
PERF0009034,EMP04517,2025-H2,5,4.3,61,1,No,0
PERF0009035,EMP04518,2025-H1,4,3.39,83,55,No,0
PERF0009036,EMP04518,2025-H2,2,4.47,98,35,Yes,5
PERF0009037,EMP04519,2025-H1,5,2.68,92,30,Yes,0
PERF0009038,EMP04519,2025-H2,4,3.0,66,53,No,12
PERF0009039,EMP04520,2025-H1,5,2.62,93,26,No,15
PERF0009040,EMP04520,2025-H2,4,3.95,76,9,No,12
PERF0009041,EMP04521,2025-H1,5,2.75,60,1,Yes,12
PERF0009042,EMP04521,2025-H2,5,2.97,91,45,Yes,10
PERF0009043,EMP04522,2025-H1,4,3.77,82,54,No,12
PERF0009044,EMP04522,2025-H2,2,2.56,86,21,No,5
PERF0009045,EMP04523,2025-H1,2,3.15,94,56,No,8
PERF0009046,EMP04523,2025-H2,3,3.23,85,44,No,0
PERF0009047,EMP04524,2025-H1,3,4.0,63,27,No,12
PERF0009048,EMP04524,2025-H2,5,4.2,76,40,No,12
PERF0009049,EMP04525,2025-H1,4,2.54,91,39,Yes,12
PERF0009050,EMP04525,2025-H2,5,3.59,96,24,Yes,12
PERF0009051,EMP04526,2025-H1,2,4.19,98,22,No,12
PERF0009052,EMP04526,2025-H2,3,4.96,62,34,Yes,0
PERF0009053,EMP04527,2025-H1,2,2.98,99,24,Yes,5
PERF0009054,EMP04527,2025-H2,2,4.81,76,42,No,10
PERF0009055,EMP04528,2025-H1,4,3.38,81,41,Yes,10
PERF0009056,EMP04528,2025-H2,5,3.55,61,1,No,12
PERF0009057,EMP04529,2025-H1,5,2.59,63,4,No,15
PERF0009058,EMP04529,2025-H2,4,3.78,87,10,Yes,0
PERF0009059,EMP04530,2025-H1,5,3.22,96,10,No,15
PERF0009060,EMP04530,2025-H2,4,3.97,87,34,No,10
PERF0009061,EMP04531,2025-H1,3,4.89,71,14,No,12
PERF0009062,EMP04531,2025-H2,4,4.77,69,3,No,5
PERF0009063,EMP04532,2025-H1,5,2.68,78,26,No,12
PERF0009064,EMP04532,2025-H2,3,4.09,95,18,Yes,12
PERF0009065,EMP04533,2025-H1,3,4.83,77,27,Yes,8
PERF0009066,EMP04533,2025-H2,5,2.52,65,1,No,5
PERF0009067,EMP04534,2025-H1,2,4.32,69,11,Yes,12
PERF0009068,EMP04534,2025-H2,2,2.7,75,54,No,5
PERF0009069,EMP04535,2025-H1,4,4.51,79,33,Yes,12
PERF0009070,EMP04535,2025-H2,4,4.96,100,48,No,12
PERF0009071,EMP04536,2025-H1,2,4.81,84,22,No,0
PERF0009072,EMP04536,2025-H2,2,4.98,71,43,No,15
PERF0009073,EMP04537,2025-H1,2,4.16,92,59,No,0
PERF0009074,EMP04537,2025-H2,3,3.23,66,23,Yes,8
PERF0009075,EMP04538,2025-H1,3,3.02,78,31,Yes,10
PERF0009076,EMP04538,2025-H2,3,4.88,100,36,Yes,15
PERF0009077,EMP04539,2025-H1,2,3.63,72,35,Yes,10
PERF0009078,EMP04539,2025-H2,4,4.16,96,11,Yes,12
PERF0009079,EMP04540,2025-H1,3,2.62,84,46,No,12
PERF0009080,EMP04540,2025-H2,4,3.58,87,20,Yes,5
PERF0009081,EMP04541,2025-H1,5,4.63,87,10,No,8
PERF0009082,EMP04541,2025-H2,5,4.6,67,60,No,5
PERF0009083,EMP04542,2025-H1,4,3.03,90,45,No,8
PERF0009084,EMP04542,2025-H2,2,4.1,100,1,Yes,15
PERF0009085,EMP04543,2025-H1,5,3.55,75,60,No,15
PERF0009086,EMP04543,2025-H2,2,3.99,67,45,Yes,10
PERF0009087,EMP04544,2025-H1,5,2.98,60,40,No,5
PERF0009088,EMP04544,2025-H2,5,3.55,70,35,No,0
PERF0009089,EMP04545,2025-H1,3,2.89,60,20,Yes,15
PERF0009090,EMP04545,2025-H2,4,4.04,60,13,Yes,8
PERF0009091,EMP04546,2025-H1,2,3.74,96,31,No,8
PERF0009092,EMP04546,2025-H2,4,4.31,88,10,No,12
PERF0009093,EMP04547,2025-H1,3,4.42,82,49,No,15
PERF0009094,EMP04547,2025-H2,3,4.38,67,51,Yes,0
PERF0009095,EMP04548,2025-H1,2,4.58,67,35,Yes,5
PERF0009096,EMP04548,2025-H2,2,3.77,94,41,Yes,15
PERF0009097,EMP04549,2025-H1,4,3.45,84,29,Yes,5
PERF0009098,EMP04549,2025-H2,2,2.57,88,2,Yes,8
PERF0009099,EMP04550,2025-H1,5,3.95,86,58,No,10
PERF0009100,EMP04550,2025-H2,3,3.95,72,46,No,12
PERF0009101,EMP04551,2025-H1,4,3.12,78,34,No,0
PERF0009102,EMP04551,2025-H2,4,4.04,87,16,Yes,8
PERF0009103,EMP04552,2025-H1,4,2.97,73,45,Yes,5
PERF0009104,EMP04552,2025-H2,3,4.44,77,20,Yes,8
PERF0009105,EMP04553,2025-H1,2,2.62,66,52,Yes,15
PERF0009106,EMP04553,2025-H2,4,5.0,97,0,No,15
PERF0009107,EMP04554,2025-H1,5,3.8,97,6,Yes,8
PERF0009108,EMP04554,2025-H2,2,2.88,94,15,No,5
PERF0009109,EMP04555,2025-H1,5,3.22,90,13,No,12
PERF0009110,EMP04555,2025-H2,2,3.85,75,17,No,15
PERF0009111,EMP04556,2025-H1,5,4.72,75,52,No,8
PERF0009112,EMP04556,2025-H2,3,4.03,89,17,Yes,5
PERF0009113,EMP04557,2025-H1,5,3.26,99,40,Yes,8
PERF0009114,EMP04557,2025-H2,2,3.39,97,18,No,10
PERF0009115,EMP04558,2025-H1,2,4.38,84,23,No,8
PERF0009116,EMP04558,2025-H2,2,2.51,81,37,Yes,8
PERF0009117,EMP04559,2025-H1,5,2.83,60,12,No,0
PERF0009118,EMP04559,2025-H2,4,4.83,81,3,No,15
PERF0009119,EMP04560,2025-H1,4,4.53,65,5,No,10
PERF0009120,EMP04560,2025-H2,4,4.79,65,34,No,0
PERF0009121,EMP04561,2025-H1,5,4.32,79,51,No,12
PERF0009122,EMP04561,2025-H2,5,2.63,95,1,Yes,0
PERF0009123,EMP04562,2025-H1,4,4.77,87,54,No,12
PERF0009124,EMP04562,2025-H2,2,3.67,66,23,Yes,12
PERF0009125,EMP04563,2025-H1,4,4.28,94,9,No,10
PERF0009126,EMP04563,2025-H2,4,3.57,87,34,No,8
PERF0009127,EMP04564,2025-H1,4,4.69,78,19,No,0
PERF0009128,EMP04564,2025-H2,4,2.79,86,4,Yes,15
PERF0009129,EMP04565,2025-H1,3,3.26,63,46,No,8
PERF0009130,EMP04565,2025-H2,4,4.37,64,36,No,10
PERF0009131,EMP04566,2025-H1,4,4.68,95,3,Yes,5
PERF0009132,EMP04566,2025-H2,3,2.6,61,53,No,15
PERF0009133,EMP04567,2025-H1,4,4.3,90,41,Yes,10
PERF0009134,EMP04567,2025-H2,3,2.94,60,51,No,12
PERF0009135,EMP04568,2025-H1,2,4.74,81,44,No,12
PERF0009136,EMP04568,2025-H2,2,3.61,88,10,Yes,15
PERF0009137,EMP04569,2025-H1,2,4.4,89,42,No,12
PERF0009138,EMP04569,2025-H2,3,4.56,62,49,Yes,0
PERF0009139,EMP04570,2025-H1,2,4.92,83,44,No,0
PERF0009140,EMP04570,2025-H2,4,3.99,83,55,No,8
PERF0009141,EMP04571,2025-H1,3,3.31,88,56,No,15
PERF0009142,EMP04571,2025-H2,5,4.63,62,26,No,5
PERF0009143,EMP04572,2025-H1,5,4.64,80,28,No,8
PERF0009144,EMP04572,2025-H2,4,3.4,77,11,Yes,10
PERF0009145,EMP04573,2025-H1,4,3.19,67,3,No,0
PERF0009146,EMP04573,2025-H2,5,3.45,99,21,No,10
PERF0009147,EMP04574,2025-H1,2,2.89,73,25,Yes,8
PERF0009148,EMP04574,2025-H2,4,3.12,78,28,No,15
PERF0009149,EMP04575,2025-H1,3,2.53,80,16,Yes,8
PERF0009150,EMP04575,2025-H2,4,3.48,67,24,No,10
PERF0009151,EMP04576,2025-H1,4,4.16,83,37,No,10
PERF0009152,EMP04576,2025-H2,3,4.79,63,24,Yes,15
PERF0009153,EMP04577,2025-H1,5,4.33,92,20,No,8
PERF0009154,EMP04577,2025-H2,3,3.55,89,14,Yes,0
PERF0009155,EMP04578,2025-H1,2,2.67,81,2,No,5
PERF0009156,EMP04578,2025-H2,4,3.6,70,26,No,10
PERF0009157,EMP04579,2025-H1,5,2.52,96,0,Yes,12
PERF0009158,EMP04579,2025-H2,5,4.48,63,36,No,10
PERF0009159,EMP04580,2025-H1,2,2.59,64,33,No,15
PERF0009160,EMP04580,2025-H2,4,3.86,90,12,Yes,8
PERF0009161,EMP04581,2025-H1,2,4.25,80,60,Yes,5
PERF0009162,EMP04581,2025-H2,2,3.32,63,23,Yes,8
PERF0009163,EMP04582,2025-H1,2,2.91,82,17,No,10
PERF0009164,EMP04582,2025-H2,5,3.96,92,23,Yes,15
PERF0009165,EMP04583,2025-H1,5,3.77,93,1,No,8
PERF0009166,EMP04583,2025-H2,4,4.35,81,51,No,8
PERF0009167,EMP04584,2025-H1,2,4.47,74,19,Yes,0
PERF0009168,EMP04584,2025-H2,2,3.53,76,55,Yes,8
PERF0009169,EMP04585,2025-H1,2,2.56,70,37,Yes,0
PERF0009170,EMP04585,2025-H2,2,3.81,71,38,Yes,10
PERF0009171,EMP04586,2025-H1,2,4.75,99,24,No,0
PERF0009172,EMP04586,2025-H2,5,4.81,83,53,No,12
PERF0009173,EMP04587,2025-H1,5,2.69,99,17,No,10
PERF0009174,EMP04587,2025-H2,5,4.72,95,8,No,0
PERF0009175,EMP04588,2025-H1,3,3.28,85,54,No,15
PERF0009176,EMP04588,2025-H2,2,2.93,97,22,No,12
PERF0009177,EMP04589,2025-H1,3,2.52,69,5,Yes,15
PERF0009178,EMP04589,2025-H2,5,3.85,77,42,No,15
PERF0009179,EMP04590,2025-H1,3,4.41,94,35,No,8
PERF0009180,EMP04590,2025-H2,4,4.05,67,13,No,5
PERF0009181,EMP04591,2025-H1,3,3.62,73,47,No,15
PERF0009182,EMP04591,2025-H2,3,3.25,96,41,No,5
PERF0009183,EMP04592,2025-H1,5,2.93,76,17,Yes,10
PERF0009184,EMP04592,2025-H2,4,2.98,72,58,Yes,8
PERF0009185,EMP04593,2025-H1,4,3.28,63,28,Yes,5
PERF0009186,EMP04593,2025-H2,2,3.17,66,59,Yes,0
PERF0009187,EMP04594,2025-H1,2,4.98,100,52,Yes,15
PERF0009188,EMP04594,2025-H2,4,4.91,92,35,No,12
PERF0009189,EMP04595,2025-H1,3,3.51,73,8,No,0
PERF0009190,EMP04595,2025-H2,4,2.57,80,40,No,10
PERF0009191,EMP04596,2025-H1,3,3.84,98,7,No,15
PERF0009192,EMP04596,2025-H2,4,4.02,100,2,No,8
PERF0009193,EMP04597,2025-H1,4,3.84,87,60,Yes,12
PERF0009194,EMP04597,2025-H2,4,3.18,80,1,Yes,12
PERF0009195,EMP04598,2025-H1,5,3.72,93,38,Yes,15
PERF0009196,EMP04598,2025-H2,3,4.0,72,14,Yes,8
PERF0009197,EMP04599,2025-H1,3,3.2,88,5,Yes,15
PERF0009198,EMP04599,2025-H2,4,2.98,62,48,Yes,8
PERF0009199,EMP04600,2025-H1,5,2.78,100,24,No,0
PERF0009200,EMP04600,2025-H2,4,3.55,98,0,No,8
PERF0009201,EMP04601,2025-H1,3,3.67,90,32,Yes,0
PERF0009202,EMP04601,2025-H2,5,3.27,95,37,Yes,10
PERF0009203,EMP04602,2025-H1,3,3.65,76,6,No,15
PERF0009204,EMP04602,2025-H2,3,3.59,61,55,No,15
PERF0009205,EMP04603,2025-H1,3,4.45,83,13,Yes,8
PERF0009206,EMP04603,2025-H2,3,3.34,84,45,Yes,15
PERF0009207,EMP04604,2025-H1,3,4.78,70,32,Yes,12
PERF0009208,EMP04604,2025-H2,4,3.32,75,8,No,8
PERF0009209,EMP04605,2025-H1,5,4.2,67,12,Yes,12
PERF0009210,EMP04605,2025-H2,4,2.97,78,50,Yes,15
PERF0009211,EMP04606,2025-H1,5,3.76,84,47,Yes,5
PERF0009212,EMP04606,2025-H2,3,3.86,70,23,No,5
PERF0009213,EMP04607,2025-H1,2,3.55,65,17,No,0
PERF0009214,EMP04607,2025-H2,3,3.59,95,17,Yes,12
PERF0009215,EMP04608,2025-H1,5,4.82,87,35,No,5
PERF0009216,EMP04608,2025-H2,2,3.42,95,41,Yes,12
PERF0009217,EMP04609,2025-H1,3,3.5,67,35,Yes,5
PERF0009218,EMP04609,2025-H2,5,4.53,64,20,Yes,12
PERF0009219,EMP04610,2025-H1,2,4.42,77,5,No,10
PERF0009220,EMP04610,2025-H2,4,3.65,81,59,No,15
PERF0009221,EMP04611,2025-H1,4,2.78,79,6,Yes,10
PERF0009222,EMP04611,2025-H2,5,2.75,76,10,Yes,10
PERF0009223,EMP04612,2025-H1,2,4.67,84,6,Yes,0
PERF0009224,EMP04612,2025-H2,4,4.3,95,42,No,8
PERF0009225,EMP04613,2025-H1,5,4.2,99,44,No,8
PERF0009226,EMP04613,2025-H2,2,2.72,82,56,Yes,8
PERF0009227,EMP04614,2025-H1,4,4.31,62,3,No,15
PERF0009228,EMP04614,2025-H2,4,4.48,69,35,No,15
PERF0009229,EMP04615,2025-H1,3,2.73,100,32,Yes,5
PERF0009230,EMP04615,2025-H2,4,3.34,67,14,Yes,0
PERF0009231,EMP04616,2025-H1,5,3.17,70,59,Yes,12
PERF0009232,EMP04616,2025-H2,2,3.44,76,16,No,5
PERF0009233,EMP04617,2025-H1,3,4.75,71,15,Yes,12
PERF0009234,EMP04617,2025-H2,5,3.84,96,6,No,12
PERF0009235,EMP04618,2025-H1,2,3.22,84,10,No,5
PERF0009236,EMP04618,2025-H2,4,2.96,92,11,No,15
PERF0009237,EMP04619,2025-H1,3,3.98,76,16,Yes,12
PERF0009238,EMP04619,2025-H2,5,3.89,62,15,No,15
PERF0009239,EMP04620,2025-H1,2,3.33,74,11,No,10
PERF0009240,EMP04620,2025-H2,4,4.33,76,17,Yes,0
PERF0009241,EMP04621,2025-H1,2,4.52,80,25,Yes,10
PERF0009242,EMP04621,2025-H2,4,4.1,73,7,Yes,5
PERF0009243,EMP04622,2025-H1,5,3.01,63,46,Yes,10
PERF0009244,EMP04622,2025-H2,5,3.23,79,51,No,12
PERF0009245,EMP04623,2025-H1,4,4.8,88,20,No,12
PERF0009246,EMP04623,2025-H2,2,3.42,73,18,No,10
PERF0009247,EMP04624,2025-H1,4,4.58,70,42,Yes,8
PERF0009248,EMP04624,2025-H2,2,2.96,80,37,No,15
PERF0009249,EMP04625,2025-H1,4,2.81,70,46,No,0
PERF0009250,EMP04625,2025-H2,4,3.46,98,31,Yes,10
PERF0009251,EMP04626,2025-H1,4,4.32,91,24,Yes,8
PERF0009252,EMP04626,2025-H2,2,3.91,72,48,Yes,15
PERF0009253,EMP04627,2025-H1,2,3.08,96,16,No,0
PERF0009254,EMP04627,2025-H2,3,3.18,62,41,Yes,10
PERF0009255,EMP04628,2025-H1,2,3.32,99,25,Yes,10
PERF0009256,EMP04628,2025-H2,2,4.07,91,29,Yes,8
PERF0009257,EMP04629,2025-H1,2,2.66,78,26,Yes,8
PERF0009258,EMP04629,2025-H2,2,4.96,76,35,Yes,10
PERF0009259,EMP04630,2025-H1,2,4.34,99,60,Yes,15
PERF0009260,EMP04630,2025-H2,5,4.45,93,10,No,15
PERF0009261,EMP04631,2025-H1,2,3.42,63,12,Yes,15
PERF0009262,EMP04631,2025-H2,5,4.1,85,42,Yes,15
PERF0009263,EMP04632,2025-H1,4,2.73,78,32,Yes,12
PERF0009264,EMP04632,2025-H2,4,3.03,87,1,Yes,0
PERF0009265,EMP04633,2025-H1,3,2.73,74,40,Yes,0
PERF0009266,EMP04633,2025-H2,5,2.89,86,47,Yes,10
PERF0009267,EMP04634,2025-H1,5,3.89,93,4,Yes,0
PERF0009268,EMP04634,2025-H2,2,3.33,80,56,Yes,5
PERF0009269,EMP04635,2025-H1,4,4.85,66,41,Yes,15
PERF0009270,EMP04635,2025-H2,4,4.75,94,31,No,8
PERF0009271,EMP04636,2025-H1,4,2.82,87,19,Yes,5
PERF0009272,EMP04636,2025-H2,4,3.25,68,18,No,15
PERF0009273,EMP04637,2025-H1,4,4.83,93,23,Yes,0
PERF0009274,EMP04637,2025-H2,3,3.18,92,22,Yes,0
PERF0009275,EMP04638,2025-H1,4,2.7,86,31,Yes,0
PERF0009276,EMP04638,2025-H2,3,3.9,61,32,Yes,15
PERF0009277,EMP04639,2025-H1,5,2.54,64,23,No,0
PERF0009278,EMP04639,2025-H2,5,2.91,75,1,Yes,0
PERF0009279,EMP04640,2025-H1,4,4.45,73,24,Yes,5
PERF0009280,EMP04640,2025-H2,2,4.1,88,55,No,8
PERF0009281,EMP04641,2025-H1,5,2.78,64,41,No,12
PERF0009282,EMP04641,2025-H2,3,4.23,80,53,No,5
PERF0009283,EMP04642,2025-H1,2,4.86,94,13,Yes,8
PERF0009284,EMP04642,2025-H2,2,3.72,81,6,No,15
PERF0009285,EMP04643,2025-H1,3,3.52,85,15,Yes,5
PERF0009286,EMP04643,2025-H2,5,3.86,71,47,No,5
PERF0009287,EMP04644,2025-H1,3,3.48,80,20,Yes,10
PERF0009288,EMP04644,2025-H2,4,3.5,89,20,No,0
PERF0009289,EMP04645,2025-H1,2,2.56,67,52,Yes,12
PERF0009290,EMP04645,2025-H2,4,3.84,75,52,Yes,5
PERF0009291,EMP04646,2025-H1,2,4.06,81,25,No,10
PERF0009292,EMP04646,2025-H2,5,3.52,62,11,No,8
PERF0009293,EMP04647,2025-H1,5,4.44,85,22,Yes,12
PERF0009294,EMP04647,2025-H2,3,4.29,78,58,No,8
PERF0009295,EMP04648,2025-H1,5,3.39,94,38,No,12
PERF0009296,EMP04648,2025-H2,4,3.11,64,41,Yes,5
PERF0009297,EMP04649,2025-H1,5,4.93,83,25,No,10
PERF0009298,EMP04649,2025-H2,3,3.54,64,43,No,8
PERF0009299,EMP04650,2025-H1,5,3.36,60,2,Yes,10
PERF0009300,EMP04650,2025-H2,3,3.01,88,38,No,10
PERF0009301,EMP04651,2025-H1,4,4.09,86,50,No,5
PERF0009302,EMP04651,2025-H2,2,4.55,82,37,Yes,5
PERF0009303,EMP04652,2025-H1,5,2.78,65,23,Yes,5
PERF0009304,EMP04652,2025-H2,3,3.41,69,49,Yes,8
PERF0009305,EMP04653,2025-H1,5,2.67,61,7,No,0
PERF0009306,EMP04653,2025-H2,4,2.88,60,51,Yes,10
PERF0009307,EMP04654,2025-H1,2,3.87,87,44,Yes,5
PERF0009308,EMP04654,2025-H2,3,4.95,90,29,Yes,15
PERF0009309,EMP04655,2025-H1,4,3.02,92,10,No,15
PERF0009310,EMP04655,2025-H2,4,4.51,80,38,Yes,10
PERF0009311,EMP04656,2025-H1,5,2.66,84,2,Yes,8
PERF0009312,EMP04656,2025-H2,3,3.65,98,32,Yes,15
PERF0009313,EMP04657,2025-H1,5,3.2,81,23,Yes,15
PERF0009314,EMP04657,2025-H2,3,2.65,88,40,Yes,15
PERF0009315,EMP04658,2025-H1,2,3.97,91,1,No,0
PERF0009316,EMP04658,2025-H2,4,4.41,90,18,No,0
PERF0009317,EMP04659,2025-H1,5,2.53,72,52,No,10
PERF0009318,EMP04659,2025-H2,2,4.63,81,12,Yes,15
PERF0009319,EMP04660,2025-H1,5,3.77,92,48,No,10
PERF0009320,EMP04660,2025-H2,4,4.92,87,2,Yes,0
PERF0009321,EMP04661,2025-H1,5,3.45,67,12,No,5
PERF0009322,EMP04661,2025-H2,4,3.41,92,11,Yes,5
PERF0009323,EMP04662,2025-H1,5,4.06,64,57,Yes,10
PERF0009324,EMP04662,2025-H2,2,4.18,62,8,No,0
PERF0009325,EMP04663,2025-H1,5,3.02,90,0,No,12
PERF0009326,EMP04663,2025-H2,5,4.7,67,49,No,15
PERF0009327,EMP04664,2025-H1,3,4.93,83,4,Yes,10
PERF0009328,EMP04664,2025-H2,5,3.77,75,34,Yes,5
PERF0009329,EMP04665,2025-H1,5,2.78,90,25,Yes,12
PERF0009330,EMP04665,2025-H2,2,3.86,100,55,No,5
PERF0009331,EMP04666,2025-H1,2,3.47,62,25,Yes,8
PERF0009332,EMP04666,2025-H2,4,4.15,60,9,No,12
PERF0009333,EMP04667,2025-H1,5,2.56,100,48,No,5
PERF0009334,EMP04667,2025-H2,5,2.7,62,44,Yes,15
PERF0009335,EMP04668,2025-H1,4,3.13,73,9,No,10
PERF0009336,EMP04668,2025-H2,3,4.65,77,4,No,15
PERF0009337,EMP04669,2025-H1,2,4.44,75,57,Yes,15
PERF0009338,EMP04669,2025-H2,3,3.78,89,59,No,0
PERF0009339,EMP04670,2025-H1,5,4.93,80,54,No,0
PERF0009340,EMP04670,2025-H2,5,4.59,75,13,No,5
PERF0009341,EMP04671,2025-H1,5,4.3,73,12,Yes,12
PERF0009342,EMP04671,2025-H2,4,4.09,97,1,Yes,12
PERF0009343,EMP04672,2025-H1,2,4.83,81,9,No,10
PERF0009344,EMP04672,2025-H2,4,3.77,63,55,No,15
PERF0009345,EMP04673,2025-H1,4,3.22,64,6,Yes,8
PERF0009346,EMP04673,2025-H2,2,3.81,94,30,No,8
PERF0009347,EMP04674,2025-H1,5,4.08,65,53,Yes,12
PERF0009348,EMP04674,2025-H2,4,2.8,64,3,No,15
PERF0009349,EMP04675,2025-H1,2,3.41,77,46,No,12
PERF0009350,EMP04675,2025-H2,2,3.9,67,60,Yes,0
PERF0009351,EMP04676,2025-H1,4,4.56,96,21,Yes,5
PERF0009352,EMP04676,2025-H2,5,2.74,62,5,No,0
PERF0009353,EMP04677,2025-H1,3,2.85,74,12,No,0
PERF0009354,EMP04677,2025-H2,4,3.19,91,16,No,15
PERF0009355,EMP04678,2025-H1,5,3.66,65,30,No,5
PERF0009356,EMP04678,2025-H2,4,4.1,71,19,No,10
PERF0009357,EMP04679,2025-H1,2,2.85,76,44,No,12
PERF0009358,EMP04679,2025-H2,3,2.5,67,22,No,5
PERF0009359,EMP04680,2025-H1,3,4.52,70,2,No,12
PERF0009360,EMP04680,2025-H2,4,3.25,68,34,No,10
PERF0009361,EMP04681,2025-H1,2,2.68,71,59,Yes,10
PERF0009362,EMP04681,2025-H2,3,3.16,94,24,Yes,10
PERF0009363,EMP04682,2025-H1,2,3.35,77,58,No,5
PERF0009364,EMP04682,2025-H2,3,4.91,74,26,No,8
PERF0009365,EMP04683,2025-H1,3,3.64,80,48,No,10
PERF0009366,EMP04683,2025-H2,5,3.48,69,13,Yes,15
PERF0009367,EMP04684,2025-H1,3,3.06,64,9,Yes,10
PERF0009368,EMP04684,2025-H2,3,4.34,72,55,No,12
PERF0009369,EMP04685,2025-H1,5,3.88,95,46,No,12
PERF0009370,EMP04685,2025-H2,4,3.82,77,37,Yes,12
PERF0009371,EMP04686,2025-H1,3,2.53,65,23,Yes,0
PERF0009372,EMP04686,2025-H2,4,4.79,87,11,Yes,12
PERF0009373,EMP04687,2025-H1,2,3.45,60,4,Yes,15
PERF0009374,EMP04687,2025-H2,3,3.86,99,32,Yes,10
PERF0009375,EMP04688,2025-H1,2,5.0,91,1,No,8
PERF0009376,EMP04688,2025-H2,2,4.03,76,9,No,8
PERF0009377,EMP04689,2025-H1,2,4.24,98,16,No,0
PERF0009378,EMP04689,2025-H2,4,4.58,72,53,Yes,5
PERF0009379,EMP04690,2025-H1,3,3.76,77,42,Yes,15
PERF0009380,EMP04690,2025-H2,5,2.97,89,41,Yes,15
PERF0009381,EMP04691,2025-H1,5,4.23,95,21,No,5
PERF0009382,EMP04691,2025-H2,5,2.99,61,14,No,12
PERF0009383,EMP04692,2025-H1,4,4.51,87,6,No,0
PERF0009384,EMP04692,2025-H2,5,3.44,93,39,No,15
PERF0009385,EMP04693,2025-H1,4,4.0,65,24,Yes,10
PERF0009386,EMP04693,2025-H2,5,3.05,82,54,Yes,10
PERF0009387,EMP04694,2025-H1,3,4.31,69,25,Yes,12
PERF0009388,EMP04694,2025-H2,4,4.61,82,41,No,0
PERF0009389,EMP04695,2025-H1,2,2.77,69,58,Yes,12
PERF0009390,EMP04695,2025-H2,5,4.09,80,39,No,10
PERF0009391,EMP04696,2025-H1,4,4.14,81,6,Yes,10
PERF0009392,EMP04696,2025-H2,3,4.01,77,50,No,12
PERF0009393,EMP04697,2025-H1,3,3.65,84,19,No,5
PERF0009394,EMP04697,2025-H2,5,3.01,89,41,No,12
PERF0009395,EMP04698,2025-H1,5,4.58,63,28,Yes,12
PERF0009396,EMP04698,2025-H2,5,4.76,85,46,No,15
PERF0009397,EMP04699,2025-H1,4,4.17,81,43,No,8
PERF0009398,EMP04699,2025-H2,4,3.76,63,3,Yes,12
PERF0009399,EMP04700,2025-H1,3,3.37,62,53,No,8
PERF0009400,EMP04700,2025-H2,5,3.14,66,25,Yes,10
PERF0009401,EMP04701,2025-H1,5,3.88,92,48,No,5
PERF0009402,EMP04701,2025-H2,4,4.36,96,12,Yes,12
PERF0009403,EMP04702,2025-H1,4,4.84,84,5,No,10
PERF0009404,EMP04702,2025-H2,4,5.0,90,52,Yes,15
PERF0009405,EMP04703,2025-H1,2,4.92,74,1,No,12
PERF0009406,EMP04703,2025-H2,4,2.77,67,5,No,0
PERF0009407,EMP04704,2025-H1,3,3.39,78,36,No,12
PERF0009408,EMP04704,2025-H2,2,3.99,96,42,Yes,15
PERF0009409,EMP04705,2025-H1,4,3.05,86,48,No,12
PERF0009410,EMP04705,2025-H2,5,4.33,72,33,Yes,8
PERF0009411,EMP04706,2025-H1,3,3.88,77,41,No,15
PERF0009412,EMP04706,2025-H2,5,4.69,85,27,No,15
PERF0009413,EMP04707,2025-H1,5,3.81,96,7,Yes,10
PERF0009414,EMP04707,2025-H2,5,4.8,63,52,Yes,8
PERF0009415,EMP04708,2025-H1,4,3.73,96,31,No,0
PERF0009416,EMP04708,2025-H2,3,3.09,99,46,No,0
PERF0009417,EMP04709,2025-H1,4,4.61,99,47,No,12
PERF0009418,EMP04709,2025-H2,5,3.88,75,28,Yes,12
PERF0009419,EMP04710,2025-H1,4,3.54,82,18,Yes,12
PERF0009420,EMP04710,2025-H2,4,4.83,94,19,Yes,10
PERF0009421,EMP04711,2025-H1,5,2.74,77,4,No,5
PERF0009422,EMP04711,2025-H2,2,3.1,62,31,No,8
PERF0009423,EMP04712,2025-H1,5,4.36,63,23,Yes,8
PERF0009424,EMP04712,2025-H2,5,2.58,96,7,Yes,5
PERF0009425,EMP04713,2025-H1,5,2.75,94,14,No,8
PERF0009426,EMP04713,2025-H2,3,2.9,63,15,Yes,5
PERF0009427,EMP04714,2025-H1,3,3.7,89,23,No,15
PERF0009428,EMP04714,2025-H2,2,2.91,78,22,No,12
PERF0009429,EMP04715,2025-H1,4,3.26,97,24,Yes,8
PERF0009430,EMP04715,2025-H2,5,4.23,87,44,Yes,12
PERF0009431,EMP04716,2025-H1,2,4.97,88,58,No,8
PERF0009432,EMP04716,2025-H2,3,4.26,97,55,Yes,12
PERF0009433,EMP04717,2025-H1,4,3.11,76,56,No,15
PERF0009434,EMP04717,2025-H2,4,2.66,60,45,No,12
PERF0009435,EMP04718,2025-H1,2,4.77,71,55,No,5
PERF0009436,EMP04718,2025-H2,2,3.3,82,55,Yes,12
PERF0009437,EMP04719,2025-H1,3,4.62,63,14,Yes,5
PERF0009438,EMP04719,2025-H2,2,3.85,78,43,No,15
PERF0009439,EMP04720,2025-H1,2,2.85,81,32,No,15
PERF0009440,EMP04720,2025-H2,2,2.91,98,21,No,10
PERF0009441,EMP04721,2025-H1,5,4.35,70,37,No,15
PERF0009442,EMP04721,2025-H2,3,4.27,79,60,Yes,5
PERF0009443,EMP04722,2025-H1,5,4.45,75,4,Yes,5
PERF0009444,EMP04722,2025-H2,3,2.65,91,47,Yes,10
PERF0009445,EMP04723,2025-H1,5,4.0,67,22,No,0
PERF0009446,EMP04723,2025-H2,2,4.69,98,3,No,15
PERF0009447,EMP04724,2025-H1,3,3.97,100,48,Yes,8
PERF0009448,EMP04724,2025-H2,2,3.34,73,28,No,12
PERF0009449,EMP04725,2025-H1,5,4.91,97,12,No,15
PERF0009450,EMP04725,2025-H2,3,4.66,96,46,Yes,15
PERF0009451,EMP04726,2025-H1,2,4.42,97,19,No,8
PERF0009452,EMP04726,2025-H2,2,4.54,79,44,No,15
PERF0009453,EMP04727,2025-H1,2,3.1,76,11,No,8
PERF0009454,EMP04727,2025-H2,2,4.83,65,10,Yes,5
PERF0009455,EMP04728,2025-H1,2,2.94,91,54,Yes,0
PERF0009456,EMP04728,2025-H2,4,4.76,81,56,Yes,0
PERF0009457,EMP04729,2025-H1,3,4.51,91,31,No,15
PERF0009458,EMP04729,2025-H2,2,3.49,93,9,Yes,0
PERF0009459,EMP04730,2025-H1,3,3.41,75,18,No,0
PERF0009460,EMP04730,2025-H2,2,2.76,90,37,No,5
PERF0009461,EMP04731,2025-H1,3,3.84,97,25,Yes,0
PERF0009462,EMP04731,2025-H2,4,2.52,91,46,Yes,15
PERF0009463,EMP04732,2025-H1,4,2.66,84,46,No,0
PERF0009464,EMP04732,2025-H2,4,4.72,66,33,Yes,15
PERF0009465,EMP04733,2025-H1,3,4.67,96,58,Yes,5
PERF0009466,EMP04733,2025-H2,2,2.68,73,11,Yes,5
PERF0009467,EMP04734,2025-H1,2,4.49,61,4,No,10
PERF0009468,EMP04734,2025-H2,2,3.04,64,35,Yes,8
PERF0009469,EMP04735,2025-H1,5,3.61,61,42,Yes,5
PERF0009470,EMP04735,2025-H2,5,4.44,68,54,No,5
PERF0009471,EMP04736,2025-H1,4,4.83,76,3,Yes,0
PERF0009472,EMP04736,2025-H2,5,4.84,79,32,No,5
PERF0009473,EMP04737,2025-H1,5,3.1,96,8,Yes,5
PERF0009474,EMP04737,2025-H2,3,3.09,85,37,No,5
PERF0009475,EMP04738,2025-H1,5,3.5,81,3,No,10
PERF0009476,EMP04738,2025-H2,5,4.34,92,12,Yes,15
PERF0009477,EMP04739,2025-H1,5,3.5,68,15,Yes,10
PERF0009478,EMP04739,2025-H2,3,4.36,91,54,Yes,8
PERF0009479,EMP04740,2025-H1,2,2.64,91,21,Yes,0
PERF0009480,EMP04740,2025-H2,4,4.92,78,8,Yes,0
PERF0009481,EMP04741,2025-H1,2,4.53,100,21,No,5
PERF0009482,EMP04741,2025-H2,5,3.21,63,26,Yes,10
PERF0009483,EMP04742,2025-H1,5,4.85,81,6,Yes,10
PERF0009484,EMP04742,2025-H2,2,3.1,65,57,Yes,8
PERF0009485,EMP04743,2025-H1,5,3.56,62,19,Yes,12
PERF0009486,EMP04743,2025-H2,2,2.65,83,33,No,8
PERF0009487,EMP04744,2025-H1,2,2.65,61,59,Yes,15
PERF0009488,EMP04744,2025-H2,4,2.8,77,35,Yes,15
PERF0009489,EMP04745,2025-H1,5,3.49,66,0,Yes,12
PERF0009490,EMP04745,2025-H2,2,3.71,67,55,Yes,12
PERF0009491,EMP04746,2025-H1,5,4.04,61,60,No,12
PERF0009492,EMP04746,2025-H2,4,3.99,88,58,No,5
PERF0009493,EMP04747,2025-H1,4,4.0,64,50,No,12
PERF0009494,EMP04747,2025-H2,2,4.93,69,38,No,5
PERF0009495,EMP04748,2025-H1,3,3.9,87,22,No,15
PERF0009496,EMP04748,2025-H2,5,3.47,68,2,Yes,8
PERF0009497,EMP04749,2025-H1,2,4.26,93,13,No,12
PERF0009498,EMP04749,2025-H2,3,4.81,78,29,Yes,15
PERF0009499,EMP04750,2025-H1,4,4.84,96,58,No,10
PERF0009500,EMP04750,2025-H2,5,3.48,89,51,No,10
PERF0009501,EMP04751,2025-H1,5,4.34,100,38,Yes,15
PERF0009502,EMP04751,2025-H2,2,3.08,61,48,No,10
PERF0009503,EMP04752,2025-H1,3,4.27,61,56,No,5
PERF0009504,EMP04752,2025-H2,2,3.52,63,1,Yes,8
PERF0009505,EMP04753,2025-H1,4,4.48,85,39,Yes,8
PERF0009506,EMP04753,2025-H2,3,4.04,71,49,Yes,8
PERF0009507,EMP04754,2025-H1,5,4.21,71,5,No,0
PERF0009508,EMP04754,2025-H2,3,4.24,64,26,No,5
PERF0009509,EMP04755,2025-H1,5,4.78,83,50,No,0
PERF0009510,EMP04755,2025-H2,2,4.63,77,44,No,10
PERF0009511,EMP04756,2025-H1,3,4.07,63,31,No,10
PERF0009512,EMP04756,2025-H2,2,2.55,90,20,Yes,5
PERF0009513,EMP04757,2025-H1,5,3.93,67,52,Yes,15
PERF0009514,EMP04757,2025-H2,4,3.11,98,55,No,10
PERF0009515,EMP04758,2025-H1,5,4.37,80,59,No,5
PERF0009516,EMP04758,2025-H2,4,2.94,100,55,No,8
PERF0009517,EMP04759,2025-H1,3,3.66,75,19,Yes,5
PERF0009518,EMP04759,2025-H2,2,4.8,100,25,No,15
PERF0009519,EMP04760,2025-H1,4,3.99,89,49,Yes,10
PERF0009520,EMP04760,2025-H2,3,3.43,67,2,Yes,5
PERF0009521,EMP04761,2025-H1,2,4.1,83,3,No,5
PERF0009522,EMP04761,2025-H2,3,3.35,72,28,Yes,12
PERF0009523,EMP04762,2025-H1,2,4.99,82,18,Yes,12
PERF0009524,EMP04762,2025-H2,2,4.86,96,27,No,12
PERF0009525,EMP04763,2025-H1,5,3.88,97,42,No,0
PERF0009526,EMP04763,2025-H2,5,2.64,85,23,No,12
PERF0009527,EMP04764,2025-H1,5,4.26,71,36,Yes,10
PERF0009528,EMP04764,2025-H2,4,3.07,67,33,Yes,8
PERF0009529,EMP04765,2025-H1,3,4.73,75,55,No,15
PERF0009530,EMP04765,2025-H2,3,4.55,80,11,Yes,12
PERF0009531,EMP04766,2025-H1,5,2.86,94,20,No,15
PERF0009532,EMP04766,2025-H2,4,3.9,86,59,No,8
PERF0009533,EMP04767,2025-H1,2,4.27,89,38,Yes,5
PERF0009534,EMP04767,2025-H2,4,4.41,82,33,Yes,8
PERF0009535,EMP04768,2025-H1,4,3.21,65,31,Yes,10
PERF0009536,EMP04768,2025-H2,4,3.13,84,54,Yes,10
PERF0009537,EMP04769,2025-H1,4,2.74,78,54,No,10
PERF0009538,EMP04769,2025-H2,5,4.79,84,34,Yes,0
PERF0009539,EMP04770,2025-H1,4,4.56,65,58,Yes,10
PERF0009540,EMP04770,2025-H2,2,3.58,86,36,No,8
PERF0009541,EMP04771,2025-H1,4,4.57,96,5,No,5
PERF0009542,EMP04771,2025-H2,2,2.55,86,34,No,8
PERF0009543,EMP04772,2025-H1,5,2.72,73,15,No,15
PERF0009544,EMP04772,2025-H2,2,3.81,81,20,No,15
PERF0009545,EMP04773,2025-H1,5,2.94,60,47,Yes,15
PERF0009546,EMP04773,2025-H2,5,4.4,93,9,Yes,10
PERF0009547,EMP04774,2025-H1,5,3.91,83,1,Yes,8
PERF0009548,EMP04774,2025-H2,2,2.53,62,40,No,10
PERF0009549,EMP04775,2025-H1,3,4.91,71,56,Yes,0
PERF0009550,EMP04775,2025-H2,3,3.94,64,1,Yes,8
PERF0009551,EMP04776,2025-H1,2,3.82,80,42,Yes,10
PERF0009552,EMP04776,2025-H2,3,2.67,93,36,Yes,15
PERF0009553,EMP04777,2025-H1,2,4.33,95,19,No,15
PERF0009554,EMP04777,2025-H2,5,4.47,89,39,Yes,10
PERF0009555,EMP04778,2025-H1,4,2.95,95,16,No,12
PERF0009556,EMP04778,2025-H2,4,3.55,98,56,Yes,8
PERF0009557,EMP04779,2025-H1,4,4.86,87,10,No,10
PERF0009558,EMP04779,2025-H2,2,4.11,89,18,No,0
PERF0009559,EMP04780,2025-H1,2,4.89,71,30,Yes,10
PERF0009560,EMP04780,2025-H2,5,2.7,93,24,No,0
PERF0009561,EMP04781,2025-H1,5,4.51,67,45,Yes,8
PERF0009562,EMP04781,2025-H2,3,3.36,94,41,Yes,5
PERF0009563,EMP04782,2025-H1,2,4.18,92,16,No,12
PERF0009564,EMP04782,2025-H2,5,3.03,74,20,No,0
PERF0009565,EMP04783,2025-H1,2,4.52,83,39,Yes,15
PERF0009566,EMP04783,2025-H2,2,4.87,82,21,Yes,12
PERF0009567,EMP04784,2025-H1,3,4.84,60,49,No,15
PERF0009568,EMP04784,2025-H2,5,4.08,97,57,No,8
PERF0009569,EMP04785,2025-H1,2,4.35,68,10,Yes,0
PERF0009570,EMP04785,2025-H2,2,3.86,87,10,Yes,12
PERF0009571,EMP04786,2025-H1,3,4.56,65,50,No,0
PERF0009572,EMP04786,2025-H2,4,4.62,68,47,No,8
PERF0009573,EMP04787,2025-H1,5,3.48,79,58,Yes,12
PERF0009574,EMP04787,2025-H2,3,4.1,69,33,Yes,0
PERF0009575,EMP04788,2025-H1,2,4.5,70,48,Yes,5
PERF0009576,EMP04788,2025-H2,4,3.56,72,42,Yes,12
PERF0009577,EMP04789,2025-H1,2,4.35,93,46,Yes,5
PERF0009578,EMP04789,2025-H2,2,4.3,98,18,Yes,12
PERF0009579,EMP04790,2025-H1,2,3.1,79,54,No,12
PERF0009580,EMP04790,2025-H2,2,2.77,73,33,Yes,8
PERF0009581,EMP04791,2025-H1,4,3.51,70,44,Yes,8
PERF0009582,EMP04791,2025-H2,2,4.9,84,42,No,5
PERF0009583,EMP04792,2025-H1,5,4.23,65,7,Yes,8
PERF0009584,EMP04792,2025-H2,5,3.0,78,49,Yes,0
PERF0009585,EMP04793,2025-H1,2,3.48,100,20,No,15
PERF0009586,EMP04793,2025-H2,2,2.52,82,12,Yes,12
PERF0009587,EMP04794,2025-H1,2,4.31,60,51,Yes,5
PERF0009588,EMP04794,2025-H2,5,4.04,83,43,Yes,12
PERF0009589,EMP04795,2025-H1,2,3.24,74,54,No,5
PERF0009590,EMP04795,2025-H2,3,4.45,87,21,No,15
PERF0009591,EMP04796,2025-H1,3,4.46,65,27,Yes,12
PERF0009592,EMP04796,2025-H2,3,3.7,90,6,Yes,5
PERF0009593,EMP04797,2025-H1,2,4.21,83,43,Yes,0
PERF0009594,EMP04797,2025-H2,5,3.23,82,3,Yes,10
PERF0009595,EMP04798,2025-H1,4,4.23,96,35,Yes,0
PERF0009596,EMP04798,2025-H2,2,3.67,65,53,No,8
PERF0009597,EMP04799,2025-H1,4,2.62,91,13,No,8
PERF0009598,EMP04799,2025-H2,5,4.62,68,57,No,5
PERF0009599,EMP04800,2025-H1,4,3.65,82,52,No,5
PERF0009600,EMP04800,2025-H2,3,4.78,78,3,Yes,10
PERF0009601,EMP04801,2025-H1,5,4.73,67,34,No,12
PERF0009602,EMP04801,2025-H2,4,4.49,89,23,No,8
PERF0009603,EMP04802,2025-H1,2,3.29,82,46,No,0
PERF0009604,EMP04802,2025-H2,5,4.35,79,8,Yes,12
PERF0009605,EMP04803,2025-H1,2,3.83,71,41,Yes,15
PERF0009606,EMP04803,2025-H2,3,3.43,67,31,No,15
PERF0009607,EMP04804,2025-H1,3,4.4,94,35,Yes,12
PERF0009608,EMP04804,2025-H2,2,4.71,90,54,No,5
PERF0009609,EMP04805,2025-H1,4,4.36,87,55,No,10
PERF0009610,EMP04805,2025-H2,3,4.61,93,59,Yes,15
PERF0009611,EMP04806,2025-H1,2,3.45,71,43,No,15
PERF0009612,EMP04806,2025-H2,4,3.27,68,45,Yes,8
PERF0009613,EMP04807,2025-H1,4,2.76,93,30,No,8
PERF0009614,EMP04807,2025-H2,5,4.94,94,58,Yes,12
PERF0009615,EMP04808,2025-H1,4,3.63,65,35,Yes,5
PERF0009616,EMP04808,2025-H2,5,4.53,93,15,No,15
PERF0009617,EMP04809,2025-H1,3,3.06,61,4,No,15
PERF0009618,EMP04809,2025-H2,3,4.96,75,4,No,8
PERF0009619,EMP04810,2025-H1,3,4.93,93,20,Yes,5
PERF0009620,EMP04810,2025-H2,5,2.59,91,22,Yes,5
PERF0009621,EMP04811,2025-H1,2,3.6,88,45,Yes,5
PERF0009622,EMP04811,2025-H2,5,3.22,75,60,No,12
PERF0009623,EMP04812,2025-H1,5,4.98,63,15,No,8
PERF0009624,EMP04812,2025-H2,5,3.87,69,50,Yes,8
PERF0009625,EMP04813,2025-H1,2,3.02,74,47,Yes,0
PERF0009626,EMP04813,2025-H2,4,4.14,89,37,Yes,15
PERF0009627,EMP04814,2025-H1,3,3.78,90,30,No,5
PERF0009628,EMP04814,2025-H2,5,4.15,83,20,Yes,10
PERF0009629,EMP04815,2025-H1,2,3.83,82,4,No,8
PERF0009630,EMP04815,2025-H2,4,4.19,68,31,No,8
PERF0009631,EMP04816,2025-H1,5,3.37,90,1,Yes,8
PERF0009632,EMP04816,2025-H2,2,4.99,65,21,No,12
PERF0009633,EMP04817,2025-H1,5,2.98,60,3,No,15
PERF0009634,EMP04817,2025-H2,2,3.1,95,60,No,5
PERF0009635,EMP04818,2025-H1,4,4.96,61,10,Yes,10
PERF0009636,EMP04818,2025-H2,2,4.52,89,39,No,15
PERF0009637,EMP04819,2025-H1,2,4.34,66,31,No,10
PERF0009638,EMP04819,2025-H2,3,2.77,93,18,Yes,0
PERF0009639,EMP04820,2025-H1,2,2.55,68,11,Yes,15
PERF0009640,EMP04820,2025-H2,4,3.27,100,9,No,15
PERF0009641,EMP04821,2025-H1,5,3.88,79,56,No,15
PERF0009642,EMP04821,2025-H2,4,4.15,63,7,Yes,8
PERF0009643,EMP04822,2025-H1,2,3.96,96,28,No,12
PERF0009644,EMP04822,2025-H2,3,3.48,64,42,Yes,10
PERF0009645,EMP04823,2025-H1,4,4.54,97,27,No,8
PERF0009646,EMP04823,2025-H2,4,4.15,71,59,Yes,10
PERF0009647,EMP04824,2025-H1,3,4.04,80,13,Yes,8
PERF0009648,EMP04824,2025-H2,3,4.22,96,12,Yes,15
PERF0009649,EMP04825,2025-H1,4,4.52,85,12,Yes,10
PERF0009650,EMP04825,2025-H2,3,3.07,62,39,No,10
PERF0009651,EMP04826,2025-H1,3,4.13,93,21,No,10
PERF0009652,EMP04826,2025-H2,4,3.48,66,12,No,12
PERF0009653,EMP04827,2025-H1,4,4.69,69,54,Yes,5
PERF0009654,EMP04827,2025-H2,5,3.05,67,7,Yes,0
PERF0009655,EMP04828,2025-H1,2,3.25,61,7,Yes,15
PERF0009656,EMP04828,2025-H2,3,3.18,66,9,Yes,5
PERF0009657,EMP04829,2025-H1,2,3.76,81,20,Yes,0
PERF0009658,EMP04829,2025-H2,2,3.38,61,27,No,10
PERF0009659,EMP04830,2025-H1,3,2.92,77,44,Yes,0
PERF0009660,EMP04830,2025-H2,3,4.74,84,3,No,15
PERF0009661,EMP04831,2025-H1,2,2.69,63,8,Yes,10
PERF0009662,EMP04831,2025-H2,3,4.19,85,55,Yes,0
PERF0009663,EMP04832,2025-H1,3,3.77,98,39,Yes,8
PERF0009664,EMP04832,2025-H2,4,4.22,79,38,Yes,12
PERF0009665,EMP04833,2025-H1,2,3.7,96,38,No,0
PERF0009666,EMP04833,2025-H2,3,3.54,75,26,No,10
PERF0009667,EMP04834,2025-H1,4,3.73,64,10,Yes,0
PERF0009668,EMP04834,2025-H2,3,4.89,92,23,No,5
PERF0009669,EMP04835,2025-H1,3,4.34,65,12,Yes,12
PERF0009670,EMP04835,2025-H2,5,3.82,61,14,Yes,10
PERF0009671,EMP04836,2025-H1,3,4.98,70,15,Yes,5
PERF0009672,EMP04836,2025-H2,2,2.86,75,20,No,8
PERF0009673,EMP04837,2025-H1,2,3.18,87,46,Yes,15
PERF0009674,EMP04837,2025-H2,3,3.34,67,25,Yes,15
PERF0009675,EMP04838,2025-H1,5,3.47,69,45,Yes,8
PERF0009676,EMP04838,2025-H2,5,2.7,83,56,No,0
PERF0009677,EMP04839,2025-H1,2,4.99,93,9,Yes,15
PERF0009678,EMP04839,2025-H2,3,2.77,93,56,No,8
PERF0009679,EMP04840,2025-H1,5,4.0,60,53,No,0
PERF0009680,EMP04840,2025-H2,2,3.04,100,4,No,5
PERF0009681,EMP04841,2025-H1,5,4.8,71,7,Yes,10
PERF0009682,EMP04841,2025-H2,5,2.84,68,19,No,8
PERF0009683,EMP04842,2025-H1,4,3.94,93,42,Yes,12
PERF0009684,EMP04842,2025-H2,4,3.62,60,45,No,12
PERF0009685,EMP04843,2025-H1,5,2.75,84,17,No,12
PERF0009686,EMP04843,2025-H2,2,3.52,92,7,No,15
PERF0009687,EMP04844,2025-H1,3,4.69,72,42,No,5
PERF0009688,EMP04844,2025-H2,4,2.8,94,34,No,0
PERF0009689,EMP04845,2025-H1,5,3.26,81,9,No,10
PERF0009690,EMP04845,2025-H2,3,2.78,95,32,No,8
PERF0009691,EMP04846,2025-H1,2,4.37,97,33,Yes,5
PERF0009692,EMP04846,2025-H2,4,3.81,66,28,Yes,10
PERF0009693,EMP04847,2025-H1,2,3.73,92,29,No,12
PERF0009694,EMP04847,2025-H2,2,3.43,99,52,No,15
PERF0009695,EMP04848,2025-H1,4,4.29,91,28,Yes,5
PERF0009696,EMP04848,2025-H2,2,2.65,93,37,Yes,0
PERF0009697,EMP04849,2025-H1,4,2.88,61,59,Yes,8
PERF0009698,EMP04849,2025-H2,4,4.11,87,34,Yes,15
PERF0009699,EMP04850,2025-H1,5,4.13,74,34,No,15
PERF0009700,EMP04850,2025-H2,4,4.31,83,60,No,0
PERF0009701,EMP04851,2025-H1,3,3.28,90,34,No,12
PERF0009702,EMP04851,2025-H2,5,4.49,76,56,No,12
PERF0009703,EMP04852,2025-H1,3,3.76,83,55,Yes,8
PERF0009704,EMP04852,2025-H2,2,4.32,79,12,Yes,15
PERF0009705,EMP04853,2025-H1,5,4.35,92,10,Yes,12
PERF0009706,EMP04853,2025-H2,2,3.42,69,8,Yes,10
PERF0009707,EMP04854,2025-H1,4,3.93,64,26,No,0
PERF0009708,EMP04854,2025-H2,5,3.98,74,59,Yes,10
PERF0009709,EMP04855,2025-H1,2,3.57,77,10,No,5
PERF0009710,EMP04855,2025-H2,2,4.02,85,15,Yes,5
PERF0009711,EMP04856,2025-H1,4,4.26,84,5,Yes,12
PERF0009712,EMP04856,2025-H2,3,4.3,65,52,Yes,0
PERF0009713,EMP04857,2025-H1,5,3.33,99,54,Yes,0
PERF0009714,EMP04857,2025-H2,2,4.38,81,22,No,8
PERF0009715,EMP04858,2025-H1,4,2.58,95,12,Yes,12
PERF0009716,EMP04858,2025-H2,5,2.92,96,20,No,15
PERF0009717,EMP04859,2025-H1,3,3.02,91,7,Yes,0
PERF0009718,EMP04859,2025-H2,5,3.4,86,21,Yes,15
PERF0009719,EMP04860,2025-H1,2,3.17,100,26,Yes,8
PERF0009720,EMP04860,2025-H2,3,4.79,75,17,No,8
PERF0009721,EMP04861,2025-H1,5,2.71,89,58,No,5
PERF0009722,EMP04861,2025-H2,4,2.93,91,35,No,15
PERF0009723,EMP04862,2025-H1,3,2.67,96,12,Yes,5
PERF0009724,EMP04862,2025-H2,2,3.8,77,9,Yes,15
PERF0009725,EMP04863,2025-H1,3,4.11,73,25,Yes,12
PERF0009726,EMP04863,2025-H2,3,3.68,99,10,No,12
PERF0009727,EMP04864,2025-H1,2,4.87,74,5,Yes,10
PERF0009728,EMP04864,2025-H2,3,2.85,63,5,Yes,5
PERF0009729,EMP04865,2025-H1,4,4.24,86,39,Yes,5
PERF0009730,EMP04865,2025-H2,4,3.96,68,20,Yes,5
PERF0009731,EMP04866,2025-H1,2,3.97,97,45,Yes,15
PERF0009732,EMP04866,2025-H2,4,2.98,84,24,No,0
PERF0009733,EMP04867,2025-H1,4,4.99,78,28,Yes,8
PERF0009734,EMP04867,2025-H2,3,3.45,84,4,No,15
PERF0009735,EMP04868,2025-H1,4,3.18,63,1,Yes,10
PERF0009736,EMP04868,2025-H2,5,4.72,74,23,Yes,8
PERF0009737,EMP04869,2025-H1,3,3.98,60,31,Yes,12
PERF0009738,EMP04869,2025-H2,4,3.44,72,11,No,15
PERF0009739,EMP04870,2025-H1,4,3.31,85,45,Yes,12
PERF0009740,EMP04870,2025-H2,2,3.42,61,58,Yes,12
PERF0009741,EMP04871,2025-H1,4,3.53,100,54,No,8
PERF0009742,EMP04871,2025-H2,3,4.58,86,52,No,8
PERF0009743,EMP04872,2025-H1,3,4.05,76,45,No,5
PERF0009744,EMP04872,2025-H2,3,4.6,79,31,No,10
PERF0009745,EMP04873,2025-H1,3,3.6,84,45,No,8
PERF0009746,EMP04873,2025-H2,4,4.42,80,3,No,0
PERF0009747,EMP04874,2025-H1,4,3.77,71,36,No,5
PERF0009748,EMP04874,2025-H2,2,2.86,68,37,No,5
PERF0009749,EMP04875,2025-H1,4,4.61,94,20,No,8
PERF0009750,EMP04875,2025-H2,4,4.33,85,12,Yes,12
PERF0009751,EMP04876,2025-H1,3,2.62,77,24,No,15
PERF0009752,EMP04876,2025-H2,4,3.53,99,45,Yes,8
PERF0009753,EMP04877,2025-H1,5,3.59,65,42,Yes,0
PERF0009754,EMP04877,2025-H2,4,2.55,98,34,No,10
PERF0009755,EMP04878,2025-H1,4,3.93,68,5,No,8
PERF0009756,EMP04878,2025-H2,2,3.38,87,13,No,0
PERF0009757,EMP04879,2025-H1,3,4.43,70,51,Yes,10
PERF0009758,EMP04879,2025-H2,5,3.99,78,36,Yes,12
PERF0009759,EMP04880,2025-H1,5,3.02,90,28,No,0
PERF0009760,EMP04880,2025-H2,2,2.69,98,48,Yes,15
PERF0009761,EMP04881,2025-H1,2,3.95,79,41,Yes,12
PERF0009762,EMP04881,2025-H2,2,4.32,82,35,No,8
PERF0009763,EMP04882,2025-H1,2,4.85,98,6,Yes,8
PERF0009764,EMP04882,2025-H2,5,4.59,69,15,No,5
PERF0009765,EMP04883,2025-H1,5,4.11,87,28,No,10
PERF0009766,EMP04883,2025-H2,3,3.62,97,43,Yes,5
PERF0009767,EMP04884,2025-H1,3,4.17,73,18,No,0
PERF0009768,EMP04884,2025-H2,4,4.14,71,9,Yes,10
PERF0009769,EMP04885,2025-H1,5,4.63,95,6,No,5
PERF0009770,EMP04885,2025-H2,2,4.41,86,20,Yes,15
PERF0009771,EMP04886,2025-H1,2,3.08,76,60,Yes,12
PERF0009772,EMP04886,2025-H2,4,4.31,92,32,Yes,0
PERF0009773,EMP04887,2025-H1,5,3.01,79,58,No,12
PERF0009774,EMP04887,2025-H2,5,3.77,61,5,No,10
PERF0009775,EMP04888,2025-H1,2,2.62,94,4,No,0
PERF0009776,EMP04888,2025-H2,3,3.08,68,14,Yes,5
PERF0009777,EMP04889,2025-H1,4,3.82,62,35,No,8
PERF0009778,EMP04889,2025-H2,3,3.58,83,3,Yes,8
PERF0009779,EMP04890,2025-H1,2,3.06,78,30,No,8
PERF0009780,EMP04890,2025-H2,5,3.79,75,9,Yes,12
PERF0009781,EMP04891,2025-H1,5,4.23,90,11,No,10
PERF0009782,EMP04891,2025-H2,5,4.23,66,57,Yes,8
PERF0009783,EMP04892,2025-H1,4,3.23,91,60,Yes,15
PERF0009784,EMP04892,2025-H2,3,2.82,92,58,Yes,15
PERF0009785,EMP04893,2025-H1,4,4.9,93,47,No,10
PERF0009786,EMP04893,2025-H2,5,2.87,81,50,Yes,0
PERF0009787,EMP04894,2025-H1,2,2.67,73,46,Yes,8
PERF0009788,EMP04894,2025-H2,2,4.98,65,5,No,10
PERF0009789,EMP04895,2025-H1,5,4.33,88,59,Yes,12
PERF0009790,EMP04895,2025-H2,3,2.72,99,17,Yes,15
PERF0009791,EMP04896,2025-H1,4,3.85,78,30,No,12
PERF0009792,EMP04896,2025-H2,3,4.47,69,45,Yes,5
PERF0009793,EMP04897,2025-H1,4,4.02,95,40,Yes,12
PERF0009794,EMP04897,2025-H2,4,4.54,94,23,No,0
PERF0009795,EMP04898,2025-H1,4,2.81,73,50,No,8
PERF0009796,EMP04898,2025-H2,4,3.05,69,17,Yes,8
PERF0009797,EMP04899,2025-H1,4,3.18,68,20,No,15
PERF0009798,EMP04899,2025-H2,3,4.67,91,48,Yes,15
PERF0009799,EMP04900,2025-H1,5,4.57,63,15,Yes,8
PERF0009800,EMP04900,2025-H2,5,3.01,65,30,No,0
PERF0009801,EMP04901,2025-H1,4,4.4,91,40,No,10
PERF0009802,EMP04901,2025-H2,4,3.14,94,46,Yes,12
PERF0009803,EMP04902,2025-H1,5,4.79,90,40,No,0
PERF0009804,EMP04902,2025-H2,5,4.9,87,35,Yes,12
PERF0009805,EMP04903,2025-H1,5,4.18,60,16,Yes,0
PERF0009806,EMP04903,2025-H2,4,2.58,83,35,Yes,12
PERF0009807,EMP04904,2025-H1,3,3.44,76,14,Yes,0
PERF0009808,EMP04904,2025-H2,2,3.12,89,57,No,10
PERF0009809,EMP04905,2025-H1,3,3.92,100,51,Yes,10
PERF0009810,EMP04905,2025-H2,4,2.83,91,54,Yes,5
PERF0009811,EMP04906,2025-H1,5,3.53,80,21,No,0
PERF0009812,EMP04906,2025-H2,2,2.71,66,41,Yes,15
PERF0009813,EMP04907,2025-H1,2,3.04,86,41,Yes,8
PERF0009814,EMP04907,2025-H2,2,3.81,93,18,No,15
PERF0009815,EMP04908,2025-H1,4,4.14,88,1,Yes,10
PERF0009816,EMP04908,2025-H2,3,3.06,86,49,Yes,12
PERF0009817,EMP04909,2025-H1,4,3.27,62,27,No,10
PERF0009818,EMP04909,2025-H2,4,2.8,84,21,No,5
PERF0009819,EMP04910,2025-H1,3,3.89,65,12,No,5
PERF0009820,EMP04910,2025-H2,2,4.77,84,51,No,12
PERF0009821,EMP04911,2025-H1,3,3.3,74,54,Yes,5
PERF0009822,EMP04911,2025-H2,3,3.57,98,14,Yes,15
PERF0009823,EMP04912,2025-H1,5,4.0,78,24,No,8
PERF0009824,EMP04912,2025-H2,3,3.38,74,38,No,8
PERF0009825,EMP04913,2025-H1,2,4.25,100,12,Yes,12
PERF0009826,EMP04913,2025-H2,3,4.32,69,58,No,15
PERF0009827,EMP04914,2025-H1,2,3.65,81,40,Yes,0
PERF0009828,EMP04914,2025-H2,4,4.3,99,16,Yes,15
PERF0009829,EMP04915,2025-H1,5,2.55,94,34,No,15
PERF0009830,EMP04915,2025-H2,2,3.77,97,0,No,10
PERF0009831,EMP04916,2025-H1,5,3.36,73,45,No,5
PERF0009832,EMP04916,2025-H2,5,2.62,88,46,No,15
PERF0009833,EMP04917,2025-H1,5,4.77,97,11,Yes,5
PERF0009834,EMP04917,2025-H2,2,3.92,77,51,Yes,10
PERF0009835,EMP04918,2025-H1,4,3.96,62,30,No,0
PERF0009836,EMP04918,2025-H2,2,2.96,72,40,No,8
PERF0009837,EMP04919,2025-H1,3,3.71,67,4,No,8
PERF0009838,EMP04919,2025-H2,2,3.59,63,25,Yes,5
PERF0009839,EMP04920,2025-H1,5,3.05,87,54,No,15
PERF0009840,EMP04920,2025-H2,4,2.54,88,21,Yes,15
PERF0009841,EMP04921,2025-H1,2,3.67,88,6,Yes,8
PERF0009842,EMP04921,2025-H2,2,2.73,87,19,No,10
PERF0009843,EMP04922,2025-H1,4,4.33,82,12,No,15
PERF0009844,EMP04922,2025-H2,5,4.18,84,48,Yes,5
PERF0009845,EMP04923,2025-H1,5,3.97,71,28,Yes,8
PERF0009846,EMP04923,2025-H2,2,4.98,98,52,Yes,8
PERF0009847,EMP04924,2025-H1,3,3.77,97,2,No,12
PERF0009848,EMP04924,2025-H2,2,2.51,74,55,Yes,5
PERF0009849,EMP04925,2025-H1,2,3.62,87,31,No,12
PERF0009850,EMP04925,2025-H2,3,4.19,98,0,Yes,5
PERF0009851,EMP04926,2025-H1,5,2.96,89,59,Yes,0
PERF0009852,EMP04926,2025-H2,4,3.61,69,0,No,5
PERF0009853,EMP04927,2025-H1,3,4.36,70,38,No,12
PERF0009854,EMP04927,2025-H2,2,3.73,78,27,No,10
PERF0009855,EMP04928,2025-H1,2,3.68,96,39,Yes,5
PERF0009856,EMP04928,2025-H2,5,2.6,96,45,No,8
PERF0009857,EMP04929,2025-H1,4,2.57,76,32,No,10
PERF0009858,EMP04929,2025-H2,5,2.67,63,44,Yes,10
PERF0009859,EMP04930,2025-H1,5,3.88,89,58,Yes,5
PERF0009860,EMP04930,2025-H2,2,4.32,93,38,No,5
PERF0009861,EMP04931,2025-H1,3,4.96,96,30,No,5
PERF0009862,EMP04931,2025-H2,3,3.76,69,50,Yes,15
PERF0009863,EMP04932,2025-H1,2,3.74,65,56,Yes,10
PERF0009864,EMP04932,2025-H2,4,4.96,88,20,Yes,5
PERF0009865,EMP04933,2025-H1,2,4.1,72,41,No,10
PERF0009866,EMP04933,2025-H2,5,4.48,64,18,No,5
PERF0009867,EMP04934,2025-H1,4,3.94,100,5,Yes,8
PERF0009868,EMP04934,2025-H2,2,3.24,76,34,Yes,15
PERF0009869,EMP04935,2025-H1,4,3.6,79,12,No,15
PERF0009870,EMP04935,2025-H2,5,3.9,73,29,Yes,5
PERF0009871,EMP04936,2025-H1,3,2.68,94,42,No,12
PERF0009872,EMP04936,2025-H2,4,4.9,94,18,No,8
PERF0009873,EMP04937,2025-H1,5,3.71,75,44,Yes,0
PERF0009874,EMP04937,2025-H2,2,2.56,91,55,No,5
PERF0009875,EMP04938,2025-H1,4,4.74,92,21,No,0
PERF0009876,EMP04938,2025-H2,2,2.58,61,13,Yes,0
PERF0009877,EMP04939,2025-H1,5,4.48,80,3,No,15
PERF0009878,EMP04939,2025-H2,5,4.17,75,40,Yes,10
PERF0009879,EMP04940,2025-H1,2,3.94,97,26,No,5
PERF0009880,EMP04940,2025-H2,3,3.31,71,0,No,12
PERF0009881,EMP04941,2025-H1,3,3.57,69,59,Yes,0
PERF0009882,EMP04941,2025-H2,5,4.86,71,26,Yes,12
PERF0009883,EMP04942,2025-H1,3,3.02,74,29,No,8
PERF0009884,EMP04942,2025-H2,2,4.64,73,26,No,0
PERF0009885,EMP04943,2025-H1,5,3.58,70,8,Yes,5
PERF0009886,EMP04943,2025-H2,4,2.63,77,46,No,5
PERF0009887,EMP04944,2025-H1,4,4.22,67,17,Yes,10
PERF0009888,EMP04944,2025-H2,3,3.07,61,58,No,8
PERF0009889,EMP04945,2025-H1,5,2.73,96,49,Yes,5
PERF0009890,EMP04945,2025-H2,5,2.56,84,50,No,0
PERF0009891,EMP04946,2025-H1,5,3.58,97,42,Yes,8
PERF0009892,EMP04946,2025-H2,4,4.78,61,40,Yes,0
PERF0009893,EMP04947,2025-H1,2,3.86,61,34,No,0
PERF0009894,EMP04947,2025-H2,4,3.58,77,30,No,8
PERF0009895,EMP04948,2025-H1,4,4.66,66,30,Yes,10
PERF0009896,EMP04948,2025-H2,4,4.56,100,19,Yes,0
PERF0009897,EMP04949,2025-H1,2,3.94,68,28,No,15
PERF0009898,EMP04949,2025-H2,2,4.91,63,16,Yes,10
PERF0009899,EMP04950,2025-H1,3,2.74,66,33,No,10
PERF0009900,EMP04950,2025-H2,2,2.53,75,19,Yes,15
PERF0009901,EMP04951,2025-H1,3,2.86,95,18,No,5
PERF0009902,EMP04951,2025-H2,3,4.29,76,12,Yes,15
PERF0009903,EMP04952,2025-H1,2,4.11,84,38,Yes,15
PERF0009904,EMP04952,2025-H2,4,4.44,95,7,No,0
PERF0009905,EMP04953,2025-H1,5,4.72,99,26,Yes,12
PERF0009906,EMP04953,2025-H2,3,3.07,83,58,Yes,12
PERF0009907,EMP04954,2025-H1,5,4.83,95,15,Yes,10
PERF0009908,EMP04954,2025-H2,2,4.55,80,7,No,8
PERF0009909,EMP04955,2025-H1,3,4.56,82,19,No,12
PERF0009910,EMP04955,2025-H2,2,3.6,73,42,No,5
PERF0009911,EMP04956,2025-H1,3,3.54,84,7,No,8
PERF0009912,EMP04956,2025-H2,3,4.84,98,39,Yes,10
PERF0009913,EMP04957,2025-H1,4,3.38,68,13,No,15
PERF0009914,EMP04957,2025-H2,5,4.18,67,13,Yes,10
PERF0009915,EMP04958,2025-H1,3,3.38,82,56,No,8
PERF0009916,EMP04958,2025-H2,5,3.22,65,60,No,0
PERF0009917,EMP04959,2025-H1,2,4.08,70,10,No,12
PERF0009918,EMP04959,2025-H2,2,3.24,77,48,No,5
PERF0009919,EMP04960,2025-H1,5,3.22,67,32,Yes,12
PERF0009920,EMP04960,2025-H2,3,3.83,67,37,Yes,8
PERF0009921,EMP04961,2025-H1,3,3.3,88,52,Yes,12
PERF0009922,EMP04961,2025-H2,2,4.92,91,59,Yes,5
PERF0009923,EMP04962,2025-H1,4,3.23,84,33,Yes,12
PERF0009924,EMP04962,2025-H2,4,3.43,70,17,No,10
PERF0009925,EMP04963,2025-H1,2,3.96,74,9,No,15
PERF0009926,EMP04963,2025-H2,3,3.88,71,21,No,15
PERF0009927,EMP04964,2025-H1,2,4.23,60,26,No,15
PERF0009928,EMP04964,2025-H2,4,2.93,74,11,No,0
PERF0009929,EMP04965,2025-H1,4,4.96,98,12,Yes,8
PERF0009930,EMP04965,2025-H2,3,3.24,85,10,No,0
PERF0009931,EMP04966,2025-H1,4,3.77,91,26,Yes,5
PERF0009932,EMP04966,2025-H2,3,3.32,97,21,Yes,15
PERF0009933,EMP04967,2025-H1,3,3.31,71,11,No,12
PERF0009934,EMP04967,2025-H2,2,3.84,68,46,Yes,0
PERF0009935,EMP04968,2025-H1,4,4.63,73,20,No,8
PERF0009936,EMP04968,2025-H2,2,2.83,62,17,No,12
PERF0009937,EMP04969,2025-H1,3,3.12,77,54,Yes,0
PERF0009938,EMP04969,2025-H2,4,4.96,98,7,Yes,15
PERF0009939,EMP04970,2025-H1,2,4.21,83,21,No,5
PERF0009940,EMP04970,2025-H2,4,4.68,68,50,Yes,0
PERF0009941,EMP04971,2025-H1,5,3.92,95,60,No,8
PERF0009942,EMP04971,2025-H2,2,4.92,73,56,Yes,0
PERF0009943,EMP04972,2025-H1,2,3.28,91,24,No,10
PERF0009944,EMP04972,2025-H2,5,2.53,60,4,Yes,10
PERF0009945,EMP04973,2025-H1,3,3.87,85,4,Yes,0
PERF0009946,EMP04973,2025-H2,5,3.85,83,39,Yes,12
PERF0009947,EMP04974,2025-H1,3,3.51,60,56,No,15
PERF0009948,EMP04974,2025-H2,4,4.46,84,48,No,12
PERF0009949,EMP04975,2025-H1,2,4.42,67,7,Yes,10
PERF0009950,EMP04975,2025-H2,5,3.76,94,19,No,15
PERF0009951,EMP04976,2025-H1,5,3.26,79,10,Yes,10
PERF0009952,EMP04976,2025-H2,3,4.96,63,52,Yes,10
PERF0009953,EMP04977,2025-H1,3,4.55,74,1,No,10
PERF0009954,EMP04977,2025-H2,4,3.75,95,21,No,5
PERF0009955,EMP04978,2025-H1,2,3.32,81,28,No,10
PERF0009956,EMP04978,2025-H2,2,3.07,67,57,No,10
PERF0009957,EMP04979,2025-H1,2,4.27,100,16,Yes,8
PERF0009958,EMP04979,2025-H2,5,4.82,85,39,No,15
PERF0009959,EMP04980,2025-H1,5,4.2,75,52,Yes,0
PERF0009960,EMP04980,2025-H2,5,3.5,81,1,No,15
PERF0009961,EMP04981,2025-H1,5,2.94,80,37,Yes,15
PERF0009962,EMP04981,2025-H2,2,4.25,61,33,No,12
PERF0009963,EMP04982,2025-H1,3,3.42,70,28,Yes,15
PERF0009964,EMP04982,2025-H2,2,2.68,72,24,No,8
PERF0009965,EMP04983,2025-H1,2,4.59,81,7,No,0
PERF0009966,EMP04983,2025-H2,4,3.69,60,58,No,5
PERF0009967,EMP04984,2025-H1,2,2.83,92,4,No,5
PERF0009968,EMP04984,2025-H2,4,3.88,76,11,Yes,0
PERF0009969,EMP04985,2025-H1,4,3.43,66,9,Yes,8
PERF0009970,EMP04985,2025-H2,2,2.59,60,3,Yes,15
PERF0009971,EMP04986,2025-H1,5,4.96,62,45,Yes,12
PERF0009972,EMP04986,2025-H2,2,2.76,100,12,No,8
PERF0009973,EMP04987,2025-H1,4,4.01,75,53,Yes,5
PERF0009974,EMP04987,2025-H2,5,4.47,88,12,Yes,15
PERF0009975,EMP04988,2025-H1,3,3.37,99,45,No,12
PERF0009976,EMP04988,2025-H2,3,4.02,79,21,No,12
PERF0009977,EMP04989,2025-H1,4,3.11,63,53,No,0
PERF0009978,EMP04989,2025-H2,4,4.39,70,35,No,12
PERF0009979,EMP04990,2025-H1,2,3.79,66,37,No,10
PERF0009980,EMP04990,2025-H2,4,2.94,67,26,No,12
PERF0009981,EMP04991,2025-H1,5,3.14,60,45,Yes,5
PERF0009982,EMP04991,2025-H2,5,3.41,81,52,No,5
PERF0009983,EMP04992,2025-H1,2,2.59,84,14,Yes,5
PERF0009984,EMP04992,2025-H2,5,4.88,86,39,Yes,0
PERF0009985,EMP04993,2025-H1,4,3.31,85,34,Yes,0
PERF0009986,EMP04993,2025-H2,2,2.95,78,35,No,15
PERF0009987,EMP04994,2025-H1,4,2.94,77,13,No,8
PERF0009988,EMP04994,2025-H2,2,4.99,86,18,No,10
PERF0009989,EMP04995,2025-H1,2,3.96,63,34,No,10
PERF0009990,EMP04995,2025-H2,3,4.83,68,40,No,15
PERF0009991,EMP04996,2025-H1,5,2.54,83,28,No,0
PERF0009992,EMP04996,2025-H2,4,2.73,83,41,No,0
PERF0009993,EMP04997,2025-H1,2,3.97,86,52,Yes,15
PERF0009994,EMP04997,2025-H2,3,4.4,67,20,No,5
PERF0009995,EMP04998,2025-H1,3,2.62,81,45,Yes,8
PERF0009996,EMP04998,2025-H2,5,4.07,98,2,Yes,0
PERF0009997,EMP04999,2025-H1,3,2.89,68,37,Yes,12
PERF0009998,EMP04999,2025-H2,2,3.83,71,50,No,15
PERF0009999,EMP05000,2025-H1,2,4.06,60,33,No,15
PERF0010000,EMP05000,2025-H2,3,4.04,95,47,Yes,12
